tick,type,time,meta,track,numerator,denominator,clocks_per_click,notated_32nd_notes_per_beat,key,tempo,port,program,channel,control,value,note,velocity,pitch
0,track_name,0,1,0,,,,,,,,,,,,,,
0,program_change,0,0,2,,,,,,,,0,1,,,,,
0,control_change,0,0,2,,,,,,,,,1,7,101,,,
0,control_change,0,0,2,,,,,,,,,1,10,88,,,
0,control_change,0,0,2,,,,,,,,,1,93,9,,,
0,control_change,0,0,2,,,,,,,,,1,91,27,,,
0,track_name,0,1,2,,,,,,,,,,,,,,
0,control_change,0,0,1,,,,,,,,,0,91,19,,,
0,control_change,0,0,1,,,,,,,,,0,93,10,,,
0,control_change,0,0,1,,,,,,,,,0,10,44,,,
0,control_change,0,0,1,,,,,,,,,0,7,113,,,
0,program_change,0,0,1,,,,,,,,0,0,,,,,
0,track_name,0,1,1,,,,,,,,,,,,,,
0,midi_port,0,1,1,,,,,,,0,,,,,,,
0,midi_port,0,1,2,,,,,,,0,,,,,,,
0,set_tempo,0,1,0,,,,,,576923,,,,,,,,
0,track_name,0,1,0,,,,,,,,,,,,,,
0,key_signature,0,1,0,,,,,C,,,,,,,,,
0,time_signature,0,1,0,3,8,12,8,,,,,,,,,,
0,copyright,0,1,0,,,,,,,,,,,,,,
0,text,0,1,0,,,,,,,,,,,,,,
40,control_change,40,0,2,,,,,,,,,1,121,0,,,
160,pitchwheel,120,0,2,,,,,,,,,1,,,,,0
180,note_on,20,0,2,,,,,,,,,1,,,60,55,
180,note_on,180,0,1,,,,,,,,,0,,,79,61,
210,note_on,0,0,2,,,,,,,,,1,,,64,56,
210,note_on,30,0,2,,,,,,,,,1,,,60,0,
240,note_on,60,0,1,,,,,,,,,0,,,79,0,
240,note_on,0,0,1,,,,,,,,,0,,,79,61,
240,note_on,0,0,2,,,,,,,,,1,,,67,57,
240,note_on,30,0,2,,,,,,,,,1,,,64,0,
270,note_on,30,0,2,,,,,,,,,1,,,67,0,
270,note_on,0,0,2,,,,,,,,,1,,,64,58,
300,note_on,60,0,1,,,,,,,,,0,,,79,0,
300,note_on,0,0,2,,,,,,,,,1,,,67,58,
300,note_on,30,0,2,,,,,,,,,1,,,64,0,
300,note_on,0,0,1,,,,,,,,,0,,,79,61,
330,note_on,0,0,2,,,,,,,,,1,,,64,58,
330,note_on,30,0,2,,,,,,,,,1,,,67,0,
360,note_on,0,0,1,,,,,,,,,0,,,76,60,
360,note_on,60,0,1,,,,,,,,,0,,,79,0,
360,note_on,0,0,2,,,,,,,,,1,,,60,58,
360,note_on,30,0,2,,,,,,,,,1,,,64,0,
390,note_on,0,0,2,,,,,,,,,1,,,64,59,
390,note_on,30,0,2,,,,,,,,,1,,,60,0,
420,note_on,30,0,2,,,,,,,,,1,,,64,0,
420,note_on,0,0,2,,,,,,,,,1,,,67,59,
450,note_on,30,0,2,,,,,,,,,1,,,67,0,
450,note_on,0,0,2,,,,,,,,,1,,,64,59,
480,note_on,120,0,1,,,,,,,,,0,,,76,0,
480,note_on,0,0,1,,,,,,,,,0,,,72,53,
480,note_on,0,0,2,,,,,,,,,1,,,67,59,
480,note_on,30,0,2,,,,,,,,,1,,,64,0,
510,note_on,0,0,2,,,,,,,,,1,,,64,59,
510,note_on,30,0,2,,,,,,,,,1,,,67,0,
540,note_on,30,0,2,,,,,,,,,1,,,64,0,
540,note_on,0,0,2,,,,,,,,,1,,,59,59,
540,note_on,60,0,1,,,,,,,,,0,,,72,0,
540,note_on,0,0,1,,,,,,,,,0,,,79,60,
570,note_on,30,0,2,,,,,,,,,1,,,59,0,
570,note_on,0,0,2,,,,,,,,,1,,,62,59,
600,note_on,60,0,1,,,,,,,,,0,,,79,0,
600,note_on,30,0,2,,,,,,,,,1,,,62,0,
600,note_on,0,0,2,,,,,,,,,1,,,67,59,
600,note_on,0,0,1,,,,,,,,,0,,,79,62,
630,note_on,30,0,2,,,,,,,,,1,,,67,0,
630,note_on,0,0,2,,,,,,,,,1,,,62,59,
660,note_on,60,0,1,,,,,,,,,0,,,79,0,
660,note_on,0,0,1,,,,,,,,,0,,,79,63,
660,note_on,30,0,2,,,,,,,,,1,,,62,0,
660,note_on,0,0,2,,,,,,,,,1,,,67,59,
690,note_on,30,0,2,,,,,,,,,1,,,67,0,
690,note_on,0,0,2,,,,,,,,,1,,,62,58,
720,note_on,30,0,2,,,,,,,,,1,,,62,0,
720,note_on,0,0,2,,,,,,,,,1,,,59,58,
720,note_on,0,0,1,,,,,,,,,0,,,77,63,
720,note_on,60,0,1,,,,,,,,,0,,,79,0,
750,note_on,30,0,2,,,,,,,,,1,,,59,0,
750,note_on,0,0,2,,,,,,,,,1,,,62,58,
780,note_on,0,0,2,,,,,,,,,1,,,67,57,
780,note_on,30,0,2,,,,,,,,,1,,,62,0,
810,note_on,0,0,2,,,,,,,,,1,,,62,57,
810,note_on,30,0,2,,,,,,,,,1,,,67,0,
840,note_on,0,0,2,,,,,,,,,1,,,67,56,
840,note_on,30,0,2,,,,,,,,,1,,,62,0,
840,note_on,0,0,1,,,,,,,,,0,,,74,49,
840,note_on,120,0,1,,,,,,,,,0,,,77,0,
870,note_on,30,0,2,,,,,,,,,1,,,67,0,
870,note_on,0,0,2,,,,,,,,,1,,,62,53,
900,note_on,0,0,2,,,,,,,,,1,,,60,52,
900,note_on,60,0,1,,,,,,,,,0,,,74,0,
900,note_on,30,0,2,,,,,,,,,1,,,62,0,
900,note_on,0,0,1,,,,,,,,,0,,,76,49,
930,note_on,30,0,1,,,,,,,,,0,,,76,0,
930,note_on,0,0,1,,,,,,,,,0,,,72,49,
960,note_on,0,0,1,,,,,,,,,0,,,77,49,
960,note_on,30,0,1,,,,,,,,,0,,,72,0,
990,note_on,30,0,1,,,,,,,,,0,,,77,0,
990,note_on,0,0,1,,,,,,,,,0,,,74,49,
1020,note_on,30,0,1,,,,,,,,,0,,,74,0,
1020,note_on,0,0,1,,,,,,,,,0,,,79,49,
1050,note_on,0,0,1,,,,,,,,,0,,,76,49,
1050,note_on,30,0,1,,,,,,,,,0,,,79,0,
1080,note_on,0,0,2,,,,,,,,,1,,,53,48,
1080,note_on,180,0,2,,,,,,,,,1,,,60,0,
1080,note_on,30,0,1,,,,,,,,,0,,,76,0,
1080,note_on,0,0,1,,,,,,,,,0,,,81,49,
1110,note_on,30,0,1,,,,,,,,,0,,,81,0,
1110,note_on,0,0,1,,,,,,,,,0,,,79,49,
1140,note_on,30,0,1,,,,,,,,,0,,,79,0,
1140,note_on,0,0,1,,,,,,,,,0,,,77,49,
1170,note_on,30,0,1,,,,,,,,,0,,,77,0,
1170,note_on,0,0,1,,,,,,,,,0,,,76,49,
1200,note_on,0,0,2,,,,,,,,,1,,,54,48,
1200,note_on,120,0,2,,,,,,,,,1,,,53,0,
1200,note_on,30,0,1,,,,,,,,,0,,,76,0,
1200,note_on,0,0,1,,,,,,,,,0,,,74,49,
1230,note_on,30,0,1,,,,,,,,,0,,,74,0,
1230,note_on,0,0,1,,,,,,,,,0,,,72,49,
1260,note_on,0,0,2,,,,,,,,,1,,,55,48,
1260,note_on,60,0,2,,,,,,,,,1,,,54,0,
1260,note_on,30,0,1,,,,,,,,,0,,,72,0,
1260,note_on,0,0,1,,,,,,,,,0,,,71,49,
1290,note_on,0,0,1,,,,,,,,,0,,,72,49,
1290,note_on,30,0,1,,,,,,,,,0,,,71,0,
1320,note_on,0,0,1,,,,,,,,,0,,,74,49,
1320,note_on,30,0,1,,,,,,,,,0,,,72,0,
1350,note_on,0,0,1,,,,,,,,,0,,,72,49,
1350,note_on,30,0,1,,,,,,,,,0,,,74,0,
1380,note_on,0,0,1,,,,,,,,,0,,,71,49,
1380,note_on,30,0,1,,,,,,,,,0,,,72,0,
1410,note_on,0,0,1,,,,,,,,,0,,,69,49,
1410,note_on,30,0,1,,,,,,,,,0,,,71,0,
1440,note_on,0,0,1,,,,,,,,,0,,,67,49,
1440,note_on,30,0,1,,,,,,,,,0,,,69,0,
1440,note_on,180,0,2,,,,,,,,,1,,,55,0,
1470,note_on,30,0,1,,,,,,,,,0,,,67,0,
1470,note_on,0,0,1,,,,,,,,,0,,,66,49,
1500,note_on,30,0,1,,,,,,,,,0,,,66,0,
1500,note_on,0,0,1,,,,,,,,,0,,,67,49,
1530,note_on,30,0,1,,,,,,,,,0,,,67,0,
1530,note_on,0,0,1,,,,,,,,,0,,,65,49,
1560,note_on,0,0,1,,,,,,,,,0,,,64,49,
1560,note_on,30,0,1,,,,,,,,,0,,,65,0,
1590,note_on,0,0,1,,,,,,,,,0,,,62,49,
1590,note_on,30,0,1,,,,,,,,,0,,,64,0,
1605,note_on,15,0,1,,,,,,,,,0,,,78,72,
1620,note_on,180,0,2,,,,,,,,,1,,,60,66,
1620,note_on,0,0,1,,,,,,,,,0,,,79,72,
1620,note_on,0,0,1,,,,,,,,,0,,,62,0,
1620,note_on,15,0,1,,,,,,,,,0,,,78,0,
1650,note_on,30,0,2,,,,,,,,,1,,,60,0,
1650,note_on,0,0,2,,,,,,,,,1,,,64,68,
1680,note_on,60,0,1,,,,,,,,,0,,,79,0,
1680,note_on,0,0,1,,,,,,,,,0,,,79,73,
1680,note_on,30,0,2,,,,,,,,,1,,,64,0,
1680,note_on,0,0,2,,,,,,,,,1,,,67,69,
1710,note_on,30,0,2,,,,,,,,,1,,,67,0,
1710,note_on,0,0,2,,,,,,,,,1,,,64,70,
1740,note_on,60,0,1,,,,,,,,,0,,,79,0,
1740,note_on,0,0,1,,,,,,,,,0,,,79,74,
1740,note_on,30,0,2,,,,,,,,,1,,,64,0,
1740,note_on,0,0,2,,,,,,,,,1,,,67,71,
1770,note_on,0,0,2,,,,,,,,,1,,,64,71,
1770,note_on,30,0,2,,,,,,,,,1,,,67,0,
1800,note_on,30,0,2,,,,,,,,,1,,,64,0,
1800,note_on,0,0,2,,,,,,,,,1,,,60,72,
1800,note_on,60,0,1,,,,,,,,,0,,,79,0,
1800,note_on,0,0,1,,,,,,,,,0,,,76,74,
1830,note_on,30,0,2,,,,,,,,,1,,,60,0,
1830,note_on,0,0,2,,,,,,,,,1,,,64,73,
1860,note_on,30,0,2,,,,,,,,,1,,,64,0,
1860,note_on,0,0,2,,,,,,,,,1,,,67,73,
1890,note_on,30,0,2,,,,,,,,,1,,,67,0,
1890,note_on,0,0,2,,,,,,,,,1,,,64,73,
1920,note_on,120,0,1,,,,,,,,,0,,,76,0,
1920,note_on,0,0,2,,,,,,,,,1,,,67,73,
1920,note_on,30,0,2,,,,,,,,,1,,,64,0,
1920,note_on,0,0,1,,,,,,,,,0,,,72,74,
1950,note_on,0,0,2,,,,,,,,,1,,,64,74,
1950,note_on,30,0,2,,,,,,,,,1,,,67,0,
1965,note_on,45,0,1,,,,,,,,,0,,,78,74,
1980,note_on,15,0,1,,,,,,,,,0,,,78,0,
1980,note_on,30,0,2,,,,,,,,,1,,,64,0,
1980,note_on,0,0,2,,,,,,,,,1,,,59,74,
1980,note_on,0,0,1,,,,,,,,,0,,,72,0,
1980,note_on,0,0,1,,,,,,,,,0,,,79,74,
2010,note_on,30,0,2,,,,,,,,,1,,,59,0,
2010,note_on,0,0,2,,,,,,,,,1,,,62,74,
2040,note_on,0,0,2,,,,,,,,,1,,,67,74,
2040,note_on,30,0,2,,,,,,,,,1,,,62,0,
2040,note_on,60,0,1,,,,,,,,,0,,,79,0,
2040,note_on,0,0,1,,,,,,,,,0,,,79,74,
2070,note_on,30,0,2,,,,,,,,,1,,,67,0,
2070,note_on,0,0,2,,,,,,,,,1,,,62,74,
2100,note_on,30,0,2,,,,,,,,,1,,,62,0,
2100,note_on,0,0,2,,,,,,,,,1,,,67,74,
2100,note_on,60,0,1,,,,,,,,,0,,,79,0,
2100,note_on,0,0,1,,,,,,,,,0,,,79,74,
2130,note_on,0,0,2,,,,,,,,,1,,,62,73,
2130,note_on,30,0,2,,,,,,,,,1,,,67,0,
2160,note_on,0,0,2,,,,,,,,,1,,,59,72,
2160,note_on,30,0,2,,,,,,,,,1,,,62,0,
2160,note_on,60,0,1,,,,,,,,,0,,,79,0,
2160,note_on,0,0,1,,,,,,,,,0,,,77,74,
2190,note_on,30,0,2,,,,,,,,,1,,,59,0,
2190,note_on,0,0,2,,,,,,,,,1,,,62,72,
2220,note_on,0,0,2,,,,,,,,,1,,,67,71,
2220,note_on,30,0,2,,,,,,,,,1,,,62,0,
2250,note_on,30,0,2,,,,,,,,,1,,,67,0,
2250,note_on,0,0,2,,,,,,,,,1,,,62,69,
2280,note_on,30,0,2,,,,,,,,,1,,,62,0,
2280,note_on,0,0,2,,,,,,,,,1,,,67,68,
2280,note_on,120,0,1,,,,,,,,,0,,,77,0,
2280,note_on,0,0,1,,,,,,,,,0,,,74,74,
2310,note_on,0,0,2,,,,,,,,,1,,,62,67,
2310,note_on,30,0,2,,,,,,,,,1,,,67,0,
2340,note_on,0,0,1,,,,,,,,,0,,,76,73,
2340,note_on,60,0,1,,,,,,,,,0,,,74,0,
2340,note_on,30,0,2,,,,,,,,,1,,,62,0,
2340,note_on,0,0,2,,,,,,,,,1,,,60,64,
2370,note_on,30,0,1,,,,,,,,,0,,,76,0,
2370,note_on,0,0,1,,,,,,,,,0,,,72,73,
2400,note_on,30,0,1,,,,,,,,,0,,,72,0,
2400,note_on,0,0,1,,,,,,,,,0,,,77,72,
2430,note_on,30,0,1,,,,,,,,,0,,,77,0,
2430,note_on,0,0,1,,,,,,,,,0,,,74,72,
2460,note_on,30,0,1,,,,,,,,,0,,,74,0,
2460,note_on,0,0,1,,,,,,,,,0,,,79,72,
2490,note_on,0,0,1,,,,,,,,,0,,,76,72,
2490,note_on,30,0,1,,,,,,,,,0,,,79,0,
2520,note_on,0,0,2,,,,,,,,,1,,,53,76,
2520,note_on,180,0,2,,,,,,,,,1,,,60,0,
2520,note_on,30,0,1,,,,,,,,,0,,,76,0,
2520,note_on,0,0,1,,,,,,,,,0,,,81,72,
2550,note_on,30,0,1,,,,,,,,,0,,,81,0,
2550,note_on,0,0,1,,,,,,,,,0,,,79,72,
2580,note_on,30,0,1,,,,,,,,,0,,,79,0,
2580,note_on,0,0,1,,,,,,,,,0,,,77,72,
2610,note_on,30,0,1,,,,,,,,,0,,,77,0,
2610,note_on,0,0,1,,,,,,,,,0,,,76,73,
2640,note_on,120,0,2,,,,,,,,,1,,,53,0,
2640,note_on,30,0,1,,,,,,,,,0,,,76,0,
2640,note_on,0,0,1,,,,,,,,,0,,,74,74,
2640,note_on,0,0,2,,,,,,,,,1,,,55,76,
2670,note_on,0,0,1,,,,,,,,,0,,,72,75,
2670,note_on,30,0,1,,,,,,,,,0,,,74,0,
2700,note_on,30,0,1,,,,,,,,,0,,,72,0,
2700,note_on,0,0,1,,,,,,,,,0,,,72,77,
2700,note_on,60,0,2,,,,,,,,,1,,,55,0,
2700,note_on,0,0,2,,,,,,,,,1,,,48,76,
2730,note_on,30,0,2,,,,,,,,,1,,,48,0,
2730,note_on,0,0,2,,,,,,,,,1,,,52,76,
2760,note_on,0,0,2,,,,,,,,,1,,,55,76,
2760,note_on,30,0,2,,,,,,,,,1,,,52,0,
2790,note_on,0,0,2,,,,,,,,,1,,,60,76,
2790,note_on,30,0,2,,,,,,,,,1,,,55,0,
2820,note_on,0,0,2,,,,,,,,,1,,,59,76,
2820,note_on,30,0,2,,,,,,,,,1,,,60,0,
2850,note_on,30,0,2,,,,,,,,,1,,,59,0,
2850,note_on,0,0,2,,,,,,,,,1,,,60,76,
2880,note_on,30,0,2,,,,,,,,,1,,,60,0,
2880,note_on,0,0,2,,,,,,,,,1,,,48,76,
2880,note_on,180,0,1,,,,,,,,,0,,,72,0,
3060,note_on,180,0,2,,,,,,,,,1,,,48,0,
3060,note_on,0,0,2,,,,,,,,,1,,,67,40,
3060,note_on,180,0,1,,,,,,,,,0,,,72,51,
3060,note_on,0,0,1,,,,,,,,,0,,,76,51,
3060,note_on,0,0,2,,,,,,,,,1,,,55,40,
3120,note_on,0,0,2,,,,,,,,,1,,,67,41,
3120,note_on,0,0,2,,,,,,,,,1,,,55,0,
3120,note_on,60,0,2,,,,,,,,,1,,,67,0,
3173,note_on,53,0,2,,,,,,,,,1,,,67,0,
3180,note_on,120,0,1,,,,,,,,,0,,,76,0,
3180,note_on,0,0,1,,,,,,,,,0,,,72,0,
3180,note_on,7,0,2,,,,,,,,,1,,,67,41,
3180,note_on,0,0,1,,,,,,,,,0,,,72,52,
3180,note_on,0,0,1,,,,,,,,,0,,,76,52,
3225,note_on,0,0,1,,,,,,,,,0,,,77,52,
3225,note_on,45,0,1,,,,,,,,,0,,,74,52,
3233,note_on,53,0,2,,,,,,,,,1,,,67,0,
3240,note_on,0,0,1,,,,,,,,,0,,,72,0,
3240,note_on,0,0,1,,,,,,,,,0,,,76,0,
3240,note_on,0,0,1,,,,,,,,,0,,,72,52,
3240,note_on,0,0,1,,,,,,,,,0,,,76,52,
3240,note_on,7,0,2,,,,,,,,,1,,,67,42,
3240,note_on,15,0,1,,,,,,,,,0,,,77,0,
3240,note_on,0,0,1,,,,,,,,,0,,,74,0,
3293,note_on,53,0,2,,,,,,,,,1,,,67,0,
3300,note_on,0,0,1,,,,,,,,,0,,,74,52,
3300,note_on,7,0,2,,,,,,,,,1,,,67,42,
3300,note_on,0,0,1,,,,,,,,,0,,,72,0,
3300,note_on,60,0,1,,,,,,,,,0,,,76,0,
3300,note_on,0,0,1,,,,,,,,,0,,,71,52,
3353,note_on,53,0,2,,,,,,,,,1,,,67,0,
3360,note_on,0,0,1,,,,,,,,,0,,,71,0,
3360,note_on,60,0,1,,,,,,,,,0,,,74,0,
3360,note_on,0,0,1,,,,,,,,,0,,,76,52,
3360,note_on,0,0,1,,,,,,,,,0,,,72,52,
3360,note_on,7,0,2,,,,,,,,,1,,,67,41,
3413,note_on,53,0,2,,,,,,,,,1,,,67,0,
3420,note_on,7,0,2,,,,,,,,,1,,,67,63,
3420,note_on,60,0,1,,,,,,,,,0,,,76,0,
3420,note_on,0,0,1,,,,,,,,,0,,,72,0,
3420,note_on,0,0,1,,,,,,,,,0,,,73,52,
3420,note_on,0,0,1,,,,,,,,,0,,,76,52,
3473,note_on,53,0,2,,,,,,,,,1,,,67,0,
3480,note_on,7,0,2,,,,,,,,,1,,,67,63,
3533,note_on,53,0,2,,,,,,,,,1,,,67,0,
3540,note_on,7,0,2,,,,,,,,,1,,,67,63,
3593,note_on,53,0,2,,,,,,,,,1,,,67,0,
3600,note_on,180,0,1,,,,,,,,,0,,,76,0,
3600,note_on,0,0,1,,,,,,,,,0,,,73,0,
3600,note_on,0,0,1,,,,,,,,,0,,,74,52,
3600,note_on,0,0,1,,,,,,,,,0,,,77,52,
3600,note_on,7,0,2,,,,,,,,,1,,,67,63,
3653,note_on,53,0,2,,,,,,,,,1,,,67,0,
3660,note_on,7,0,2,,,,,,,,,1,,,67,63,
3713,note_on,53,0,2,,,,,,,,,1,,,67,0,
3720,note_on,120,0,1,,,,,,,,,0,,,77,0,
3720,note_on,0,0,1,,,,,,,,,0,,,74,0,
3720,note_on,0,0,1,,,,,,,,,0,,,67,52,
3720,note_on,7,0,2,,,,,,,,,1,,,67,63,
3773,note_on,53,0,2,,,,,,,,,1,,,67,0,
3780,note_on,7,0,2,,,,,,,,,1,,,55,36,
3780,note_on,60,0,1,,,,,,,,,0,,,67,0,
3780,note_on,0,0,2,,,,,,,,,1,,,67,36,
3780,note_on,0,0,1,,,,,,,,,0,,,74,52,
3780,note_on,0,0,1,,,,,,,,,0,,,77,52,
3833,note_on,53,0,2,,,,,,,,,1,,,67,0,
3833,note_on,0,0,2,,,,,,,,,1,,,55,0,
3840,note_on,7,0,2,,,,,,,,,1,,,67,36,
3893,note_on,53,0,2,,,,,,,,,1,,,67,0,
3900,note_on,0,0,1,,,,,,,,,0,,,77,52,
3900,note_on,0,0,1,,,,,,,,,0,,,74,52,
3900,note_on,0,0,1,,,,,,,,,0,,,74,0,
3900,note_on,120,0,1,,,,,,,,,0,,,77,0,
3900,note_on,7,0,2,,,,,,,,,1,,,67,37,
3945,note_on,0,0,1,,,,,,,,,0,,,76,52,
3945,note_on,45,0,1,,,,,,,,,0,,,79,52,
3953,note_on,53,0,2,,,,,,,,,1,,,67,0,
3960,note_on,0,0,1,,,,,,,,,0,,,74,0,
3960,note_on,0,0,1,,,,,,,,,0,,,77,52,
3960,note_on,0,0,1,,,,,,,,,0,,,77,0,
3960,note_on,0,0,1,,,,,,,,,0,,,74,52,
3960,note_on,0,0,1,,,,,,,,,0,,,79,0,
3960,note_on,7,0,2,,,,,,,,,1,,,67,37,
3960,note_on,15,0,1,,,,,,,,,0,,,76,0,
4013,note_on,53,0,2,,,,,,,,,1,,,67,0,
4020,note_on,0,0,1,,,,,,,,,0,,,76,52,
4020,note_on,60,0,1,,,,,,,,,0,,,77,0,
4020,note_on,0,0,1,,,,,,,,,0,,,74,0,
4020,note_on,7,0,2,,,,,,,,,1,,,67,38,
4020,note_on,0,0,1,,,,,,,,,0,,,73,52,
4073,note_on,53,0,2,,,,,,,,,1,,,67,0,
4080,note_on,60,0,1,,,,,,,,,0,,,76,0,
4080,note_on,0,0,1,,,,,,,,,0,,,73,0,
4080,note_on,0,0,1,,,,,,,,,0,,,77,52,
4080,note_on,7,0,2,,,,,,,,,1,,,67,38,
4080,note_on,0,0,1,,,,,,,,,0,,,74,52,
4133,note_on,53,0,2,,,,,,,,,1,,,67,0,
4140,note_on,60,0,1,,,,,,,,,0,,,77,0,
4140,note_on,0,0,1,,,,,,,,,0,,,74,0,
4140,note_on,0,0,1,,,,,,,,,0,,,75,52,
4140,note_on,0,0,1,,,,,,,,,0,,,78,52,
4140,note_on,7,0,2,,,,,,,,,1,,,67,72,
4193,note_on,53,0,2,,,,,,,,,1,,,67,0,
4200,note_on,7,0,2,,,,,,,,,1,,,67,72,
4253,note_on,53,0,2,,,,,,,,,1,,,67,0,
4260,note_on,7,0,2,,,,,,,,,1,,,67,73,
4313,note_on,53,0,2,,,,,,,,,1,,,67,0,
4320,note_on,7,0,2,,,,,,,,,1,,,67,73,
4320,note_on,0,0,1,,,,,,,,,0,,,76,52,
4320,note_on,0,0,1,,,,,,,,,0,,,79,52,
4320,note_on,0,0,1,,,,,,,,,0,,,75,0,
4320,note_on,180,0,1,,,,,,,,,0,,,78,0,
4373,note_on,53,0,2,,,,,,,,,1,,,67,0,
4380,note_on,7,0,2,,,,,,,,,1,,,67,73,
4433,note_on,53,0,2,,,,,,,,,1,,,67,0,
4440,note_on,7,0,2,,,,,,,,,1,,,67,74,
4493,note_on,53,0,2,,,,,,,,,1,,,67,0,
4500,note_on,0,0,2,,,,,,,,,1,,,64,75,
4500,note_on,7,0,2,,,,,,,,,1,,,60,75,
4500,note_on,0,0,1,,,,,,,,,0,,,79,0,
4500,note_on,180,0,1,,,,,,,,,0,,,76,0,
4530,note_on,30,0,1,,,,,,,,,0,,,79,85,
4560,note_on,30,0,1,,,,,,,,,0,,,79,0,
4560,note_on,0,0,1,,,,,,,,,0,,,78,85,
4590,note_on,30,0,1,,,,,,,,,0,,,78,0,
4590,note_on,0,0,1,,,,,,,,,0,,,79,85,
4620,note_on,0,0,1,,,,,,,,,0,,,81,85,
4620,note_on,30,0,1,,,,,,,,,0,,,79,0,
4650,note_on,0,0,1,,,,,,,,,0,,,79,85,
4650,note_on,30,0,1,,,,,,,,,0,,,81,0,
4680,note_on,30,0,1,,,,,,,,,0,,,79,0,
4680,note_on,0,0,1,,,,,,,,,0,,,77,85,
4680,note_on,0,0,2,,,,,,,,,1,,,62,75,
4680,note_on,0,0,2,,,,,,,,,1,,,59,75,
4680,note_on,0,0,2,,,,,,,,,1,,,60,0,
4680,note_on,180,0,2,,,,,,,,,1,,,64,0,
4710,note_on,0,0,1,,,,,,,,,0,,,76,85,
4710,note_on,30,0,1,,,,,,,,,0,,,77,0,
4740,note_on,30,0,1,,,,,,,,,0,,,76,0,
4740,note_on,0,0,1,,,,,,,,,0,,,77,85,
4770,note_on,30,0,1,,,,,,,,,0,,,77,0,
4770,note_on,0,0,1,,,,,,,,,0,,,74,85,
4800,note_on,30,0,1,,,,,,,,,0,,,74,0,
4800,note_on,0,0,1,,,,,,,,,0,,,72,85,
4830,note_on,30,0,1,,,,,,,,,0,,,72,0,
4830,note_on,0,0,1,,,,,,,,,0,,,71,85,
4860,note_on,0,0,2,,,,,,,,,1,,,59,0,
4860,note_on,30,0,1,,,,,,,,,0,,,71,0,
4860,note_on,0,0,2,,,,,,,,,1,,,60,75,
4860,note_on,0,0,2,,,,,,,,,1,,,64,75,
4860,note_on,180,0,2,,,,,,,,,1,,,62,0,
4890,note_on,30,0,1,,,,,,,,,0,,,79,85,
4920,note_on,30,0,1,,,,,,,,,0,,,79,0,
4920,note_on,0,0,1,,,,,,,,,0,,,78,85,
4950,note_on,30,0,1,,,,,,,,,0,,,78,0,
4950,note_on,0,0,1,,,,,,,,,0,,,79,85,
4980,note_on,0,0,1,,,,,,,,,0,,,81,85,
4980,note_on,30,0,1,,,,,,,,,0,,,79,0,
5010,note_on,30,0,1,,,,,,,,,0,,,81,0,
5010,note_on,0,0,1,,,,,,,,,0,,,79,85,
5040,note_on,180,0,2,,,,,,,,,1,,,64,0,
5040,note_on,0,0,2,,,,,,,,,1,,,59,75,
5040,note_on,0,0,2,,,,,,,,,1,,,62,75,
5040,note_on,30,0,1,,,,,,,,,0,,,79,0,
5040,note_on,0,0,1,,,,,,,,,0,,,77,85,
5040,note_on,0,0,2,,,,,,,,,1,,,60,0,
5070,note_on,30,0,1,,,,,,,,,0,,,77,0,
5070,note_on,0,0,1,,,,,,,,,0,,,76,85,
5100,note_on,0,0,1,,,,,,,,,0,,,77,85,
5100,note_on,30,0,1,,,,,,,,,0,,,76,0,
5130,note_on,30,0,1,,,,,,,,,0,,,77,0,
5130,note_on,0,0,1,,,,,,,,,0,,,74,85,
5160,note_on,30,0,1,,,,,,,,,0,,,74,0,
5160,note_on,0,0,1,,,,,,,,,0,,,72,85,
5190,note_on,30,0,1,,,,,,,,,0,,,72,0,
5190,note_on,0,0,1,,,,,,,,,0,,,71,85,
5220,note_on,180,0,2,,,,,,,,,1,,,62,0,
5220,note_on,0,0,2,,,,,,,,,1,,,59,0,
5220,note_on,0,0,2,,,,,,,,,1,,,60,75,
5220,note_on,0,0,2,,,,,,,,,1,,,64,75,
5220,note_on,0,0,1,,,,,,,,,0,,,72,85,
5220,note_on,30,0,1,,,,,,,,,0,,,71,0,
5280,note_on,0,0,1,,,,,,,,,0,,,84,85,
5280,note_on,60,0,1,,,,,,,,,0,,,72,0,
5340,note_on,60,0,1,,,,,,,,,0,,,84,0,
5340,note_on,0,0,1,,,,,,,,,0,,,83,85,
5400,note_on,180,0,2,,,,,,,,,1,,,64,0,
5400,note_on,0,0,2,,,,,,,,,1,,,60,0,
5400,note_on,60,0,1,,,,,,,,,0,,,83,0,
5400,note_on,0,0,1,,,,,,,,,0,,,81,85,
5460,note_on,60,0,1,,,,,,,,,0,,,81,0,
5460,note_on,0,0,1,,,,,,,,,0,,,81,85,
5520,note_on,0,0,1,,,,,,,,,0,,,79,85,
5520,note_on,60,0,1,,,,,,,,,0,,,81,0,
5580,note_on,0,0,1,,,,,,,,,0,,,78,85,
5580,note_on,60,0,1,,,,,,,,,0,,,79,0,
5640,note_on,0,0,1,,,,,,,,,0,,,78,85,
5640,note_on,60,0,1,,,,,,,,,0,,,78,0,
5700,note_on,60,0,1,,,,,,,,,0,,,78,0,
5700,note_on,0,0,1,,,,,,,,,0,,,78,85,
5740,note_on,40,0,1,,,,,,,,,0,,,78,85,
5747,note_on,7,0,1,,,,,,,,,0,,,78,0,
5750,note_on,3,0,1,,,,,,,,,0,,,76,85,
5757,note_on,7,0,1,,,,,,,,,0,,,76,0,
5760,note_on,0,0,1,,,,,,,,,0,,,78,85,
5760,note_on,3,0,1,,,,,,,,,0,,,78,0,
5820,note_on,0,0,2,,,,,,,,,1,,,60,85,
5820,note_on,420,0,2,,,,,,,,,1,,,62,85,
5820,note_on,60,0,1,,,,,,,,,0,,,78,0,
5820,note_on,0,0,1,,,,,,,,,0,,,76,85,
5880,note_on,0,0,2,,,,,,,,,1,,,60,85,
5880,note_on,0,0,2,,,,,,,,,1,,,62,85,
5880,note_on,0,0,2,,,,,,,,,1,,,62,0,
5880,note_on,60,0,2,,,,,,,,,1,,,60,0,
5880,note_on,60,0,1,,,,,,,,,0,,,76,0,
5880,note_on,0,0,1,,,,,,,,,0,,,78,85,
5940,note_on,60,0,2,,,,,,,,,1,,,60,0,
5940,note_on,0,0,2,,,,,,,,,1,,,67,82,
5940,note_on,0,0,1,,,,,,,,,0,,,79,85,
5940,note_on,60,0,1,,,,,,,,,0,,,78,0,
5940,note_on,0,0,2,,,,,,,,,1,,,62,0,
6000,note_on,0,0,2,,,,,,,,,1,,,62,82,
6000,note_on,0,0,1,,,,,,,,,0,,,74,85,
6000,note_on,60,0,1,,,,,,,,,0,,,79,0,
6000,note_on,60,0,2,,,,,,,,,1,,,67,0,
6060,note_on,60,0,1,,,,,,,,,0,,,74,0,
6060,note_on,60,0,2,,,,,,,,,1,,,62,0,
6060,note_on,0,0,1,,,,,,,,,0,,,71,85,
6060,note_on,0,0,2,,,,,,,,,1,,,59,83,
6120,note_on,0,0,2,,,,,,,,,1,,,62,83,
6120,note_on,60,0,2,,,,,,,,,1,,,59,0,
6120,note_on,0,0,1,,,,,,,,,0,,,74,85,
6120,note_on,60,0,1,,,,,,,,,0,,,71,0,
6180,note_on,60,0,1,,,,,,,,,0,,,74,0,
6180,note_on,0,0,1,,,,,,,,,0,,,71,85,
6180,note_on,0,0,2,,,,,,,,,1,,,59,83,
6180,note_on,60,0,2,,,,,,,,,1,,,62,0,
6240,note_on,0,0,2,,,,,,,,,1,,,54,83,
6240,note_on,60,0,2,,,,,,,,,1,,,59,0,
6240,note_on,60,0,1,,,,,,,,,0,,,71,0,
6240,note_on,0,0,1,,,,,,,,,0,,,66,85,
6300,note_on,0,0,1,,,,,,,,,0,,,67,85,
6300,note_on,60,0,2,,,,,,,,,1,,,54,0,
6300,note_on,0,0,2,,,,,,,,,1,,,55,83,
6300,note_on,60,0,1,,,,,,,,,0,,,66,0,
6360,note_on,0,0,2,,,,,,,,,1,,,54,83,
6360,note_on,60,0,2,,,,,,,,,1,,,55,0,
6420,note_on,60,0,2,,,,,,,,,1,,,54,0,
6420,note_on,0,0,2,,,,,,,,,1,,,55,83,
6480,note_on,0,0,2,,,,,,,,,1,,,43,83,
6480,note_on,60,0,2,,,,,,,,,1,,,55,0,
6480,note_on,180,0,1,,,,,,,,,0,,,67,0,
6660,note_on,0,0,2,,,,,,,,,1,,,55,50,
6660,note_on,180,0,2,,,,,,,,,1,,,43,0,
6660,note_on,180,0,1,,,,,,,,,0,,,67,45,
6690,note_on,0,0,1,,,,,,,,,0,,,62,45,
6690,note_on,30,0,1,,,,,,,,,0,,,67,0,
6720,note_on,0,0,1,,,,,,,,,0,,,59,45,
6720,note_on,30,0,1,,,,,,,,,0,,,62,0,
6750,note_on,0,0,1,,,,,,,,,0,,,62,45,
6750,note_on,30,0,1,,,,,,,,,0,,,59,0,
6780,note_on,0,0,1,,,,,,,,,0,,,67,45,
6780,note_on,30,0,1,,,,,,,,,0,,,62,0,
6810,note_on,30,0,1,,,,,,,,,0,,,67,0,
6810,note_on,0,0,1,,,,,,,,,0,,,62,45,
6840,note_on,0,0,1,,,,,,,,,0,,,69,45,
6840,note_on,0,0,2,,,,,,,,,1,,,54,52,
6840,note_on,180,0,2,,,,,,,,,1,,,55,0,
6840,note_on,30,0,1,,,,,,,,,0,,,62,0,
6870,note_on,30,0,1,,,,,,,,,0,,,69,0,
6870,note_on,0,0,1,,,,,,,,,0,,,62,45,
6900,note_on,0,0,1,,,,,,,,,0,,,57,45,
6900,note_on,30,0,1,,,,,,,,,0,,,62,0,
6930,note_on,0,0,1,,,,,,,,,0,,,62,45,
6930,note_on,30,0,1,,,,,,,,,0,,,57,0,
6960,note_on,0,0,1,,,,,,,,,0,,,69,45,
6960,note_on,30,0,1,,,,,,,,,0,,,62,0,
6990,note_on,30,0,1,,,,,,,,,0,,,69,0,
6990,note_on,0,0,1,,,,,,,,,0,,,62,45,
7020,note_on,0,0,1,,,,,,,,,0,,,71,45,
7020,note_on,30,0,1,,,,,,,,,0,,,62,0,
7020,note_on,180,0,2,,,,,,,,,1,,,54,0,
7020,note_on,0,0,2,,,,,,,,,1,,,55,54,
7050,note_on,0,0,1,,,,,,,,,0,,,62,45,
7050,note_on,30,0,1,,,,,,,,,0,,,71,0,
7080,note_on,0,0,1,,,,,,,,,0,,,59,45,
7080,note_on,30,0,1,,,,,,,,,0,,,62,0,
7110,note_on,0,0,1,,,,,,,,,0,,,62,45,
7110,note_on,30,0,1,,,,,,,,,0,,,59,0,
7140,note_on,0,0,1,,,,,,,,,0,,,71,45,
7140,note_on,30,0,1,,,,,,,,,0,,,62,0,
7170,note_on,0,0,1,,,,,,,,,0,,,62,45,
7170,note_on,30,0,1,,,,,,,,,0,,,71,0,
7200,note_on,180,0,2,,,,,,,,,1,,,55,0,
7200,note_on,0,0,2,,,,,,,,,1,,,57,55,
7200,note_on,0,0,1,,,,,,,,,0,,,72,45,
7200,note_on,30,0,1,,,,,,,,,0,,,62,0,
7230,note_on,0,0,1,,,,,,,,,0,,,62,45,
7230,note_on,30,0,1,,,,,,,,,0,,,72,0,
7260,note_on,0,0,1,,,,,,,,,0,,,60,45,
7260,note_on,30,0,1,,,,,,,,,0,,,62,0,
7290,note_on,0,0,1,,,,,,,,,0,,,62,45,
7290,note_on,30,0,1,,,,,,,,,0,,,60,0,
7320,note_on,0,0,1,,,,,,,,,0,,,72,45,
7320,note_on,30,0,1,,,,,,,,,0,,,62,0,
7350,note_on,0,0,1,,,,,,,,,0,,,62,45,
7350,note_on,30,0,1,,,,,,,,,0,,,72,0,
7380,note_on,0,0,1,,,,,,,,,0,,,74,45,
7380,note_on,30,0,1,,,,,,,,,0,,,62,0,
7380,note_on,180,0,2,,,,,,,,,1,,,57,0,
7380,note_on,0,0,2,,,,,,,,,1,,,59,55,
7410,note_on,0,0,1,,,,,,,,,0,,,62,45,
7410,note_on,30,0,1,,,,,,,,,0,,,74,0,
7440,note_on,30,0,1,,,,,,,,,0,,,62,0,
7440,note_on,0,0,1,,,,,,,,,0,,,72,45,
7440,note_on,0,0,2,,,,,,,,,1,,,57,55,
7440,note_on,60,0,2,,,,,,,,,1,,,59,0,
7470,note_on,0,0,1,,,,,,,,,0,,,62,45,
7470,note_on,30,0,1,,,,,,,,,0,,,72,0,
7500,note_on,0,0,2,,,,,,,,,1,,,55,54,
7500,note_on,60,0,2,,,,,,,,,1,,,57,0,
7500,note_on,0,0,1,,,,,,,,,0,,,71,45,
7500,note_on,30,0,1,,,,,,,,,0,,,62,0,
7530,note_on,0,0,1,,,,,,,,,0,,,62,45,
7530,note_on,30,0,1,,,,,,,,,0,,,71,0,
7553,note_on,53,0,2,,,,,,,,,1,,,55,0,
7560,note_on,0,0,1,,,,,,,,,0,,,69,45,
7560,note_on,7,0,2,,,,,,,,,1,,,54,52,
7560,note_on,30,0,1,,,,,,,,,0,,,62,0,
7590,note_on,30,0,1,,,,,,,,,0,,,69,0,
7590,note_on,0,0,1,,,,,,,,,0,,,62,45,
7620,note_on,60,0,2,,,,,,,,,1,,,54,0,
7620,note_on,0,0,1,,,,,,,,,0,,,67,45,
7620,note_on,0,0,2,,,,,,,,,1,,,52,52,
7620,note_on,30,0,1,,,,,,,,,0,,,62,0,
7650,note_on,0,0,1,,,,,,,,,0,,,62,45,
7650,note_on,30,0,1,,,,,,,,,0,,,67,0,
7680,note_on,30,0,1,,,,,,,,,0,,,62,0,
7680,note_on,0,0,1,,,,,,,,,0,,,66,45,
7680,note_on,0,0,2,,,,,,,,,1,,,50,51,
7680,note_on,60,0,2,,,,,,,,,1,,,52,0,
7710,note_on,0,0,1,,,,,,,,,0,,,62,45,
7710,note_on,30,0,1,,,,,,,,,0,,,66,0,
7740,note_on,30,0,1,,,,,,,,,0,,,62,0,
7740,note_on,60,0,2,,,,,,,,,1,,,50,0,
7740,note_on,0,0,2,,,,,,,,,1,,,55,92,
7740,note_on,0,0,1,,,,,,,,,0,,,67,85,
7770,note_on,0,0,1,,,,,,,,,0,,,62,85,
7770,note_on,30,0,1,,,,,,,,,0,,,67,0,
7800,note_on,0,0,1,,,,,,,,,0,,,59,85,
7800,note_on,30,0,1,,,,,,,,,0,,,62,0,
7830,note_on,0,0,1,,,,,,,,,0,,,62,85,
7830,note_on,30,0,1,,,,,,,,,0,,,59,0,
7860,note_on,30,0,1,,,,,,,,,0,,,62,0,
7860,note_on,0,0,1,,,,,,,,,0,,,67,85,
7890,note_on,30,0,1,,,,,,,,,0,,,67,0,
7890,note_on,0,0,1,,,,,,,,,0,,,62,85,
7920,note_on,0,0,1,,,,,,,,,0,,,69,85,
7920,note_on,0,0,2,,,,,,,,,1,,,54,91,
7920,note_on,180,0,2,,,,,,,,,1,,,55,0,
7920,note_on,30,0,1,,,,,,,,,0,,,62,0,
7950,note_on,30,0,1,,,,,,,,,0,,,69,0,
7950,note_on,0,0,1,,,,,,,,,0,,,62,85,
7980,note_on,30,0,1,,,,,,,,,0,,,62,0,
7980,note_on,0,0,1,,,,,,,,,0,,,57,85,
8010,note_on,30,0,1,,,,,,,,,0,,,57,0,
8010,note_on,0,0,1,,,,,,,,,0,,,62,85,
8040,note_on,30,0,1,,,,,,,,,0,,,62,0,
8040,note_on,0,0,1,,,,,,,,,0,,,69,85,
8070,note_on,0,0,1,,,,,,,,,0,,,62,85,
8070,note_on,30,0,1,,,,,,,,,0,,,69,0,
8100,note_on,0,0,1,,,,,,,,,0,,,71,85,
8100,note_on,180,0,2,,,,,,,,,1,,,54,0,
8100,note_on,0,0,2,,,,,,,,,1,,,55,90,
8100,note_on,30,0,1,,,,,,,,,0,,,62,0,
8130,note_on,30,0,1,,,,,,,,,0,,,71,0,
8130,note_on,0,0,1,,,,,,,,,0,,,62,85,
8160,note_on,30,0,1,,,,,,,,,0,,,62,0,
8160,note_on,0,0,1,,,,,,,,,0,,,59,85,
8190,note_on,0,0,1,,,,,,,,,0,,,62,85,
8190,note_on,30,0,1,,,,,,,,,0,,,59,0,
8220,note_on,0,0,1,,,,,,,,,0,,,71,85,
8220,note_on,30,0,1,,,,,,,,,0,,,62,0,
8250,note_on,0,0,1,,,,,,,,,0,,,62,85,
8250,note_on,30,0,1,,,,,,,,,0,,,71,0,
8280,note_on,30,0,1,,,,,,,,,0,,,62,0,
8280,note_on,0,0,1,,,,,,,,,0,,,72,115,
8280,note_on,0,0,2,,,,,,,,,1,,,52,116,
8280,note_on,180,0,2,,,,,,,,,1,,,55,0,
8310,note_on,0,0,1,,,,,,,,,0,,,67,115,
8310,note_on,30,0,1,,,,,,,,,0,,,72,0,
8340,note_on,30,0,1,,,,,,,,,0,,,67,0,
8340,note_on,0,0,1,,,,,,,,,0,,,61,115,
8370,note_on,30,0,1,,,,,,,,,0,,,61,0,
8370,note_on,0,0,1,,,,,,,,,0,,,67,115,
8400,note_on,30,0,1,,,,,,,,,0,,,67,0,
8400,note_on,0,0,1,,,,,,,,,0,,,72,115,
8430,note_on,0,0,1,,,,,,,,,0,,,67,115,
8430,note_on,30,0,1,,,,,,,,,0,,,72,0,
8460,note_on,0,0,1,,,,,,,,,0,,,66,115,
8460,note_on,0,0,2,,,,,,,,,1,,,50,116,
8460,note_on,180,0,2,,,,,,,,,1,,,52,0,
8460,note_on,0,0,1,,,,,,,,,0,,,74,115,
8460,note_on,30,0,1,,,,,,,,,0,,,67,0,
8640,note_on,0,0,1,,,,,,,,,0,,,74,0,
8640,note_on,0,0,1,,,,,,,,,0,,,78,45,
8640,note_on,180,0,2,,,,,,,,,1,,,50,0,
8640,note_on,180,0,1,,,,,,,,,0,,,66,0,
8700,note_on,60,0,1,,,,,,,,,0,,,78,0,
8700,note_on,0,0,1,,,,,,,,,0,,,76,45,
8760,note_on,60,0,1,,,,,,,,,0,,,76,0,
8760,note_on,0,0,1,,,,,,,,,0,,,74,45,
8820,note_on,0,0,1,,,,,,,,,0,,,73,45,
8820,note_on,0,0,1,,,,,,,,,0,,,67,45,
8820,note_on,60,0,1,,,,,,,,,0,,,74,0,
8820,note_on,180,0,2,,,,,,,,,1,,,52,49,
8880,note_on,0,0,1,,,,,,,,,0,,,73,45,
8880,note_on,60,0,1,,,,,,,,,0,,,73,0,
8940,note_on,0,0,1,,,,,,,,,0,,,73,45,
8940,note_on,60,0,1,,,,,,,,,0,,,73,0,
8985,note_on,45,0,1,,,,,,,,,0,,,74,45,
9000,note_on,0,0,1,,,,,,,,,0,,,67,0,
9000,note_on,15,0,1,,,,,,,,,0,,,74,0,
9000,note_on,0,0,1,,,,,,,,,0,,,73,0,
9000,note_on,0,0,1,,,,,,,,,0,,,73,45,
9000,note_on,0,0,1,,,,,,,,,0,,,67,45,
9060,note_on,60,0,1,,,,,,,,,0,,,73,0,
9060,note_on,0,0,1,,,,,,,,,0,,,71,45,
9120,note_on,60,0,1,,,,,,,,,0,,,71,0,
9120,note_on,0,0,1,,,,,,,,,0,,,73,45,
9180,note_on,0,0,1,,,,,,,,,0,,,67,0,
9180,note_on,360,0,2,,,,,,,,,1,,,52,0,
9180,note_on,60,0,1,,,,,,,,,0,,,73,0,
9180,note_on,0,0,2,,,,,,,,,1,,,50,49,
9180,note_on,0,0,1,,,,,,,,,0,,,74,45,
9180,note_on,0,0,1,,,,,,,,,0,,,66,45,
9360,note_on,0,0,1,,,,,,,,,0,,,74,0,
9360,note_on,180,0,1,,,,,,,,,0,,,66,0,
9360,note_on,0,0,1,,,,,,,,,0,,,66,45,
9420,note_on,60,0,1,,,,,,,,,0,,,66,0,
9420,note_on,0,0,1,,,,,,,,,0,,,64,45,
9480,note_on,60,0,1,,,,,,,,,0,,,64,0,
9480,note_on,0,0,1,,,,,,,,,0,,,62,45,
9540,note_on,0,0,1,,,,,,,,,0,,,61,35,
9540,note_on,60,0,1,,,,,,,,,0,,,62,0,
9540,note_on,360,0,2,,,,,,,,,1,,,50,0,
9540,note_on,0,0,2,,,,,,,,,1,,,52,35,
9540,note_on,0,0,1,,,,,,,,,0,,,67,35,
9540,note_on,0,0,2,,,,,,,,,1,,,40,35,
9600,note_on,0,0,1,,,,,,,,,0,,,61,0,
9600,note_on,0,0,1,,,,,,,,,0,,,61,35,
9600,note_on,60,0,1,,,,,,,,,0,,,67,0,
9660,note_on,60,0,1,,,,,,,,,0,,,61,0,
9660,note_on,0,0,1,,,,,,,,,0,,,61,35,
9700,note_on,40,0,1,,,,,,,,,0,,,61,35,
9706,note_on,6,0,1,,,,,,,,,0,,,61,0,
9710,note_on,4,0,1,,,,,,,,,0,,,59,35,
9716,note_on,6,0,1,,,,,,,,,0,,,59,0,
9720,note_on,4,0,1,,,,,,,,,0,,,61,0,
9720,note_on,0,0,1,,,,,,,,,0,,,67,35,
9720,note_on,0,0,1,,,,,,,,,0,,,61,35,
9780,note_on,60,0,1,,,,,,,,,0,,,61,0,
9780,note_on,0,0,1,,,,,,,,,0,,,67,0,
9780,note_on,0,0,1,,,,,,,,,0,,,59,35,
9840,note_on,0,0,1,,,,,,,,,0,,,61,35,
9840,note_on,60,0,1,,,,,,,,,0,,,59,0,
9900,note_on,60,0,1,,,,,,,,,0,,,61,0,
9900,note_on,0,0,2,,,,,,,,,1,,,38,30,
9900,set_tempo,9900,1,0,,,,,,596540,,,,,,,,
9900,note_on,0,0,2,,,,,,,,,1,,,52,0,
9900,note_on,360,0,2,,,,,,,,,1,,,40,0,
9904,set_tempo,4,1,0,,,,,,602531,,,,,,,,
9908,set_tempo,4,1,0,,,,,,608643,,,,,,,,
9910,note_on,10,0,2,,,,,,,,,1,,,42,30,
9910,set_tempo,2,1,0,,,,,,614880,,,,,,,,
9914,set_tempo,4,1,0,,,,,,621247,,,,,,,,
9916,set_tempo,2,1,0,,,,,,627746,,,,,,,,
9920,note_on,10,0,2,,,,,,,,,1,,,45,30,
9920,set_tempo,4,1,0,,,,,,634384,,,,,,,,
9922,set_tempo,2,1,0,,,,,,641163,,,,,,,,
9926,set_tempo,4,1,0,,,,,,648088,,,,,,,,
9930,set_tempo,4,1,0,,,,,,655165,,,,,,,,
9930,note_on,10,0,2,,,,,,,,,1,,,50,30,
9932,set_tempo,2,1,0,,,,,,662398,,,,,,,,
9936,set_tempo,4,1,0,,,,,,669792,,,,,,,,
9938,set_tempo,2,1,0,,,,,,677354,,,,,,,,
9940,note_on,40,0,1,,,,,,,,,0,,,57,30,
9942,set_tempo,4,1,0,,,,,,685088,,,,,,,,
9944,set_tempo,2,1,0,,,,,,693001,,,,,,,,
9948,set_tempo,4,1,0,,,,,,701098,,,,,,,,
9950,note_on,10,0,1,,,,,,,,,0,,,62,30,
9952,set_tempo,4,1,0,,,,,,709388,,,,,,,,
9954,set_tempo,2,1,0,,,,,,717875,,,,,,,,
9958,set_tempo,4,1,0,,,,,,726568,,,,,,,,
9960,set_tempo,2,1,0,,,,,,735474,,,,,,,,
9960,note_on,10,0,1,,,,,,,,,0,,,66,30,
9964,set_tempo,4,1,0,,,,,,744602,,,,,,,,
9966,set_tempo,2,1,0,,,,,,753958,,,,,,,,
9970,set_tempo,4,1,0,,,,,,763553,,,,,,,,
9972,set_tempo,2,1,0,,,,,,773395,,,,,,,,
9976,set_tempo,4,1,0,,,,,,783494,,,,,,,,
9980,set_tempo,4,1,0,,,,,,793861,,,,,,,,
9982,set_tempo,2,1,0,,,,,,804505,,,,,,,,
9986,set_tempo,4,1,0,,,,,,815439,,,,,,,,
9988,set_tempo,2,1,0,,,,,,826674,,,,,,,,
9992,set_tempo,4,1,0,,,,,,838223,,,,,,,,
9994,set_tempo,2,1,0,,,,,,850099,,,,,,,,
9998,set_tempo,4,1,0,,,,,,862317,,,,,,,,
10002,set_tempo,4,1,0,,,,,,874891,,,,,,,,
10004,set_tempo,2,1,0,,,,,,887837,,,,,,,,
10008,set_tempo,4,1,0,,,,,,901172,,,,,,,,
10010,set_tempo,2,1,0,,,,,,914913,,,,,,,,
10014,set_tempo,4,1,0,,,,,,929080,,,,,,,,
10016,set_tempo,2,1,0,,,,,,943693,,,,,,,,
10020,set_tempo,4,1,0,,,,,,958773,,,,,,,,
10022,set_tempo,2,1,0,,,,,,3000000,,,,,,,,
10052,set_tempo,30,1,0,,,,,,3157895,,,,,,,,
10070,note_on,110,0,1,,,,,,,,,0,,,62,0,
10073,note_on,143,0,2,,,,,,,,,1,,,42,0,
10075,note_on,5,0,1,,,,,,,,,0,,,57,0,
10080,note_on,5,0,1,,,,,,,,,0,,,66,0,
10080,note_on,0,0,1,,,,,,,,,0,,,74,45,
10080,note_on,7,0,2,,,,,,,,,1,,,38,0,
10080,note_on,0,0,2,,,,,,,,,1,,,50,0,
10080,set_tempo,28,1,0,,,,,,560748,,,,,,,,
10082,note_on,2,0,2,,,,,,,,,1,,,45,0,
10140,note_on,60,0,1,,,,,,,,,0,,,74,0,
10140,note_on,0,0,1,,,,,,,,,0,,,74,45,
10200,note_on,60,0,1,,,,,,,,,0,,,74,0,
10200,note_on,0,0,1,,,,,,,,,0,,,74,45,
10260,note_on,60,0,1,,,,,,,,,0,,,74,0,
10260,note_on,178,0,2,,,,,,,,,1,,,55,34,
10260,note_on,0,0,1,,,,,,,,,0,,,70,45,
10290,note_on,0,0,2,,,,,,,,,1,,,58,34,
10290,note_on,30,0,2,,,,,,,,,1,,,55,0,
10320,note_on,30,0,2,,,,,,,,,1,,,58,0,
10320,note_on,0,0,2,,,,,,,,,1,,,62,34,
10350,note_on,30,0,2,,,,,,,,,1,,,62,0,
10350,note_on,0,0,2,,,,,,,,,1,,,58,34,
10380,note_on,0,0,1,,,,,,,,,0,,,67,45,
10380,note_on,30,0,2,,,,,,,,,1,,,58,0,
10380,note_on,0,0,2,,,,,,,,,1,,,62,34,
10380,note_on,120,0,1,,,,,,,,,0,,,70,0,
10410,note_on,0,0,2,,,,,,,,,1,,,58,34,
10410,note_on,30,0,2,,,,,,,,,1,,,62,0,
10440,note_on,0,0,1,,,,,,,,,0,,,74,45,
10440,note_on,60,0,1,,,,,,,,,0,,,67,0,
10440,note_on,30,0,2,,,,,,,,,1,,,58,0,
10440,note_on,0,0,2,,,,,,,,,1,,,55,34,
10470,note_on,30,0,2,,,,,,,,,1,,,55,0,
10470,note_on,0,0,2,,,,,,,,,1,,,58,34,
10500,note_on,30,0,2,,,,,,,,,1,,,58,0,
10500,note_on,0,0,2,,,,,,,,,1,,,62,34,
10500,note_on,0,0,1,,,,,,,,,0,,,74,45,
10500,note_on,60,0,1,,,,,,,,,0,,,74,0,
10530,note_on,0,0,2,,,,,,,,,1,,,58,34,
10530,note_on,30,0,2,,,,,,,,,1,,,62,0,
10560,note_on,60,0,1,,,,,,,,,0,,,74,0,
10560,note_on,0,0,1,,,,,,,,,0,,,74,45,
10560,note_on,0,0,2,,,,,,,,,1,,,62,34,
10560,note_on,30,0,2,,,,,,,,,1,,,58,0,
10590,note_on,30,0,2,,,,,,,,,1,,,62,0,
10590,note_on,0,0,2,,,,,,,,,1,,,58,34,
10620,note_on,0,0,1,,,,,,,,,0,,,72,45,
10620,note_on,60,0,1,,,,,,,,,0,,,74,0,
10620,note_on,30,0,2,,,,,,,,,1,,,58,0,
10620,note_on,0,0,2,,,,,,,,,1,,,54,34,
10650,note_on,30,0,2,,,,,,,,,1,,,54,0,
10650,note_on,0,0,2,,,,,,,,,1,,,57,34,
10680,note_on,30,0,2,,,,,,,,,1,,,57,0,
10680,note_on,0,0,2,,,,,,,,,1,,,62,34,
10710,note_on,30,0,2,,,,,,,,,1,,,62,0,
10710,note_on,0,0,2,,,,,,,,,1,,,57,34,
10740,note_on,0,0,1,,,,,,,,,0,,,69,45,
10740,note_on,120,0,1,,,,,,,,,0,,,72,0,
10740,note_on,30,0,2,,,,,,,,,1,,,57,0,
10740,note_on,0,0,2,,,,,,,,,1,,,62,34,
10770,note_on,0,0,2,,,,,,,,,1,,,57,34,
10770,note_on,30,0,2,,,,,,,,,1,,,62,0,
10800,note_on,0,0,2,,,,,,,,,1,,,54,34,
10800,note_on,60,0,1,,,,,,,,,0,,,69,0,
10800,note_on,0,0,1,,,,,,,,,0,,,74,45,
10800,note_on,30,0,2,,,,,,,,,1,,,57,0,
10830,note_on,30,0,2,,,,,,,,,1,,,54,0,
10830,note_on,0,0,2,,,,,,,,,1,,,57,34,
10860,note_on,60,0,1,,,,,,,,,0,,,74,0,
10860,note_on,0,0,1,,,,,,,,,0,,,74,45,
10860,note_on,0,0,2,,,,,,,,,1,,,62,34,
10860,note_on,30,0,2,,,,,,,,,1,,,57,0,
10890,note_on,30,0,2,,,,,,,,,1,,,62,0,
10890,note_on,0,0,2,,,,,,,,,1,,,57,35,
10920,note_on,0,0,1,,,,,,,,,0,,,74,45,
10920,note_on,60,0,1,,,,,,,,,0,,,74,0,
10920,note_on,30,0,2,,,,,,,,,1,,,57,0,
10920,note_on,0,0,2,,,,,,,,,1,,,62,35,
10950,note_on,0,0,2,,,,,,,,,1,,,57,36,
10950,note_on,30,0,2,,,,,,,,,1,,,62,0,
10980,note_on,30,0,2,,,,,,,,,1,,,57,0,
10980,note_on,0,0,2,,,,,,,,,1,,,53,36,
10980,note_on,0,0,1,,,,,,,,,0,,,71,45,
10980,note_on,60,0,1,,,,,,,,,0,,,74,0,
11010,note_on,30,0,2,,,,,,,,,1,,,53,0,
11010,note_on,0,0,2,,,,,,,,,1,,,59,36,
11040,note_on,30,0,2,,,,,,,,,1,,,59,0,
11040,note_on,0,0,2,,,,,,,,,1,,,62,36,
11070,note_on,30,0,2,,,,,,,,,1,,,62,0,
11070,note_on,0,0,2,,,,,,,,,1,,,59,36,
11100,note_on,0,0,1,,,,,,,,,0,,,67,45,
11100,note_on,30,0,2,,,,,,,,,1,,,59,0,
11100,note_on,0,0,2,,,,,,,,,1,,,62,36,
11100,note_on,120,0,1,,,,,,,,,0,,,71,0,
11130,note_on,30,0,2,,,,,,,,,1,,,62,0,
11130,note_on,0,0,2,,,,,,,,,1,,,59,36,
11160,note_on,60,0,1,,,,,,,,,0,,,67,0,
11160,note_on,0,0,1,,,,,,,,,0,,,69,45,
11160,note_on,30,0,2,,,,,,,,,1,,,59,0,
11160,note_on,0,0,2,,,,,,,,,1,,,53,36,
11190,note_on,30,0,2,,,,,,,,,1,,,53,0,
11190,note_on,0,0,2,,,,,,,,,1,,,59,36,
11220,note_on,30,0,2,,,,,,,,,1,,,59,0,
11220,note_on,0,0,2,,,,,,,,,1,,,62,36,
11250,note_on,0,0,2,,,,,,,,,1,,,59,36,
11250,note_on,30,0,2,,,,,,,,,1,,,62,0,
11280,note_on,0,0,2,,,,,,,,,1,,,62,36,
11280,note_on,30,0,2,,,,,,,,,1,,,59,0,
11280,note_on,120,0,1,,,,,,,,,0,,,69,0,
11280,note_on,0,0,1,,,,,,,,,0,,,71,45,
11310,note_on,30,0,2,,,,,,,,,1,,,62,0,
11310,note_on,0,0,2,,,,,,,,,1,,,59,36,
11340,note_on,30,0,2,,,,,,,,,1,,,59,0,
11340,note_on,60,0,1,,,,,,,,,0,,,71,0,
11340,note_on,0,0,1,,,,,,,,,0,,,72,85,
11340,note_on,0,0,2,,,,,,,,,1,,,51,70,
11370,note_on,30,0,2,,,,,,,,,1,,,51,0,
11370,note_on,0,0,2,,,,,,,,,1,,,55,70,
11400,note_on,0,0,2,,,,,,,,,1,,,60,71,
11400,note_on,30,0,2,,,,,,,,,1,,,55,0,
11430,note_on,0,0,2,,,,,,,,,1,,,55,71,
11430,note_on,30,0,2,,,,,,,,,1,,,60,0,
11460,note_on,0,0,2,,,,,,,,,1,,,60,71,
11460,note_on,30,0,2,,,,,,,,,1,,,55,0,
11490,note_on,0,0,2,,,,,,,,,1,,,55,71,
11490,note_on,30,0,2,,,,,,,,,1,,,60,0,
11520,note_on,30,0,2,,,,,,,,,1,,,55,0,
11520,note_on,0,0,1,,,,,,,,,0,,,67,85,
11520,note_on,0,0,1,,,,,,,,,0,,,79,85,
11520,note_on,0,0,2,,,,,,,,,1,,,55,71,
11520,note_on,180,0,1,,,,,,,,,0,,,72,0,
11580,note_on,0,0,1,,,,,,,,,0,,,67,0,
11580,note_on,0,0,1,,,,,,,,,0,,,67,85,
11580,note_on,0,0,1,,,,,,,,,0,,,79,85,
11580,note_on,60,0,1,,,,,,,,,0,,,79,0,
11640,note_on,0,0,1,,,,,,,,,0,,,79,85,
11640,note_on,60,0,1,,,,,,,,,0,,,79,0,
11640,note_on,0,0,1,,,,,,,,,0,,,67,0,
11640,note_on,0,0,1,,,,,,,,,0,,,67,85,
11700,note_on,180,0,2,,,,,,,,,1,,,55,0,
11700,note_on,60,0,1,,,,,,,,,0,,,79,0,
11700,note_on,0,0,1,,,,,,,,,0,,,67,0,
11700,note_on,0,0,1,,,,,,,,,0,,,63,71,
11700,note_on,0,0,1,,,,,,,,,0,,,75,71,
11700,note_on,0,0,2,,,,,,,,,1,,,51,71,
11730,note_on,30,0,2,,,,,,,,,1,,,51,0,
11730,note_on,0,0,2,,,,,,,,,1,,,55,71,
11760,note_on,0,0,2,,,,,,,,,1,,,60,71,
11760,note_on,30,0,2,,,,,,,,,1,,,55,0,
11790,note_on,30,0,2,,,,,,,,,1,,,60,0,
11790,note_on,0,0,2,,,,,,,,,1,,,55,71,
11820,note_on,0,0,1,,,,,,,,,0,,,72,71,
11820,note_on,30,0,2,,,,,,,,,1,,,55,0,
11820,note_on,0,0,2,,,,,,,,,1,,,60,71,
11820,note_on,0,0,1,,,,,,,,,0,,,60,71,
11820,note_on,120,0,1,,,,,,,,,0,,,75,0,
11820,note_on,0,0,1,,,,,,,,,0,,,63,0,
11850,note_on,30,0,2,,,,,,,,,1,,,60,0,
11850,note_on,0,0,2,,,,,,,,,1,,,55,71,
11880,note_on,30,0,2,,,,,,,,,1,,,55,0,
11880,note_on,0,0,2,,,,,,,,,1,,,51,71,
11880,note_on,60,0,1,,,,,,,,,0,,,72,0,
11880,note_on,0,0,1,,,,,,,,,0,,,60,0,
11880,note_on,0,0,1,,,,,,,,,0,,,67,71,
11880,note_on,0,0,1,,,,,,,,,0,,,79,71,
11910,note_on,30,0,2,,,,,,,,,1,,,51,0,
11910,note_on,0,0,2,,,,,,,,,1,,,55,71,
11940,note_on,0,0,1,,,,,,,,,0,,,79,71,
11940,note_on,0,0,2,,,,,,,,,1,,,60,71,
11940,note_on,30,0,2,,,,,,,,,1,,,55,0,
11940,note_on,60,0,1,,,,,,,,,0,,,79,0,
11940,note_on,0,0,1,,,,,,,,,0,,,67,0,
11940,note_on,0,0,1,,,,,,,,,0,,,67,71,
11970,note_on,0,0,2,,,,,,,,,1,,,55,71,
11970,note_on,30,0,2,,,,,,,,,1,,,60,0,
12000,note_on,60,0,1,,,,,,,,,0,,,79,0,
12000,note_on,0,0,1,,,,,,,,,0,,,79,71,
12000,note_on,0,0,1,,,,,,,,,0,,,67,0,
12000,note_on,30,0,2,,,,,,,,,1,,,55,0,
12000,note_on,0,0,1,,,,,,,,,0,,,67,71,
12000,note_on,0,0,2,,,,,,,,,1,,,60,71,
12030,note_on,30,0,2,,,,,,,,,1,,,60,0,
12030,note_on,0,0,2,,,,,,,,,1,,,55,71,
12060,note_on,60,0,1,,,,,,,,,0,,,79,0,
12060,note_on,0,0,2,,,,,,,,,1,,,50,71,
12060,note_on,0,0,1,,,,,,,,,0,,,67,0,
12060,note_on,0,0,1,,,,,,,,,0,,,65,71,
12060,note_on,0,0,1,,,,,,,,,0,,,77,71,
12060,note_on,30,0,2,,,,,,,,,1,,,55,0,
12090,note_on,30,0,2,,,,,,,,,1,,,50,0,
12090,note_on,0,0,2,,,,,,,,,1,,,55,71,
12120,note_on,30,0,2,,,,,,,,,1,,,55,0,
12120,note_on,0,0,2,,,,,,,,,1,,,59,71,
12150,note_on,30,0,2,,,,,,,,,1,,,59,0,
12150,note_on,0,0,2,,,,,,,,,1,,,55,71,
12180,note_on,0,0,1,,,,,,,,,0,,,74,71,
12180,note_on,0,0,1,,,,,,,,,0,,,62,71,
12180,note_on,0,0,1,,,,,,,,,0,,,65,0,
12180,note_on,120,0,1,,,,,,,,,0,,,77,0,
12180,note_on,0,0,2,,,,,,,,,1,,,59,71,
12180,note_on,30,0,2,,,,,,,,,1,,,55,0,
12210,note_on,30,0,2,,,,,,,,,1,,,59,0,
12210,note_on,0,0,2,,,,,,,,,1,,,55,71,
12240,note_on,30,0,2,,,,,,,,,1,,,55,0,
12240,note_on,0,0,2,,,,,,,,,1,,,50,71,
12240,note_on,0,0,1,,,,,,,,,0,,,67,85,
12240,note_on,0,0,1,,,,,,,,,0,,,62,0,
12240,note_on,60,0,1,,,,,,,,,0,,,74,0,
12240,note_on,0,0,1,,,,,,,,,0,,,79,85,
12270,note_on,30,0,2,,,,,,,,,1,,,50,0,
12270,note_on,0,0,2,,,,,,,,,1,,,55,71,
12300,note_on,30,0,2,,,,,,,,,1,,,55,0,
12300,note_on,0,0,2,,,,,,,,,1,,,59,71,
12300,note_on,0,0,1,,,,,,,,,0,,,79,85,
12300,note_on,0,0,1,,,,,,,,,0,,,67,85,
12300,note_on,0,0,1,,,,,,,,,0,,,67,0,
12300,note_on,60,0,1,,,,,,,,,0,,,79,0,
12330,note_on,30,0,2,,,,,,,,,1,,,59,0,
12330,note_on,0,0,2,,,,,,,,,1,,,55,71,
12360,note_on,0,0,1,,,,,,,,,0,,,67,85,
12360,note_on,0,0,1,,,,,,,,,0,,,67,0,
12360,note_on,60,0,1,,,,,,,,,0,,,79,0,
12360,note_on,0,0,1,,,,,,,,,0,,,79,85,
12360,note_on,30,0,2,,,,,,,,,1,,,55,0,
12360,note_on,0,0,2,,,,,,,,,1,,,59,71,
12390,note_on,30,0,2,,,,,,,,,1,,,59,0,
12390,note_on,0,0,2,,,,,,,,,1,,,55,71,
12420,note_on,0,0,1,,,,,,,,,0,,,75,100,
12420,note_on,0,0,1,,,,,,,,,0,,,67,0,
12420,note_on,60,0,1,,,,,,,,,0,,,79,0,
12420,note_on,30,0,2,,,,,,,,,1,,,55,0,
12420,note_on,0,0,2,,,,,,,,,1,,,60,100,
12540,note_on,0,0,2,,,,,,,,,1,,,63,100,
12540,note_on,0,0,1,,,,,,,,,0,,,72,100,
12540,note_on,120,0,1,,,,,,,,,0,,,75,0,
12540,note_on,120,0,2,,,,,,,,,1,,,60,0,
12600,note_on,60,0,2,,,,,,,,,1,,,63,0,
12600,note_on,60,0,1,,,,,,,,,0,,,72,0,
12600,note_on,0,0,1,,,,,,,,,0,,,68,100,
12600,note_on,0,0,2,,,,,,,,,1,,,56,100,
12720,note_on,120,0,1,,,,,,,,,0,,,68,0,
12720,note_on,120,0,2,,,,,,,,,1,,,56,0,
12720,note_on,0,0,2,,,,,,,,,1,,,54,100,
12720,note_on,0,0,1,,,,,,,,,0,,,66,100,
12780,note_on,60,0,1,,,,,,,,,0,,,66,0,
12780,note_on,60,0,2,,,,,,,,,1,,,54,0,
12780,note_on,0,0,2,,,,,,,,,1,,,55,100,
12780,note_on,0,0,1,,,,,,,,,0,,,67,100,
12960,note_on,0,0,1,,,,,,,,,0,,,79,100,
12960,note_on,0,0,1,,,,,,,,,0,,,67,100,
12960,note_on,180,0,1,,,,,,,,,0,,,67,0,
12960,note_on,0,0,2,,,,,,,,,1,,,55,100,
12960,note_on,180,0,2,,,,,,,,,1,,,55,0,
13020,note_on,60,0,2,,,,,,,,,1,,,55,0,
13020,note_on,0,0,1,,,,,,,,,0,,,67,0,
13020,note_on,0,0,2,,,,,,,,,1,,,57,100,
13020,note_on,0,0,1,,,,,,,,,0,,,66,100,
13020,note_on,60,0,1,,,,,,,,,0,,,79,0,
13020,note_on,0,0,1,,,,,,,,,0,,,78,100,
13080,note_on,60,0,1,,,,,,,,,0,,,78,0,
13080,note_on,0,0,1,,,,,,,,,0,,,66,0,
13080,note_on,0,0,1,,,,,,,,,0,,,65,100,
13080,note_on,0,0,1,,,,,,,,,0,,,77,100,
13080,note_on,60,0,2,,,,,,,,,1,,,57,0,
13080,note_on,0,0,2,,,,,,,,,1,,,59,100,
13140,note_on,0,0,1,,,,,,,,,0,,,75,100,
13140,note_on,0,0,1,,,,,,,,,0,,,65,0,
13140,note_on,0,0,1,,,,,,,,,0,,,63,100,
13140,note_on,0,0,2,,,,,,,,,1,,,60,100,
13140,note_on,60,0,1,,,,,,,,,0,,,77,0,
13140,note_on,60,0,2,,,,,,,,,1,,,59,0,
13200,note_on,60,0,2,,,,,,,,,1,,,60,0,
13200,note_on,60,0,1,,,,,,,,,0,,,75,0,
13200,note_on,0,0,1,,,,,,,,,0,,,63,0,
13200,note_on,0,0,1,,,,,,,,,0,,,62,100,
13200,note_on,0,0,1,,,,,,,,,0,,,74,100,
13200,note_on,0,0,2,,,,,,,,,1,,,62,100,
13260,note_on,60,0,1,,,,,,,,,0,,,74,0,
13260,note_on,0,0,1,,,,,,,,,0,,,62,0,
13260,note_on,0,0,1,,,,,,,,,0,,,60,100,
13260,note_on,0,0,1,,,,,,,,,0,,,72,100,
13260,note_on,60,0,2,,,,,,,,,1,,,62,0,
13260,note_on,0,0,2,,,,,,,,,1,,,63,100,
13320,note_on,0,0,1,,,,,,,,,0,,,72,100,
13320,note_on,0,0,1,,,,,,,,,0,,,66,100,
13320,note_on,60,0,1,,,,,,,,,0,,,72,0,
13320,note_on,60,0,2,,,,,,,,,1,,,63,0,
13320,note_on,0,0,2,,,,,,,,,1,,,63,100,
13320,note_on,0,0,2,,,,,,,,,1,,,56,100,
13320,note_on,0,0,1,,,,,,,,,0,,,60,0,
13380,note_on,60,0,1,,,,,,,,,0,,,72,0,
13380,note_on,0,0,1,,,,,,,,,0,,,66,0,
13380,note_on,0,0,1,,,,,,,,,0,,,71,100,
13440,note_on,0,0,1,,,,,,,,,0,,,72,100,
13440,note_on,60,0,1,,,,,,,,,0,,,71,0,
13500,note_on,0,0,1,,,,,,,,,0,,,74,122,
13500,note_on,0,0,1,,,,,,,,,0,,,71,122,
13500,note_on,180,0,2,,,,,,,,,1,,,56,0,
13500,note_on,0,0,2,,,,,,,,,1,,,63,0,
13500,note_on,60,0,1,,,,,,,,,0,,,72,0,
13500,note_on,0,0,1,,,,,,,,,0,,,67,122,
13500,note_on,0,0,2,,,,,,,,,1,,,55,122,
13680,note_on,0,0,1,,,,,,,,,0,,,71,0,
13680,note_on,180,0,2,,,,,,,,,1,,,55,0,
13680,note_on,0,0,2,,,,,,,,,1,,,43,40,
13680,note_on,0,0,2,,,,,,,,,1,,,55,40,
13680,note_on,0,0,1,,,,,,,,,0,,,67,40,
13680,note_on,0,0,1,,,,,,,,,0,,,67,0,
13680,note_on,180,0,1,,,,,,,,,0,,,74,0,
13740,note_on,0,0,1,,,,,,,,,0,,,66,40,
13740,note_on,60,0,2,,,,,,,,,1,,,55,0,
13740,note_on,0,0,2,,,,,,,,,1,,,43,0,
13740,note_on,0,0,2,,,,,,,,,1,,,45,40,
13740,note_on,60,0,1,,,,,,,,,0,,,67,0,
13800,note_on,60,0,1,,,,,,,,,0,,,66,0,
13800,note_on,0,0,1,,,,,,,,,0,,,65,40,
13800,note_on,60,0,2,,,,,,,,,1,,,45,0,
13800,note_on,0,0,2,,,,,,,,,1,,,47,40,
13860,note_on,0,0,1,,,,,,,,,0,,,63,40,
13860,note_on,60,0,1,,,,,,,,,0,,,65,0,
13860,note_on,0,0,2,,,,,,,,,1,,,55,40,
13860,note_on,0,0,2,,,,,,,,,1,,,48,40,
13860,note_on,60,0,2,,,,,,,,,1,,,47,0,
13920,note_on,0,0,2,,,,,,,,,1,,,50,40,
13920,note_on,60,0,1,,,,,,,,,0,,,63,0,
13920,note_on,0,0,2,,,,,,,,,1,,,48,0,
13920,note_on,60,0,2,,,,,,,,,1,,,55,0,
13920,note_on,0,0,1,,,,,,,,,0,,,62,40,
13980,note_on,0,0,2,,,,,,,,,1,,,51,40,
13980,note_on,60,0,2,,,,,,,,,1,,,50,0,
13980,note_on,0,0,1,,,,,,,,,0,,,60,40,
13980,note_on,60,0,1,,,,,,,,,0,,,62,0,
14020,note_on,40,0,1,,,,,,,,,0,,,60,35,
14027,note_on,7,0,1,,,,,,,,,0,,,62,35,
14028,note_on,1,0,1,,,,,,,,,0,,,60,0,
14035,note_on,7,0,1,,,,,,,,,0,,,62,0,
14040,note_on,0,0,2,,,,,,,,,1,,,44,40,
14040,note_on,0,0,2,,,,,,,,,1,,,54,40,
14040,note_on,5,0,1,,,,,,,,,0,,,60,0,
14040,note_on,0,0,1,,,,,,,,,0,,,60,40,
14040,note_on,60,0,2,,,,,,,,,1,,,51,0,
14100,note_on,60,0,1,,,,,,,,,0,,,60,0,
14100,note_on,0,0,1,,,,,,,,,0,,,59,40,
14160,note_on,60,0,1,,,,,,,,,0,,,59,0,
14160,note_on,0,0,1,,,,,,,,,0,,,60,40,
14220,note_on,180,0,2,,,,,,,,,1,,,54,0,
14220,note_on,0,0,1,,,,,,,,,0,,,62,55,
14220,note_on,60,0,1,,,,,,,,,0,,,60,0,
14220,note_on,0,0,2,,,,,,,,,1,,,44,0,
14220,note_on,0,0,2,,,,,,,,,1,,,43,55,
14250,note_on,30,0,1,,,,,,,,,0,,,62,0,
14250,note_on,0,0,1,,,,,,,,,0,,,59,55,
14280,note_on,0,0,1,,,,,,,,,0,,,60,55,
14280,note_on,30,0,1,,,,,,,,,0,,,59,0,
14310,note_on,30,0,1,,,,,,,,,0,,,60,0,
14310,note_on,0,0,1,,,,,,,,,0,,,62,55,
14340,note_on,30,0,1,,,,,,,,,0,,,62,0,
14340,note_on,0,0,1,,,,,,,,,0,,,64,55,
14370,note_on,30,0,1,,,,,,,,,0,,,64,0,
14370,note_on,0,0,1,,,,,,,,,0,,,66,55,
14400,note_on,30,0,1,,,,,,,,,0,,,66,0,
14400,note_on,180,0,2,,,,,,,,,1,,,43,0,
14400,note_on,0,0,1,,,,,,,,,0,,,67,35,
14430,note_on,30,0,1,,,,,,,,,0,,,67,0,
14430,note_on,0,0,1,,,,,,,,,0,,,69,35,
14460,note_on,30,0,1,,,,,,,,,0,,,69,0,
14460,note_on,0,0,1,,,,,,,,,0,,,71,35,
14490,note_on,0,0,1,,,,,,,,,0,,,72,35,
14490,note_on,30,0,1,,,,,,,,,0,,,71,0,
14520,note_on,30,0,1,,,,,,,,,0,,,72,0,
14520,note_on,0,0,1,,,,,,,,,0,,,74,35,
14535,note_on,15,0,1,,,,,,,,,0,,,74,0,
14535,note_on,0,0,1,,,,,,,,,0,,,76,35,
14550,note_on,15,0,1,,,,,,,,,0,,,76,0,
14550,note_on,0,0,1,,,,,,,,,0,,,77,35,
14565,note_on,15,0,1,,,,,,,,,0,,,77,0,
14565,note_on,0,0,1,,,,,,,,,0,,,78,35,
14580,note_on,0,0,1,,,,,,,,,0,,,79,61,
14580,note_on,180,0,2,,,,,,,,,1,,,60,55,
14580,note_on,15,0,1,,,,,,,,,0,,,78,0,
14610,note_on,30,0,2,,,,,,,,,1,,,60,0,
14610,note_on,0,0,2,,,,,,,,,1,,,64,56,
14640,note_on,60,0,1,,,,,,,,,0,,,79,0,
14640,note_on,0,0,1,,,,,,,,,0,,,79,61,
14640,note_on,30,0,2,,,,,,,,,1,,,64,0,
14640,note_on,0,0,2,,,,,,,,,1,,,67,57,
14670,note_on,30,0,2,,,,,,,,,1,,,67,0,
14670,note_on,0,0,2,,,,,,,,,1,,,64,58,
14700,note_on,0,0,2,,,,,,,,,1,,,67,58,
14700,note_on,30,0,2,,,,,,,,,1,,,64,0,
14700,note_on,60,0,1,,,,,,,,,0,,,79,0,
14700,note_on,0,0,1,,,,,,,,,0,,,79,61,
14730,note_on,0,0,2,,,,,,,,,1,,,64,58,
14730,note_on,30,0,2,,,,,,,,,1,,,67,0,
14760,note_on,60,0,1,,,,,,,,,0,,,79,0,
14760,note_on,0,0,2,,,,,,,,,1,,,60,58,
14760,note_on,30,0,2,,,,,,,,,1,,,64,0,
14760,note_on,0,0,1,,,,,,,,,0,,,76,60,
14790,note_on,0,0,2,,,,,,,,,1,,,64,59,
14790,note_on,30,0,2,,,,,,,,,1,,,60,0,
14820,note_on,30,0,2,,,,,,,,,1,,,64,0,
14820,note_on,0,0,2,,,,,,,,,1,,,67,59,
14850,note_on,30,0,2,,,,,,,,,1,,,67,0,
14850,note_on,0,0,2,,,,,,,,,1,,,64,59,
14880,note_on,0,0,1,,,,,,,,,0,,,72,53,
14880,note_on,30,0,2,,,,,,,,,1,,,64,0,
14880,note_on,0,0,2,,,,,,,,,1,,,67,59,
14880,note_on,120,0,1,,,,,,,,,0,,,76,0,
14910,note_on,30,0,2,,,,,,,,,1,,,67,0,
14910,note_on,0,0,2,,,,,,,,,1,,,64,59,
14940,note_on,60,0,1,,,,,,,,,0,,,72,0,
14940,note_on,0,0,1,,,,,,,,,0,,,79,60,
14940,note_on,30,0,2,,,,,,,,,1,,,64,0,
14940,note_on,0,0,2,,,,,,,,,1,,,59,59,
14970,note_on,0,0,2,,,,,,,,,1,,,62,59,
14970,note_on,30,0,2,,,,,,,,,1,,,59,0,
15000,note_on,30,0,2,,,,,,,,,1,,,62,0,
15000,note_on,0,0,2,,,,,,,,,1,,,67,59,
15000,note_on,0,0,1,,,,,,,,,0,,,79,62,
15000,note_on,60,0,1,,,,,,,,,0,,,79,0,
15030,note_on,30,0,2,,,,,,,,,1,,,67,0,
15030,note_on,0,0,2,,,,,,,,,1,,,62,59,
15060,note_on,0,0,1,,,,,,,,,0,,,79,63,
15060,note_on,30,0,2,,,,,,,,,1,,,62,0,
15060,note_on,0,0,2,,,,,,,,,1,,,67,59,
15060,note_on,60,0,1,,,,,,,,,0,,,79,0,
15090,note_on,0,0,2,,,,,,,,,1,,,62,58,
15090,note_on,30,0,2,,,,,,,,,1,,,67,0,
15120,note_on,60,0,1,,,,,,,,,0,,,79,0,
15120,note_on,30,0,2,,,,,,,,,1,,,62,0,
15120,note_on,0,0,2,,,,,,,,,1,,,59,58,
15120,note_on,0,0,1,,,,,,,,,0,,,77,63,
15150,note_on,30,0,2,,,,,,,,,1,,,59,0,
15150,note_on,0,0,2,,,,,,,,,1,,,62,58,
15180,note_on,30,0,2,,,,,,,,,1,,,62,0,
15180,note_on,0,0,2,,,,,,,,,1,,,67,57,
15210,note_on,0,0,2,,,,,,,,,1,,,62,57,
15210,note_on,30,0,2,,,,,,,,,1,,,67,0,
15240,note_on,30,0,2,,,,,,,,,1,,,62,0,
15240,note_on,0,0,2,,,,,,,,,1,,,67,56,
15240,note_on,120,0,1,,,,,,,,,0,,,77,0,
15240,note_on,0,0,1,,,,,,,,,0,,,74,49,
15270,note_on,30,0,2,,,,,,,,,1,,,67,0,
15270,note_on,0,0,2,,,,,,,,,1,,,62,53,
15300,note_on,60,0,1,,,,,,,,,0,,,74,0,
15300,note_on,0,0,1,,,,,,,,,0,,,76,49,
15300,note_on,0,0,2,,,,,,,,,1,,,60,52,
15300,note_on,30,0,2,,,,,,,,,1,,,62,0,
15330,note_on,30,0,1,,,,,,,,,0,,,76,0,
15330,note_on,0,0,1,,,,,,,,,0,,,72,49,
15360,note_on,0,0,1,,,,,,,,,0,,,77,49,
15360,note_on,30,0,1,,,,,,,,,0,,,72,0,
15390,note_on,0,0,1,,,,,,,,,0,,,74,49,
15390,note_on,30,0,1,,,,,,,,,0,,,77,0,
15420,note_on,0,0,1,,,,,,,,,0,,,79,49,
15420,note_on,30,0,1,,,,,,,,,0,,,74,0,
15450,note_on,0,0,1,,,,,,,,,0,,,76,49,
15450,note_on,30,0,1,,,,,,,,,0,,,79,0,
15480,note_on,180,0,2,,,,,,,,,1,,,60,0,
15480,note_on,30,0,1,,,,,,,,,0,,,76,0,
15480,note_on,0,0,2,,,,,,,,,1,,,53,48,
15480,note_on,0,0,1,,,,,,,,,0,,,81,49,
15510,note_on,30,0,1,,,,,,,,,0,,,81,0,
15510,note_on,0,0,1,,,,,,,,,0,,,79,49,
15540,note_on,0,0,1,,,,,,,,,0,,,77,49,
15540,note_on,30,0,1,,,,,,,,,0,,,79,0,
15570,note_on,0,0,1,,,,,,,,,0,,,76,49,
15570,note_on,30,0,1,,,,,,,,,0,,,77,0,
15600,note_on,30,0,1,,,,,,,,,0,,,76,0,
15600,note_on,0,0,1,,,,,,,,,0,,,74,49,
15600,note_on,120,0,2,,,,,,,,,1,,,53,0,
15600,note_on,0,0,2,,,,,,,,,1,,,54,48,
15630,note_on,0,0,1,,,,,,,,,0,,,72,49,
15630,note_on,30,0,1,,,,,,,,,0,,,74,0,
15660,note_on,60,0,2,,,,,,,,,1,,,54,0,
15660,note_on,0,0,2,,,,,,,,,1,,,55,48,
15660,note_on,0,0,1,,,,,,,,,0,,,71,49,
15660,note_on,30,0,1,,,,,,,,,0,,,72,0,
15690,note_on,30,0,1,,,,,,,,,0,,,71,0,
15690,note_on,0,0,1,,,,,,,,,0,,,72,49,
15720,note_on,30,0,1,,,,,,,,,0,,,72,0,
15720,note_on,0,0,1,,,,,,,,,0,,,74,49,
15750,note_on,30,0,1,,,,,,,,,0,,,74,0,
15750,note_on,0,0,1,,,,,,,,,0,,,72,49,
15780,note_on,30,0,1,,,,,,,,,0,,,72,0,
15780,note_on,0,0,1,,,,,,,,,0,,,71,49,
15810,note_on,30,0,1,,,,,,,,,0,,,71,0,
15810,note_on,0,0,1,,,,,,,,,0,,,69,49,
15840,note_on,0,0,1,,,,,,,,,0,,,67,49,
15840,note_on,180,0,2,,,,,,,,,1,,,55,0,
15840,note_on,30,0,1,,,,,,,,,0,,,69,0,
15870,note_on,30,0,1,,,,,,,,,0,,,67,0,
15870,note_on,0,0,1,,,,,,,,,0,,,66,49,
15900,note_on,30,0,1,,,,,,,,,0,,,66,0,
15900,note_on,0,0,1,,,,,,,,,0,,,67,49,
15930,note_on,30,0,1,,,,,,,,,0,,,67,0,
15930,note_on,0,0,1,,,,,,,,,0,,,65,49,
15960,note_on,30,0,1,,,,,,,,,0,,,65,0,
15960,note_on,0,0,1,,,,,,,,,0,,,64,49,
15990,note_on,30,0,1,,,,,,,,,0,,,64,0,
15990,note_on,0,0,1,,,,,,,,,0,,,62,49,
16020,note_on,30,0,1,,,,,,,,,0,,,62,0,
16020,note_on,0,0,1,,,,,,,,,0,,,79,72,
16020,note_on,180,0,2,,,,,,,,,1,,,60,66,
16050,note_on,30,0,2,,,,,,,,,1,,,60,0,
16050,note_on,0,0,2,,,,,,,,,1,,,64,68,
16080,note_on,0,0,1,,,,,,,,,0,,,79,73,
16080,note_on,30,0,2,,,,,,,,,1,,,64,0,
16080,note_on,0,0,2,,,,,,,,,1,,,67,69,
16080,note_on,60,0,1,,,,,,,,,0,,,79,0,
16110,note_on,30,0,2,,,,,,,,,1,,,67,0,
16110,note_on,0,0,2,,,,,,,,,1,,,64,70,
16140,note_on,30,0,2,,,,,,,,,1,,,64,0,
16140,note_on,0,0,1,,,,,,,,,0,,,79,74,
16140,note_on,60,0,1,,,,,,,,,0,,,79,0,
16140,note_on,0,0,2,,,,,,,,,1,,,67,71,
16170,note_on,30,0,2,,,,,,,,,1,,,67,0,
16170,note_on,0,0,2,,,,,,,,,1,,,64,71,
16200,note_on,0,0,2,,,,,,,,,1,,,60,72,
16200,note_on,60,0,1,,,,,,,,,0,,,79,0,
16200,note_on,0,0,1,,,,,,,,,0,,,76,74,
16200,note_on,30,0,2,,,,,,,,,1,,,64,0,
16230,note_on,30,0,2,,,,,,,,,1,,,60,0,
16230,note_on,0,0,2,,,,,,,,,1,,,64,73,
16260,note_on,0,0,2,,,,,,,,,1,,,67,73,
16260,note_on,30,0,2,,,,,,,,,1,,,64,0,
16290,note_on,30,0,2,,,,,,,,,1,,,67,0,
16290,note_on,0,0,2,,,,,,,,,1,,,64,73,
16320,note_on,120,0,1,,,,,,,,,0,,,76,0,
16320,note_on,0,0,1,,,,,,,,,0,,,72,74,
16320,note_on,30,0,2,,,,,,,,,1,,,64,0,
16320,note_on,0,0,2,,,,,,,,,1,,,67,73,
16350,note_on,30,0,2,,,,,,,,,1,,,67,0,
16350,note_on,0,0,2,,,,,,,,,1,,,64,74,
16380,note_on,0,0,2,,,,,,,,,1,,,59,74,
16380,note_on,30,0,2,,,,,,,,,1,,,64,0,
16380,note_on,60,0,1,,,,,,,,,0,,,72,0,
16380,note_on,0,0,1,,,,,,,,,0,,,79,74,
16410,note_on,0,0,2,,,,,,,,,1,,,62,74,
16410,note_on,30,0,2,,,,,,,,,1,,,59,0,
16440,note_on,60,0,1,,,,,,,,,0,,,79,0,
16440,note_on,0,0,1,,,,,,,,,0,,,79,74,
16440,note_on,30,0,2,,,,,,,,,1,,,62,0,
16440,note_on,0,0,2,,,,,,,,,1,,,67,74,
16470,note_on,30,0,2,,,,,,,,,1,,,67,0,
16470,note_on,0,0,2,,,,,,,,,1,,,62,74,
16500,note_on,60,0,1,,,,,,,,,0,,,79,0,
16500,note_on,0,0,1,,,,,,,,,0,,,79,74,
16500,note_on,30,0,2,,,,,,,,,1,,,62,0,
16500,note_on,0,0,2,,,,,,,,,1,,,67,74,
16530,note_on,0,0,2,,,,,,,,,1,,,62,73,
16530,note_on,30,0,2,,,,,,,,,1,,,67,0,
16560,note_on,60,0,1,,,,,,,,,0,,,79,0,
16560,note_on,0,0,1,,,,,,,,,0,,,77,74,
16560,note_on,30,0,2,,,,,,,,,1,,,62,0,
16560,note_on,0,0,2,,,,,,,,,1,,,59,72,
16590,note_on,30,0,2,,,,,,,,,1,,,59,0,
16590,note_on,0,0,2,,,,,,,,,1,,,62,72,
16620,note_on,30,0,2,,,,,,,,,1,,,62,0,
16620,note_on,0,0,2,,,,,,,,,1,,,67,71,
16650,note_on,0,0,2,,,,,,,,,1,,,62,69,
16650,note_on,30,0,2,,,,,,,,,1,,,67,0,
16680,note_on,0,0,2,,,,,,,,,1,,,67,68,
16680,note_on,120,0,1,,,,,,,,,0,,,77,0,
16680,note_on,0,0,1,,,,,,,,,0,,,74,74,
16680,note_on,30,0,2,,,,,,,,,1,,,62,0,
16710,note_on,30,0,2,,,,,,,,,1,,,67,0,
16710,note_on,0,0,2,,,,,,,,,1,,,62,67,
16740,note_on,60,0,1,,,,,,,,,0,,,74,0,
16740,note_on,30,0,2,,,,,,,,,1,,,62,0,
16740,note_on,0,0,2,,,,,,,,,1,,,60,64,
16740,note_on,0,0,1,,,,,,,,,0,,,76,73,
16770,note_on,0,0,1,,,,,,,,,0,,,72,73,
16770,note_on,30,0,1,,,,,,,,,0,,,76,0,
16800,note_on,0,0,1,,,,,,,,,0,,,77,72,
16800,note_on,30,0,1,,,,,,,,,0,,,72,0,
16830,note_on,30,0,1,,,,,,,,,0,,,77,0,
16830,note_on,0,0,1,,,,,,,,,0,,,74,72,
16860,note_on,30,0,1,,,,,,,,,0,,,74,0,
16860,note_on,0,0,1,,,,,,,,,0,,,79,72,
16890,note_on,30,0,1,,,,,,,,,0,,,79,0,
16890,note_on,0,0,1,,,,,,,,,0,,,76,72,
16920,note_on,180,0,2,,,,,,,,,1,,,60,0,
16920,note_on,0,0,2,,,,,,,,,1,,,53,76,
16920,note_on,0,0,1,,,,,,,,,0,,,81,72,
16920,note_on,30,0,1,,,,,,,,,0,,,76,0,
16950,note_on,0,0,1,,,,,,,,,0,,,77,72,
16950,note_on,30,0,1,,,,,,,,,0,,,81,0,
16980,note_on,0,0,1,,,,,,,,,0,,,76,72,
16980,note_on,30,0,1,,,,,,,,,0,,,77,0,
17010,note_on,30,0,1,,,,,,,,,0,,,76,0,
17010,note_on,0,0,1,,,,,,,,,0,,,74,73,
17040,note_on,0,0,2,,,,,,,,,1,,,55,76,
17040,note_on,120,0,2,,,,,,,,,1,,,53,0,
17040,note_on,30,0,1,,,,,,,,,0,,,74,0,
17040,note_on,0,0,1,,,,,,,,,0,,,72,74,
17070,note_on,0,0,1,,,,,,,,,0,,,71,75,
17070,note_on,30,0,1,,,,,,,,,0,,,72,0,
17098,set_tempo,7018,1,0,,,,,,1132075,,,,,,,,
17100,key_signature,2,1,0,,,,,Eb,,,,,,,,,
17100,note_on,30,0,1,,,,,,,,,0,,,71,0,
17100,note_on,0,0,1,,,,,,,,,0,,,72,75,
17100,note_on,60,0,2,,,,,,,,,1,,,55,0,
17100,note_on,0,0,2,,,,,,,,,1,,,60,75,
17106,set_tempo,6,1,0,,,,,,560748,,,,,,,,
17130,note_on,30,0,2,,,,,,,,,1,,,60,0,
17130,note_on,0,0,2,,,,,,,,,1,,,63,75,
17160,note_on,60,0,1,,,,,,,,,0,,,72,0,
17160,note_on,0,0,2,,,,,,,,,1,,,67,75,
17160,note_on,30,0,2,,,,,,,,,1,,,63,0,
17190,note_on,0,0,2,,,,,,,,,1,,,65,75,
17190,note_on,30,0,2,,,,,,,,,1,,,67,0,
17220,note_on,30,0,2,,,,,,,,,1,,,65,0,
17220,note_on,0,0,2,,,,,,,,,1,,,63,75,
17250,note_on,30,0,2,,,,,,,,,1,,,63,0,
17250,note_on,0,0,2,,,,,,,,,1,,,62,75,
17280,note_on,0,0,2,,,,,,,,,1,,,60,76,
17280,note_on,30,0,2,,,,,,,,,1,,,62,0,
17310,note_on,150,0,1,,,,,,,,,0,,,72,74,
17340,note_on,30,0,1,,,,,,,,,0,,,72,0,
17340,note_on,0,0,1,,,,,,,,,0,,,75,75,
17370,note_on,30,0,1,,,,,,,,,0,,,75,0,
17370,note_on,0,0,1,,,,,,,,,0,,,72,77,
17400,note_on,30,0,1,,,,,,,,,0,,,72,0,
17400,note_on,0,0,1,,,,,,,,,0,,,79,78,
17430,note_on,30,0,1,,,,,,,,,0,,,79,0,
17430,note_on,0,0,1,,,,,,,,,0,,,75,79,
17460,note_on,0,0,1,,,,,,,,,0,,,84,79,
17460,note_on,30,0,1,,,,,,,,,0,,,75,0,
17490,note_on,30,0,1,,,,,,,,,0,,,84,0,
17490,note_on,0,0,1,,,,,,,,,0,,,82,80,
17520,note_on,30,0,1,,,,,,,,,0,,,82,0,
17520,note_on,0,0,1,,,,,,,,,0,,,80,80,
17550,note_on,0,0,1,,,,,,,,,0,,,79,80,
17550,note_on,30,0,1,,,,,,,,,0,,,80,0,
17580,note_on,0,0,1,,,,,,,,,0,,,77,80,
17580,note_on,30,0,1,,,,,,,,,0,,,79,0,
17610,note_on,0,0,1,,,,,,,,,0,,,75,80,
17610,note_on,30,0,1,,,,,,,,,0,,,77,0,
17640,note_on,0,0,2,,,,,,,,,1,,,59,76,
17640,note_on,360,0,2,,,,,,,,,1,,,60,0,
17640,note_on,30,0,1,,,,,,,,,0,,,75,0,
17670,note_on,30,0,1,,,,,,,,,0,,,74,80,
17700,note_on,30,0,1,,,,,,,,,0,,,74,0,
17700,note_on,0,0,1,,,,,,,,,0,,,79,80,
17730,note_on,0,0,1,,,,,,,,,0,,,74,80,
17730,note_on,30,0,1,,,,,,,,,0,,,79,0,
17760,note_on,30,0,1,,,,,,,,,0,,,74,0,
17760,note_on,0,0,1,,,,,,,,,0,,,83,80,
17790,note_on,30,0,1,,,,,,,,,0,,,83,0,
17790,note_on,0,0,1,,,,,,,,,0,,,79,80,
17820,note_on,0,0,1,,,,,,,,,0,,,86,79,
17820,note_on,30,0,1,,,,,,,,,0,,,79,0,
17850,note_on,0,0,1,,,,,,,,,0,,,84,79,
17850,note_on,30,0,1,,,,,,,,,0,,,86,0,
17880,note_on,30,0,1,,,,,,,,,0,,,84,0,
17880,note_on,0,0,1,,,,,,,,,0,,,83,79,
17910,note_on,30,0,1,,,,,,,,,0,,,83,0,
17910,note_on,0,0,1,,,,,,,,,0,,,80,78,
17940,note_on,30,0,1,,,,,,,,,0,,,80,0,
17940,note_on,0,0,1,,,,,,,,,0,,,79,76,
17970,note_on,30,0,1,,,,,,,,,0,,,79,0,
17970,note_on,0,0,1,,,,,,,,,0,,,77,75,
18000,note_on,0,0,2,,,,,,,,,1,,,60,46,
18000,note_on,30,0,1,,,,,,,,,0,,,77,0,
18000,note_on,0,0,1,,,,,,,,,0,,,75,44,
18000,note_on,360,0,2,,,,,,,,,1,,,59,0,
18030,note_on,30,0,1,,,,,,,,,0,,,75,0,
18030,note_on,0,0,1,,,,,,,,,0,,,77,44,
18060,note_on,30,0,1,,,,,,,,,0,,,77,0,
18060,note_on,0,0,1,,,,,,,,,0,,,79,44,
18090,note_on,0,0,1,,,,,,,,,0,,,75,44,
18090,note_on,30,0,1,,,,,,,,,0,,,79,0,
18120,note_on,30,0,1,,,,,,,,,0,,,75,0,
18120,note_on,0,0,1,,,,,,,,,0,,,74,44,
18150,note_on,30,0,1,,,,,,,,,0,,,74,0,
18150,note_on,0,0,1,,,,,,,,,0,,,72,44,
18180,note_on,30,0,1,,,,,,,,,0,,,72,0,
18180,note_on,180,0,2,,,,,,,,,1,,,60,0,
18180,note_on,0,0,1,,,,,,,,,0,,,71,44,
18180,note_on,0,0,2,,,,,,,,,1,,,55,46,
18210,note_on,30,0,1,,,,,,,,,0,,,71,0,
18210,note_on,0,0,1,,,,,,,,,0,,,72,44,
18240,note_on,30,0,1,,,,,,,,,0,,,72,0,
18240,note_on,0,0,1,,,,,,,,,0,,,74,44,
18270,note_on,30,0,1,,,,,,,,,0,,,74,0,
18270,note_on,0,0,1,,,,,,,,,0,,,71,44,
18300,note_on,30,0,1,,,,,,,,,0,,,71,0,
18300,note_on,0,0,1,,,,,,,,,0,,,69,44,
18330,note_on,30,0,1,,,,,,,,,0,,,69,0,
18330,note_on,0,0,1,,,,,,,,,0,,,67,44,
18360,note_on,180,0,2,,,,,,,,,1,,,55,0,
18360,note_on,0,0,2,,,,,,,,,1,,,60,76,
18360,note_on,30,0,1,,,,,,,,,0,,,67,0,
18390,note_on,30,0,1,,,,,,,,,0,,,72,74,
18420,note_on,0,0,1,,,,,,,,,0,,,75,75,
18420,note_on,30,0,1,,,,,,,,,0,,,72,0,
18450,note_on,30,0,1,,,,,,,,,0,,,75,0,
18450,note_on,0,0,1,,,,,,,,,0,,,72,77,
18480,note_on,30,0,1,,,,,,,,,0,,,72,0,
18480,note_on,0,0,1,,,,,,,,,0,,,79,78,
18510,note_on,30,0,1,,,,,,,,,0,,,79,0,
18510,note_on,0,0,1,,,,,,,,,0,,,75,79,
18540,note_on,30,0,1,,,,,,,,,0,,,75,0,
18540,note_on,0,0,1,,,,,,,,,0,,,84,79,
18570,note_on,30,0,1,,,,,,,,,0,,,84,0,
18570,note_on,0,0,1,,,,,,,,,0,,,82,80,
18600,note_on,30,0,1,,,,,,,,,0,,,82,0,
18600,note_on,0,0,1,,,,,,,,,0,,,80,80,
18630,note_on,30,0,1,,,,,,,,,0,,,80,0,
18630,note_on,0,0,1,,,,,,,,,0,,,79,80,
18660,note_on,0,0,1,,,,,,,,,0,,,77,80,
18660,note_on,30,0,1,,,,,,,,,0,,,79,0,
18690,note_on,30,0,1,,,,,,,,,0,,,77,0,
18690,note_on,0,0,1,,,,,,,,,0,,,75,80,
18720,note_on,360,0,2,,,,,,,,,1,,,60,0,
18720,note_on,30,0,1,,,,,,,,,0,,,75,0,
18720,note_on,0,0,2,,,,,,,,,1,,,59,76,
18750,note_on,30,0,1,,,,,,,,,0,,,74,80,
18780,note_on,30,0,1,,,,,,,,,0,,,74,0,
18780,note_on,0,0,1,,,,,,,,,0,,,79,80,
18810,note_on,0,0,1,,,,,,,,,0,,,74,80,
18810,note_on,30,0,1,,,,,,,,,0,,,79,0,
18840,note_on,0,0,1,,,,,,,,,0,,,83,80,
18840,note_on,30,0,1,,,,,,,,,0,,,74,0,
18870,note_on,30,0,1,,,,,,,,,0,,,83,0,
18870,note_on,0,0,1,,,,,,,,,0,,,79,80,
18900,note_on,0,0,1,,,,,,,,,0,,,86,80,
18900,note_on,30,0,1,,,,,,,,,0,,,79,0,
18930,note_on,0,0,1,,,,,,,,,0,,,84,80,
18930,note_on,30,0,1,,,,,,,,,0,,,86,0,
18960,note_on,0,0,1,,,,,,,,,0,,,83,78,
18960,note_on,30,0,1,,,,,,,,,0,,,84,0,
18990,note_on,0,0,1,,,,,,,,,0,,,80,78,
18990,note_on,30,0,1,,,,,,,,,0,,,83,0,
19020,note_on,30,0,1,,,,,,,,,0,,,80,0,
19020,note_on,0,0,1,,,,,,,,,0,,,79,77,
19050,note_on,30,0,1,,,,,,,,,0,,,79,0,
19050,note_on,0,0,1,,,,,,,,,0,,,77,77,
19080,note_on,360,0,2,,,,,,,,,1,,,59,0,
19080,note_on,30,0,1,,,,,,,,,0,,,77,0,
19080,note_on,0,0,1,,,,,,,,,0,,,75,76,
19080,note_on,0,0,2,,,,,,,,,1,,,60,80,
19110,note_on,30,0,1,,,,,,,,,0,,,75,0,
19110,note_on,0,0,1,,,,,,,,,0,,,77,75,
19140,note_on,0,0,1,,,,,,,,,0,,,79,74,
19140,note_on,30,0,1,,,,,,,,,0,,,77,0,
19170,note_on,30,0,1,,,,,,,,,0,,,79,0,
19170,note_on,0,0,1,,,,,,,,,0,,,75,73,
19200,note_on,120,0,2,,,,,,,,,1,,,60,0,
19200,note_on,0,0,2,,,,,,,,,1,,,51,80,
19200,note_on,0,0,1,,,,,,,,,0,,,74,72,
19200,note_on,30,0,1,,,,,,,,,0,,,75,0,
19230,note_on,30,0,1,,,,,,,,,0,,,74,0,
19230,note_on,0,0,1,,,,,,,,,0,,,72,72,
19260,note_on,0,0,2,,,,,,,,,1,,,53,80,
19260,note_on,60,0,2,,,,,,,,,1,,,51,0,
19260,note_on,0,0,1,,,,,,,,,0,,,74,72,
19260,note_on,30,0,1,,,,,,,,,0,,,72,0,
19290,note_on,0,0,1,,,,,,,,,0,,,75,72,
19290,note_on,30,0,1,,,,,,,,,0,,,74,0,
19320,note_on,0,0,1,,,,,,,,,0,,,77,72,
19320,note_on,30,0,1,,,,,,,,,0,,,75,0,
19350,note_on,30,0,1,,,,,,,,,0,,,77,0,
19350,note_on,0,0,1,,,,,,,,,0,,,74,72,
19380,note_on,0,0,2,,,,,,,,,1,,,55,80,
19380,note_on,120,0,2,,,,,,,,,1,,,53,0,
19380,note_on,30,0,1,,,,,,,,,0,,,74,0,
19380,note_on,0,0,1,,,,,,,,,0,,,72,72,
19410,note_on,0,0,1,,,,,,,,,0,,,71,72,
19410,note_on,30,0,1,,,,,,,,,0,,,72,0,
19440,note_on,0,0,2,,,,,,,,,1,,,48,80,
19440,note_on,30,0,1,,,,,,,,,0,,,71,0,
19440,note_on,60,0,2,,,,,,,,,1,,,55,0,
19500,note_on,0,0,2,,,,,,,,,1,,,51,80,
19500,note_on,60,0,2,,,,,,,,,1,,,48,0,
19560,note_on,0,0,2,,,,,,,,,1,,,55,80,
19560,note_on,60,0,2,,,,,,,,,1,,,51,0,
19620,note_on,60,0,2,,,,,,,,,1,,,55,0,
19620,note_on,0,0,2,,,,,,,,,1,,,60,80,
19680,note_on,240,0,1,,,,,,,,,0,,,60,80,
19680,note_on,60,0,2,,,,,,,,,1,,,60,0,
19740,note_on,60,0,1,,,,,,,,,0,,,60,0,
19740,note_on,0,0,1,,,,,,,,,0,,,62,80,
19800,note_on,60,0,1,,,,,,,,,0,,,62,0,
19800,note_on,0,0,1,,,,,,,,,0,,,63,40,
19800,note_on,120,0,2,,,,,,,,,1,,,51,40,
19830,note_on,30,0,2,,,,,,,,,1,,,51,0,
19830,note_on,0,0,2,,,,,,,,,1,,,55,40,
19860,note_on,0,0,2,,,,,,,,,1,,,58,40,
19860,note_on,30,0,2,,,,,,,,,1,,,55,0,
19890,note_on,0,0,2,,,,,,,,,1,,,55,40,
19890,note_on,30,0,2,,,,,,,,,1,,,58,0,
19920,note_on,30,0,2,,,,,,,,,1,,,55,0,
19920,note_on,0,0,2,,,,,,,,,1,,,58,40,
19950,note_on,30,0,2,,,,,,,,,1,,,58,0,
19950,note_on,0,0,2,,,,,,,,,1,,,55,40,
19980,note_on,30,0,2,,,,,,,,,1,,,55,0,
19980,note_on,0,0,2,,,,,,,,,1,,,51,40,
19980,note_on,180,0,1,,,,,,,,,0,,,63,0,
19980,note_on,0,0,1,,,,,,,,,0,,,70,40,
20010,note_on,30,0,2,,,,,,,,,1,,,51,0,
20010,note_on,0,0,2,,,,,,,,,1,,,55,40,
20040,note_on,60,0,1,,,,,,,,,0,,,70,0,
20040,note_on,0,0,1,,,,,,,,,0,,,67,40,
20040,note_on,30,0,2,,,,,,,,,1,,,55,0,
20040,note_on,0,0,2,,,,,,,,,1,,,58,40,
20070,note_on,30,0,2,,,,,,,,,1,,,58,0,
20070,note_on,0,0,2,,,,,,,,,1,,,55,40,
20100,note_on,60,0,1,,,,,,,,,0,,,67,0,
20100,note_on,0,0,2,,,,,,,,,1,,,58,40,
20100,note_on,0,0,1,,,,,,,,,0,,,63,40,
20100,note_on,30,0,2,,,,,,,,,1,,,55,0,
20130,note_on,30,0,2,,,,,,,,,1,,,58,0,
20130,note_on,0,0,2,,,,,,,,,1,,,55,40,
20160,note_on,60,0,1,,,,,,,,,0,,,63,0,
20160,note_on,0,0,1,,,,,,,,,0,,,62,40,
20160,note_on,30,0,2,,,,,,,,,1,,,55,0,
20160,note_on,0,0,2,,,,,,,,,1,,,53,40,
20190,note_on,30,0,2,,,,,,,,,1,,,53,0,
20190,note_on,0,0,2,,,,,,,,,1,,,56,40,
20220,note_on,0,0,2,,,,,,,,,1,,,58,40,
20220,note_on,30,0,2,,,,,,,,,1,,,56,0,
20250,note_on,30,0,2,,,,,,,,,1,,,58,0,
20250,note_on,0,0,2,,,,,,,,,1,,,56,40,
20280,note_on,30,0,2,,,,,,,,,1,,,56,0,
20280,note_on,0,0,2,,,,,,,,,1,,,58,40,
20310,note_on,0,0,2,,,,,,,,,1,,,56,40,
20310,note_on,30,0,2,,,,,,,,,1,,,58,0,
20340,note_on,0,0,2,,,,,,,,,1,,,53,40,
20340,note_on,30,0,2,,,,,,,,,1,,,56,0,
20340,note_on,180,0,1,,,,,,,,,0,,,62,0,
20370,note_on,30,0,2,,,,,,,,,1,,,53,0,
20370,note_on,0,0,2,,,,,,,,,1,,,56,40,
20400,note_on,0,0,2,,,,,,,,,1,,,58,40,
20400,note_on,60,0,1,,,,,,,,,0,,,62,40,
20400,note_on,30,0,2,,,,,,,,,1,,,56,0,
20430,note_on,30,0,2,,,,,,,,,1,,,58,0,
20430,note_on,0,0,2,,,,,,,,,1,,,56,40,
20460,note_on,30,0,2,,,,,,,,,1,,,56,0,
20460,note_on,0,0,2,,,,,,,,,1,,,58,40,
20460,note_on,0,0,1,,,,,,,,,0,,,63,40,
20460,note_on,60,0,1,,,,,,,,,0,,,62,0,
20490,note_on,0,0,2,,,,,,,,,1,,,56,40,
20490,note_on,30,0,2,,,,,,,,,1,,,58,0,
20520,note_on,0,0,1,,,,,,,,,0,,,65,40,
20520,note_on,30,0,2,,,,,,,,,1,,,56,0,
20520,note_on,0,0,2,,,,,,,,,1,,,50,40,
20520,note_on,60,0,1,,,,,,,,,0,,,63,0,
20550,note_on,30,0,2,,,,,,,,,1,,,50,0,
20550,note_on,0,0,2,,,,,,,,,1,,,53,40,
20580,note_on,30,0,2,,,,,,,,,1,,,53,0,
20580,note_on,0,0,2,,,,,,,,,1,,,58,40,
20610,note_on,30,0,2,,,,,,,,,1,,,58,0,
20610,note_on,0,0,2,,,,,,,,,1,,,53,40,
20640,note_on,0,0,2,,,,,,,,,1,,,58,40,
20640,note_on,30,0,2,,,,,,,,,1,,,53,0,
20670,note_on,0,0,2,,,,,,,,,1,,,53,40,
20670,note_on,30,0,2,,,,,,,,,1,,,58,0,
20700,note_on,180,0,1,,,,,,,,,0,,,65,0,
20700,note_on,0,0,1,,,,,,,,,0,,,70,40,
20700,note_on,30,0,2,,,,,,,,,1,,,53,0,
20700,note_on,0,0,2,,,,,,,,,1,,,50,40,
20730,note_on,0,0,2,,,,,,,,,1,,,53,40,
20730,note_on,30,0,2,,,,,,,,,1,,,50,0,
20760,note_on,30,0,2,,,,,,,,,1,,,53,0,
20760,note_on,0,0,2,,,,,,,,,1,,,58,40,
20760,note_on,0,0,1,,,,,,,,,0,,,69,40,
20760,note_on,60,0,1,,,,,,,,,0,,,70,0,
20790,note_on,30,0,2,,,,,,,,,1,,,58,0,
20790,note_on,0,0,2,,,,,,,,,1,,,53,40,
20820,note_on,0,0,1,,,,,,,,,0,,,68,40,
20820,note_on,60,0,1,,,,,,,,,0,,,69,0,
20820,note_on,0,0,2,,,,,,,,,1,,,58,40,
20820,note_on,30,0,2,,,,,,,,,1,,,53,0,
20850,note_on,30,0,2,,,,,,,,,1,,,58,0,
20850,note_on,0,0,2,,,,,,,,,1,,,53,40,
20880,note_on,30,0,2,,,,,,,,,1,,,53,0,
20880,note_on,60,0,1,,,,,,,,,0,,,68,0,
20880,note_on,0,0,1,,,,,,,,,0,,,67,110,
20940,note_on,0,0,1,,,,,,,,,0,,,63,110,
20940,note_on,60,0,1,,,,,,,,,0,,,67,0,
20970,note_on,0,0,1,,,,,,,,,0,,,65,110,
20970,note_on,30,0,1,,,,,,,,,0,,,63,0,
21000,note_on,30,0,1,,,,,,,,,0,,,65,0,
21000,note_on,0,0,1,,,,,,,,,0,,,67,110,
21030,note_on,0,0,1,,,,,,,,,0,,,68,110,
21030,note_on,30,0,1,,,,,,,,,0,,,67,0,
21060,note_on,30,0,1,,,,,,,,,0,,,68,0,
21060,note_on,0,0,1,,,,,,,,,0,,,70,110,
21120,note_on,60,0,1,,,,,,,,,0,,,70,0,
21120,note_on,0,0,1,,,,,,,,,0,,,67,110,
21150,note_on,30,0,1,,,,,,,,,0,,,67,0,
21150,note_on,0,0,1,,,,,,,,,0,,,68,110,
21180,note_on,30,0,1,,,,,,,,,0,,,68,0,
21180,note_on,0,0,1,,,,,,,,,0,,,70,110,
21210,note_on,0,0,1,,,,,,,,,0,,,72,110,
21210,note_on,30,0,1,,,,,,,,,0,,,70,0,
21240,note_on,0,0,2,,,,,,,,,1,,,55,110,
21240,note_on,30,0,1,,,,,,,,,0,,,72,0,
21240,note_on,360,0,2,,,,,,,,,1,,,51,110,
21240,note_on,0,0,1,,,,,,,,,0,,,73,110,
21270,note_on,30,0,1,,,,,,,,,0,,,73,0,
21270,note_on,0,0,1,,,,,,,,,0,,,72,110,
21300,note_on,30,0,1,,,,,,,,,0,,,72,0,
21300,note_on,0,0,1,,,,,,,,,0,,,70,110,
21330,note_on,30,0,1,,,,,,,,,0,,,70,0,
21330,note_on,0,0,1,,,,,,,,,0,,,72,110,
21360,note_on,0,0,1,,,,,,,,,0,,,70,110,
21360,note_on,30,0,1,,,,,,,,,0,,,72,0,
21390,note_on,30,0,1,,,,,,,,,0,,,70,0,
21390,note_on,0,0,1,,,,,,,,,0,,,68,110,
21420,note_on,30,0,1,,,,,,,,,0,,,68,0,
21420,note_on,0,0,1,,,,,,,,,0,,,67,110,
21450,note_on,30,0,1,,,,,,,,,0,,,67,0,
21450,note_on,0,0,1,,,,,,,,,0,,,68,110,
21480,note_on,30,0,1,,,,,,,,,0,,,68,0,
21480,note_on,0,0,1,,,,,,,,,0,,,67,110,
21510,note_on,0,0,1,,,,,,,,,0,,,65,110,
21510,note_on,30,0,1,,,,,,,,,0,,,67,0,
21540,note_on,30,0,1,,,,,,,,,0,,,65,0,
21540,note_on,0,0,1,,,,,,,,,0,,,63,110,
21570,note_on,30,0,1,,,,,,,,,0,,,63,0,
21570,note_on,0,0,1,,,,,,,,,0,,,61,110,
21600,note_on,360,0,2,,,,,,,,,1,,,55,0,
21600,note_on,0,0,1,,,,,,,,,0,,,60,110,
21600,note_on,0,0,2,,,,,,,,,1,,,44,110,
21600,note_on,0,0,2,,,,,,,,,1,,,56,110,
21600,note_on,0,0,2,,,,,,,,,1,,,51,0,
21600,note_on,30,0,1,,,,,,,,,0,,,61,0,
21780,note_on,0,0,1,,,,,,,,,0,,,68,52,
21780,note_on,180,0,1,,,,,,,,,0,,,60,0,
21780,note_on,180,0,2,,,,,,,,,1,,,56,0,
21780,note_on,0,0,2,,,,,,,,,1,,,44,0,
21840,note_on,60,0,1,,,,,,,,,0,,,68,0,
21840,note_on,0,0,1,,,,,,,,,0,,,65,52,
21900,note_on,0,0,1,,,,,,,,,0,,,63,52,
21900,note_on,60,0,1,,,,,,,,,0,,,65,0,
21960,note_on,0,0,1,,,,,,,,,0,,,62,52,
21960,note_on,60,0,1,,,,,,,,,0,,,63,0,
21960,note_on,0,0,2,,,,,,,,,1,,,53,53,
21960,note_on,180,0,2,,,,,,,,,1,,,46,53,
21960,note_on,0,0,2,,,,,,,,,1,,,56,53,
22080,note_on,120,0,1,,,,,,,,,0,,,62,0,
22080,note_on,0,0,1,,,,,,,,,0,,,62,53,
22080,note_on,0,0,2,,,,,,,,,1,,,56,53,
22080,note_on,120,0,2,,,,,,,,,1,,,56,0,
22080,note_on,0,0,2,,,,,,,,,1,,,53,0,
22080,note_on,0,0,2,,,,,,,,,1,,,46,0,
22080,note_on,0,0,2,,,,,,,,,1,,,46,53,
22080,note_on,0,0,2,,,,,,,,,1,,,53,53,
22120,note_on,40,0,1,,,,,,,,,0,,,62,56,
22127,note_on,7,0,1,,,,,,,,,0,,,62,0,
22129,note_on,2,0,1,,,,,,,,,0,,,63,56,
22136,note_on,7,0,1,,,,,,,,,0,,,63,0,
22140,note_on,0,0,1,,,,,,,,,0,,,62,54,
22140,note_on,4,0,1,,,,,,,,,0,,,62,0,
22140,note_on,60,0,2,,,,,,,,,1,,,56,0,
22140,note_on,0,0,2,,,,,,,,,1,,,46,53,
22140,note_on,0,0,2,,,,,,,,,1,,,53,0,
22140,note_on,0,0,2,,,,,,,,,1,,,46,0,
22140,note_on,0,0,2,,,,,,,,,1,,,53,53,
22140,note_on,0,0,2,,,,,,,,,1,,,56,53,
22200,note_on,0,0,1,,,,,,,,,0,,,60,54,
22200,note_on,60,0,1,,,,,,,,,0,,,62,0,
22260,note_on,60,0,1,,,,,,,,,0,,,60,0,
22260,note_on,0,0,1,,,,,,,,,0,,,62,54,
22320,note_on,0,0,2,,,,,,,,,1,,,46,0,
22320,note_on,0,0,2,,,,,,,,,1,,,53,0,
22320,note_on,180,0,2,,,,,,,,,1,,,56,0,
22320,note_on,0,0,2,,,,,,,,,1,,,55,53,
22320,note_on,0,0,2,,,,,,,,,1,,,51,53,
22320,note_on,60,0,1,,,,,,,,,0,,,62,0,
22320,note_on,0,0,1,,,,,,,,,0,,,63,54,
22500,note_on,180,0,2,,,,,,,,,1,,,55,0,
22500,note_on,0,0,2,,,,,,,,,1,,,51,0,
22500,note_on,0,0,1,,,,,,,,,0,,,67,86,
22500,note_on,180,0,1,,,,,,,,,0,,,63,0,
22560,note_on,0,0,1,,,,,,,,,0,,,63,86,
22560,note_on,60,0,1,,,,,,,,,0,,,67,0,
22620,note_on,60,0,1,,,,,,,,,0,,,63,0,
22620,note_on,0,0,1,,,,,,,,,0,,,60,86,
22680,note_on,60,0,1,,,,,,,,,0,,,60,0,
22680,note_on,0,0,1,,,,,,,,,0,,,59,87,
22680,note_on,0,0,2,,,,,,,,,1,,,53,89,
22680,note_on,180,0,2,,,,,,,,,1,,,43,89,
22680,note_on,0,0,2,,,,,,,,,1,,,50,89,
22800,note_on,120,0,1,,,,,,,,,0,,,59,0,
22800,note_on,0,0,1,,,,,,,,,0,,,59,87,
22800,note_on,120,0,2,,,,,,,,,1,,,53,0,
22800,note_on,0,0,2,,,,,,,,,1,,,53,89,
22800,note_on,0,0,2,,,,,,,,,1,,,50,89,
22800,note_on,0,0,2,,,,,,,,,1,,,43,89,
22800,note_on,0,0,2,,,,,,,,,1,,,50,0,
22800,note_on,0,0,2,,,,,,,,,1,,,43,0,
22840,note_on,40,0,1,,,,,,,,,0,,,59,96,
22847,note_on,7,0,1,,,,,,,,,0,,,59,0,
22849,note_on,2,0,1,,,,,,,,,0,,,60,96,
22856,note_on,7,0,1,,,,,,,,,0,,,60,0,
22860,note_on,0,0,1,,,,,,,,,0,,,59,87,
22860,note_on,4,0,1,,,,,,,,,0,,,59,0,
22860,note_on,60,0,2,,,,,,,,,1,,,53,0,
22860,note_on,0,0,2,,,,,,,,,1,,,50,0,
22860,note_on,0,0,2,,,,,,,,,1,,,43,0,
22860,note_on,0,0,2,,,,,,,,,1,,,43,92,
22860,note_on,0,0,2,,,,,,,,,1,,,50,92,
22860,note_on,0,0,2,,,,,,,,,1,,,53,92,
22920,note_on,0,0,1,,,,,,,,,0,,,57,87,
22920,note_on,60,0,1,,,,,,,,,0,,,59,0,
22980,note_on,60,0,1,,,,,,,,,0,,,57,0,
22980,note_on,0,0,1,,,,,,,,,0,,,59,88,
23040,note_on,0,0,2,,,,,,,,,1,,,51,97,
23040,note_on,60,0,1,,,,,,,,,0,,,59,0,
23040,note_on,0,0,1,,,,,,,,,0,,,60,88,
23040,note_on,0,0,2,,,,,,,,,1,,,43,0,
23040,note_on,0,0,2,,,,,,,,,1,,,50,0,
23040,note_on,180,0,2,,,,,,,,,1,,,53,0,
23040,note_on,0,0,2,,,,,,,,,1,,,48,97,
23220,note_on,0,0,2,,,,,,,,,1,,,48,0,
23220,note_on,0,0,2,,,,,,,,,1,,,44,46,
23220,note_on,180,0,2,,,,,,,,,1,,,51,0,
23220,note_on,0,0,1,,,,,,,,,0,,,65,46,
23220,note_on,0,0,1,,,,,,,,,0,,,65,46,
23220,note_on,180,0,1,,,,,,,,,0,,,60,0,
23280,note_on,0,0,1,,,,,,,,,0,,,65,0,
23280,note_on,60,0,1,,,,,,,,,0,,,65,0,
23280,note_on,0,0,1,,,,,,,,,0,,,62,46,
23340,note_on,60,0,1,,,,,,,,,0,,,62,0,
23340,note_on,0,0,1,,,,,,,,,0,,,60,46,
23400,note_on,0,0,1,,,,,,,,,0,,,67,96,
23400,note_on,180,0,2,,,,,,,,,1,,,44,0,
23400,note_on,0,0,2,,,,,,,,,1,,,43,96,
23400,note_on,0,0,1,,,,,,,,,0,,,59,96,
23400,note_on,60,0,1,,,,,,,,,0,,,60,0,
23580,note_on,180,0,2,,,,,,,,,1,,,43,0,
23580,note_on,0,0,2,,,,,,,,,1,,,44,46,
23580,note_on,0,0,1,,,,,,,,,0,,,65,46,
23580,note_on,0,0,1,,,,,,,,,0,,,65,46,
23580,note_on,0,0,1,,,,,,,,,0,,,67,0,
23580,note_on,180,0,1,,,,,,,,,0,,,59,0,
23640,note_on,0,0,1,,,,,,,,,0,,,62,46,
23640,note_on,0,0,1,,,,,,,,,0,,,65,0,
23640,note_on,60,0,1,,,,,,,,,0,,,65,0,
23700,note_on,60,0,1,,,,,,,,,0,,,62,0,
23700,note_on,0,0,1,,,,,,,,,0,,,60,46,
23760,note_on,0,0,2,,,,,,,,,1,,,55,46,
23760,note_on,60,0,1,,,,,,,,,0,,,60,0,
23760,note_on,0,0,1,,,,,,,,,0,,,67,49,
23760,note_on,180,0,2,,,,,,,,,1,,,44,0,
23880,note_on,0,0,2,,,,,,,,,1,,,60,56,
23880,note_on,120,0,2,,,,,,,,,1,,,55,0,
23880,note_on,0,0,2,,,,,,,,,1,,,63,56,
23940,note_on,180,0,1,,,,,,,,,0,,,67,0,
23940,note_on,0,0,1,,,,,,,,,0,,,68,38,
23940,note_on,60,0,2,,,,,,,,,1,,,60,0,
23940,note_on,0,0,2,,,,,,,,,1,,,63,0,
23940,note_on,0,0,2,,,,,,,,,1,,,63,56,
23940,note_on,0,0,2,,,,,,,,,1,,,60,56,
23955,note_on,0,0,1,,,,,,,,,0,,,67,38,
23955,note_on,15,0,1,,,,,,,,,0,,,68,0,
23970,note_on,0,0,1,,,,,,,,,0,,,68,38,
23970,note_on,15,0,1,,,,,,,,,0,,,67,0,
23985,note_on,15,0,1,,,,,,,,,0,,,68,0,
23985,note_on,0,0,1,,,,,,,,,0,,,67,38,
24000,note_on,0,0,2,,,,,,,,,1,,,63,0,
24000,note_on,0,0,2,,,,,,,,,1,,,62,56,
24000,note_on,0,0,2,,,,,,,,,1,,,59,56,
24000,note_on,15,0,1,,,,,,,,,0,,,67,0,
24000,note_on,0,0,1,,,,,,,,,0,,,68,38,
24000,note_on,60,0,2,,,,,,,,,1,,,60,0,
24015,note_on,15,0,1,,,,,,,,,0,,,68,0,
24015,note_on,0,0,1,,,,,,,,,0,,,67,38,
24030,note_on,15,0,1,,,,,,,,,0,,,67,0,
24030,note_on,0,0,1,,,,,,,,,0,,,68,37,
24045,note_on,0,0,1,,,,,,,,,0,,,67,37,
24045,note_on,15,0,1,,,,,,,,,0,,,68,0,
24060,note_on,15,0,1,,,,,,,,,0,,,67,0,
24060,note_on,0,0,1,,,,,,,,,0,,,68,37,
24060,note_on,0,0,2,,,,,,,,,1,,,57,56,
24060,note_on,0,0,2,,,,,,,,,1,,,60,56,
24060,note_on,0,0,2,,,,,,,,,1,,,62,0,
24060,note_on,60,0,2,,,,,,,,,1,,,59,0,
24075,note_on,15,0,1,,,,,,,,,0,,,68,0,
24075,note_on,0,0,1,,,,,,,,,0,,,67,37,
24090,note_on,0,0,1,,,,,,,,,0,,,68,37,
24090,note_on,15,0,1,,,,,,,,,0,,,67,0,
24105,note_on,15,0,1,,,,,,,,,0,,,68,0,
24105,note_on,0,0,1,,,,,,,,,0,,,67,37,
24120,note_on,60,0,2,,,,,,,,,1,,,57,0,
24120,note_on,0,0,2,,,,,,,,,1,,,60,0,
24120,note_on,0,0,1,,,,,,,,,0,,,68,37,
24120,note_on,15,0,1,,,,,,,,,0,,,67,0,
24135,note_on,0,0,1,,,,,,,,,0,,,67,37,
24135,note_on,15,0,1,,,,,,,,,0,,,68,0,
24150,note_on,15,0,1,,,,,,,,,0,,,67,0,
24150,note_on,0,0,1,,,,,,,,,0,,,68,36,
24165,note_on,0,0,1,,,,,,,,,0,,,67,36,
24165,note_on,15,0,1,,,,,,,,,0,,,68,0,
24180,note_on,15,0,1,,,,,,,,,0,,,67,0,
24180,note_on,0,0,1,,,,,,,,,0,,,68,36,
24195,note_on,0,0,1,,,,,,,,,0,,,67,36,
24195,note_on,15,0,1,,,,,,,,,0,,,68,0,
24210,note_on,0,0,1,,,,,,,,,0,,,68,35,
24210,note_on,15,0,1,,,,,,,,,0,,,67,0,
24225,note_on,15,0,1,,,,,,,,,0,,,68,0,
24225,note_on,0,0,1,,,,,,,,,0,,,67,35,
24240,note_on,15,0,1,,,,,,,,,0,,,67,0,
24240,note_on,0,0,2,,,,,,,,,1,,,60,61,
24240,note_on,0,0,1,,,,,,,,,0,,,68,35,
24240,note_on,120,0,2,,,,,,,,,1,,,63,61,
24255,note_on,0,0,1,,,,,,,,,0,,,67,35,
24255,note_on,15,0,1,,,,,,,,,0,,,68,0,
24270,note_on,0,0,1,,,,,,,,,0,,,68,35,
24270,note_on,15,0,1,,,,,,,,,0,,,67,0,
24285,note_on,0,0,1,,,,,,,,,0,,,67,35,
24285,note_on,15,0,1,,,,,,,,,0,,,68,0,
24300,note_on,0,0,2,,,,,,,,,1,,,60,61,
24300,note_on,0,0,2,,,,,,,,,1,,,63,61,
24300,note_on,0,0,2,,,,,,,,,1,,,63,0,
24300,note_on,60,0,2,,,,,,,,,1,,,60,0,
24300,note_on,0,0,1,,,,,,,,,0,,,68,34,
24300,note_on,15,0,1,,,,,,,,,0,,,67,0,
24315,note_on,0,0,1,,,,,,,,,0,,,67,34,
24315,note_on,15,0,1,,,,,,,,,0,,,68,0,
24330,note_on,0,0,1,,,,,,,,,0,,,68,34,
24330,note_on,15,0,1,,,,,,,,,0,,,67,0,
24345,note_on,0,0,1,,,,,,,,,0,,,67,34,
24345,note_on,15,0,1,,,,,,,,,0,,,68,0,
24360,note_on,15,0,1,,,,,,,,,0,,,67,0,
24360,note_on,0,0,2,,,,,,,,,1,,,59,61,
24360,note_on,0,0,2,,,,,,,,,1,,,62,61,
24360,note_on,60,0,2,,,,,,,,,1,,,60,0,
24360,note_on,0,0,2,,,,,,,,,1,,,63,0,
24360,note_on,0,0,1,,,,,,,,,0,,,68,34,
24375,note_on,0,0,1,,,,,,,,,0,,,67,34,
24375,note_on,15,0,1,,,,,,,,,0,,,68,0,
24390,note_on,15,0,1,,,,,,,,,0,,,67,0,
24390,note_on,0,0,1,,,,,,,,,0,,,68,34,
24405,note_on,0,0,1,,,,,,,,,0,,,67,34,
24405,note_on,15,0,1,,,,,,,,,0,,,68,0,
24420,note_on,0,0,2,,,,,,,,,1,,,60,62,
24420,note_on,0,0,2,,,,,,,,,1,,,57,62,
24420,note_on,0,0,2,,,,,,,,,1,,,62,0,
24420,note_on,60,0,2,,,,,,,,,1,,,59,0,
24420,note_on,15,0,1,,,,,,,,,0,,,67,0,
24420,note_on,0,0,1,,,,,,,,,0,,,68,34,
24435,note_on,15,0,1,,,,,,,,,0,,,68,0,
24435,note_on,0,0,1,,,,,,,,,0,,,67,34,
24450,note_on,15,0,1,,,,,,,,,0,,,67,0,
24450,note_on,0,0,1,,,,,,,,,0,,,68,34,
24465,note_on,0,0,1,,,,,,,,,0,,,67,34,
24465,note_on,15,0,1,,,,,,,,,0,,,68,0,
24480,note_on,15,0,1,,,,,,,,,0,,,67,0,
24480,note_on,0,0,1,,,,,,,,,0,,,68,34,
24480,note_on,0,0,2,,,,,,,,,1,,,59,62,
24480,note_on,0,0,2,,,,,,,,,1,,,55,62,
24480,note_on,0,0,2,,,,,,,,,1,,,60,0,
24480,note_on,60,0,2,,,,,,,,,1,,,57,0,
24495,note_on,15,0,1,,,,,,,,,0,,,68,0,
24495,note_on,0,0,1,,,,,,,,,0,,,67,34,
24510,note_on,15,0,1,,,,,,,,,0,,,67,0,
24510,note_on,0,0,1,,,,,,,,,0,,,68,34,
24525,note_on,15,0,1,,,,,,,,,0,,,68,0,
24525,note_on,0,0,1,,,,,,,,,0,,,67,34,
24540,note_on,15,0,1,,,,,,,,,0,,,67,0,
24540,note_on,0,0,1,,,,,,,,,0,,,68,33,
24540,note_on,0,0,2,,,,,,,,,1,,,57,63,
24540,note_on,60,0,2,,,,,,,,,1,,,59,0,
24540,note_on,0,0,2,,,,,,,,,1,,,60,63,
24540,note_on,0,0,2,,,,,,,,,1,,,55,0,
24555,note_on,0,0,1,,,,,,,,,0,,,67,33,
24555,note_on,15,0,1,,,,,,,,,0,,,68,0,
24570,note_on,0,0,1,,,,,,,,,0,,,68,33,
24570,note_on,15,0,1,,,,,,,,,0,,,67,0,
24585,note_on,0,0,1,,,,,,,,,0,,,67,33,
24585,note_on,15,0,1,,,,,,,,,0,,,68,0,
24600,note_on,0,0,1,,,,,,,,,0,,,68,33,
24600,note_on,0,0,2,,,,,,,,,1,,,59,64,
24600,note_on,0,0,2,,,,,,,,,1,,,62,64,
24600,note_on,60,0,2,,,,,,,,,1,,,57,0,
24600,note_on,15,0,1,,,,,,,,,0,,,67,0,
24600,note_on,0,0,2,,,,,,,,,1,,,60,0,
24615,note_on,0,0,1,,,,,,,,,0,,,67,33,
24615,note_on,15,0,1,,,,,,,,,0,,,68,0,
24630,note_on,0,0,1,,,,,,,,,0,,,68,33,
24630,note_on,15,0,1,,,,,,,,,0,,,67,0,
24645,note_on,15,0,1,,,,,,,,,0,,,68,0,
24645,note_on,0,0,1,,,,,,,,,0,,,67,33,
24660,note_on,0,0,1,,,,,,,,,0,,,68,33,
24660,note_on,15,0,1,,,,,,,,,0,,,67,0,
24660,note_on,0,0,2,,,,,,,,,1,,,60,64,
24660,note_on,0,0,2,,,,,,,,,1,,,63,64,
24660,note_on,0,0,2,,,,,,,,,1,,,62,0,
24660,note_on,60,0,2,,,,,,,,,1,,,59,0,
24675,note_on,0,0,1,,,,,,,,,0,,,67,33,
24675,note_on,15,0,1,,,,,,,,,0,,,68,0,
24690,note_on,15,0,1,,,,,,,,,0,,,67,0,
24690,note_on,0,0,1,,,,,,,,,0,,,68,33,
24705,note_on,15,0,1,,,,,,,,,0,,,68,0,
24705,note_on,0,0,1,,,,,,,,,0,,,67,33,
24720,note_on,60,0,2,,,,,,,,,1,,,60,0,
24720,note_on,0,0,2,,,,,,,,,1,,,62,64,
24720,note_on,0,0,2,,,,,,,,,1,,,59,64,
24720,note_on,15,0,1,,,,,,,,,0,,,67,0,
24720,note_on,0,0,1,,,,,,,,,0,,,68,33,
24720,note_on,0,0,2,,,,,,,,,1,,,63,0,
24735,note_on,0,0,1,,,,,,,,,0,,,67,33,
24735,note_on,15,0,1,,,,,,,,,0,,,68,0,
24750,note_on,15,0,1,,,,,,,,,0,,,67,0,
24750,note_on,0,0,1,,,,,,,,,0,,,68,33,
24765,note_on,15,0,1,,,,,,,,,0,,,68,0,
24765,note_on,0,0,1,,,,,,,,,0,,,67,33,
24780,note_on,0,0,2,,,,,,,,,1,,,57,64,
24780,note_on,60,0,2,,,,,,,,,1,,,59,0,
24780,note_on,0,0,2,,,,,,,,,1,,,62,0,
24780,note_on,0,0,2,,,,,,,,,1,,,60,64,
24780,note_on,15,0,1,,,,,,,,,0,,,67,0,
24780,note_on,0,0,1,,,,,,,,,0,,,68,33,
24795,note_on,0,0,1,,,,,,,,,0,,,67,33,
24795,note_on,15,0,1,,,,,,,,,0,,,68,0,
24810,note_on,0,0,1,,,,,,,,,0,,,68,33,
24810,note_on,15,0,1,,,,,,,,,0,,,67,0,
24825,note_on,15,0,1,,,,,,,,,0,,,68,0,
24825,note_on,0,0,1,,,,,,,,,0,,,67,33,
24840,note_on,15,0,1,,,,,,,,,0,,,67,0,
24840,note_on,0,0,1,,,,,,,,,0,,,68,33,
24840,note_on,0,0,2,,,,,,,,,1,,,60,0,
24840,note_on,0,0,2,,,,,,,,,1,,,55,64,
24840,note_on,0,0,2,,,,,,,,,1,,,59,64,
24840,note_on,60,0,2,,,,,,,,,1,,,57,0,
24855,note_on,15,0,1,,,,,,,,,0,,,68,0,
24855,note_on,0,0,1,,,,,,,,,0,,,67,33,
24870,note_on,15,0,1,,,,,,,,,0,,,67,0,
24870,note_on,0,0,1,,,,,,,,,0,,,68,33,
24885,note_on,15,0,1,,,,,,,,,0,,,68,0,
24885,note_on,0,0,1,,,,,,,,,0,,,67,33,
24900,note_on,15,0,1,,,,,,,,,0,,,67,0,
24900,note_on,0,0,1,,,,,,,,,0,,,68,33,
24900,note_on,60,0,2,,,,,,,,,1,,,59,0,
24900,note_on,0,0,2,,,,,,,,,1,,,55,0,
24900,note_on,0,0,2,,,,,,,,,1,,,60,62,
24900,note_on,0,0,2,,,,,,,,,1,,,57,62,
24915,note_on,0,0,1,,,,,,,,,0,,,67,33,
24915,note_on,15,0,1,,,,,,,,,0,,,68,0,
24930,note_on,15,0,1,,,,,,,,,0,,,67,0,
24930,note_on,0,0,1,,,,,,,,,0,,,68,33,
24945,note_on,15,0,1,,,,,,,,,0,,,68,0,
24945,note_on,0,0,1,,,,,,,,,0,,,67,33,
24960,note_on,0,0,2,,,,,,,,,1,,,60,0,
24960,note_on,0,0,2,,,,,,,,,1,,,59,60,
24960,note_on,15,0,1,,,,,,,,,0,,,67,0,
24960,note_on,60,0,2,,,,,,,,,1,,,57,0,
24960,note_on,0,0,1,,,,,,,,,0,,,68,32,
24960,note_on,0,0,2,,,,,,,,,1,,,62,60,
24975,note_on,15,0,1,,,,,,,,,0,,,68,0,
24975,note_on,0,0,1,,,,,,,,,0,,,67,32,
24990,note_on,0,0,1,,,,,,,,,0,,,68,32,
24990,note_on,15,0,1,,,,,,,,,0,,,67,0,
25005,note_on,0,0,1,,,,,,,,,0,,,67,32,
25005,note_on,15,0,1,,,,,,,,,0,,,68,0,
25020,note_on,0,0,1,,,,,,,,,0,,,68,32,
25020,note_on,15,0,1,,,,,,,,,0,,,67,0,
25020,note_on,60,0,2,,,,,,,,,1,,,59,0,
25020,note_on,0,0,2,,,,,,,,,1,,,62,0,
25020,note_on,0,0,2,,,,,,,,,1,,,63,60,
25020,note_on,0,0,2,,,,,,,,,1,,,60,60,
25035,note_on,15,0,1,,,,,,,,,0,,,68,0,
25035,note_on,0,0,1,,,,,,,,,0,,,67,31,
25050,note_on,15,0,1,,,,,,,,,0,,,67,0,
25050,note_on,0,0,1,,,,,,,,,0,,,68,31,
25065,note_on,15,0,1,,,,,,,,,0,,,68,0,
25065,note_on,0,0,1,,,,,,,,,0,,,67,31,
25080,note_on,0,0,2,,,,,,,,,1,,,62,59,
25080,note_on,0,0,2,,,,,,,,,1,,,63,0,
25080,note_on,60,0,2,,,,,,,,,1,,,60,0,
25080,note_on,15,0,1,,,,,,,,,0,,,67,0,
25080,note_on,0,0,1,,,,,,,,,0,,,68,31,
25080,note_on,0,0,2,,,,,,,,,1,,,59,59,
25095,note_on,15,0,1,,,,,,,,,0,,,68,0,
25095,note_on,0,0,1,,,,,,,,,0,,,67,31,
25110,note_on,15,0,1,,,,,,,,,0,,,67,0,
25110,note_on,0,0,1,,,,,,,,,0,,,68,30,
25125,note_on,15,0,1,,,,,,,,,0,,,68,0,
25125,note_on,0,0,1,,,,,,,,,0,,,67,30,
25140,note_on,15,0,1,,,,,,,,,0,,,67,0,
25140,note_on,0,0,1,,,,,,,,,0,,,68,30,
25140,note_on,0,0,2,,,,,,,,,1,,,62,0,
25140,note_on,0,0,2,,,,,,,,,1,,,60,58,
25140,note_on,0,0,2,,,,,,,,,1,,,57,58,
25140,note_on,60,0,2,,,,,,,,,1,,,59,0,
25155,note_on,15,0,1,,,,,,,,,0,,,68,0,
25155,note_on,0,0,1,,,,,,,,,0,,,67,30,
25170,note_on,15,0,1,,,,,,,,,0,,,67,0,
25170,note_on,0,0,1,,,,,,,,,0,,,68,30,
25185,note_on,15,0,1,,,,,,,,,0,,,68,0,
25185,note_on,0,0,1,,,,,,,,,0,,,67,29,
25198,set_tempo,8092,1,0,,,,,,1000000,,,,,,,,
25200,note_on,15,0,1,,,,,,,,,0,,,67,0,
25200,note_on,0,0,1,,,,,,,,,0,,,68,29,
25200,note_on,0,0,2,,,,,,,,,1,,,60,0,
25200,note_on,0,0,2,,,,,,,,,1,,,43,58,
25200,note_on,60,0,2,,,,,,,,,1,,,57,0,
25210,note_on,10,0,2,,,,,,,,,1,,,47,58,
25215,note_on,0,0,1,,,,,,,,,0,,,67,29,
25215,note_on,15,0,1,,,,,,,,,0,,,68,0,
25220,note_on,10,0,2,,,,,,,,,1,,,50,58,
25230,note_on,10,0,2,,,,,,,,,1,,,55,58,
25230,note_on,0,0,1,,,,,,,,,0,,,68,29,
25230,note_on,15,0,1,,,,,,,,,0,,,67,0,
25245,note_on,0,0,1,,,,,,,,,0,,,67,29,
25245,note_on,15,0,1,,,,,,,,,0,,,68,0,
25260,note_on,0,0,1,,,,,,,,,0,,,66,29,
25260,note_on,15,0,1,,,,,,,,,0,,,67,0,
25290,note_on,0,0,1,,,,,,,,,0,,,67,28,
25290,note_on,30,0,1,,,,,,,,,0,,,66,0,
25320,note_on,90,0,2,,,,,,,,,1,,,43,0,
25320,note_on,0,0,1,,,,,,,,,0,,,55,28,
25320,note_on,30,0,1,,,,,,,,,0,,,67,0,
25330,note_on,10,0,2,,,,,,,,,1,,,47,0,
25334,set_tempo,136,1,0,,,,,,1538462,,,,,,,,
25340,note_on,10,0,2,,,,,,,,,1,,,50,0,
25350,note_on,10,0,2,,,,,,,,,1,,,55,0,
25380,note_on,60,0,1,,,,,,,,,0,,,55,0,
25380,note_on,30,0,2,,,,,,,,,1,,,60,55,
25380,end_of_track,0,1,0,,,,,,,,,,,,,,
25380,set_tempo,0,1,0,,,,,,560748,,,,,,,,
25380,key_signature,46,1,0,,,,,C,,,,,,,,,
25380,note_on,0,0,1,,,,,,,,,0,,,79,61,
25410,note_on,30,0,2,,,,,,,,,1,,,60,0,
25410,note_on,0,0,2,,,,,,,,,1,,,64,56,
25440,note_on,0,0,1,,,,,,,,,0,,,79,61,
25440,note_on,0,0,2,,,,,,,,,1,,,67,57,
25440,note_on,30,0,2,,,,,,,,,1,,,64,0,
25440,note_on,60,0,1,,,,,,,,,0,,,79,0,
25470,note_on,0,0,2,,,,,,,,,1,,,64,58,
25470,note_on,30,0,2,,,,,,,,,1,,,67,0,
25500,note_on,60,0,1,,,,,,,,,0,,,79,0,
25500,note_on,0,0,1,,,,,,,,,0,,,79,61,
25500,note_on,30,0,2,,,,,,,,,1,,,64,0,
25500,note_on,0,0,2,,,,,,,,,1,,,67,58,
25530,note_on,0,0,2,,,,,,,,,1,,,64,58,
25530,note_on,30,0,2,,,,,,,,,1,,,67,0,
25560,note_on,60,0,1,,,,,,,,,0,,,79,0,
25560,note_on,0,0,1,,,,,,,,,0,,,76,60,
25560,note_on,30,0,2,,,,,,,,,1,,,64,0,
25560,note_on,0,0,2,,,,,,,,,1,,,60,58,
25590,note_on,30,0,2,,,,,,,,,1,,,60,0,
25590,note_on,0,0,2,,,,,,,,,1,,,64,59,
25620,note_on,30,0,2,,,,,,,,,1,,,64,0,
25620,note_on,0,0,2,,,,,,,,,1,,,67,59,
25650,note_on,30,0,2,,,,,,,,,1,,,67,0,
25650,note_on,0,0,2,,,,,,,,,1,,,64,59,
25680,note_on,120,0,1,,,,,,,,,0,,,76,0,
25680,note_on,30,0,2,,,,,,,,,1,,,64,0,
25680,note_on,0,0,1,,,,,,,,,0,,,72,53,
25680,note_on,0,0,2,,,,,,,,,1,,,67,59,
25710,note_on,30,0,2,,,,,,,,,1,,,67,0,
25710,note_on,0,0,2,,,,,,,,,1,,,64,59,
25740,note_on,30,0,2,,,,,,,,,1,,,64,0,
25740,note_on,0,0,2,,,,,,,,,1,,,59,59,
25740,note_on,0,0,1,,,,,,,,,0,,,79,60,
25740,note_on,60,0,1,,,,,,,,,0,,,72,0,
25770,note_on,30,0,2,,,,,,,,,1,,,59,0,
25770,note_on,0,0,2,,,,,,,,,1,,,62,59,
25800,note_on,60,0,1,,,,,,,,,0,,,79,0,
25800,note_on,0,0,1,,,,,,,,,0,,,79,62,
25800,note_on,30,0,2,,,,,,,,,1,,,62,0,
25800,note_on,0,0,2,,,,,,,,,1,,,67,59,
25830,note_on,30,0,2,,,,,,,,,1,,,67,0,
25830,note_on,0,0,2,,,,,,,,,1,,,62,59,
25860,note_on,0,0,2,,,,,,,,,1,,,67,59,
25860,note_on,30,0,2,,,,,,,,,1,,,62,0,
25860,note_on,0,0,1,,,,,,,,,0,,,79,63,
25860,note_on,60,0,1,,,,,,,,,0,,,79,0,
25890,note_on,0,0,2,,,,,,,,,1,,,62,58,
25890,note_on,30,0,2,,,,,,,,,1,,,67,0,
25920,note_on,30,0,2,,,,,,,,,1,,,62,0,
25920,note_on,0,0,2,,,,,,,,,1,,,59,58,
25920,note_on,0,0,1,,,,,,,,,0,,,77,63,
25920,note_on,60,0,1,,,,,,,,,0,,,79,0,
25950,note_on,30,0,2,,,,,,,,,1,,,59,0,
25950,note_on,0,0,2,,,,,,,,,1,,,62,58,
25980,note_on,30,0,2,,,,,,,,,1,,,62,0,
25980,note_on,0,0,2,,,,,,,,,1,,,67,57,
26010,note_on,30,0,2,,,,,,,,,1,,,67,0,
26010,note_on,0,0,2,,,,,,,,,1,,,62,57,
26040,note_on,0,0,1,,,,,,,,,0,,,74,49,
26040,note_on,120,0,1,,,,,,,,,0,,,77,0,
26040,note_on,0,0,2,,,,,,,,,1,,,67,56,
26040,note_on,30,0,2,,,,,,,,,1,,,62,0,
26070,note_on,0,0,2,,,,,,,,,1,,,62,53,
26070,note_on,30,0,2,,,,,,,,,1,,,67,0,
26100,note_on,0,0,2,,,,,,,,,1,,,60,52,
26100,note_on,0,0,1,,,,,,,,,0,,,76,49,
26100,note_on,60,0,1,,,,,,,,,0,,,74,0,
26100,note_on,30,0,2,,,,,,,,,1,,,62,0,
26130,note_on,0,0,1,,,,,,,,,0,,,72,49,
26130,note_on,30,0,1,,,,,,,,,0,,,76,0,
26160,note_on,0,0,1,,,,,,,,,0,,,77,49,
26160,note_on,30,0,1,,,,,,,,,0,,,72,0,
26190,note_on,30,0,1,,,,,,,,,0,,,77,0,
26190,note_on,0,0,1,,,,,,,,,0,,,74,49,
26220,note_on,0,0,1,,,,,,,,,0,,,79,49,
26220,note_on,30,0,1,,,,,,,,,0,,,74,0,
26250,note_on,30,0,1,,,,,,,,,0,,,79,0,
26250,note_on,0,0,1,,,,,,,,,0,,,76,49,
26280,note_on,0,0,2,,,,,,,,,1,,,53,48,
26280,note_on,180,0,2,,,,,,,,,1,,,60,0,
26280,note_on,30,0,1,,,,,,,,,0,,,76,0,
26280,note_on,0,0,1,,,,,,,,,0,,,81,49,
26310,note_on,30,0,1,,,,,,,,,0,,,81,0,
26310,note_on,0,0,1,,,,,,,,,0,,,79,49,
26340,note_on,0,0,1,,,,,,,,,0,,,77,49,
26340,note_on,30,0,1,,,,,,,,,0,,,79,0,
26370,note_on,0,0,1,,,,,,,,,0,,,76,49,
26370,note_on,30,0,1,,,,,,,,,0,,,77,0,
26400,note_on,120,0,2,,,,,,,,,1,,,53,0,
26400,note_on,30,0,1,,,,,,,,,0,,,76,0,
26400,note_on,0,0,1,,,,,,,,,0,,,74,49,
26400,note_on,0,0,2,,,,,,,,,1,,,54,48,
26430,note_on,0,0,1,,,,,,,,,0,,,72,49,
26430,note_on,30,0,1,,,,,,,,,0,,,74,0,
26460,note_on,0,0,1,,,,,,,,,0,,,71,49,
26460,note_on,30,0,1,,,,,,,,,0,,,72,0,
26460,note_on,0,0,2,,,,,,,,,1,,,55,48,
26460,note_on,60,0,2,,,,,,,,,1,,,54,0,
26490,note_on,0,0,1,,,,,,,,,0,,,72,49,
26490,note_on,30,0,1,,,,,,,,,0,,,71,0,
26520,note_on,0,0,1,,,,,,,,,0,,,74,49,
26520,note_on,30,0,1,,,,,,,,,0,,,72,0,
26550,note_on,30,0,1,,,,,,,,,0,,,74,0,
26550,note_on,0,0,1,,,,,,,,,0,,,72,49,
26580,note_on,30,0,1,,,,,,,,,0,,,72,0,
26580,note_on,0,0,1,,,,,,,,,0,,,71,49,
26610,note_on,0,0,1,,,,,,,,,0,,,69,49,
26610,note_on,30,0,1,,,,,,,,,0,,,71,0,
26640,note_on,180,0,2,,,,,,,,,1,,,55,0,
26640,note_on,0,0,1,,,,,,,,,0,,,67,49,
26640,note_on,30,0,1,,,,,,,,,0,,,69,0,
26670,note_on,30,0,1,,,,,,,,,0,,,67,0,
26670,note_on,0,0,1,,,,,,,,,0,,,66,49,
26700,note_on,30,0,1,,,,,,,,,0,,,66,0,
26700,note_on,0,0,1,,,,,,,,,0,,,67,49,
26730,note_on,30,0,1,,,,,,,,,0,,,67,0,
26730,note_on,0,0,1,,,,,,,,,0,,,65,49,
26760,note_on,0,0,1,,,,,,,,,0,,,64,49,
26760,note_on,30,0,1,,,,,,,,,0,,,65,0,
26790,note_on,30,0,1,,,,,,,,,0,,,64,0,
26790,note_on,0,0,1,,,,,,,,,0,,,62,49,
26820,note_on,30,0,1,,,,,,,,,0,,,62,0,
26820,note_on,0,0,1,,,,,,,,,0,,,79,72,
26820,note_on,180,0,2,,,,,,,,,1,,,60,66,
26850,note_on,0,0,2,,,,,,,,,1,,,64,68,
26850,note_on,30,0,2,,,,,,,,,1,,,60,0,
26880,note_on,0,0,1,,,,,,,,,0,,,79,73,
26880,note_on,60,0,1,,,,,,,,,0,,,79,0,
26880,note_on,30,0,2,,,,,,,,,1,,,64,0,
26880,note_on,0,0,2,,,,,,,,,1,,,67,69,
26910,note_on,30,0,2,,,,,,,,,1,,,67,0,
26910,note_on,0,0,2,,,,,,,,,1,,,64,70,
26940,note_on,0,0,1,,,,,,,,,0,,,79,74,
26940,note_on,0,0,2,,,,,,,,,1,,,67,71,
26940,note_on,30,0,2,,,,,,,,,1,,,64,0,
26940,note_on,60,0,1,,,,,,,,,0,,,79,0,
26970,note_on,0,0,2,,,,,,,,,1,,,64,71,
26970,note_on,30,0,2,,,,,,,,,1,,,67,0,
27000,note_on,60,0,1,,,,,,,,,0,,,79,0,
27000,note_on,30,0,2,,,,,,,,,1,,,64,0,
27000,note_on,0,0,2,,,,,,,,,1,,,60,72,
27000,note_on,0,0,1,,,,,,,,,0,,,76,74,
27030,note_on,30,0,2,,,,,,,,,1,,,60,0,
27030,note_on,0,0,2,,,,,,,,,1,,,64,73,
27060,note_on,30,0,2,,,,,,,,,1,,,64,0,
27060,note_on,0,0,2,,,,,,,,,1,,,67,73,
27090,note_on,30,0,2,,,,,,,,,1,,,67,0,
27090,note_on,0,0,2,,,,,,,,,1,,,64,73,
27120,note_on,0,0,1,,,,,,,,,0,,,72,74,
27120,note_on,120,0,1,,,,,,,,,0,,,76,0,
27120,note_on,30,0,2,,,,,,,,,1,,,64,0,
27120,note_on,0,0,2,,,,,,,,,1,,,67,73,
27150,note_on,30,0,2,,,,,,,,,1,,,67,0,
27150,note_on,0,0,2,,,,,,,,,1,,,64,74,
27180,note_on,0,0,1,,,,,,,,,0,,,79,74,
27180,note_on,60,0,1,,,,,,,,,0,,,72,0,
27180,note_on,0,0,2,,,,,,,,,1,,,59,74,
27180,note_on,30,0,2,,,,,,,,,1,,,64,0,
27210,note_on,0,0,2,,,,,,,,,1,,,62,74,
27210,note_on,30,0,2,,,,,,,,,1,,,59,0,
27240,note_on,0,0,1,,,,,,,,,0,,,79,74,
27240,note_on,30,0,2,,,,,,,,,1,,,62,0,
27240,note_on,0,0,2,,,,,,,,,1,,,67,74,
27240,note_on,60,0,1,,,,,,,,,0,,,79,0,
27270,note_on,0,0,2,,,,,,,,,1,,,62,74,
27270,note_on,30,0,2,,,,,,,,,1,,,67,0,
27300,note_on,60,0,1,,,,,,,,,0,,,79,0,
27300,note_on,0,0,1,,,,,,,,,0,,,79,74,
27300,note_on,0,0,2,,,,,,,,,1,,,67,74,
27300,note_on,30,0,2,,,,,,,,,1,,,62,0,
27330,note_on,0,0,2,,,,,,,,,1,,,62,73,
27330,note_on,30,0,2,,,,,,,,,1,,,67,0,
27360,note_on,60,0,1,,,,,,,,,0,,,79,0,
27360,note_on,0,0,1,,,,,,,,,0,,,77,74,
27360,note_on,0,0,2,,,,,,,,,1,,,59,72,
27360,note_on,30,0,2,,,,,,,,,1,,,62,0,
27390,note_on,0,0,2,,,,,,,,,1,,,62,72,
27390,note_on,30,0,2,,,,,,,,,1,,,59,0,
27420,note_on,0,0,2,,,,,,,,,1,,,67,71,
27420,note_on,30,0,2,,,,,,,,,1,,,62,0,
27450,note_on,30,0,2,,,,,,,,,1,,,67,0,
27450,note_on,0,0,2,,,,,,,,,1,,,62,69,
27480,note_on,0,0,2,,,,,,,,,1,,,67,68,
27480,note_on,30,0,2,,,,,,,,,1,,,62,0,
27480,note_on,120,0,1,,,,,,,,,0,,,77,0,
27480,note_on,0,0,1,,,,,,,,,0,,,74,74,
27510,note_on,0,0,2,,,,,,,,,1,,,62,67,
27510,note_on,30,0,2,,,,,,,,,1,,,67,0,
27540,note_on,60,0,1,,,,,,,,,0,,,74,0,
27540,note_on,0,0,2,,,,,,,,,1,,,60,64,
27540,note_on,30,0,2,,,,,,,,,1,,,62,0,
27540,note_on,0,0,1,,,,,,,,,0,,,76,73,
27570,note_on,30,0,1,,,,,,,,,0,,,76,0,
27570,note_on,0,0,1,,,,,,,,,0,,,72,73,
27600,note_on,30,0,1,,,,,,,,,0,,,72,0,
27600,note_on,0,0,1,,,,,,,,,0,,,77,72,
27630,note_on,30,0,1,,,,,,,,,0,,,77,0,
27630,note_on,0,0,1,,,,,,,,,0,,,74,72,
27660,note_on,0,0,1,,,,,,,,,0,,,79,72,
27660,note_on,30,0,1,,,,,,,,,0,,,74,0,
27690,note_on,0,0,1,,,,,,,,,0,,,76,72,
27690,note_on,30,0,1,,,,,,,,,0,,,79,0,
27720,note_on,0,0,2,,,,,,,,,1,,,53,76,
27720,note_on,180,0,2,,,,,,,,,1,,,60,0,
27720,note_on,0,0,1,,,,,,,,,0,,,81,72,
27720,note_on,30,0,1,,,,,,,,,0,,,76,0,
27750,note_on,0,0,1,,,,,,,,,0,,,79,72,
27750,note_on,30,0,1,,,,,,,,,0,,,81,0,
27780,note_on,30,0,1,,,,,,,,,0,,,79,0,
27780,note_on,0,0,1,,,,,,,,,0,,,77,72,
27810,note_on,0,0,1,,,,,,,,,0,,,76,73,
27810,note_on,30,0,1,,,,,,,,,0,,,77,0,
27840,note_on,30,0,1,,,,,,,,,0,,,76,0,
27840,note_on,0,0,1,,,,,,,,,0,,,74,74,
27840,note_on,0,0,2,,,,,,,,,1,,,55,76,
27840,note_on,120,0,2,,,,,,,,,1,,,53,0,
27870,note_on,30,0,1,,,,,,,,,0,,,74,0,
27870,note_on,0,0,1,,,,,,,,,0,,,72,75,
27900,note_on,0,0,1,,,,,,,,,0,,,72,100,
27900,note_on,30,0,1,,,,,,,,,0,,,72,0,
27900,note_on,0,0,2,,,,,,,,,1,,,60,100,
27900,note_on,0,0,2,,,,,,,,,1,,,48,100,
27900,note_on,60,0,2,,,,,,,,,1,,,55,0,
27930,note_on,0,0,1,,,,,,,,,0,,,67,100,
27930,note_on,30,0,1,,,,,,,,,0,,,72,0,
27960,note_on,30,0,1,,,,,,,,,0,,,67,0,
27960,note_on,0,0,1,,,,,,,,,0,,,64,100,
27990,note_on,30,0,1,,,,,,,,,0,,,64,0,
27990,note_on,0,0,1,,,,,,,,,0,,,67,100,
28020,note_on,30,0,1,,,,,,,,,0,,,67,0,
28020,note_on,0,0,1,,,,,,,,,0,,,72,100,
28050,note_on,30,0,1,,,,,,,,,0,,,72,0,
28050,note_on,0,0,1,,,,,,,,,0,,,76,100,
28080,note_on,0,0,2,,,,,,,,,1,,,48,0,
28080,note_on,0,0,2,,,,,,,,,1,,,47,100,
28080,note_on,0,0,2,,,,,,,,,1,,,59,100,
28080,note_on,0,0,1,,,,,,,,,0,,,74,100,
28080,note_on,30,0,1,,,,,,,,,0,,,76,0,
28080,note_on,180,0,2,,,,,,,,,1,,,60,0,
28110,note_on,0,0,1,,,,,,,,,0,,,67,100,
28110,note_on,30,0,1,,,,,,,,,0,,,74,0,
28140,note_on,0,0,1,,,,,,,,,0,,,62,100,
28140,note_on,30,0,1,,,,,,,,,0,,,67,0,
28170,note_on,0,0,1,,,,,,,,,0,,,67,100,
28170,note_on,30,0,1,,,,,,,,,0,,,62,0,
28200,note_on,30,0,1,,,,,,,,,0,,,67,0,
28200,note_on,0,0,1,,,,,,,,,0,,,74,100,
28230,note_on,30,0,1,,,,,,,,,0,,,74,0,
28230,note_on,0,0,1,,,,,,,,,0,,,77,100,
28245,note_on,15,0,1,,,,,,,,,0,,,76,100,
28245,note_on,0,0,1,,,,,,,,,0,,,79,100,
28260,note_on,0,0,2,,,,,,,,,1,,,47,0,
28260,note_on,0,0,1,,,,,,,,,0,,,76,100,
28260,note_on,0,0,1,,,,,,,,,0,,,72,100,
28260,note_on,0,0,1,,,,,,,,,0,,,77,0,
28260,note_on,15,0,1,,,,,,,,,0,,,79,0,
28260,note_on,0,0,2,,,,,,,,,1,,,60,100,
28260,note_on,0,0,2,,,,,,,,,1,,,48,100,
28260,note_on,0,0,1,,,,,,,,,0,,,76,0,
28260,note_on,180,0,2,,,,,,,,,1,,,59,0,
28320,note_on,60,0,1,,,,,,,,,0,,,76,0,
28320,note_on,0,0,1,,,,,,,,,0,,,72,0,
28320,note_on,0,0,1,,,,,,,,,0,,,76,100,
28320,note_on,0,0,1,,,,,,,,,0,,,79,100,
28380,note_on,0,0,1,,,,,,,,,0,,,76,100,
28380,note_on,0,0,1,,,,,,,,,0,,,76,0,
28380,note_on,0,0,1,,,,,,,,,0,,,72,100,
28380,note_on,60,0,1,,,,,,,,,0,,,79,0,
28440,note_on,180,0,2,,,,,,,,,1,,,60,0,
28440,note_on,0,0,2,,,,,,,,,1,,,53,100,
28440,note_on,0,0,2,,,,,,,,,1,,,48,0,
28440,note_on,60,0,1,,,,,,,,,0,,,76,0,
28440,note_on,0,0,1,,,,,,,,,0,,,72,0,
28440,note_on,0,0,1,,,,,,,,,0,,,77,100,
28440,note_on,0,0,1,,,,,,,,,0,,,74,100,
28500,note_on,60,0,1,,,,,,,,,0,,,77,0,
28500,note_on,0,0,2,,,,,,,,,1,,,55,100,
28500,note_on,60,0,2,,,,,,,,,1,,,53,0,
28500,note_on,0,0,1,,,,,,,,,0,,,76,100,
28500,note_on,0,0,1,,,,,,,,,0,,,72,100,
28500,note_on,0,0,1,,,,,,,,,0,,,74,0,
28560,note_on,0,0,2,,,,,,,,,1,,,43,101,
28560,note_on,60,0,2,,,,,,,,,1,,,55,0,
28560,note_on,0,0,1,,,,,,,,,0,,,72,0,
28560,note_on,60,0,1,,,,,,,,,0,,,76,0,
28560,note_on,0,0,1,,,,,,,,,0,,,71,100,
28560,note_on,0,0,1,,,,,,,,,0,,,74,100,
28620,note_on,60,0,1,,,,,,,,,0,,,74,0,
28620,note_on,0,0,1,,,,,,,,,0,,,71,0,
28620,note_on,0,0,1,,,,,,,,,0,,,72,110,
28620,note_on,60,0,2,,,,,,,,,1,,,43,0,
28620,note_on,0,0,2,,,,,,,,,1,,,48,115,
28620,note_on,0,0,2,,,,,,,,,1,,,60,115,
28650,note_on,0,0,1,,,,,,,,,0,,,67,111,
28650,note_on,30,0,1,,,,,,,,,0,,,72,0,
28680,note_on,30,0,1,,,,,,,,,0,,,67,0,
28680,note_on,0,0,1,,,,,,,,,0,,,64,113,
28710,note_on,0,0,1,,,,,,,,,0,,,67,114,
28710,note_on,30,0,1,,,,,,,,,0,,,64,0,
28740,note_on,0,0,1,,,,,,,,,0,,,72,114,
28740,note_on,30,0,1,,,,,,,,,0,,,67,0,
28770,note_on,0,0,1,,,,,,,,,0,,,76,114,
28770,note_on,30,0,1,,,,,,,,,0,,,72,0,
28800,note_on,0,0,2,,,,,,,,,1,,,48,0,
28800,note_on,0,0,2,,,,,,,,,1,,,47,117,
28800,note_on,0,0,2,,,,,,,,,1,,,59,117,
28800,note_on,180,0,2,,,,,,,,,1,,,60,0,
28800,note_on,30,0,1,,,,,,,,,0,,,76,0,
28800,note_on,0,0,1,,,,,,,,,0,,,74,115,
28830,note_on,30,0,1,,,,,,,,,0,,,74,0,
28830,note_on,0,0,1,,,,,,,,,0,,,67,115,
28860,note_on,30,0,1,,,,,,,,,0,,,67,0,
28860,note_on,0,0,1,,,,,,,,,0,,,62,115,
28890,note_on,30,0,1,,,,,,,,,0,,,62,0,
28890,note_on,0,0,1,,,,,,,,,0,,,67,116,
28920,note_on,30,0,1,,,,,,,,,0,,,67,0,
28920,note_on,0,0,1,,,,,,,,,0,,,74,116,
28950,note_on,30,0,1,,,,,,,,,0,,,74,0,
28950,note_on,0,0,1,,,,,,,,,0,,,77,116,
28965,note_on,15,0,1,,,,,,,,,0,,,76,116,
28965,note_on,0,0,1,,,,,,,,,0,,,79,116,
28980,note_on,0,0,1,,,,,,,,,0,,,72,117,
28980,note_on,0,0,1,,,,,,,,,0,,,77,0,
28980,note_on,15,0,1,,,,,,,,,0,,,79,0,
28980,note_on,0,0,1,,,,,,,,,0,,,76,0,
28980,note_on,0,0,2,,,,,,,,,1,,,60,119,
28980,note_on,0,0,2,,,,,,,,,1,,,48,119,
28980,note_on,0,0,1,,,,,,,,,0,,,76,117,
28980,note_on,180,0,2,,,,,,,,,1,,,59,0,
28980,note_on,0,0,2,,,,,,,,,1,,,47,0,
29040,note_on,0,0,1,,,,,,,,,0,,,76,118,
29040,note_on,60,0,1,,,,,,,,,0,,,76,0,
29040,note_on,0,0,1,,,,,,,,,0,,,72,0,
29040,note_on,0,0,1,,,,,,,,,0,,,79,118,
29100,note_on,0,0,1,,,,,,,,,0,,,72,119,
29100,note_on,0,0,1,,,,,,,,,0,,,76,119,
29100,note_on,60,0,1,,,,,,,,,0,,,76,0,
29100,note_on,0,0,1,,,,,,,,,0,,,79,0,
29160,note_on,60,0,1,,,,,,,,,0,,,76,0,
29160,note_on,0,0,2,,,,,,,,,1,,,48,0,
29160,note_on,0,0,1,,,,,,,,,0,,,72,0,
29160,note_on,0,0,1,,,,,,,,,0,,,74,121,
29160,note_on,0,0,1,,,,,,,,,0,,,77,121,
29160,note_on,180,0,2,,,,,,,,,1,,,60,0,
29160,note_on,0,0,2,,,,,,,,,1,,,53,122,
29220,note_on,0,0,2,,,,,,,,,1,,,55,123,
29220,note_on,60,0,2,,,,,,,,,1,,,53,0,
29220,note_on,0,0,1,,,,,,,,,0,,,76,123,
29220,note_on,0,0,1,,,,,,,,,0,,,74,0,
29220,note_on,60,0,1,,,,,,,,,0,,,77,0,
29220,note_on,0,0,1,,,,,,,,,0,,,72,123,
29280,note_on,0,0,1,,,,,,,,,0,,,74,124,
29280,note_on,0,0,1,,,,,,,,,0,,,72,0,
29280,note_on,60,0,1,,,,,,,,,0,,,76,0,
29280,note_on,60,0,2,,,,,,,,,1,,,55,0,
29280,note_on,0,0,2,,,,,,,,,1,,,43,126,
29280,note_on,0,0,1,,,,,,,,,0,,,71,124,
29340,control_change,0,0,2,,,,,,,,,1,64,127,,,
29340,note_on,0,0,2,,,,,,,,,1,,,36,127,
29340,note_on,0,0,2,,,,,,,,,1,,,48,127,
29340,note_on,60,0,1,,,,,,,,,0,,,74,0,
29340,note_on,0,0,1,,,,,,,,,0,,,71,0,
29340,note_on,0,0,1,,,,,,,,,0,,,72,127,
29340,note_on,0,0,1,,,,,,,,,0,,,67,127,
29340,note_on,0,0,1,,,,,,,,,0,,,64,127,
29340,note_on,60,0,2,,,,,,,,,1,,,43,0,
29520,note_on,0,0,2,,,,,,,,,1,,,48,0,
29520,note_on,180,0,2,,,,,,,,,1,,,36,0,
29520,note_on,0,0,1,,,,,,,,,0,,,72,0,
29520,end_of_track,0,1,1,,,,,,,,,,,,,,
29520,note_on,180,0,1,,,,,,,,,0,,,64,0,
29520,note_on,0,0,1,,,,,,,,,0,,,67,0,
29655,control_change,135,0,2,,,,,,,,,1,64,0,,,
29655,end_of_track,0,1,2,,,,,,,,,,,,,,
