tick,type,time,meta,track,tempo,numerator,denominator,clocks_per_click,notated_32nd_notes_per_beat,key,port,program,channel,control,value,note,velocity
0,track_name,0,1,0,,,,,,,,,,,,,
0,control_change,0,0,2,,,,,,,,,1,10,10,,
0,control_change,0,0,2,,,,,,,,,1,91,84,,
0,control_change,0,0,2,,,,,,,,,1,93,84,,
0,control_change,0,0,2,,,,,,,,,1,10,10,,
0,control_change,0,0,1,,,,,,,,,0,93,84,,
0,control_change,0,0,1,,,,,,,,,0,91,84,,
0,control_change,0,0,1,,,,,,,,,0,10,111,,
0,control_change,0,0,1,,,,,,,,,0,10,111,,
0,control_change,0,0,1,,,,,,,,,0,7,127,,
0,control_change,0,0,1,,,,,,,,,0,7,127,,
0,program_change,0,0,1,,,,,,,,0,0,,,,
0,program_change,0,0,1,,,,,,,,0,0,,,,
0,track_name,0,1,1,,,,,,,,,,,,,
0,note_on,0,0,1,,,,,,,,,0,,,64,60
0,program_change,0,0,2,,,,,,,,0,1,,,,
0,text,0,1,0,,,,,,,,,,,,,
0,text,0,1,0,,,,,,,,,,,,,
0,copyright,0,1,0,,,,,,,,,,,,,
0,midi_port,0,1,1,,,,,,,0,,,,,,
0,copyright,0,1,0,,,,,,,,,,,,,
0,set_tempo,0,1,0,571428,,,,,,,,,,,,
0,program_change,0,0,2,,,,,,,,0,1,,,,
0,time_signature,0,1,0,,2,4,24,8,,,,,,,,
0,set_tempo,0,1,0,571428,,,,,,,,,,,,
0,control_change,0,0,2,,,,,,,,,1,7,127,,
0,midi_port,0,1,2,,,,,,,0,,,,,,
0,track_name,0,1,2,,,,,,,,,,,,,
0,control_change,0,0,2,,,,,,,,,1,7,127,,
0,key_signature,0,1,0,,,,,,A,,,,,,,
94,note_on,94,0,1,,,,,,,,,0,,,64,0
96,note_on,0,0,1,,,,,,,,,0,,,76,60
96,note_on,2,0,1,,,,,,,,,0,,,69,60
96,note_on,96,0,2,,,,,,,,,1,,,57,60
96,note_on,0,0,2,,,,,,,,,1,,,61,60
238,note_on,142,0,2,,,,,,,,,1,,,61,0
238,note_on,142,0,1,,,,,,,,,0,,,69,0
240,note_on,2,0,1,,,,,,,,,0,,,68,60
240,note_on,2,0,2,,,,,,,,,1,,,59,60
256,note_on,16,0,1,,,,,,,,,0,,,76,0
286,note_on,30,0,1,,,,,,,,,0,,,68,0
286,note_on,46,0,2,,,,,,,,,1,,,59,0
288,note_on,2,0,2,,,,,,,,,1,,,61,60
288,note_on,0,0,1,,,,,,,,,0,,,76,60
288,note_on,2,0,1,,,,,,,,,0,,,69,60
320,note_on,32,0,2,,,,,,,,,1,,,61,0
320,note_on,32,0,1,,,,,,,,,0,,,69,0
320,note_on,0,0,1,,,,,,,,,0,,,76,0
384,note_on,64,0,2,,,,,,,,,1,,,64,60
384,note_on,0,0,1,,,,,,,,,0,,,76,60
384,note_on,64,0,1,,,,,,,,,0,,,73,60
416,note_on,32,0,2,,,,,,,,,1,,,64,0
416,note_on,32,0,1,,,,,,,,,0,,,73,0
416,note_on,0,0,1,,,,,,,,,0,,,76,0
432,note_on,16,0,2,,,,,,,,,1,,,57,0
480,note_on,48,0,2,,,,,,,,,1,,,57,60
480,note_on,0,0,2,,,,,,,,,1,,,62,60
480,note_on,0,0,1,,,,,,,,,0,,,76,60
480,note_on,64,0,1,,,,,,,,,0,,,71,60
502,note_on,22,0,1,,,,,,,,,0,,,76,0
504,note_on,2,0,1,,,,,,,,,0,,,78,64
526,note_on,22,0,1,,,,,,,,,0,,,78,0
528,note_on,2,0,1,,,,,,,,,0,,,76,68
550,note_on,22,0,1,,,,,,,,,0,,,76,0
552,note_on,2,0,1,,,,,,,,,0,,,78,72
574,note_on,22,0,1,,,,,,,,,0,,,78,0
576,note_on,0,0,1,,,,,,,,,0,,,78,76
576,note_on,2,0,1,,,,,,,,,0,,,75,76
598,note_on,22,0,1,,,,,,,,,0,,,75,0
600,note_on,2,0,1,,,,,,,,,0,,,76,76
622,note_on,0,0,1,,,,,,,,,0,,,78,0
622,note_on,22,0,1,,,,,,,,,0,,,76,0
624,note_on,2,0,1,,,,,,,,,0,,,80,84
640,note_on,16,0,1,,,,,,,,,0,,,71,0
640,note_on,160,0,2,,,,,,,,,1,,,62,0
670,note_on,30,0,1,,,,,,,,,0,,,80,0
672,note_on,32,0,2,,,,,,,,,1,,,61,75
672,note_on,2,0,1,,,,,,,,,0,,,81,92
766,note_on,94,0,1,,,,,,,,,0,,,81,0
768,note_on,2,0,1,,,,,,,,,0,,,76,92
816,note_on,144,0,2,,,,,,,,,1,,,57,0
832,note_on,16,0,2,,,,,,,,,1,,,61,0
862,note_on,94,0,1,,,,,,,,,0,,,76,0
864,note_on,0,0,1,,,,,,,,,0,,,76,60
864,note_on,2,0,1,,,,,,,,,0,,,68,60
864,note_on,32,0,2,,,,,,,,,1,,,57,45
864,note_on,0,0,2,,,,,,,,,1,,,59,45
958,note_on,94,0,2,,,,,,,,,1,,,59,0
958,note_on,94,0,1,,,,,,,,,0,,,68,0
960,note_on,2,0,1,,,,,,,,,0,,,71,60
960,note_on,2,0,2,,,,,,,,,1,,,62,45
1024,note_on,64,0,2,,,,,,,,,1,,,57,0
1024,note_on,64,0,1,,,,,,,,,0,,,76,0
1054,note_on,30,0,2,,,,,,,,,1,,,62,0
1054,note_on,30,0,1,,,,,,,,,0,,,71,0
1056,note_on,2,0,2,,,,,,,,,1,,,57,45
1056,note_on,0,0,2,,,,,,,,,1,,,59,45
1056,note_on,0,0,1,,,,,,,,,0,,,76,60
1056,note_on,2,0,1,,,,,,,,,0,,,68,60
1088,note_on,0,0,1,,,,,,,,,0,,,76,0
1088,note_on,32,0,1,,,,,,,,,0,,,68,0
1150,note_on,94,0,2,,,,,,,,,1,,,59,0
1152,note_on,64,0,1,,,,,,,,,0,,,71,60
1152,note_on,2,0,2,,,,,,,,,1,,,62,45
1152,note_on,0,0,1,,,,,,,,,0,,,76,60
1184,note_on,0,0,1,,,,,,,,,0,,,76,0
1184,note_on,32,0,1,,,,,,,,,0,,,71,0
1216,note_on,64,0,2,,,,,,,,,1,,,57,0
1246,note_on,30,0,2,,,,,,,,,1,,,62,0
1248,note_on,0,0,2,,,,,,,,,1,,,61,45
1248,note_on,2,0,2,,,,,,,,,1,,,57,45
1248,note_on,64,0,1,,,,,,,,,0,,,69,60
1248,note_on,0,0,1,,,,,,,,,0,,,76,60
1294,note_on,46,0,1,,,,,,,,,0,,,76,0
1296,note_on,2,0,1,,,,,,,,,0,,,75,60
1342,note_on,94,0,2,,,,,,,,,1,,,57,0
1342,note_on,0,0,2,,,,,,,,,1,,,61,0
1342,note_on,0,0,1,,,,,,,,,0,,,75,0
1342,note_on,46,0,1,,,,,,,,,0,,,69,0
1344,note_on,2,0,1,,,,,,,,,0,,,76,60
1390,note_on,46,0,1,,,,,,,,,0,,,76,0
1392,note_on,2,0,1,,,,,,,,,0,,,78,60
1438,note_on,46,0,1,,,,,,,,,0,,,78,0
1440,note_on,2,0,1,,,,,,,,,0,,,76,60
1486,note_on,46,0,1,,,,,,,,,0,,,76,0
1488,note_on,146,0,2,,,,,,,,,1,,,66,45
1488,note_on,2,0,1,,,,,,,,,0,,,74,60
1534,note_on,46,0,2,,,,,,,,,1,,,66,0
1534,note_on,46,0,1,,,,,,,,,0,,,74,0
1536,note_on,2,0,2,,,,,,,,,1,,,64,45
1536,note_on,2,0,1,,,,,,,,,0,,,73,60
1582,note_on,46,0,2,,,,,,,,,1,,,64,0
1582,note_on,46,0,1,,,,,,,,,0,,,73,0
1584,note_on,2,0,1,,,,,,,,,0,,,71,60
1584,note_on,2,0,2,,,,,,,,,1,,,62,45
1630,note_on,46,0,2,,,,,,,,,1,,,62,0
1630,note_on,46,0,1,,,,,,,,,0,,,71,0
1632,note_on,2,0,1,,,,,,,,,0,,,69,60
1632,note_on,0,0,2,,,,,,,,,1,,,61,45
1632,note_on,0,0,1,,,,,,,,,0,,,76,60
1632,note_on,2,0,2,,,,,,,,,1,,,57,45
1774,note_on,142,0,1,,,,,,,,,0,,,69,0
1774,note_on,142,0,2,,,,,,,,,1,,,61,0
1776,note_on,2,0,2,,,,,,,,,1,,,59,45
1776,note_on,2,0,1,,,,,,,,,0,,,68,60
1792,note_on,16,0,1,,,,,,,,,0,,,76,0
1822,note_on,46,0,2,,,,,,,,,1,,,59,0
1822,note_on,30,0,1,,,,,,,,,0,,,68,0
1824,note_on,2,0,2,,,,,,,,,1,,,61,45
1824,note_on,2,0,1,,,,,,,,,0,,,69,60
1824,note_on,0,0,1,,,,,,,,,0,,,76,60
1856,note_on,32,0,2,,,,,,,,,1,,,61,0
1856,note_on,0,0,1,,,,,,,,,0,,,76,0
1856,note_on,32,0,1,,,,,,,,,0,,,69,0
1920,note_on,0,0,1,,,,,,,,,0,,,76,60
1920,note_on,64,0,2,,,,,,,,,1,,,64,45
1920,note_on,64,0,1,,,,,,,,,0,,,73,60
1952,note_on,0,0,1,,,,,,,,,0,,,76,0
1952,note_on,32,0,2,,,,,,,,,1,,,64,0
1952,note_on,32,0,1,,,,,,,,,0,,,73,0
1968,note_on,16,0,2,,,,,,,,,1,,,57,0
2016,note_on,64,0,1,,,,,,,,,0,,,71,60
2016,note_on,0,0,1,,,,,,,,,0,,,76,60
2016,note_on,48,0,2,,,,,,,,,1,,,57,45
2016,note_on,0,0,2,,,,,,,,,1,,,62,45
2038,note_on,22,0,1,,,,,,,,,0,,,76,0
2040,note_on,2,0,1,,,,,,,,,0,,,78,64
2062,note_on,22,0,1,,,,,,,,,0,,,78,0
2064,note_on,2,0,1,,,,,,,,,0,,,76,68
2086,note_on,22,0,1,,,,,,,,,0,,,76,0
2088,note_on,2,0,1,,,,,,,,,0,,,78,72
2110,note_on,22,0,1,,,,,,,,,0,,,78,0
2112,note_on,2,0,1,,,,,,,,,0,,,75,76
2112,note_on,0,0,1,,,,,,,,,0,,,78,76
2134,note_on,22,0,1,,,,,,,,,0,,,75,0
2136,note_on,2,0,1,,,,,,,,,0,,,76,76
2158,note_on,0,0,1,,,,,,,,,0,,,78,0
2158,note_on,22,0,1,,,,,,,,,0,,,76,0
2160,note_on,2,0,1,,,,,,,,,0,,,80,84
2176,note_on,16,0,1,,,,,,,,,0,,,71,0
2176,note_on,160,0,2,,,,,,,,,1,,,62,0
2206,note_on,30,0,1,,,,,,,,,0,,,80,0
2208,note_on,32,0,2,,,,,,,,,1,,,61,75
2208,note_on,2,0,1,,,,,,,,,0,,,81,92
2302,note_on,94,0,1,,,,,,,,,0,,,81,0
2304,note_on,2,0,1,,,,,,,,,0,,,76,92
2352,note_on,144,0,2,,,,,,,,,1,,,57,0
2368,note_on,16,0,2,,,,,,,,,1,,,61,0
2398,note_on,94,0,1,,,,,,,,,0,,,76,0
2400,note_on,0,0,2,,,,,,,,,1,,,59,45
2400,note_on,2,0,1,,,,,,,,,0,,,68,60
2400,note_on,0,0,1,,,,,,,,,0,,,76,60
2400,note_on,32,0,2,,,,,,,,,1,,,57,45
2494,note_on,94,0,2,,,,,,,,,1,,,59,0
2494,note_on,94,0,1,,,,,,,,,0,,,68,0
2496,note_on,2,0,2,,,,,,,,,1,,,62,45
2496,note_on,2,0,1,,,,,,,,,0,,,71,60
2560,note_on,64,0,1,,,,,,,,,0,,,76,0
2560,note_on,64,0,2,,,,,,,,,1,,,57,0
2590,note_on,30,0,2,,,,,,,,,1,,,62,0
2590,note_on,30,0,1,,,,,,,,,0,,,71,0
2592,note_on,2,0,2,,,,,,,,,1,,,57,45
2592,note_on,0,0,2,,,,,,,,,1,,,59,45
2592,note_on,2,0,1,,,,,,,,,0,,,68,60
2592,note_on,0,0,1,,,,,,,,,0,,,76,60
2624,note_on,32,0,1,,,,,,,,,0,,,68,0
2624,note_on,0,0,1,,,,,,,,,0,,,76,0
2686,note_on,94,0,2,,,,,,,,,1,,,59,0
2688,note_on,64,0,1,,,,,,,,,0,,,71,60
2688,note_on,0,0,1,,,,,,,,,0,,,76,60
2688,note_on,2,0,2,,,,,,,,,1,,,62,45
2720,note_on,32,0,1,,,,,,,,,0,,,71,0
2720,note_on,0,0,1,,,,,,,,,0,,,76,0
2752,note_on,64,0,2,,,,,,,,,1,,,57,0
2782,note_on,30,0,2,,,,,,,,,1,,,62,0
2784,note_on,2,0,2,,,,,,,,,1,,,57,45
2784,note_on,0,0,2,,,,,,,,,1,,,61,45
2784,note_on,64,0,1,,,,,,,,,0,,,69,60
2944,note_on,160,0,2,,,,,,,,,1,,,57,0
2944,note_on,0,0,2,,,,,,,,,1,,,61,0
2944,note_on,160,0,1,,,,,,,,,0,,,69,0
3168,note_on,0,0,1,,,,,,,,,0,,,64,60
3168,control_change,224,0,2,,,,,,,,,1,91,84,,
3168,control_change,0,0,2,,,,,,,,,1,93,84,,
3168,set_tempo,0,1,0,571428,,,,,,,,,,,,
3168,set_tempo,3168,1,0,571428,,,,,,,,,,,,
3168,control_change,224,0,1,,,,,,,,,0,91,84,,
3168,control_change,0,0,1,,,,,,,,,0,93,84,,
3262,note_on,94,0,1,,,,,,,,,0,,,64,0
3264,note_on,2,0,1,,,,,,,,,0,,,69,60
3264,note_on,0,0,1,,,,,,,,,0,,,76,60
3264,note_on,96,0,2,,,,,,,,,1,,,57,60
3264,note_on,0,0,2,,,,,,,,,1,,,61,60
3406,note_on,142,0,2,,,,,,,,,1,,,61,0
3406,note_on,142,0,1,,,,,,,,,0,,,69,0
3408,note_on,2,0,1,,,,,,,,,0,,,68,60
3408,note_on,2,0,2,,,,,,,,,1,,,59,60
3424,note_on,16,0,1,,,,,,,,,0,,,76,0
3454,note_on,46,0,2,,,,,,,,,1,,,59,0
3454,note_on,30,0,1,,,,,,,,,0,,,68,0
3456,note_on,2,0,1,,,,,,,,,0,,,69,60
3456,note_on,2,0,2,,,,,,,,,1,,,61,60
3456,note_on,0,0,1,,,,,,,,,0,,,76,60
3488,note_on,32,0,2,,,,,,,,,1,,,61,0
3488,note_on,0,0,1,,,,,,,,,0,,,76,0
3488,note_on,32,0,1,,,,,,,,,0,,,69,0
3552,note_on,0,0,1,,,,,,,,,0,,,76,60
3552,note_on,64,0,1,,,,,,,,,0,,,73,60
3552,note_on,64,0,2,,,,,,,,,1,,,64,60
3584,note_on,0,0,1,,,,,,,,,0,,,76,0
3584,note_on,32,0,2,,,,,,,,,1,,,64,0
3584,note_on,32,0,1,,,,,,,,,0,,,73,0
3600,note_on,16,0,2,,,,,,,,,1,,,57,0
3648,note_on,48,0,2,,,,,,,,,1,,,57,60
3648,note_on,0,0,2,,,,,,,,,1,,,62,60
3648,note_on,0,0,1,,,,,,,,,0,,,76,60
3648,note_on,64,0,1,,,,,,,,,0,,,71,60
3670,note_on,22,0,1,,,,,,,,,0,,,76,0
3672,note_on,2,0,1,,,,,,,,,0,,,78,64
3694,note_on,22,0,1,,,,,,,,,0,,,78,0
3696,note_on,2,0,1,,,,,,,,,0,,,76,68
3718,note_on,22,0,1,,,,,,,,,0,,,76,0
3720,note_on,2,0,1,,,,,,,,,0,,,78,72
3742,note_on,22,0,1,,,,,,,,,0,,,78,0
3744,note_on,2,0,1,,,,,,,,,0,,,75,76
3744,note_on,0,0,1,,,,,,,,,0,,,78,76
3766,note_on,22,0,1,,,,,,,,,0,,,75,0
3768,note_on,2,0,1,,,,,,,,,0,,,76,76
3790,note_on,0,0,1,,,,,,,,,0,,,78,0
3790,note_on,22,0,1,,,,,,,,,0,,,76,0
3792,note_on,2,0,1,,,,,,,,,0,,,80,84
3808,note_on,160,0,2,,,,,,,,,1,,,62,0
3808,note_on,16,0,1,,,,,,,,,0,,,71,0
3838,note_on,30,0,1,,,,,,,,,0,,,80,0
3840,note_on,32,0,2,,,,,,,,,1,,,61,75
3840,note_on,2,0,1,,,,,,,,,0,,,81,92
3934,note_on,94,0,1,,,,,,,,,0,,,81,0
3936,note_on,2,0,1,,,,,,,,,0,,,76,92
3984,note_on,144,0,2,,,,,,,,,1,,,57,0
4000,note_on,16,0,2,,,,,,,,,1,,,61,0
4030,note_on,94,0,1,,,,,,,,,0,,,76,0
4032,note_on,32,0,2,,,,,,,,,1,,,57,45
4032,note_on,2,0,1,,,,,,,,,0,,,68,60
4032,note_on,0,0,1,,,,,,,,,0,,,76,60
4032,note_on,0,0,2,,,,,,,,,1,,,59,45
4126,note_on,94,0,1,,,,,,,,,0,,,68,0
4126,note_on,94,0,2,,,,,,,,,1,,,59,0
4128,note_on,2,0,1,,,,,,,,,0,,,71,60
4128,note_on,2,0,2,,,,,,,,,1,,,62,45
4192,note_on,64,0,1,,,,,,,,,0,,,76,0
4192,note_on,64,0,2,,,,,,,,,1,,,57,0
4222,note_on,30,0,2,,,,,,,,,1,,,62,0
4222,note_on,30,0,1,,,,,,,,,0,,,71,0
4224,note_on,0,0,1,,,,,,,,,0,,,76,60
4224,note_on,0,0,2,,,,,,,,,1,,,59,45
4224,note_on,2,0,2,,,,,,,,,1,,,57,45
4224,note_on,2,0,1,,,,,,,,,0,,,68,60
4256,note_on,32,0,1,,,,,,,,,0,,,68,0
4256,note_on,0,0,1,,,,,,,,,0,,,76,0
4318,note_on,94,0,2,,,,,,,,,1,,,59,0
4320,note_on,0,0,1,,,,,,,,,0,,,76,60
4320,note_on,64,0,1,,,,,,,,,0,,,71,60
4320,note_on,2,0,2,,,,,,,,,1,,,62,45
4352,note_on,0,0,1,,,,,,,,,0,,,76,0
4352,note_on,32,0,1,,,,,,,,,0,,,71,0
4384,note_on,64,0,2,,,,,,,,,1,,,57,0
4414,note_on,30,0,2,,,,,,,,,1,,,62,0
4416,note_on,2,0,2,,,,,,,,,1,,,57,45
4416,note_on,0,0,2,,,,,,,,,1,,,61,45
4416,note_on,64,0,1,,,,,,,,,0,,,69,60
4416,note_on,0,0,1,,,,,,,,,0,,,76,60
4462,note_on,46,0,1,,,,,,,,,0,,,76,0
4464,note_on,2,0,1,,,,,,,,,0,,,75,60
4510,note_on,94,0,2,,,,,,,,,1,,,57,0
4510,note_on,0,0,1,,,,,,,,,0,,,75,0
4510,note_on,46,0,1,,,,,,,,,0,,,69,0
4510,note_on,0,0,2,,,,,,,,,1,,,61,0
4512,note_on,2,0,1,,,,,,,,,0,,,76,60
4558,note_on,46,0,1,,,,,,,,,0,,,76,0
4560,note_on,2,0,1,,,,,,,,,0,,,78,60
4606,note_on,46,0,1,,,,,,,,,0,,,78,0
4608,note_on,2,0,1,,,,,,,,,0,,,76,60
4654,note_on,46,0,1,,,,,,,,,0,,,76,0
4656,note_on,146,0,2,,,,,,,,,1,,,66,45
4656,note_on,2,0,1,,,,,,,,,0,,,74,60
4702,note_on,46,0,2,,,,,,,,,1,,,66,0
4702,note_on,46,0,1,,,,,,,,,0,,,74,0
4704,note_on,2,0,2,,,,,,,,,1,,,64,45
4704,note_on,2,0,1,,,,,,,,,0,,,73,60
4750,note_on,46,0,2,,,,,,,,,1,,,64,0
4750,note_on,46,0,1,,,,,,,,,0,,,73,0
4752,note_on,2,0,1,,,,,,,,,0,,,71,60
4752,note_on,2,0,2,,,,,,,,,1,,,62,45
4798,note_on,46,0,2,,,,,,,,,1,,,62,0
4798,note_on,46,0,1,,,,,,,,,0,,,71,0
4800,note_on,0,0,2,,,,,,,,,1,,,61,45
4800,note_on,2,0,1,,,,,,,,,0,,,69,60
4800,note_on,0,0,1,,,,,,,,,0,,,76,60
4800,note_on,2,0,2,,,,,,,,,1,,,57,45
4942,note_on,142,0,1,,,,,,,,,0,,,69,0
4942,note_on,142,0,2,,,,,,,,,1,,,61,0
4944,note_on,2,0,1,,,,,,,,,0,,,68,60
4944,note_on,2,0,2,,,,,,,,,1,,,59,45
4960,note_on,16,0,1,,,,,,,,,0,,,76,0
4990,note_on,46,0,2,,,,,,,,,1,,,59,0
4990,note_on,30,0,1,,,,,,,,,0,,,68,0
4992,note_on,2,0,1,,,,,,,,,0,,,69,60
4992,note_on,2,0,2,,,,,,,,,1,,,61,45
4992,note_on,0,0,1,,,,,,,,,0,,,76,60
5024,note_on,32,0,1,,,,,,,,,0,,,69,0
5024,note_on,32,0,2,,,,,,,,,1,,,61,0
5024,note_on,0,0,1,,,,,,,,,0,,,76,0
5088,note_on,0,0,1,,,,,,,,,0,,,76,60
5088,note_on,64,0,1,,,,,,,,,0,,,73,60
5088,note_on,64,0,2,,,,,,,,,1,,,64,45
5120,note_on,32,0,1,,,,,,,,,0,,,73,0
5120,note_on,32,0,2,,,,,,,,,1,,,64,0
5120,note_on,0,0,1,,,,,,,,,0,,,76,0
5136,note_on,16,0,2,,,,,,,,,1,,,57,0
5184,note_on,48,0,2,,,,,,,,,1,,,57,45
5184,note_on,0,0,2,,,,,,,,,1,,,62,45
5184,note_on,0,0,1,,,,,,,,,0,,,76,60
5184,note_on,64,0,1,,,,,,,,,0,,,71,60
5206,note_on,22,0,1,,,,,,,,,0,,,76,0
5208,note_on,2,0,1,,,,,,,,,0,,,78,64
5230,note_on,22,0,1,,,,,,,,,0,,,78,0
5232,note_on,2,0,1,,,,,,,,,0,,,76,68
5254,note_on,22,0,1,,,,,,,,,0,,,76,0
5256,note_on,2,0,1,,,,,,,,,0,,,78,72
5278,note_on,22,0,1,,,,,,,,,0,,,78,0
5280,note_on,2,0,1,,,,,,,,,0,,,75,76
5280,note_on,0,0,1,,,,,,,,,0,,,78,76
5302,note_on,22,0,1,,,,,,,,,0,,,75,0
5304,note_on,2,0,1,,,,,,,,,0,,,76,76
5326,note_on,22,0,1,,,,,,,,,0,,,76,0
5326,note_on,0,0,1,,,,,,,,,0,,,78,0
5328,note_on,2,0,1,,,,,,,,,0,,,80,84
5344,note_on,16,0,1,,,,,,,,,0,,,71,0
5344,note_on,160,0,2,,,,,,,,,1,,,62,0
5374,note_on,30,0,1,,,,,,,,,0,,,80,0
5376,note_on,32,0,2,,,,,,,,,1,,,61,75
5376,note_on,2,0,1,,,,,,,,,0,,,81,92
5470,note_on,94,0,1,,,,,,,,,0,,,81,0
5472,note_on,2,0,1,,,,,,,,,0,,,76,92
5520,note_on,144,0,2,,,,,,,,,1,,,57,0
5536,note_on,16,0,2,,,,,,,,,1,,,61,0
5566,note_on,94,0,1,,,,,,,,,0,,,76,0
5568,note_on,32,0,2,,,,,,,,,1,,,57,45
5568,note_on,0,0,2,,,,,,,,,1,,,59,45
5568,note_on,0,0,1,,,,,,,,,0,,,76,60
5568,note_on,2,0,1,,,,,,,,,0,,,68,60
5662,note_on,94,0,1,,,,,,,,,0,,,68,0
5662,note_on,94,0,2,,,,,,,,,1,,,59,0
5664,note_on,2,0,1,,,,,,,,,0,,,71,60
5664,note_on,2,0,2,,,,,,,,,1,,,62,45
5728,note_on,64,0,1,,,,,,,,,0,,,76,0
5728,note_on,64,0,2,,,,,,,,,1,,,57,0
5758,note_on,30,0,1,,,,,,,,,0,,,71,0
5758,note_on,30,0,2,,,,,,,,,1,,,62,0
5760,note_on,0,0,1,,,,,,,,,0,,,76,60
5760,note_on,2,0,1,,,,,,,,,0,,,68,60
5760,note_on,2,0,2,,,,,,,,,1,,,57,45
5760,note_on,0,0,2,,,,,,,,,1,,,59,45
5792,note_on,0,0,1,,,,,,,,,0,,,76,0
5792,note_on,32,0,1,,,,,,,,,0,,,68,0
5854,note_on,94,0,2,,,,,,,,,1,,,59,0
5856,note_on,64,0,1,,,,,,,,,0,,,71,60
5856,note_on,0,0,1,,,,,,,,,0,,,76,60
5856,note_on,2,0,2,,,,,,,,,1,,,62,45
5888,note_on,0,0,1,,,,,,,,,0,,,76,0
5888,note_on,32,0,1,,,,,,,,,0,,,71,0
5920,note_on,64,0,2,,,,,,,,,1,,,57,0
5950,note_on,30,0,2,,,,,,,,,1,,,62,0
5952,note_on,64,0,1,,,,,,,,,0,,,69,60
5952,note_on,0,0,2,,,,,,,,,1,,,61,45
5952,note_on,2,0,2,,,,,,,,,1,,,57,45
6112,note_on,160,0,1,,,,,,,,,0,,,69,0
6112,note_on,160,0,2,,,,,,,,,1,,,57,0
6112,note_on,0,0,2,,,,,,,,,1,,,61,0
6336,note_on,224,0,1,,,,,,,,,0,,,76,60
6430,note_on,94,0,1,,,,,,,,,0,,,76,0
6432,note_on,0,0,2,,,,,,,,,1,,,59,45
6432,note_on,2,0,1,,,,,,,,,0,,,68,60
6432,note_on,0,0,1,,,,,,,,,0,,,74,60
6432,note_on,320,0,2,,,,,,,,,1,,,52,45
6574,note_on,142,0,1,,,,,,,,,0,,,74,0
6574,note_on,142,0,2,,,,,,,,,1,,,59,0
6576,note_on,2,0,2,,,,,,,,,1,,,59,45
6576,note_on,2,0,1,,,,,,,,,0,,,76,60
6622,note_on,46,0,2,,,,,,,,,1,,,59,0
6622,note_on,46,0,1,,,,,,,,,0,,,76,0
6624,note_on,2,0,2,,,,,,,,,1,,,57,45
6624,note_on,2,0,1,,,,,,,,,0,,,74,60
6688,note_on,64,0,1,,,,,,,,,0,,,68,0
6718,note_on,94,0,2,,,,,,,,,1,,,57,0
6718,note_on,30,0,1,,,,,,,,,0,,,74,0
6720,note_on,2,0,1,,,,,,,,,0,,,69,60
6720,note_on,0,0,1,,,,,,,,,0,,,73,60
6720,note_on,2,0,2,,,,,,,,,1,,,56,45
6768,note_on,48,0,2,,,,,,,,,1,,,52,0
6814,note_on,94,0,1,,,,,,,,,0,,,69,0
6814,note_on,46,0,2,,,,,,,,,1,,,56,0
6814,note_on,0,0,1,,,,,,,,,0,,,73,0
6816,note_on,2,0,2,,,,,,,,,1,,,52,45
6816,note_on,0,0,2,,,,,,,,,1,,,62,45
6816,note_on,2,0,1,,,,,,,,,0,,,68,60
6816,note_on,0,0,1,,,,,,,,,0,,,71,60
6958,note_on,142,0,2,,,,,,,,,1,,,62,0
6958,note_on,142,0,1,,,,,,,,,0,,,71,0
6960,note_on,2,0,1,,,,,,,,,0,,,73,60
6960,note_on,2,0,2,,,,,,,,,1,,,64,45
7006,note_on,46,0,1,,,,,,,,,0,,,73,0
7006,note_on,46,0,2,,,,,,,,,1,,,64,0
7008,note_on,2,0,2,,,,,,,,,1,,,62,45
7008,note_on,2,0,1,,,,,,,,,0,,,71,60
7072,note_on,64,0,1,,,,,,,,,0,,,68,0
7102,note_on,30,0,1,,,,,,,,,0,,,71,0
7102,note_on,94,0,2,,,,,,,,,1,,,62,0
7104,note_on,2,0,1,,,,,,,,,0,,,64,60
7104,note_on,0,0,1,,,,,,,,,0,,,69,60
7104,note_on,2,0,2,,,,,,,,,1,,,61,45
7152,note_on,48,0,2,,,,,,,,,1,,,52,0
7198,note_on,94,0,1,,,,,,,,,0,,,64,0
7198,note_on,0,0,1,,,,,,,,,0,,,69,0
7198,note_on,46,0,2,,,,,,,,,1,,,61,0
7200,note_on,2,0,2,,,,,,,,,1,,,52,45
7200,note_on,2,0,1,,,,,,,,,0,,,68,60
7200,note_on,0,0,1,,,,,,,,,0,,,76,60
7200,note_on,0,0,2,,,,,,,,,1,,,59,63
7246,note_on,46,0,1,,,,,,,,,0,,,76,0
7248,note_on,2,0,1,,,,,,,,,0,,,74,60
7294,note_on,94,0,2,,,,,,,,,1,,,59,0
7294,note_on,0,0,1,,,,,,,,,0,,,74,0
7294,note_on,46,0,1,,,,,,,,,0,,,68,0
7296,note_on,0,0,1,,,,,,,,,0,,,73,60
7296,note_on,2,0,2,,,,,,,,,1,,,57,45
7296,note_on,2,0,1,,,,,,,,,0,,,69,60
7328,note_on,32,0,1,,,,,,,,,0,,,69,0
7328,note_on,0,0,1,,,,,,,,,0,,,73,0
7360,note_on,64,0,2,,,,,,,,,1,,,52,0
7390,note_on,30,0,2,,,,,,,,,1,,,57,0
7392,note_on,64,0,1,,,,,,,,,0,,,68,60
7392,note_on,0,0,2,,,,,,,,,1,,,59,63
7392,note_on,2,0,2,,,,,,,,,1,,,52,45
7392,note_on,0,0,1,,,,,,,,,0,,,76,60
7438,note_on,46,0,1,,,,,,,,,0,,,76,0
7440,note_on,2,0,1,,,,,,,,,0,,,74,60
7486,note_on,46,0,1,,,,,,,,,0,,,68,0
7486,note_on,0,0,1,,,,,,,,,0,,,74,0
7486,note_on,94,0,2,,,,,,,,,1,,,59,0
7488,note_on,0,0,1,,,,,,,,,0,,,73,60
7488,note_on,2,0,1,,,,,,,,,0,,,69,60
7488,note_on,2,0,2,,,,,,,,,1,,,57,45
7520,note_on,32,0,1,,,,,,,,,0,,,69,0
7520,note_on,32,0,2,,,,,,,,,1,,,57,0
7520,note_on,0,0,1,,,,,,,,,0,,,73,0
7552,note_on,32,0,2,,,,,,,,,1,,,52,0
7584,note_on,64,0,1,,,,,,,,,0,,,68,60
7584,note_on,32,0,2,,,,,,,,,1,,,52,45
7584,note_on,0,0,2,,,,,,,,,1,,,64,45
7584,note_on,0,0,1,,,,,,,,,0,,,71,60
7632,note_on,48,0,2,,,,,,,,,1,,,52,0
7632,note_on,0,0,2,,,,,,,,,1,,,64,0
7632,note_on,0,0,2,,,,,,,,,1,,,63,45
7680,note_on,0,0,2,,,,,,,,,1,,,64,45
7680,note_on,48,0,2,,,,,,,,,1,,,63,0
7728,note_on,0,0,2,,,,,,,,,1,,,66,45
7728,note_on,48,0,2,,,,,,,,,1,,,64,0
7776,note_on,0,0,1,,,,,,,,,0,,,71,0
7776,note_on,0,0,2,,,,,,,,,1,,,64,45
7776,note_on,192,0,1,,,,,,,,,0,,,68,0
7776,note_on,0,0,1,,,,,,,,,0,,,68,60
7776,note_on,0,0,1,,,,,,,,,0,,,71,60
7776,note_on,48,0,2,,,,,,,,,1,,,66,0
7822,note_on,46,0,1,,,,,,,,,0,,,68,0
7822,note_on,0,0,1,,,,,,,,,0,,,71,0
7824,note_on,0,0,2,,,,,,,,,1,,,62,45
7824,note_on,2,0,1,,,,,,,,,0,,,64,60
7824,note_on,48,0,2,,,,,,,,,1,,,64,0
7870,note_on,46,0,1,,,,,,,,,0,,,64,0
7872,note_on,48,0,2,,,,,,,,,1,,,62,0
7872,note_on,2,0,1,,,,,,,,,0,,,66,60
7872,note_on,0,0,2,,,,,,,,,1,,,61,45
7918,note_on,46,0,1,,,,,,,,,0,,,66,0
7920,note_on,2,0,1,,,,,,,,,0,,,68,60
7920,note_on,48,0,2,,,,,,,,,1,,,61,0
7920,note_on,0,0,2,,,,,,,,,1,,,59,45
7966,note_on,46,0,2,,,,,,,,,1,,,59,0
7966,note_on,46,0,1,,,,,,,,,0,,,68,0
7968,note_on,2,0,1,,,,,,,,,0,,,69,60
7968,note_on,0,0,1,,,,,,,,,0,,,76,60
7968,note_on,2,0,2,,,,,,,,,1,,,57,45
7968,note_on,0,0,2,,,,,,,,,1,,,61,45
8110,note_on,142,0,1,,,,,,,,,0,,,69,0
8110,note_on,142,0,2,,,,,,,,,1,,,61,0
8112,note_on,2,0,2,,,,,,,,,1,,,59,45
8112,note_on,2,0,1,,,,,,,,,0,,,68,60
8128,note_on,16,0,1,,,,,,,,,0,,,76,0
8158,note_on,30,0,1,,,,,,,,,0,,,68,0
8158,note_on,46,0,2,,,,,,,,,1,,,59,0
8160,note_on,2,0,2,,,,,,,,,1,,,61,45
8160,note_on,2,0,1,,,,,,,,,0,,,69,60
8160,note_on,0,0,1,,,,,,,,,0,,,76,60
8192,note_on,32,0,1,,,,,,,,,0,,,69,0
8192,note_on,32,0,2,,,,,,,,,1,,,61,0
8192,note_on,0,0,1,,,,,,,,,0,,,76,0
8256,note_on,64,0,2,,,,,,,,,1,,,64,45
8256,note_on,64,0,1,,,,,,,,,0,,,73,60
8256,note_on,0,0,1,,,,,,,,,0,,,76,60
8288,note_on,32,0,2,,,,,,,,,1,,,64,0
8288,note_on,32,0,1,,,,,,,,,0,,,73,0
8288,note_on,0,0,1,,,,,,,,,0,,,76,0
8304,note_on,16,0,2,,,,,,,,,1,,,57,0
8352,note_on,0,0,1,,,,,,,,,0,,,76,60
8352,note_on,64,0,1,,,,,,,,,0,,,71,60
8352,note_on,0,0,2,,,,,,,,,1,,,62,45
8352,note_on,48,0,2,,,,,,,,,1,,,57,45
8374,note_on,22,0,1,,,,,,,,,0,,,76,0
8376,note_on,2,0,1,,,,,,,,,0,,,78,64
8398,note_on,22,0,1,,,,,,,,,0,,,78,0
8400,note_on,2,0,1,,,,,,,,,0,,,76,68
8422,note_on,22,0,1,,,,,,,,,0,,,76,0
8424,note_on,2,0,1,,,,,,,,,0,,,78,72
8446,note_on,22,0,1,,,,,,,,,0,,,78,0
8448,note_on,0,0,1,,,,,,,,,0,,,78,76
8448,note_on,2,0,1,,,,,,,,,0,,,75,76
8470,note_on,22,0,1,,,,,,,,,0,,,75,0
8472,note_on,2,0,1,,,,,,,,,0,,,76,76
8494,note_on,0,0,1,,,,,,,,,0,,,78,0
8494,note_on,22,0,1,,,,,,,,,0,,,76,0
8496,note_on,2,0,1,,,,,,,,,0,,,80,84
8512,note_on,16,0,1,,,,,,,,,0,,,71,0
8512,note_on,160,0,2,,,,,,,,,1,,,62,0
8542,note_on,30,0,1,,,,,,,,,0,,,80,0
8544,note_on,2,0,1,,,,,,,,,0,,,81,92
8544,note_on,32,0,2,,,,,,,,,1,,,61,75
8638,note_on,94,0,1,,,,,,,,,0,,,81,0
8640,note_on,2,0,1,,,,,,,,,0,,,76,92
8688,note_on,144,0,2,,,,,,,,,1,,,57,0
8704,note_on,16,0,2,,,,,,,,,1,,,61,0
8734,note_on,94,0,1,,,,,,,,,0,,,76,0
8736,note_on,0,0,2,,,,,,,,,1,,,59,45
8736,note_on,32,0,2,,,,,,,,,1,,,57,45
8736,note_on,2,0,1,,,,,,,,,0,,,68,60
8736,note_on,0,0,1,,,,,,,,,0,,,76,60
8830,note_on,94,0,2,,,,,,,,,1,,,59,0
8830,note_on,94,0,1,,,,,,,,,0,,,68,0
8832,note_on,2,0,1,,,,,,,,,0,,,71,60
8832,note_on,2,0,2,,,,,,,,,1,,,62,45
8896,note_on,64,0,1,,,,,,,,,0,,,76,0
8896,note_on,64,0,2,,,,,,,,,1,,,57,0
8926,note_on,30,0,1,,,,,,,,,0,,,71,0
8926,note_on,30,0,2,,,,,,,,,1,,,62,0
8928,note_on,2,0,1,,,,,,,,,0,,,68,60
8928,note_on,0,0,1,,,,,,,,,0,,,76,60
8928,note_on,0,0,2,,,,,,,,,1,,,59,45
8928,note_on,2,0,2,,,,,,,,,1,,,57,45
8960,note_on,32,0,1,,,,,,,,,0,,,68,0
8960,note_on,0,0,1,,,,,,,,,0,,,76,0
9022,note_on,94,0,2,,,,,,,,,1,,,59,0
9024,note_on,64,0,1,,,,,,,,,0,,,71,60
9024,note_on,0,0,1,,,,,,,,,0,,,76,60
9024,note_on,2,0,2,,,,,,,,,1,,,62,45
9056,note_on,0,0,1,,,,,,,,,0,,,76,0
9056,note_on,32,0,1,,,,,,,,,0,,,71,0
9088,note_on,64,0,2,,,,,,,,,1,,,57,0
9118,note_on,30,0,2,,,,,,,,,1,,,62,0
9120,note_on,2,0,2,,,,,,,,,1,,,57,45
9120,note_on,64,0,1,,,,,,,,,0,,,69,60
9120,note_on,0,0,2,,,,,,,,,1,,,61,45
9280,note_on,160,0,2,,,,,,,,,1,,,57,0
9280,note_on,0,0,2,,,,,,,,,1,,,61,0
9280,note_on,160,0,1,,,,,,,,,0,,,69,0
9504,note_on,224,0,1,,,,,,,,,0,,,76,60
9598,note_on,94,0,1,,,,,,,,,0,,,76,0
9600,note_on,2,0,1,,,,,,,,,0,,,68,60
9600,note_on,0,0,1,,,,,,,,,0,,,74,60
9600,note_on,0,0,2,,,,,,,,,1,,,59,45
9600,note_on,320,0,2,,,,,,,,,1,,,52,45
9742,note_on,142,0,1,,,,,,,,,0,,,74,0
9742,note_on,142,0,2,,,,,,,,,1,,,59,0
9744,note_on,2,0,2,,,,,,,,,1,,,59,45
9744,note_on,2,0,1,,,,,,,,,0,,,76,60
9790,note_on,46,0,2,,,,,,,,,1,,,59,0
9790,note_on,46,0,1,,,,,,,,,0,,,76,0
9792,note_on,2,0,1,,,,,,,,,0,,,74,60
9792,note_on,2,0,2,,,,,,,,,1,,,57,45
9856,note_on,64,0,1,,,,,,,,,0,,,68,0
9886,note_on,94,0,2,,,,,,,,,1,,,57,0
9886,note_on,30,0,1,,,,,,,,,0,,,74,0
9888,note_on,0,0,1,,,,,,,,,0,,,73,60
9888,note_on,2,0,1,,,,,,,,,0,,,69,60
9888,note_on,2,0,2,,,,,,,,,1,,,56,45
9936,note_on,48,0,2,,,,,,,,,1,,,52,0
9982,note_on,46,0,2,,,,,,,,,1,,,56,0
9982,note_on,94,0,1,,,,,,,,,0,,,69,0
9982,note_on,0,0,1,,,,,,,,,0,,,73,0
9984,note_on,2,0,2,,,,,,,,,1,,,52,45
9984,note_on,0,0,1,,,,,,,,,0,,,71,60
9984,note_on,2,0,1,,,,,,,,,0,,,68,60
9984,note_on,0,0,2,,,,,,,,,1,,,62,45
10126,note_on,142,0,2,,,,,,,,,1,,,62,0
10126,note_on,142,0,1,,,,,,,,,0,,,71,0
10128,note_on,2,0,2,,,,,,,,,1,,,64,45
10128,note_on,2,0,1,,,,,,,,,0,,,73,60
10174,note_on,46,0,1,,,,,,,,,0,,,73,0
10174,note_on,46,0,2,,,,,,,,,1,,,64,0
10176,note_on,2,0,1,,,,,,,,,0,,,71,60
10176,note_on,2,0,2,,,,,,,,,1,,,62,45
10240,note_on,64,0,1,,,,,,,,,0,,,68,0
10270,note_on,30,0,1,,,,,,,,,0,,,71,0
10270,note_on,94,0,2,,,,,,,,,1,,,62,0
10272,note_on,2,0,1,,,,,,,,,0,,,64,60
10272,note_on,0,0,1,,,,,,,,,0,,,69,60
10272,note_on,2,0,2,,,,,,,,,1,,,61,45
10320,note_on,48,0,2,,,,,,,,,1,,,52,0
10366,note_on,94,0,1,,,,,,,,,0,,,64,0
10366,note_on,46,0,2,,,,,,,,,1,,,61,0
10366,note_on,0,0,1,,,,,,,,,0,,,69,0
10368,note_on,0,0,2,,,,,,,,,1,,,59,63
10368,note_on,2,0,2,,,,,,,,,1,,,52,45
10368,note_on,0,0,1,,,,,,,,,0,,,76,60
10368,note_on,2,0,1,,,,,,,,,0,,,68,60
10414,note_on,46,0,1,,,,,,,,,0,,,76,0
10416,note_on,2,0,1,,,,,,,,,0,,,74,60
10462,note_on,0,0,1,,,,,,,,,0,,,74,0
10462,note_on,46,0,1,,,,,,,,,0,,,68,0
10462,note_on,94,0,2,,,,,,,,,1,,,59,0
10464,note_on,2,0,1,,,,,,,,,0,,,69,60
10464,note_on,2,0,2,,,,,,,,,1,,,57,45
10464,note_on,0,0,1,,,,,,,,,0,,,73,60
10496,note_on,32,0,1,,,,,,,,,0,,,69,0
10496,note_on,0,0,1,,,,,,,,,0,,,73,0
10528,note_on,64,0,2,,,,,,,,,1,,,52,0
10558,note_on,30,0,2,,,,,,,,,1,,,57,0
10560,note_on,0,0,2,,,,,,,,,1,,,59,63
10560,note_on,2,0,2,,,,,,,,,1,,,52,45
10560,note_on,64,0,1,,,,,,,,,0,,,68,60
10560,note_on,0,0,1,,,,,,,,,0,,,76,60
10606,note_on,46,0,1,,,,,,,,,0,,,76,0
10608,note_on,2,0,1,,,,,,,,,0,,,74,60
10654,note_on,0,0,1,,,,,,,,,0,,,74,0
10654,note_on,46,0,1,,,,,,,,,0,,,68,0
10654,note_on,94,0,2,,,,,,,,,1,,,59,0
10656,note_on,2,0,2,,,,,,,,,1,,,57,45
10656,note_on,2,0,1,,,,,,,,,0,,,69,60
10656,note_on,0,0,1,,,,,,,,,0,,,73,60
10688,note_on,32,0,1,,,,,,,,,0,,,69,0
10688,note_on,0,0,1,,,,,,,,,0,,,73,0
10688,note_on,32,0,2,,,,,,,,,1,,,57,0
10720,note_on,32,0,2,,,,,,,,,1,,,52,0
10752,note_on,0,0,2,,,,,,,,,1,,,64,45
10752,note_on,32,0,2,,,,,,,,,1,,,52,45
10752,note_on,64,0,1,,,,,,,,,0,,,68,60
10752,note_on,0,0,1,,,,,,,,,0,,,71,60
10800,note_on,48,0,2,,,,,,,,,1,,,52,0
10800,note_on,0,0,2,,,,,,,,,1,,,64,0
10800,note_on,0,0,2,,,,,,,,,1,,,63,45
10848,note_on,0,0,2,,,,,,,,,1,,,64,45
10848,note_on,48,0,2,,,,,,,,,1,,,63,0
10896,note_on,48,0,2,,,,,,,,,1,,,64,0
10896,note_on,0,0,2,,,,,,,,,1,,,66,45
10944,note_on,0,0,2,,,,,,,,,1,,,64,45
10944,note_on,0,0,1,,,,,,,,,0,,,71,60
10944,note_on,0,0,1,,,,,,,,,0,,,68,60
10944,note_on,0,0,1,,,,,,,,,0,,,71,0
10944,note_on,192,0,1,,,,,,,,,0,,,68,0
10944,note_on,48,0,2,,,,,,,,,1,,,66,0
10990,note_on,46,0,1,,,,,,,,,0,,,68,0
10990,note_on,0,0,1,,,,,,,,,0,,,71,0
10992,note_on,0,0,2,,,,,,,,,1,,,62,45
10992,note_on,2,0,1,,,,,,,,,0,,,64,60
10992,note_on,48,0,2,,,,,,,,,1,,,64,0
11038,note_on,46,0,1,,,,,,,,,0,,,64,0
11040,note_on,0,0,2,,,,,,,,,1,,,61,45
11040,note_on,48,0,2,,,,,,,,,1,,,62,0
11040,note_on,2,0,1,,,,,,,,,0,,,66,60
11086,note_on,46,0,1,,,,,,,,,0,,,66,0
11088,note_on,0,0,2,,,,,,,,,1,,,59,45
11088,note_on,48,0,2,,,,,,,,,1,,,61,0
11088,note_on,2,0,1,,,,,,,,,0,,,68,60
11134,note_on,46,0,2,,,,,,,,,1,,,59,0
11134,note_on,46,0,1,,,,,,,,,0,,,68,0
11136,note_on,0,0,1,,,,,,,,,0,,,76,60
11136,note_on,0,0,2,,,,,,,,,1,,,61,45
11136,note_on,2,0,2,,,,,,,,,1,,,57,45
11136,note_on,2,0,1,,,,,,,,,0,,,69,60
11278,note_on,142,0,1,,,,,,,,,0,,,69,0
11278,note_on,142,0,2,,,,,,,,,1,,,61,0
11280,note_on,2,0,1,,,,,,,,,0,,,68,60
11280,note_on,2,0,2,,,,,,,,,1,,,59,45
11296,note_on,16,0,1,,,,,,,,,0,,,76,0
11326,note_on,30,0,1,,,,,,,,,0,,,68,0
11326,note_on,46,0,2,,,,,,,,,1,,,59,0
11328,note_on,2,0,1,,,,,,,,,0,,,69,60
11328,note_on,0,0,1,,,,,,,,,0,,,76,60
11328,note_on,2,0,2,,,,,,,,,1,,,61,45
11360,note_on,0,0,1,,,,,,,,,0,,,76,0
11360,note_on,32,0,1,,,,,,,,,0,,,69,0
11360,note_on,32,0,2,,,,,,,,,1,,,61,0
11424,note_on,0,0,1,,,,,,,,,0,,,76,60
11424,note_on,64,0,1,,,,,,,,,0,,,73,60
11424,note_on,64,0,2,,,,,,,,,1,,,64,45
11456,note_on,0,0,1,,,,,,,,,0,,,76,0
11456,note_on,32,0,1,,,,,,,,,0,,,73,0
11456,note_on,32,0,2,,,,,,,,,1,,,64,0
11472,note_on,16,0,2,,,,,,,,,1,,,57,0
11520,note_on,0,0,2,,,,,,,,,1,,,62,45
11520,note_on,64,0,1,,,,,,,,,0,,,71,60
11520,note_on,0,0,1,,,,,,,,,0,,,76,60
11520,note_on,48,0,2,,,,,,,,,1,,,57,45
11542,note_on,22,0,1,,,,,,,,,0,,,76,0
11544,note_on,2,0,1,,,,,,,,,0,,,78,64
11566,note_on,22,0,1,,,,,,,,,0,,,78,0
11568,note_on,2,0,1,,,,,,,,,0,,,76,68
11590,note_on,22,0,1,,,,,,,,,0,,,76,0
11592,note_on,2,0,1,,,,,,,,,0,,,78,72
11614,note_on,22,0,1,,,,,,,,,0,,,78,0
11616,note_on,0,0,1,,,,,,,,,0,,,78,76
11616,note_on,2,0,1,,,,,,,,,0,,,75,76
11638,note_on,22,0,1,,,,,,,,,0,,,75,0
11640,note_on,2,0,1,,,,,,,,,0,,,76,76
11662,note_on,0,0,1,,,,,,,,,0,,,78,0
11662,note_on,22,0,1,,,,,,,,,0,,,76,0
11664,note_on,2,0,1,,,,,,,,,0,,,80,84
11680,note_on,16,0,1,,,,,,,,,0,,,71,0
11680,note_on,160,0,2,,,,,,,,,1,,,62,0
11710,note_on,30,0,1,,,,,,,,,0,,,80,0
11712,note_on,32,0,2,,,,,,,,,1,,,61,75
11712,note_on,2,0,1,,,,,,,,,0,,,81,92
11806,note_on,94,0,1,,,,,,,,,0,,,81,0
11808,note_on,2,0,1,,,,,,,,,0,,,76,92
11856,note_on,144,0,2,,,,,,,,,1,,,57,0
11872,note_on,16,0,2,,,,,,,,,1,,,61,0
11902,note_on,94,0,1,,,,,,,,,0,,,76,0
11904,note_on,32,0,2,,,,,,,,,1,,,57,45
11904,note_on,0,0,2,,,,,,,,,1,,,59,45
11904,note_on,0,0,1,,,,,,,,,0,,,76,60
11904,note_on,2,0,1,,,,,,,,,0,,,68,60
11998,note_on,94,0,1,,,,,,,,,0,,,68,0
11998,note_on,94,0,2,,,,,,,,,1,,,59,0
12000,note_on,2,0,2,,,,,,,,,1,,,62,45
12000,note_on,2,0,1,,,,,,,,,0,,,71,60
12064,note_on,64,0,2,,,,,,,,,1,,,57,0
12064,note_on,64,0,1,,,,,,,,,0,,,76,0
12094,note_on,30,0,2,,,,,,,,,1,,,62,0
12094,note_on,30,0,1,,,,,,,,,0,,,71,0
12096,note_on,2,0,2,,,,,,,,,1,,,57,45
12096,note_on,2,0,1,,,,,,,,,0,,,68,60
12096,note_on,0,0,1,,,,,,,,,0,,,76,60
12096,note_on,0,0,2,,,,,,,,,1,,,59,45
12128,note_on,0,0,1,,,,,,,,,0,,,76,0
12128,note_on,32,0,1,,,,,,,,,0,,,68,0
12190,note_on,94,0,2,,,,,,,,,1,,,59,0
12192,note_on,0,0,1,,,,,,,,,0,,,76,60
12192,note_on,64,0,1,,,,,,,,,0,,,71,60
12192,note_on,2,0,2,,,,,,,,,1,,,62,45
12224,note_on,0,0,1,,,,,,,,,0,,,76,0
12224,note_on,32,0,1,,,,,,,,,0,,,71,0
12256,note_on,64,0,2,,,,,,,,,1,,,57,0
12286,note_on,30,0,2,,,,,,,,,1,,,62,0
12288,note_on,2,0,2,,,,,,,,,1,,,57,45
12288,note_on,64,0,1,,,,,,,,,0,,,69,60
12288,note_on,0,0,2,,,,,,,,,1,,,61,45
12448,note_on,160,0,1,,,,,,,,,0,,,69,0
12448,note_on,0,0,2,,,,,,,,,1,,,61,0
12448,note_on,160,0,2,,,,,,,,,1,,,57,0
12672,note_on,224,0,1,,,,,,,,,0,,,69,45
12672,note_on,224,0,2,,,,,,,,,1,,,57,60
12672,note_on,0,0,2,,,,,,,,,1,,,61,60
12832,note_on,160,0,2,,,,,,,,,1,,,57,0
12832,note_on,0,0,2,,,,,,,,,1,,,61,0
12832,note_on,160,0,1,,,,,,,,,0,,,69,0
12864,note_on,32,0,2,,,,,,,,,1,,,45,60
12912,note_on,80,0,1,,,,,,,,,0,,,52,45
12958,note_on,46,0,1,,,,,,,,,0,,,52,0
12960,note_on,2,0,1,,,,,,,,,0,,,57,45
12960,note_on,0,0,1,,,,,,,,,0,,,60,45
13006,note_on,46,0,1,,,,,,,,,0,,,57,0
13006,note_on,0,0,1,,,,,,,,,0,,,60,0
13008,note_on,2,0,1,,,,,,,,,0,,,57,45
13008,note_on,0,0,1,,,,,,,,,0,,,60,45
13024,note_on,160,0,2,,,,,,,,,1,,,45,0
13040,note_on,32,0,1,,,,,,,,,0,,,57,0
13040,note_on,0,0,1,,,,,,,,,0,,,60,0
13056,note_on,32,0,2,,,,,,,,,1,,,40,60
13056,key_signature,9888,1,0,,,,,,C,,,,,,,
13104,note_on,64,0,1,,,,,,,,,0,,,52,45
13152,note_on,48,0,1,,,,,,,,,0,,,52,0
13152,note_on,0,0,1,,,,,,,,,0,,,56,45
13152,note_on,0,0,1,,,,,,,,,0,,,59,45
13198,note_on,46,0,1,,,,,,,,,0,,,56,0
13198,note_on,0,0,1,,,,,,,,,0,,,59,0
13200,note_on,0,0,1,,,,,,,,,0,,,59,45
13200,note_on,2,0,1,,,,,,,,,0,,,56,45
13232,note_on,0,0,1,,,,,,,,,0,,,59,0
13232,note_on,32,0,1,,,,,,,,,0,,,56,0
13248,note_on,0,0,2,,,,,,,,,1,,,33,60
13248,note_on,192,0,2,,,,,,,,,1,,,40,0
13296,note_on,64,0,1,,,,,,,,,0,,,52,45
13344,note_on,48,0,1,,,,,,,,,0,,,52,0
13344,note_on,0,0,1,,,,,,,,,0,,,55,45
13344,note_on,0,0,1,,,,,,,,,0,,,57,45
13344,note_on,0,0,1,,,,,,,,,0,,,61,45
13390,note_on,46,0,1,,,,,,,,,0,,,55,0
13390,note_on,0,0,1,,,,,,,,,0,,,57,0
13390,note_on,0,0,1,,,,,,,,,0,,,61,0
13392,note_on,2,0,1,,,,,,,,,0,,,55,45
13392,note_on,0,0,1,,,,,,,,,0,,,57,45
13392,note_on,0,0,1,,,,,,,,,0,,,61,45
13424,note_on,0,0,1,,,,,,,,,0,,,61,0
13424,note_on,32,0,1,,,,,,,,,0,,,55,0
13424,note_on,0,0,1,,,,,,,,,0,,,57,0
13440,note_on,192,0,2,,,,,,,,,1,,,33,0
13440,note_on,0,0,2,,,,,,,,,1,,,38,60
13488,note_on,64,0,1,,,,,,,,,0,,,53,45
13536,note_on,0,0,1,,,,,,,,,0,,,62,45
13536,note_on,48,0,1,,,,,,,,,0,,,53,0
13536,note_on,0,0,1,,,,,,,,,0,,,57,45
13582,note_on,46,0,1,,,,,,,,,0,,,57,0
13582,note_on,0,0,1,,,,,,,,,0,,,62,0
13584,note_on,2,0,1,,,,,,,,,0,,,57,45
13584,note_on,0,0,1,,,,,,,,,0,,,62,45
13616,note_on,32,0,1,,,,,,,,,0,,,57,0
13616,note_on,0,0,1,,,,,,,,,0,,,62,0
13632,note_on,0,0,2,,,,,,,,,1,,,45,60
13632,note_on,192,0,2,,,,,,,,,1,,,38,0
13680,note_on,64,0,1,,,,,,,,,0,,,57,45
13728,note_on,48,0,1,,,,,,,,,0,,,57,0
13728,note_on,0,0,1,,,,,,,,,0,,,64,45
13728,note_on,0,0,1,,,,,,,,,0,,,61,45
13774,note_on,46,0,1,,,,,,,,,0,,,61,0
13774,note_on,0,0,1,,,,,,,,,0,,,64,0
13776,note_on,2,0,1,,,,,,,,,0,,,61,45
13776,note_on,0,0,1,,,,,,,,,0,,,64,45
13808,note_on,32,0,1,,,,,,,,,0,,,61,0
13808,note_on,0,0,1,,,,,,,,,0,,,64,0
13824,note_on,192,0,2,,,,,,,,,1,,,45,0
13824,note_on,0,0,2,,,,,,,,,1,,,50,60
13872,note_on,64,0,1,,,,,,,,,0,,,57,45
13920,note_on,48,0,1,,,,,,,,,0,,,57,0
13920,note_on,0,0,1,,,,,,,,,0,,,62,45
13920,note_on,0,0,1,,,,,,,,,0,,,65,45
13966,note_on,46,0,1,,,,,,,,,0,,,62,0
13966,note_on,0,0,1,,,,,,,,,0,,,65,0
13968,note_on,0,0,1,,,,,,,,,0,,,65,45
13968,note_on,2,0,1,,,,,,,,,0,,,62,45
14000,note_on,32,0,1,,,,,,,,,0,,,62,0
14000,note_on,0,0,1,,,,,,,,,0,,,65,0
14016,note_on,0,0,2,,,,,,,,,1,,,43,60
14016,note_on,192,0,2,,,,,,,,,1,,,50,0
14064,note_on,64,0,1,,,,,,,,,0,,,59,45
14112,note_on,48,0,1,,,,,,,,,0,,,59,0
14112,note_on,0,0,1,,,,,,,,,0,,,62,45
14112,note_on,0,0,1,,,,,,,,,0,,,67,45
14158,note_on,46,0,1,,,,,,,,,0,,,62,0
14158,note_on,0,0,1,,,,,,,,,0,,,67,0
14160,note_on,0,0,1,,,,,,,,,0,,,67,45
14160,note_on,2,0,1,,,,,,,,,0,,,62,45
14192,note_on,32,0,1,,,,,,,,,0,,,62,0
14192,note_on,0,0,1,,,,,,,,,0,,,67,0
14208,note_on,192,0,2,,,,,,,,,1,,,43,0
14208,note_on,0,0,2,,,,,,,,,1,,,48,60
14256,note_on,64,0,1,,,,,,,,,0,,,55,45
14304,note_on,48,0,1,,,,,,,,,0,,,55,0
14304,note_on,0,0,1,,,,,,,,,0,,,60,45
14304,note_on,0,0,1,,,,,,,,,0,,,64,45
14350,note_on,46,0,1,,,,,,,,,0,,,60,0
14350,note_on,0,0,1,,,,,,,,,0,,,64,0
14352,note_on,2,0,1,,,,,,,,,0,,,60,45
14352,note_on,0,0,1,,,,,,,,,0,,,64,45
14368,note_on,160,0,2,,,,,,,,,1,,,48,0
14384,note_on,0,0,1,,,,,,,,,0,,,64,0
14384,note_on,32,0,1,,,,,,,,,0,,,60,0
14400,note_on,32,0,2,,,,,,,,,1,,,45,60
14448,note_on,64,0,1,,,,,,,,,0,,,64,45
14496,note_on,48,0,1,,,,,,,,,0,,,64,0
14496,note_on,0,0,1,,,,,,,,,0,,,69,45
14496,note_on,0,0,1,,,,,,,,,0,,,72,45
14542,note_on,0,0,1,,,,,,,,,0,,,72,0
14542,note_on,46,0,1,,,,,,,,,0,,,69,0
14544,note_on,2,0,1,,,,,,,,,0,,,69,45
14544,note_on,0,0,1,,,,,,,,,0,,,72,45
14576,note_on,0,0,1,,,,,,,,,0,,,72,0
14576,note_on,32,0,1,,,,,,,,,0,,,69,0
14592,note_on,0,0,2,,,,,,,,,1,,,47,60
14592,note_on,192,0,2,,,,,,,,,1,,,45,0
14640,note_on,64,0,1,,,,,,,,,0,,,63,45
14688,note_on,0,0,1,,,,,,,,,0,,,66,45
14688,note_on,0,0,1,,,,,,,,,0,,,71,45
14688,note_on,48,0,1,,,,,,,,,0,,,63,0
14734,note_on,46,0,1,,,,,,,,,0,,,66,0
14734,note_on,0,0,1,,,,,,,,,0,,,71,0
14736,note_on,2,0,1,,,,,,,,,0,,,66,45
14736,note_on,0,0,1,,,,,,,,,0,,,71,45
14768,note_on,32,0,1,,,,,,,,,0,,,66,0
14768,note_on,0,0,1,,,,,,,,,0,,,71,0
14784,note_on,192,0,2,,,,,,,,,1,,,47,0
14784,note_on,0,0,2,,,,,,,,,1,,,51,60
14832,note_on,64,0,1,,,,,,,,,0,,,59,45
14880,note_on,48,0,1,,,,,,,,,0,,,59,0
14880,note_on,0,0,1,,,,,,,,,0,,,66,45
14880,note_on,0,0,1,,,,,,,,,0,,,69,45
14926,note_on,0,0,1,,,,,,,,,0,,,69,0
14926,note_on,46,0,1,,,,,,,,,0,,,66,0
14928,note_on,0,0,1,,,,,,,,,0,,,69,45
14928,note_on,2,0,1,,,,,,,,,0,,,66,45
14960,note_on,32,0,1,,,,,,,,,0,,,66,0
14960,note_on,0,0,1,,,,,,,,,0,,,69,0
14976,note_on,192,0,2,,,,,,,,,1,,,51,0
14976,note_on,0,0,2,,,,,,,,,1,,,52,60
15024,note_on,64,0,1,,,,,,,,,0,,,59,45
15072,note_on,0,0,1,,,,,,,,,0,,,68,45
15072,note_on,0,0,1,,,,,,,,,0,,,62,45
15072,note_on,48,0,1,,,,,,,,,0,,,59,0
15118,note_on,0,0,1,,,,,,,,,0,,,68,0
15118,note_on,46,0,1,,,,,,,,,0,,,62,0
15120,note_on,0,0,1,,,,,,,,,0,,,68,45
15120,note_on,2,0,1,,,,,,,,,0,,,62,45
15152,note_on,32,0,1,,,,,,,,,0,,,62,0
15152,note_on,0,0,1,,,,,,,,,0,,,68,0
15168,note_on,192,0,2,,,,,,,,,1,,,52,0
15168,note_on,0,0,2,,,,,,,,,1,,,53,60
15216,note_on,64,0,1,,,,,,,,,0,,,57,45
15264,note_on,0,0,1,,,,,,,,,0,,,69,45
15264,note_on,0,0,1,,,,,,,,,0,,,60,45
15264,note_on,48,0,1,,,,,,,,,0,,,57,0
15310,note_on,46,0,1,,,,,,,,,0,,,60,0
15310,note_on,0,0,1,,,,,,,,,0,,,69,0
15312,note_on,2,0,1,,,,,,,,,0,,,60,45
15312,note_on,0,0,1,,,,,,,,,0,,,69,45
15344,note_on,0,0,1,,,,,,,,,0,,,69,0
15344,note_on,32,0,1,,,,,,,,,0,,,60,0
15360,note_on,192,0,2,,,,,,,,,1,,,53,0
15360,note_on,0,0,2,,,,,,,,,1,,,50,60
15408,note_on,64,0,1,,,,,,,,,0,,,59,45
15456,note_on,48,0,1,,,,,,,,,0,,,59,0
15456,note_on,0,0,1,,,,,,,,,0,,,65,45
15456,note_on,0,0,1,,,,,,,,,0,,,69,45
15502,note_on,46,0,1,,,,,,,,,0,,,65,0
15502,note_on,0,0,1,,,,,,,,,0,,,69,0
15504,note_on,0,0,1,,,,,,,,,0,,,69,45
15504,note_on,2,0,1,,,,,,,,,0,,,65,45
15536,note_on,0,0,1,,,,,,,,,0,,,69,0
15536,note_on,32,0,1,,,,,,,,,0,,,65,0
15552,note_on,0,0,2,,,,,,,,,1,,,52,60
15552,note_on,192,0,2,,,,,,,,,1,,,50,0
15600,note_on,64,0,1,,,,,,,,,0,,,59,45
15648,note_on,48,0,1,,,,,,,,,0,,,59,0
15648,note_on,0,0,1,,,,,,,,,0,,,62,45
15648,note_on,0,0,1,,,,,,,,,0,,,68,45
15694,note_on,46,0,1,,,,,,,,,0,,,62,0
15694,note_on,0,0,1,,,,,,,,,0,,,68,0
15696,note_on,0,0,1,,,,,,,,,0,,,68,45
15696,note_on,2,0,1,,,,,,,,,0,,,62,45
15728,note_on,32,0,1,,,,,,,,,0,,,62,0
15728,note_on,0,0,1,,,,,,,,,0,,,68,0
15744,note_on,0,0,2,,,,,,,,,1,,,45,60
15744,note_on,192,0,2,,,,,,,,,1,,,52,0
15792,note_on,64,0,1,,,,,,,,,0,,,57,45
15840,note_on,48,0,1,,,,,,,,,0,,,57,0
15840,note_on,0,0,1,,,,,,,,,0,,,60,45
15840,note_on,0,0,1,,,,,,,,,0,,,69,45
15886,note_on,46,0,1,,,,,,,,,0,,,60,0
15886,note_on,0,0,1,,,,,,,,,0,,,69,0
15888,note_on,0,0,1,,,,,,,,,0,,,69,45
15888,note_on,2,0,1,,,,,,,,,0,,,60,45
15904,note_on,160,0,2,,,,,,,,,1,,,45,0
15920,note_on,0,0,1,,,,,,,,,0,,,69,0
15920,note_on,32,0,1,,,,,,,,,0,,,60,0
15936,note_on,32,0,2,,,,,,,,,1,,,41,60
15936,note_on,0,0,2,,,,,,,,,1,,,53,60
15984,note_on,64,0,1,,,,,,,,,0,,,63,48
16032,note_on,48,0,1,,,,,,,,,0,,,63,0
16032,note_on,0,0,1,,,,,,,,,0,,,72,51
16032,note_on,0,0,1,,,,,,,,,0,,,75,51
16078,note_on,46,0,1,,,,,,,,,0,,,72,0
16078,note_on,0,0,1,,,,,,,,,0,,,75,0
16080,note_on,0,0,1,,,,,,,,,0,,,75,54
16080,note_on,2,0,1,,,,,,,,,0,,,72,54
16096,note_on,0,0,2,,,,,,,,,1,,,53,0
16096,note_on,160,0,2,,,,,,,,,1,,,41,0
16112,note_on,32,0,1,,,,,,,,,0,,,72,0
16112,note_on,0,0,1,,,,,,,,,0,,,75,0
16128,note_on,0,0,2,,,,,,,,,1,,,53,76
16128,note_on,32,0,2,,,,,,,,,1,,,41,76
16176,note_on,64,0,1,,,,,,,,,0,,,63,60
16224,note_on,0,0,1,,,,,,,,,0,,,71,63
16224,note_on,48,0,1,,,,,,,,,0,,,63,0
16224,note_on,0,0,1,,,,,,,,,0,,,75,63
16270,note_on,46,0,1,,,,,,,,,0,,,71,0
16270,note_on,0,0,1,,,,,,,,,0,,,75,0
16272,note_on,2,0,1,,,,,,,,,0,,,71,67
16272,note_on,0,0,1,,,,,,,,,0,,,75,67
16288,note_on,0,0,2,,,,,,,,,1,,,53,0
16288,note_on,160,0,2,,,,,,,,,1,,,41,0
16304,note_on,0,0,1,,,,,,,,,0,,,75,0
16304,note_on,32,0,1,,,,,,,,,0,,,71,0
16320,note_on,0,0,2,,,,,,,,,1,,,53,92
16320,note_on,32,0,2,,,,,,,,,1,,,41,92
16368,note_on,64,0,1,,,,,,,,,0,,,63,75
16416,note_on,0,0,1,,,,,,,,,0,,,75,75
16416,note_on,0,0,1,,,,,,,,,0,,,69,75
16416,note_on,48,0,1,,,,,,,,,0,,,63,0
16462,note_on,0,0,1,,,,,,,,,0,,,75,0
16462,note_on,46,0,1,,,,,,,,,0,,,69,0
16464,note_on,0,0,1,,,,,,,,,0,,,75,75
16464,note_on,2,0,1,,,,,,,,,0,,,69,75
16480,note_on,160,0,2,,,,,,,,,1,,,41,0
16480,note_on,0,0,2,,,,,,,,,1,,,53,0
16496,note_on,32,0,1,,,,,,,,,0,,,69,0
16496,note_on,0,0,1,,,,,,,,,0,,,75,0
16512,note_on,0,0,2,,,,,,,,,1,,,52,92
16512,note_on,32,0,2,,,,,,,,,1,,,40,92
16560,note_on,64,0,1,,,,,,,,,0,,,64,75
16608,note_on,48,0,1,,,,,,,,,0,,,64,0
16608,note_on,0,0,1,,,,,,,,,0,,,68,75
16608,note_on,0,0,1,,,,,,,,,0,,,76,75
16654,note_on,46,0,1,,,,,,,,,0,,,68,0
16654,note_on,0,0,1,,,,,,,,,0,,,76,0
16656,note_on,0,0,1,,,,,,,,,0,,,76,75
16656,note_on,2,0,1,,,,,,,,,0,,,68,75
16672,note_on,160,0,2,,,,,,,,,1,,,40,0
16672,note_on,0,0,2,,,,,,,,,1,,,52,0
16688,note_on,32,0,1,,,,,,,,,0,,,68,0
16688,note_on,0,0,1,,,,,,,,,0,,,76,0
16704,note_on,32,0,2,,,,,,,,,1,,,53,45
16752,note_on,64,0,1,,,,,,,,,0,,,60,30
16800,note_on,48,0,1,,,,,,,,,0,,,60,0
16800,note_on,0,0,1,,,,,,,,,0,,,69,30
16800,note_on,0,0,1,,,,,,,,,0,,,72,30
16846,note_on,0,0,1,,,,,,,,,0,,,72,0
16846,note_on,46,0,1,,,,,,,,,0,,,69,0
16848,note_on,0,0,1,,,,,,,,,0,,,72,30
16848,note_on,2,0,1,,,,,,,,,0,,,69,30
16880,note_on,32,0,1,,,,,,,,,0,,,69,0
16880,note_on,0,0,1,,,,,,,,,0,,,72,0
16896,note_on,192,0,2,,,,,,,,,1,,,53,0
16896,note_on,0,0,2,,,,,,,,,1,,,50,45
16944,note_on,64,0,1,,,,,,,,,0,,,65,30
16992,note_on,48,0,1,,,,,,,,,0,,,65,0
16992,note_on,0,0,1,,,,,,,,,0,,,69,30
16992,note_on,0,0,1,,,,,,,,,0,,,71,30
17038,note_on,46,0,1,,,,,,,,,0,,,69,0
17038,note_on,0,0,1,,,,,,,,,0,,,71,0
17040,note_on,0,0,1,,,,,,,,,0,,,71,30
17040,note_on,2,0,1,,,,,,,,,0,,,69,30
17072,note_on,0,0,1,,,,,,,,,0,,,71,0
17072,note_on,32,0,1,,,,,,,,,0,,,69,0
17088,note_on,0,0,2,,,,,,,,,1,,,52,45
17088,note_on,192,0,2,,,,,,,,,1,,,50,0
17136,note_on,64,0,1,,,,,,,,,0,,,62,30
17184,note_on,0,0,1,,,,,,,,,0,,,68,30
17184,note_on,48,0,1,,,,,,,,,0,,,62,0
17184,note_on,0,0,1,,,,,,,,,0,,,71,30
17230,note_on,46,0,1,,,,,,,,,0,,,68,0
17230,note_on,0,0,1,,,,,,,,,0,,,71,0
17232,note_on,2,0,1,,,,,,,,,0,,,68,30
17232,note_on,0,0,1,,,,,,,,,0,,,71,30
17264,note_on,0,0,1,,,,,,,,,0,,,71,0
17264,note_on,32,0,1,,,,,,,,,0,,,68,0
17280,note_on,192,0,2,,,,,,,,,1,,,52,0
17280,note_on,0,0,2,,,,,,,,,1,,,45,45
17328,note_on,64,0,1,,,,,,,,,0,,,60,31
17376,note_on,48,0,1,,,,,,,,,0,,,60,0
17376,note_on,0,0,1,,,,,,,,,0,,,69,32
17376,note_on,0,0,1,,,,,,,,,0,,,72,32
17422,note_on,46,0,1,,,,,,,,,0,,,69,0
17422,note_on,0,0,1,,,,,,,,,0,,,72,0
17424,note_on,2,0,1,,,,,,,,,0,,,69,34
17424,note_on,0,0,1,,,,,,,,,0,,,72,34
17440,note_on,160,0,2,,,,,,,,,1,,,45,0
17456,note_on,0,0,1,,,,,,,,,0,,,72,0
17456,note_on,32,0,1,,,,,,,,,0,,,69,0
17472,note_on,32,0,2,,,,,,,,,1,,,41,45
17520,note_on,64,0,1,,,,,,,,,0,,,69,38
17568,note_on,48,0,1,,,,,,,,,0,,,69,0
17568,note_on,0,0,1,,,,,,,,,0,,,72,40
17568,note_on,0,0,1,,,,,,,,,0,,,81,40
17614,note_on,46,0,1,,,,,,,,,0,,,72,0
17614,note_on,0,0,1,,,,,,,,,0,,,81,0
17616,note_on,2,0,1,,,,,,,,,0,,,72,42
17616,note_on,0,0,1,,,,,,,,,0,,,81,42
17632,note_on,160,0,2,,,,,,,,,1,,,41,0
17648,note_on,0,0,1,,,,,,,,,0,,,81,0
17648,note_on,32,0,1,,,,,,,,,0,,,72,0
17664,note_on,32,0,2,,,,,,,,,1,,,39,45
17712,note_on,64,0,1,,,,,,,,,0,,,69,46
17760,note_on,0,0,1,,,,,,,,,0,,,81,48
17760,note_on,0,0,1,,,,,,,,,0,,,71,48
17760,note_on,48,0,1,,,,,,,,,0,,,69,0
17806,note_on,46,0,1,,,,,,,,,0,,,71,0
17806,note_on,0,0,1,,,,,,,,,0,,,81,0
17808,note_on,2,0,1,,,,,,,,,0,,,71,50
17808,note_on,0,0,1,,,,,,,,,0,,,81,50
17824,note_on,160,0,2,,,,,,,,,1,,,39,0
17840,note_on,0,0,1,,,,,,,,,0,,,81,0
17840,note_on,32,0,1,,,,,,,,,0,,,71,0
17856,note_on,32,0,2,,,,,,,,,1,,,40,45
17904,note_on,64,0,1,,,,,,,,,0,,,68,54
17952,note_on,48,0,1,,,,,,,,,0,,,68,0
17952,note_on,0,0,1,,,,,,,,,0,,,80,56
17952,note_on,0,0,1,,,,,,,,,0,,,71,56
17998,note_on,0,0,1,,,,,,,,,0,,,80,0
17998,note_on,46,0,1,,,,,,,,,0,,,71,0
18000,note_on,2,0,1,,,,,,,,,0,,,71,58
18000,note_on,0,0,1,,,,,,,,,0,,,80,58
18016,note_on,160,0,2,,,,,,,,,1,,,40,0
18032,note_on,32,0,1,,,,,,,,,0,,,71,0
18032,note_on,0,0,1,,,,,,,,,0,,,80,0
18048,note_on,0,0,2,,,,,,,,,1,,,45,45
18048,note_on,16,0,1,,,,,,,,,0,,,69,60
18048,note_on,0,0,1,,,,,,,,,0,,,81,60
18048,note_on,32,0,2,,,,,,,,,1,,,33,45
18208,note_on,0,0,1,,,,,,,,,0,,,81,0
18208,note_on,160,0,1,,,,,,,,,0,,,69,0
18240,note_on,32,0,1,,,,,,,,,0,,,69,60
18286,note_on,46,0,1,,,,,,,,,0,,,69,0
18288,note_on,2,0,1,,,,,,,,,0,,,64,60
18334,note_on,46,0,1,,,,,,,,,0,,,64,0
18336,note_on,2,0,1,,,,,,,,,0,,,66,60
18382,note_on,46,0,1,,,,,,,,,0,,,66,0
18384,note_on,2,0,1,,,,,,,,,0,,,68,60
18384,note_on,336,0,2,,,,,,,,,1,,,33,0
18384,note_on,0,0,2,,,,,,,,,1,,,45,0
18430,note_on,46,0,1,,,,,,,,,0,,,68,0
18432,note_on,48,0,2,,,,,,,,,1,,,57,45
18432,note_on,0,0,2,,,,,,,,,1,,,61,45
18432,end_of_track,0,1,0,,,,,,,,,,,,,
18432,note_on,2,0,1,,,,,,,,,0,,,69,60
18432,note_on,0,0,1,,,,,,,,,0,,,76,60
18432,key_signature,5376,1,0,,,,,,A,,,,,,,
18574,note_on,142,0,1,,,,,,,,,0,,,69,0
18574,note_on,142,0,2,,,,,,,,,1,,,61,0
18576,note_on,2,0,1,,,,,,,,,0,,,68,60
18576,note_on,2,0,2,,,,,,,,,1,,,59,45
18592,note_on,16,0,1,,,,,,,,,0,,,76,0
18622,note_on,30,0,1,,,,,,,,,0,,,68,0
18622,note_on,46,0,2,,,,,,,,,1,,,59,0
18624,note_on,2,0,1,,,,,,,,,0,,,69,60
18624,note_on,0,0,1,,,,,,,,,0,,,76,60
18624,note_on,2,0,2,,,,,,,,,1,,,61,45
18656,note_on,32,0,1,,,,,,,,,0,,,69,0
18656,note_on,0,0,1,,,,,,,,,0,,,76,0
18656,note_on,32,0,2,,,,,,,,,1,,,61,0
18720,note_on,64,0,2,,,,,,,,,1,,,64,45
18720,note_on,0,0,1,,,,,,,,,0,,,76,60
18720,note_on,64,0,1,,,,,,,,,0,,,73,60
18752,note_on,32,0,2,,,,,,,,,1,,,64,0
18752,note_on,0,0,1,,,,,,,,,0,,,76,0
18752,note_on,32,0,1,,,,,,,,,0,,,73,0
18768,note_on,16,0,2,,,,,,,,,1,,,57,0
18816,note_on,0,0,2,,,,,,,,,1,,,62,45
18816,note_on,48,0,2,,,,,,,,,1,,,57,45
18816,note_on,64,0,1,,,,,,,,,0,,,71,60
18816,note_on,0,0,1,,,,,,,,,0,,,76,60
18838,note_on,22,0,1,,,,,,,,,0,,,76,0
18840,note_on,2,0,1,,,,,,,,,0,,,78,64
18862,note_on,22,0,1,,,,,,,,,0,,,78,0
18864,note_on,2,0,1,,,,,,,,,0,,,76,68
18886,note_on,22,0,1,,,,,,,,,0,,,76,0
18888,note_on,2,0,1,,,,,,,,,0,,,78,72
18910,note_on,22,0,1,,,,,,,,,0,,,78,0
18912,note_on,0,0,1,,,,,,,,,0,,,78,76
18912,note_on,2,0,1,,,,,,,,,0,,,75,76
18934,note_on,22,0,1,,,,,,,,,0,,,75,0
18936,note_on,2,0,1,,,,,,,,,0,,,76,76
18958,note_on,22,0,1,,,,,,,,,0,,,76,0
18958,note_on,0,0,1,,,,,,,,,0,,,78,0
18960,note_on,2,0,1,,,,,,,,,0,,,80,84
18976,note_on,16,0,1,,,,,,,,,0,,,71,0
18976,note_on,160,0,2,,,,,,,,,1,,,62,0
19006,note_on,30,0,1,,,,,,,,,0,,,80,0
19008,note_on,32,0,2,,,,,,,,,1,,,61,75
19008,note_on,2,0,1,,,,,,,,,0,,,81,92
19102,note_on,94,0,1,,,,,,,,,0,,,81,0
19104,note_on,2,0,1,,,,,,,,,0,,,76,92
19152,note_on,144,0,2,,,,,,,,,1,,,57,0
19168,note_on,16,0,2,,,,,,,,,1,,,61,0
19198,note_on,94,0,1,,,,,,,,,0,,,76,0
19200,note_on,0,0,1,,,,,,,,,0,,,76,60
19200,note_on,0,0,2,,,,,,,,,1,,,59,45
19200,note_on,32,0,2,,,,,,,,,1,,,57,45
19200,note_on,2,0,1,,,,,,,,,0,,,68,60
19294,note_on,94,0,1,,,,,,,,,0,,,68,0
19294,note_on,94,0,2,,,,,,,,,1,,,59,0
19296,note_on,2,0,1,,,,,,,,,0,,,71,60
19296,note_on,2,0,2,,,,,,,,,1,,,62,45
19360,note_on,64,0,2,,,,,,,,,1,,,57,0
19360,note_on,64,0,1,,,,,,,,,0,,,76,0
19390,note_on,30,0,1,,,,,,,,,0,,,71,0
19390,note_on,30,0,2,,,,,,,,,1,,,62,0
19392,note_on,0,0,1,,,,,,,,,0,,,76,60
19392,note_on,2,0,1,,,,,,,,,0,,,68,60
19392,note_on,2,0,2,,,,,,,,,1,,,57,45
19392,note_on,0,0,2,,,,,,,,,1,,,59,45
19424,note_on,0,0,1,,,,,,,,,0,,,76,0
19424,note_on,32,0,1,,,,,,,,,0,,,68,0
19486,note_on,94,0,2,,,,,,,,,1,,,59,0
19488,note_on,0,0,1,,,,,,,,,0,,,76,60
19488,note_on,64,0,1,,,,,,,,,0,,,71,60
19488,note_on,2,0,2,,,,,,,,,1,,,62,45
19520,note_on,0,0,1,,,,,,,,,0,,,76,0
19520,note_on,32,0,1,,,,,,,,,0,,,71,0
19552,note_on,64,0,2,,,,,,,,,1,,,57,0
19582,note_on,30,0,2,,,,,,,,,1,,,62,0
19584,note_on,0,0,1,,,,,,,,,0,,,76,60
19584,note_on,64,0,1,,,,,,,,,0,,,69,60
19584,note_on,2,0,2,,,,,,,,,1,,,57,45
19584,note_on,0,0,2,,,,,,,,,1,,,61,45
19630,note_on,46,0,1,,,,,,,,,0,,,76,0
19632,note_on,2,0,1,,,,,,,,,0,,,75,60
19678,note_on,0,0,2,,,,,,,,,1,,,61,0
19678,note_on,94,0,2,,,,,,,,,1,,,57,0
19678,note_on,0,0,1,,,,,,,,,0,,,75,0
19678,note_on,46,0,1,,,,,,,,,0,,,69,0
19680,note_on,2,0,1,,,,,,,,,0,,,76,60
19726,note_on,46,0,1,,,,,,,,,0,,,76,0
19728,note_on,2,0,1,,,,,,,,,0,,,78,60
19774,note_on,46,0,1,,,,,,,,,0,,,78,0
19776,note_on,2,0,1,,,,,,,,,0,,,76,60
19822,note_on,46,0,1,,,,,,,,,0,,,76,0
19824,note_on,146,0,2,,,,,,,,,1,,,66,45
19824,note_on,2,0,1,,,,,,,,,0,,,74,60
19870,note_on,46,0,1,,,,,,,,,0,,,74,0
19870,note_on,46,0,2,,,,,,,,,1,,,66,0
19872,note_on,2,0,1,,,,,,,,,0,,,73,60
19872,note_on,2,0,2,,,,,,,,,1,,,64,45
19918,note_on,46,0,2,,,,,,,,,1,,,64,0
19918,note_on,46,0,1,,,,,,,,,0,,,73,0
19920,note_on,2,0,2,,,,,,,,,1,,,62,45
19920,note_on,2,0,1,,,,,,,,,0,,,71,60
19966,note_on,46,0,2,,,,,,,,,1,,,62,0
19966,note_on,46,0,1,,,,,,,,,0,,,71,0
19968,note_on,0,0,2,,,,,,,,,1,,,61,45
19968,note_on,2,0,2,,,,,,,,,1,,,57,45
19968,note_on,2,0,1,,,,,,,,,0,,,69,60
19968,note_on,0,0,1,,,,,,,,,0,,,76,60
20110,note_on,142,0,2,,,,,,,,,1,,,61,0
20110,note_on,142,0,1,,,,,,,,,0,,,69,0
20112,note_on,2,0,2,,,,,,,,,1,,,59,45
20112,note_on,2,0,1,,,,,,,,,0,,,68,60
20128,note_on,16,0,1,,,,,,,,,0,,,76,0
20158,note_on,30,0,1,,,,,,,,,0,,,68,0
20158,note_on,46,0,2,,,,,,,,,1,,,59,0
20160,note_on,2,0,2,,,,,,,,,1,,,61,45
20160,note_on,0,0,1,,,,,,,,,0,,,76,60
20160,note_on,2,0,1,,,,,,,,,0,,,69,60
20192,note_on,32,0,1,,,,,,,,,0,,,69,0
20192,note_on,0,0,1,,,,,,,,,0,,,76,0
20192,note_on,32,0,2,,,,,,,,,1,,,61,0
20256,note_on,64,0,2,,,,,,,,,1,,,64,45
20256,note_on,0,0,1,,,,,,,,,0,,,76,60
20256,note_on,64,0,1,,,,,,,,,0,,,73,60
20288,note_on,0,0,1,,,,,,,,,0,,,76,0
20288,note_on,32,0,2,,,,,,,,,1,,,64,0
20288,note_on,32,0,1,,,,,,,,,0,,,73,0
20304,note_on,16,0,2,,,,,,,,,1,,,57,0
20352,note_on,64,0,1,,,,,,,,,0,,,71,60
20352,note_on,0,0,2,,,,,,,,,1,,,62,45
20352,note_on,48,0,2,,,,,,,,,1,,,57,45
20352,note_on,0,0,1,,,,,,,,,0,,,76,60
20374,note_on,22,0,1,,,,,,,,,0,,,76,0
20376,note_on,2,0,1,,,,,,,,,0,,,78,64
20398,note_on,22,0,1,,,,,,,,,0,,,78,0
20400,note_on,2,0,1,,,,,,,,,0,,,76,68
20422,note_on,22,0,1,,,,,,,,,0,,,76,0
20424,note_on,2,0,1,,,,,,,,,0,,,78,72
20446,note_on,22,0,1,,,,,,,,,0,,,78,0
20448,note_on,0,0,1,,,,,,,,,0,,,78,76
20448,note_on,2,0,1,,,,,,,,,0,,,75,76
20470,note_on,22,0,1,,,,,,,,,0,,,75,0
20472,note_on,2,0,1,,,,,,,,,0,,,76,76
20494,note_on,0,0,1,,,,,,,,,0,,,78,0
20494,note_on,22,0,1,,,,,,,,,0,,,76,0
20496,note_on,2,0,1,,,,,,,,,0,,,80,84
20512,note_on,16,0,1,,,,,,,,,0,,,71,0
20512,note_on,160,0,2,,,,,,,,,1,,,62,0
20542,note_on,30,0,1,,,,,,,,,0,,,80,0
20544,note_on,32,0,2,,,,,,,,,1,,,61,75
20544,note_on,0,0,1,,,,,,,,,0,,,81,92
20544,note_on,2,0,1,,,,,,,,,0,,,69,92
20638,note_on,94,0,1,,,,,,,,,0,,,81,0
20640,note_on,2,0,1,,,,,,,,,0,,,76,92
20688,note_on,144,0,2,,,,,,,,,1,,,57,0
20704,note_on,16,0,2,,,,,,,,,1,,,61,0
20704,note_on,64,0,1,,,,,,,,,0,,,69,0
20734,note_on,30,0,1,,,,,,,,,0,,,76,0
20736,note_on,32,0,2,,,,,,,,,1,,,57,45
20736,note_on,0,0,2,,,,,,,,,1,,,59,45
20736,note_on,2,0,1,,,,,,,,,0,,,68,60
20736,note_on,0,0,1,,,,,,,,,0,,,76,60
20830,note_on,94,0,1,,,,,,,,,0,,,68,0
20830,note_on,94,0,2,,,,,,,,,1,,,59,0
20832,note_on,2,0,1,,,,,,,,,0,,,71,60
20832,note_on,2,0,2,,,,,,,,,1,,,62,45
20896,note_on,64,0,2,,,,,,,,,1,,,57,0
20896,note_on,64,0,1,,,,,,,,,0,,,76,0
20926,note_on,30,0,2,,,,,,,,,1,,,62,0
20926,note_on,30,0,1,,,,,,,,,0,,,71,0
20928,note_on,0,0,2,,,,,,,,,1,,,57,45
20928,note_on,0,0,1,,,,,,,,,0,,,76,60
20928,note_on,2,0,1,,,,,,,,,0,,,68,60
20928,note_on,2,0,2,,,,,,,,,1,,,57,45
20960,note_on,0,0,1,,,,,,,,,0,,,76,0
20960,note_on,32,0,1,,,,,,,,,0,,,68,0
21022,note_on,94,0,2,,,,,,,,,1,,,57,0
21024,note_on,64,0,1,,,,,,,,,0,,,71,60
21024,note_on,2,0,2,,,,,,,,,1,,,62,45
21024,note_on,0,0,1,,,,,,,,,0,,,76,60
21056,note_on,32,0,1,,,,,,,,,0,,,71,0
21056,note_on,0,0,1,,,,,,,,,0,,,76,0
21088,note_on,64,0,2,,,,,,,,,1,,,57,0
21118,note_on,30,0,2,,,,,,,,,1,,,62,0
21120,note_on,0,0,2,,,,,,,,,1,,,61,45
21120,note_on,2,0,2,,,,,,,,,1,,,57,45
21120,note_on,64,0,1,,,,,,,,,0,,,69,60
21166,note_on,46,0,1,,,,,,,,,0,,,69,0
21168,note_on,2,0,1,,,,,,,,,0,,,64,60
21214,note_on,94,0,2,,,,,,,,,1,,,57,0
21214,note_on,46,0,1,,,,,,,,,0,,,64,0
21214,note_on,0,0,2,,,,,,,,,1,,,61,0
21216,note_on,2,0,1,,,,,,,,,0,,,66,60
21262,note_on,46,0,1,,,,,,,,,0,,,66,0
21264,note_on,2,0,1,,,,,,,,,0,,,64,60
21310,note_on,46,0,1,,,,,,,,,0,,,64,0
21312,note_on,2,0,1,,,,,,,,,0,,,63,60
21358,note_on,46,0,1,,,,,,,,,0,,,63,0
21360,note_on,2,0,1,,,,,,,,,0,,,66,60
21406,note_on,46,0,1,,,,,,,,,0,,,66,0
21408,note_on,2,0,1,,,,,,,,,0,,,62,60
21454,note_on,46,0,1,,,,,,,,,0,,,62,0
21456,note_on,2,0,1,,,,,,,,,0,,,68,60
21502,note_on,46,0,1,,,,,,,,,0,,,68,0
21504,note_on,0,0,1,,,,,,,,,0,,,61,60
21504,note_on,2,0,1,,,,,,,,,0,,,61,60
21504,note_on,290,0,2,,,,,,,,,1,,,40,45
21550,note_on,46,0,1,,,,,,,,,0,,,61,0
21552,note_on,2,0,1,,,,,,,,,0,,,69,60
21598,note_on,46,0,1,,,,,,,,,0,,,61,0
21600,note_on,2,0,1,,,,,,,,,0,,,59,60
21646,note_on,46,0,1,,,,,,,,,0,,,69,0
21648,note_on,2,0,1,,,,,,,,,0,,,68,60
21664,note_on,160,0,2,,,,,,,,,1,,,40,0
21694,note_on,46,0,1,,,,,,,,,0,,,59,0
21696,note_on,2,0,1,,,,,,,,,0,,,61,60
21696,note_on,32,0,2,,,,,,,,,1,,,40,45
21742,note_on,46,0,1,,,,,,,,,0,,,68,0
21744,note_on,2,0,1,,,,,,,,,0,,,69,60
21764,note_on,68,0,2,,,,,,,,,1,,,40,0
21790,note_on,46,0,1,,,,,,,,,0,,,61,0
21792,note_on,2,0,1,,,,,,,,,0,,,64,60
21792,note_on,28,0,2,,,,,,,,,1,,,40,45
21824,note_on,32,0,2,,,,,,,,,1,,,40,0
21838,note_on,46,0,1,,,,,,,,,0,,,69,0
21840,note_on,2,0,1,,,,,,,,,0,,,73,60
21886,note_on,0,0,1,,,,,,,,,0,,,73,0
21886,note_on,46,0,1,,,,,,,,,0,,,64,0
21888,note_on,64,0,2,,,,,,,,,1,,,40,45
21888,note_on,2,0,1,,,,,,,,,0,,,62,60
21888,note_on,0,0,1,,,,,,,,,0,,,73,60
21910,note_on,22,0,2,,,,,,,,,1,,,40,0
21912,note_on,2,0,2,,,,,,,,,1,,,42,50
21934,note_on,0,0,1,,,,,,,,,0,,,73,0
21934,note_on,46,0,1,,,,,,,,,0,,,62,0
21934,note_on,22,0,2,,,,,,,,,1,,,42,0
21936,note_on,2,0,2,,,,,,,,,1,,,40,56
21936,note_on,2,0,1,,,,,,,,,0,,,73,60
21958,note_on,22,0,2,,,,,,,,,1,,,40,0
21960,note_on,2,0,2,,,,,,,,,1,,,42,62
21982,note_on,46,0,1,,,,,,,,,0,,,73,0
21982,note_on,22,0,2,,,,,,,,,1,,,42,0
21984,note_on,2,0,1,,,,,,,,,0,,,71,60
21984,note_on,2,0,2,,,,,,,,,1,,,39,68
21984,note_on,0,0,2,,,,,,,,,1,,,42,68
22006,note_on,22,0,2,,,,,,,,,1,,,39,0
22008,note_on,2,0,2,,,,,,,,,1,,,40,68
22030,note_on,46,0,1,,,,,,,,,0,,,71,0
22030,note_on,22,0,2,,,,,,,,,1,,,40,0
22030,note_on,0,0,2,,,,,,,,,1,,,42,0
22032,note_on,2,0,1,,,,,,,,,0,,,62,60
22032,note_on,2,0,2,,,,,,,,,1,,,44,80
22078,note_on,46,0,1,,,,,,,,,0,,,62,0
22078,note_on,46,0,2,,,,,,,,,1,,,44,0
22080,note_on,2,0,2,,,,,,,,,1,,,45,92
22080,note_on,2,0,1,,,,,,,,,0,,,61,60
22126,note_on,46,0,1,,,,,,,,,0,,,61,0
22128,note_on,2,0,1,,,,,,,,,0,,,71,60
22174,note_on,94,0,2,,,,,,,,,1,,,45,0
22174,note_on,46,0,1,,,,,,,,,0,,,71,0
22176,note_on,2,0,2,,,,,,,,,1,,,40,92
22176,note_on,2,0,1,,,,,,,,,0,,,69,60
22222,note_on,46,0,1,,,,,,,,,0,,,69,0
22224,note_on,2,0,1,,,,,,,,,0,,,61,60
22270,note_on,94,0,2,,,,,,,,,1,,,40,0
22270,note_on,46,0,1,,,,,,,,,0,,,61,0
22272,note_on,0,0,1,,,,,,,,,0,,,59,60
22272,note_on,2,0,1,,,,,,,,,0,,,59,60
22272,note_on,2,0,2,,,,,,,,,1,,,40,60
22318,note_on,46,0,1,,,,,,,,,0,,,59,0
22320,note_on,2,0,1,,,,,,,,,0,,,69,60
22366,note_on,46,0,1,,,,,,,,,0,,,69,0
22368,note_on,2,0,1,,,,,,,,,0,,,68,60
22414,note_on,46,0,1,,,,,,,,,0,,,68,0
22416,note_on,2,0,1,,,,,,,,,0,,,66,60
22432,note_on,160,0,2,,,,,,,,,1,,,40,0
22432,note_on,16,0,1,,,,,,,,,0,,,59,0
22462,note_on,30,0,1,,,,,,,,,0,,,66,0
22464,note_on,2,0,1,,,,,,,,,0,,,59,60
22464,note_on,32,0,2,,,,,,,,,1,,,40,60
22464,note_on,0,0,1,,,,,,,,,0,,,59,60
22496,note_on,32,0,2,,,,,,,,,1,,,40,0
22510,note_on,46,0,1,,,,,,,,,0,,,59,0
22512,note_on,2,0,1,,,,,,,,,0,,,68,60
22558,note_on,0,0,1,,,,,,,,,0,,,68,0
22558,note_on,46,0,1,,,,,,,,,0,,,59,0
22560,note_on,0,0,1,,,,,,,,,0,,,62,60
22560,note_on,2,0,1,,,,,,,,,0,,,62,60
22560,note_on,64,0,2,,,,,,,,,1,,,40,60
22592,note_on,32,0,2,,,,,,,,,1,,,40,0
22606,note_on,46,0,1,,,,,,,,,0,,,62,0
22608,note_on,2,0,1,,,,,,,,,0,,,71,60
22654,note_on,0,0,1,,,,,,,,,0,,,71,0
22654,note_on,46,0,1,,,,,,,,,0,,,62,0
22656,note_on,0,0,1,,,,,,,,,0,,,69,60
22656,note_on,2,0,1,,,,,,,,,0,,,61,60
22656,note_on,64,0,2,,,,,,,,,1,,,40,60
22702,note_on,46,0,2,,,,,,,,,1,,,40,0
22704,note_on,2,0,2,,,,,,,,,1,,,39,60
22750,note_on,0,0,1,,,,,,,,,0,,,69,0
22750,note_on,94,0,1,,,,,,,,,0,,,61,0
22750,note_on,46,0,2,,,,,,,,,1,,,39,0
22752,note_on,2,0,2,,,,,,,,,1,,,40,60
22798,note_on,46,0,2,,,,,,,,,1,,,40,0
22800,note_on,2,0,2,,,,,,,,,1,,,42,60
22846,note_on,46,0,2,,,,,,,,,1,,,42,0
22848,note_on,2,0,2,,,,,,,,,1,,,40,60
22894,note_on,46,0,2,,,,,,,,,1,,,40,0
22896,note_on,2,0,2,,,,,,,,,1,,,38,60
22896,note_on,146,0,1,,,,,,,,,0,,,66,60
22942,note_on,46,0,1,,,,,,,,,0,,,66,0
22942,note_on,46,0,2,,,,,,,,,1,,,38,0
22944,note_on,2,0,2,,,,,,,,,1,,,37,60
22944,note_on,2,0,1,,,,,,,,,0,,,64,60
22990,note_on,46,0,2,,,,,,,,,1,,,37,0
22990,note_on,46,0,1,,,,,,,,,0,,,64,0
22992,note_on,0,0,1,,,,,,,,,0,,,68,60
22992,note_on,2,0,1,,,,,,,,,0,,,62,60
22992,note_on,2,0,2,,,,,,,,,1,,,35,60
23038,note_on,46,0,2,,,,,,,,,1,,,35,0
23040,note_on,2,0,2,,,,,,,,,1,,,40,60
23040,note_on,48,0,1,,,,,,,,,0,,,62,0
23040,note_on,0,0,1,,,,,,,,,0,,,68,0
23040,note_on,0,0,1,,,,,,,,,0,,,61,60
23040,note_on,0,0,1,,,,,,,,,0,,,71,60
23086,note_on,46,0,1,,,,,,,,,0,,,71,0
23088,note_on,2,0,1,,,,,,,,,0,,,69,60
23134,note_on,46,0,1,,,,,,,,,0,,,61,0
23136,note_on,2,0,1,,,,,,,,,0,,,59,60
23182,note_on,46,0,1,,,,,,,,,0,,,69,0
23184,note_on,2,0,1,,,,,,,,,0,,,68,60
23200,note_on,160,0,2,,,,,,,,,1,,,40,0
23230,note_on,46,0,1,,,,,,,,,0,,,59,0
23232,note_on,2,0,1,,,,,,,,,0,,,61,60
23232,note_on,32,0,2,,,,,,,,,1,,,40,60
23278,note_on,46,0,1,,,,,,,,,0,,,68,0
23280,note_on,2,0,1,,,,,,,,,0,,,69,60
23300,note_on,68,0,2,,,,,,,,,1,,,40,0
23326,note_on,46,0,1,,,,,,,,,0,,,61,0
23328,note_on,2,0,1,,,,,,,,,0,,,64,60
23328,note_on,28,0,2,,,,,,,,,1,,,40,60
23360,note_on,32,0,2,,,,,,,,,1,,,40,0
23374,note_on,46,0,1,,,,,,,,,0,,,69,0
23376,note_on,2,0,1,,,,,,,,,0,,,73,60
23422,note_on,46,0,1,,,,,,,,,0,,,64,0
23422,note_on,0,0,1,,,,,,,,,0,,,73,0
23424,note_on,64,0,2,,,,,,,,,1,,,40,60
23424,note_on,2,0,1,,,,,,,,,0,,,62,60
23424,note_on,0,0,1,,,,,,,,,0,,,73,60
23446,note_on,22,0,2,,,,,,,,,1,,,40,0
23448,note_on,2,0,2,,,,,,,,,1,,,42,64
23470,note_on,22,0,2,,,,,,,,,1,,,42,0
23472,note_on,0,0,1,,,,,,,,,0,,,73,60
23472,note_on,2,0,2,,,,,,,,,1,,,40,68
23472,note_on,0,0,1,,,,,,,,,0,,,73,0
23472,note_on,48,0,1,,,,,,,,,0,,,62,0
23494,note_on,22,0,2,,,,,,,,,1,,,40,0
23496,note_on,2,0,2,,,,,,,,,1,,,42,72
23518,note_on,22,0,2,,,,,,,,,1,,,42,0
23520,note_on,0,0,2,,,,,,,,,1,,,42,76
23520,note_on,2,0,2,,,,,,,,,1,,,39,76
23520,note_on,48,0,1,,,,,,,,,0,,,73,0
23520,note_on,0,0,1,,,,,,,,,0,,,71,60
23542,note_on,22,0,2,,,,,,,,,1,,,39,0
23544,note_on,2,0,2,,,,,,,,,1,,,40,76
23566,note_on,22,0,2,,,,,,,,,1,,,40,0
23566,note_on,0,0,2,,,,,,,,,1,,,42,0
23568,note_on,2,0,2,,,,,,,,,1,,,44,84
23568,note_on,0,0,1,,,,,,,,,0,,,62,60
23568,note_on,48,0,1,,,,,,,,,0,,,71,0
23614,note_on,46,0,2,,,,,,,,,1,,,44,0
23616,note_on,2,0,2,,,,,,,,,1,,,45,92
23616,note_on,48,0,1,,,,,,,,,0,,,62,0
23616,note_on,0,0,1,,,,,,,,,0,,,61,60
23664,note_on,48,0,1,,,,,,,,,0,,,61,0
23664,note_on,0,0,1,,,,,,,,,0,,,71,60
23710,note_on,94,0,2,,,,,,,,,1,,,45,0
23712,note_on,48,0,1,,,,,,,,,0,,,71,0
23712,note_on,2,0,2,,,,,,,,,1,,,40,92
23712,note_on,0,0,1,,,,,,,,,0,,,69,60
23760,note_on,48,0,1,,,,,,,,,0,,,69,0
23760,note_on,0,0,1,,,,,,,,,0,,,61,60
23806,note_on,94,0,2,,,,,,,,,1,,,40,0
23806,note_on,46,0,1,,,,,,,,,0,,,61,0
23808,note_on,0,0,1,,,,,,,,,0,,,59,60
23808,note_on,2,0,1,,,,,,,,,0,,,59,60
23808,note_on,2,0,2,,,,,,,,,1,,,40,60
23854,note_on,46,0,1,,,,,,,,,0,,,59,0
23856,note_on,2,0,1,,,,,,,,,0,,,69,60
23902,note_on,46,0,1,,,,,,,,,0,,,69,0
23904,note_on,2,0,1,,,,,,,,,0,,,68,60
23950,note_on,46,0,1,,,,,,,,,0,,,68,0
23952,note_on,2,0,1,,,,,,,,,0,,,66,60
23968,note_on,16,0,1,,,,,,,,,0,,,59,0
23968,note_on,160,0,2,,,,,,,,,1,,,40,0
23998,note_on,30,0,1,,,,,,,,,0,,,66,0
24000,note_on,2,0,1,,,,,,,,,0,,,59,60
24000,note_on,32,0,2,,,,,,,,,1,,,40,60
24000,note_on,0,0,1,,,,,,,,,0,,,59,60
24032,note_on,32,0,2,,,,,,,,,1,,,40,0
24046,note_on,46,0,1,,,,,,,,,0,,,59,0
24048,note_on,2,0,1,,,,,,,,,0,,,68,60
24094,note_on,0,0,1,,,,,,,,,0,,,68,0
24094,note_on,46,0,1,,,,,,,,,0,,,59,0
24096,note_on,64,0,2,,,,,,,,,1,,,40,60
24096,note_on,0,0,1,,,,,,,,,0,,,62,60
24096,note_on,2,0,1,,,,,,,,,0,,,62,60
24128,note_on,32,0,2,,,,,,,,,1,,,40,0
24142,note_on,46,0,1,,,,,,,,,0,,,62,0
24144,note_on,2,0,1,,,,,,,,,0,,,71,60
24190,note_on,46,0,1,,,,,,,,,0,,,62,0
24190,note_on,0,0,1,,,,,,,,,0,,,71,0
24192,note_on,2,0,1,,,,,,,,,0,,,61,60
24192,note_on,0,0,1,,,,,,,,,0,,,69,60
24192,note_on,64,0,2,,,,,,,,,1,,,33,60
24238,note_on,46,0,1,,,,,,,,,0,,,61,0
24238,note_on,0,0,1,,,,,,,,,0,,,69,0
24240,note_on,2,0,1,,,,,,,,,0,,,64,60
24286,note_on,46,0,1,,,,,,,,,0,,,64,0
24286,note_on,94,0,2,,,,,,,,,1,,,33,0
24288,note_on,2,0,1,,,,,,,,,0,,,66,60
24334,note_on,46,0,1,,,,,,,,,0,,,66,0
24336,note_on,2,0,1,,,,,,,,,0,,,64,60
24382,note_on,46,0,1,,,,,,,,,0,,,64,0
24384,note_on,2,0,1,,,,,,,,,0,,,69,60
24430,note_on,46,0,1,,,,,,,,,0,,,69,0
24432,note_on,2,0,1,,,,,,,,,0,,,64,60
24478,note_on,46,0,1,,,,,,,,,0,,,64,0
24480,note_on,2,0,1,,,,,,,,,0,,,76,60
24480,note_on,194,0,2,,,,,,,,,1,,,61,45
24528,note_on,0,0,2,,,,,,,,,1,,,52,45
24528,note_on,48,0,2,,,,,,,,,1,,,61,0
24574,note_on,94,0,1,,,,,,,,,0,,,76,0
24576,note_on,0,0,1,,,,,,,,,0,,,74,60
24576,note_on,48,0,2,,,,,,,,,1,,,52,0
24576,note_on,2,0,1,,,,,,,,,0,,,64,60
24576,note_on,0,0,2,,,,,,,,,1,,,59,45
24624,note_on,0,0,2,,,,,,,,,1,,,58,45
24624,note_on,48,0,2,,,,,,,,,1,,,59,0
24672,note_on,0,0,2,,,,,,,,,1,,,59,45
24672,note_on,48,0,2,,,,,,,,,1,,,58,0
24720,note_on,48,0,2,,,,,,,,,1,,,59,0
24720,note_on,0,0,1,,,,,,,,,0,,,76,60
24720,note_on,144,0,1,,,,,,,,,0,,,74,0
24720,note_on,0,0,2,,,,,,,,,1,,,52,45
24768,note_on,48,0,2,,,,,,,,,1,,,52,0
24768,note_on,0,0,2,,,,,,,,,1,,,59,45
24768,note_on,0,0,1,,,,,,,,,0,,,74,60
24768,note_on,48,0,1,,,,,,,,,0,,,76,0
24816,note_on,48,0,2,,,,,,,,,1,,,59,0
24816,note_on,0,0,2,,,,,,,,,1,,,52,45
24832,note_on,64,0,1,,,,,,,,,0,,,64,0
24864,note_on,32,0,1,,,,,,,,,0,,,74,0
24864,note_on,0,0,1,,,,,,,,,0,,,73,60
24864,note_on,48,0,2,,,,,,,,,1,,,52,0
24864,note_on,0,0,1,,,,,,,,,0,,,64,60
24864,note_on,0,0,2,,,,,,,,,1,,,57,45
24912,note_on,0,0,2,,,,,,,,,1,,,52,45
24912,note_on,48,0,2,,,,,,,,,1,,,57,0
24958,note_on,0,0,1,,,,,,,,,0,,,73,0
24958,note_on,94,0,1,,,,,,,,,0,,,64,0
24958,note_on,46,0,2,,,,,,,,,1,,,52,0
24960,note_on,2,0,1,,,,,,,,,0,,,68,60
24960,note_on,2,0,2,,,,,,,,,1,,,62,45
24960,note_on,0,0,1,,,,,,,,,0,,,71,60
25008,note_on,0,0,2,,,,,,,,,1,,,61,45
25008,note_on,48,0,2,,,,,,,,,1,,,62,0
25056,note_on,48,0,2,,,,,,,,,1,,,61,0
25056,note_on,0,0,2,,,,,,,,,1,,,62,45
25102,note_on,142,0,1,,,,,,,,,0,,,71,0
25104,note_on,48,0,2,,,,,,,,,1,,,62,0
25104,note_on,2,0,1,,,,,,,,,0,,,73,60
25104,note_on,0,0,2,,,,,,,,,1,,,52,45
25150,note_on,46,0,1,,,,,,,,,0,,,73,0
25152,note_on,0,0,2,,,,,,,,,1,,,62,45
25152,note_on,48,0,2,,,,,,,,,1,,,52,0
25152,note_on,2,0,1,,,,,,,,,0,,,71,60
25200,note_on,48,0,2,,,,,,,,,1,,,62,0
25200,note_on,0,0,2,,,,,,,,,1,,,52,45
25216,note_on,64,0,1,,,,,,,,,0,,,68,0
25246,note_on,30,0,1,,,,,,,,,0,,,71,0
25248,note_on,48,0,2,,,,,,,,,1,,,52,0
25248,note_on,0,0,2,,,,,,,,,1,,,61,45
25248,note_on,2,0,1,,,,,,,,,0,,,64,60
25248,note_on,0,0,1,,,,,,,,,0,,,69,60
25296,note_on,0,0,2,,,,,,,,,1,,,52,45
25296,note_on,48,0,2,,,,,,,,,1,,,61,0
25342,note_on,46,0,2,,,,,,,,,1,,,52,0
25342,note_on,0,0,1,,,,,,,,,0,,,69,0
25342,note_on,94,0,1,,,,,,,,,0,,,64,0
25344,note_on,2,0,2,,,,,,,,,1,,,59,45
25344,note_on,0,0,1,,,,,,,,,0,,,76,84
25344,note_on,2,0,1,,,,,,,,,0,,,68,60
25390,note_on,46,0,1,,,,,,,,,0,,,76,0
25392,note_on,2,0,1,,,,,,,,,0,,,74,60
25392,note_on,48,0,2,,,,,,,,,1,,,59,0
25392,note_on,0,0,2,,,,,,,,,1,,,52,45
25438,note_on,46,0,1,,,,,,,,,0,,,68,0
25438,note_on,0,0,1,,,,,,,,,0,,,74,0
25440,note_on,48,0,2,,,,,,,,,1,,,52,0
25440,note_on,0,0,2,,,,,,,,,1,,,57,45
25440,note_on,0,0,1,,,,,,,,,0,,,73,60
25440,note_on,2,0,1,,,,,,,,,0,,,69,60
25472,note_on,0,0,1,,,,,,,,,0,,,73,0
25472,note_on,32,0,1,,,,,,,,,0,,,69,0
25488,note_on,0,0,2,,,,,,,,,1,,,52,45
25488,note_on,48,0,2,,,,,,,,,1,,,57,0
25534,note_on,46,0,2,,,,,,,,,1,,,52,0
25536,note_on,2,0,2,,,,,,,,,1,,,59,45
25536,note_on,64,0,1,,,,,,,,,0,,,68,60
25536,note_on,0,0,1,,,,,,,,,0,,,76,84
25582,note_on,46,0,1,,,,,,,,,0,,,76,0
25584,note_on,2,0,1,,,,,,,,,0,,,74,60
25584,note_on,48,0,2,,,,,,,,,1,,,59,0
25584,note_on,0,0,2,,,,,,,,,1,,,52,45
25630,note_on,0,0,1,,,,,,,,,0,,,74,0
25630,note_on,46,0,1,,,,,,,,,0,,,68,0
25632,note_on,0,0,2,,,,,,,,,1,,,57,45
25632,note_on,0,0,1,,,,,,,,,0,,,73,60
25632,note_on,48,0,2,,,,,,,,,1,,,52,0
25632,note_on,2,0,1,,,,,,,,,0,,,69,60
25664,note_on,32,0,1,,,,,,,,,0,,,69,0
25664,note_on,0,0,1,,,,,,,,,0,,,73,0
25680,note_on,48,0,2,,,,,,,,,1,,,57,0
25680,note_on,0,0,2,,,,,,,,,1,,,52,45
25726,note_on,46,0,2,,,,,,,,,1,,,52,0
25728,note_on,64,0,1,,,,,,,,,0,,,68,60
25728,note_on,2,0,2,,,,,,,,,1,,,64,45
25728,note_on,0,0,1,,,,,,,,,0,,,71,60
25776,note_on,0,0,2,,,,,,,,,1,,,63,45
25776,note_on,48,0,2,,,,,,,,,1,,,64,0
25824,note_on,0,0,2,,,,,,,,,1,,,64,45
25824,note_on,48,0,2,,,,,,,,,1,,,63,0
25872,note_on,0,0,2,,,,,,,,,1,,,66,45
25872,note_on,48,0,2,,,,,,,,,1,,,64,0
25920,note_on,0,0,2,,,,,,,,,1,,,64,45
25920,note_on,48,0,2,,,,,,,,,1,,,66,0
25920,note_on,0,0,1,,,,,,,,,0,,,71,60
25920,note_on,0,0,1,,,,,,,,,0,,,68,60
25920,note_on,0,0,1,,,,,,,,,0,,,71,0
25920,note_on,192,0,1,,,,,,,,,0,,,68,0
25966,note_on,0,0,1,,,,,,,,,0,,,71,0
25966,note_on,46,0,1,,,,,,,,,0,,,68,0
25968,note_on,48,0,2,,,,,,,,,1,,,64,0
25968,note_on,0,0,2,,,,,,,,,1,,,62,45
25968,note_on,2,0,1,,,,,,,,,0,,,64,60
26014,note_on,46,0,1,,,,,,,,,0,,,64,0
26016,note_on,0,0,2,,,,,,,,,1,,,61,45
26016,note_on,2,0,1,,,,,,,,,0,,,66,60
26016,note_on,48,0,2,,,,,,,,,1,,,62,0
26062,note_on,46,0,1,,,,,,,,,0,,,66,0
26064,note_on,2,0,1,,,,,,,,,0,,,68,60
26064,note_on,0,0,2,,,,,,,,,1,,,59,45
26064,note_on,48,0,2,,,,,,,,,1,,,61,0
26110,note_on,46,0,1,,,,,,,,,0,,,68,0
26110,note_on,46,0,2,,,,,,,,,1,,,59,0
26112,note_on,2,0,2,,,,,,,,,1,,,61,45
26112,note_on,0,0,1,,,,,,,,,0,,,76,60
26112,note_on,2,0,1,,,,,,,,,0,,,69,60
26158,note_on,46,0,2,,,,,,,,,1,,,61,0
26160,note_on,2,0,2,,,,,,,,,1,,,57,45
26206,note_on,46,0,2,,,,,,,,,1,,,57,0
26208,note_on,2,0,2,,,,,,,,,1,,,59,45
26254,note_on,142,0,1,,,,,,,,,0,,,69,0
26254,note_on,46,0,2,,,,,,,,,1,,,59,0
26256,note_on,2,0,1,,,,,,,,,0,,,68,60
26256,note_on,2,0,2,,,,,,,,,1,,,57,45
26272,note_on,16,0,1,,,,,,,,,0,,,76,0
26302,note_on,30,0,1,,,,,,,,,0,,,68,0
26302,note_on,46,0,2,,,,,,,,,1,,,57,0
26304,note_on,0,0,1,,,,,,,,,0,,,76,60
26304,note_on,2,0,2,,,,,,,,,1,,,61,45
26304,note_on,2,0,1,,,,,,,,,0,,,69,60
26336,note_on,0,0,1,,,,,,,,,0,,,76,0
26336,note_on,32,0,1,,,,,,,,,0,,,69,0
26350,note_on,46,0,2,,,,,,,,,1,,,61,0
26352,note_on,2,0,2,,,,,,,,,1,,,57,48
26398,note_on,46,0,2,,,,,,,,,1,,,57,0
26400,note_on,0,0,1,,,,,,,,,0,,,76,68
26400,note_on,2,0,2,,,,,,,,,1,,,64,51
26400,note_on,64,0,1,,,,,,,,,0,,,73,68
26432,note_on,0,0,1,,,,,,,,,0,,,76,0
26432,note_on,32,0,1,,,,,,,,,0,,,73,0
26446,note_on,46,0,2,,,,,,,,,1,,,64,0
26448,note_on,2,0,2,,,,,,,,,1,,,57,55
26494,note_on,46,0,2,,,,,,,,,1,,,57,0
26496,note_on,64,0,1,,,,,,,,,0,,,71,76
26496,note_on,2,0,2,,,,,,,,,1,,,62,59
26496,note_on,0,0,1,,,,,,,,,0,,,76,76
26518,note_on,22,0,1,,,,,,,,,0,,,76,0
26520,note_on,2,0,1,,,,,,,,,0,,,78,78
26542,note_on,22,0,1,,,,,,,,,0,,,78,0
26544,note_on,2,0,1,,,,,,,,,0,,,76,80
26544,note_on,0,0,2,,,,,,,,,1,,,57,63
26544,note_on,48,0,2,,,,,,,,,1,,,62,0
26566,note_on,22,0,1,,,,,,,,,0,,,76,0
26568,note_on,2,0,1,,,,,,,,,0,,,78,82
26590,note_on,22,0,1,,,,,,,,,0,,,78,0
26592,note_on,2,0,1,,,,,,,,,0,,,75,84
26592,note_on,0,0,1,,,,,,,,,0,,,78,84
26592,note_on,48,0,2,,,,,,,,,1,,,57,0
26592,note_on,0,0,2,,,,,,,,,1,,,62,67
26614,note_on,22,0,1,,,,,,,,,0,,,75,0
26616,note_on,2,0,1,,,,,,,,,0,,,76,84
26638,note_on,0,0,1,,,,,,,,,0,,,78,0
26638,note_on,22,0,1,,,,,,,,,0,,,76,0
26640,note_on,48,0,2,,,,,,,,,1,,,62,0
26640,note_on,2,0,1,,,,,,,,,0,,,80,88
26640,note_on,0,0,2,,,,,,,,,1,,,57,71
26656,note_on,16,0,1,,,,,,,,,0,,,71,0
26686,note_on,30,0,1,,,,,,,,,0,,,80,0
26688,note_on,2,0,1,,,,,,,,,0,,,69,92
26688,note_on,0,0,2,,,,,,,,,1,,,61,75
26688,note_on,48,0,2,,,,,,,,,1,,,57,0
26688,note_on,0,0,1,,,,,,,,,0,,,81,92
26736,note_on,0,0,2,,,,,,,,,1,,,57,75
26736,note_on,48,0,2,,,,,,,,,1,,,61,0
26782,note_on,94,0,1,,,,,,,,,0,,,81,0
26784,note_on,48,0,2,,,,,,,,,1,,,57,0
26784,note_on,0,0,2,,,,,,,,,1,,,61,45
26784,note_on,2,0,1,,,,,,,,,0,,,76,92
26832,note_on,48,0,2,,,,,,,,,1,,,61,0
26832,note_on,0,0,2,,,,,,,,,1,,,57,45
26848,note_on,64,0,1,,,,,,,,,0,,,69,0
26878,note_on,30,0,1,,,,,,,,,0,,,76,0
26880,note_on,0,0,1,,,,,,,,,0,,,76,60
26880,note_on,2,0,1,,,,,,,,,0,,,68,60
26880,note_on,48,0,2,,,,,,,,,1,,,57,0
26880,note_on,0,0,2,,,,,,,,,1,,,59,45
26928,note_on,48,0,2,,,,,,,,,1,,,59,0
26928,note_on,0,0,2,,,,,,,,,1,,,57,45
26974,note_on,94,0,1,,,,,,,,,0,,,68,0
26976,note_on,48,0,2,,,,,,,,,1,,,57,0
26976,note_on,2,0,1,,,,,,,,,0,,,71,60
26976,note_on,0,0,2,,,,,,,,,1,,,62,45
27024,note_on,48,0,2,,,,,,,,,1,,,62,0
27024,note_on,0,0,2,,,,,,,,,1,,,57,45
27040,note_on,64,0,1,,,,,,,,,0,,,76,0
27070,note_on,30,0,1,,,,,,,,,0,,,71,0
27072,note_on,48,0,2,,,,,,,,,1,,,57,0
27072,note_on,2,0,1,,,,,,,,,0,,,68,60
27072,note_on,0,0,1,,,,,,,,,0,,,76,60
27072,note_on,0,0,2,,,,,,,,,1,,,59,45
27104,note_on,0,0,1,,,,,,,,,0,,,76,0
27104,note_on,32,0,1,,,,,,,,,0,,,68,0
27120,note_on,48,0,2,,,,,,,,,1,,,59,0
27120,note_on,0,0,2,,,,,,,,,1,,,57,45
27168,note_on,64,0,1,,,,,,,,,0,,,71,60
27168,note_on,48,0,2,,,,,,,,,1,,,57,0
27168,note_on,0,0,2,,,,,,,,,1,,,62,45
27168,note_on,0,0,1,,,,,,,,,0,,,76,60
27200,note_on,32,0,1,,,,,,,,,0,,,71,0
27200,note_on,0,0,1,,,,,,,,,0,,,76,0
27216,note_on,0,0,2,,,,,,,,,1,,,57,45
27216,note_on,48,0,2,,,,,,,,,1,,,62,0
27264,note_on,48,0,2,,,,,,,,,1,,,57,0
27264,note_on,64,0,1,,,,,,,,,0,,,69,60
27264,note_on,0,0,2,,,,,,,,,1,,,57,45
27264,note_on,0,0,2,,,,,,,,,1,,,61,45
27310,note_on,46,0,2,,,,,,,,,1,,,57,0
27310,note_on,0,0,2,,,,,,,,,1,,,61,0
27312,note_on,2,0,2,,,,,,,,,1,,,57,45
27358,note_on,94,0,1,,,,,,,,,0,,,69,0
27360,note_on,0,0,2,,,,,,,,,1,,,59,45
27360,note_on,48,0,2,,,,,,,,,1,,,57,0
27408,note_on,48,0,2,,,,,,,,,1,,,59,0
27408,note_on,0,0,2,,,,,,,,,1,,,57,45
27456,note_on,0,0,2,,,,,,,,,1,,,56,45
27456,note_on,48,0,2,,,,,,,,,1,,,57,0
27504,note_on,0,0,1,,,,,,,,,0,,,76,60
27504,note_on,146,0,1,,,,,,,,,0,,,73,60
27504,note_on,0,0,2,,,,,,,,,1,,,57,45
27504,note_on,48,0,2,,,,,,,,,1,,,56,0
27550,note_on,0,0,1,,,,,,,,,0,,,76,0
27550,note_on,46,0,1,,,,,,,,,0,,,73,0
27552,note_on,2,0,1,,,,,,,,,0,,,71,60
27552,note_on,0,0,2,,,,,,,,,1,,,59,45
27552,note_on,48,0,2,,,,,,,,,1,,,57,0
27552,note_on,0,0,1,,,,,,,,,0,,,74,60
27598,note_on,0,0,1,,,,,,,,,0,,,74,0
27598,note_on,46,0,1,,,,,,,,,0,,,71,0
27600,note_on,0,0,2,,,,,,,,,1,,,61,45
27600,note_on,0,0,1,,,,,,,,,0,,,73,60
27600,note_on,2,0,1,,,,,,,,,0,,,69,60
27600,note_on,48,0,2,,,,,,,,,1,,,59,0
27646,note_on,46,0,2,,,,,,,,,1,,,61,0
27646,note_on,46,0,1,,,,,,,,,0,,,69,0
27646,note_on,0,0,1,,,,,,,,,0,,,73,0
27648,note_on,0,0,1,,,,,,,,,0,,,71,60
27648,note_on,2,0,1,,,,,,,,,0,,,68,60
27648,note_on,2,0,2,,,,,,,,,1,,,62,45
27696,note_on,0,0,1,,,,,,,,,0,,,76,60
27696,note_on,48,0,1,,,,,,,,,0,,,68,0
27696,note_on,0,0,1,,,,,,,,,0,,,71,0
27744,note_on,48,0,1,,,,,,,,,0,,,76,0
27744,note_on,0,0,1,,,,,,,,,0,,,68,60
27744,note_on,0,0,1,,,,,,,,,0,,,71,60
27792,note_on,144,0,2,,,,,,,,,1,,,62,0
27792,note_on,48,0,1,,,,,,,,,0,,,68,0
27792,note_on,0,0,2,,,,,,,,,1,,,64,45
27792,note_on,0,0,1,,,,,,,,,0,,,76,60
27792,note_on,0,0,1,,,,,,,,,0,,,71,0
27840,note_on,48,0,1,,,,,,,,,0,,,76,0
27840,note_on,0,0,2,,,,,,,,,1,,,62,45
27840,note_on,0,0,1,,,,,,,,,0,,,68,60
27840,note_on,48,0,2,,,,,,,,,1,,,64,0
27840,note_on,0,0,1,,,,,,,,,0,,,71,60
27888,note_on,0,0,1,,,,,,,,,0,,,76,60
27888,note_on,48,0,1,,,,,,,,,0,,,68,0
27888,note_on,0,0,1,,,,,,,,,0,,,71,0
27936,note_on,48,0,1,,,,,,,,,0,,,76,0
27936,note_on,0,0,1,,,,,,,,,0,,,69,60
27936,note_on,0,0,2,,,,,,,,,1,,,61,45
27936,note_on,96,0,2,,,,,,,,,1,,,62,0
27984,note_on,0,0,1,,,,,,,,,0,,,76,60
27984,note_on,48,0,1,,,,,,,,,0,,,69,0
28030,note_on,94,0,2,,,,,,,,,1,,,61,0
28030,note_on,46,0,1,,,,,,,,,0,,,76,0
28032,note_on,2,0,2,,,,,,,,,1,,,50,45
28032,note_on,0,0,2,,,,,,,,,1,,,59,45
28032,note_on,0,0,1,,,,,,,,,0,,,76,60
28032,note_on,2,0,1,,,,,,,,,0,,,68,60
28080,note_on,0,0,1,,,,,,,,,0,,,80,60
28080,note_on,0,0,1,,,,,,,,,0,,,76,0
28080,note_on,48,0,1,,,,,,,,,0,,,68,0
28128,note_on,0,0,1,,,,,,,,,0,,,68,60
28128,note_on,0,0,1,,,,,,,,,0,,,76,60
28128,note_on,48,0,1,,,,,,,,,0,,,80,0
28176,note_on,144,0,2,,,,,,,,,1,,,50,0
28176,note_on,0,0,2,,,,,,,,,1,,,59,0
28176,note_on,0,0,2,,,,,,,,,1,,,52,45
28176,note_on,48,0,1,,,,,,,,,0,,,68,0
28176,note_on,0,0,1,,,,,,,,,0,,,76,0
28176,note_on,0,0,1,,,,,,,,,0,,,80,60
28176,note_on,0,0,2,,,,,,,,,1,,,61,45
28224,note_on,48,0,1,,,,,,,,,0,,,80,0
28224,note_on,0,0,1,,,,,,,,,0,,,68,60
28224,note_on,0,0,1,,,,,,,,,0,,,76,60
28224,note_on,0,0,2,,,,,,,,,1,,,61,0
28224,note_on,48,0,2,,,,,,,,,1,,,52,0
28224,note_on,0,0,2,,,,,,,,,1,,,50,45
28224,note_on,0,0,2,,,,,,,,,1,,,59,45
28272,note_on,0,0,1,,,,,,,,,0,,,80,60
28272,note_on,0,0,1,,,,,,,,,0,,,76,0
28272,note_on,48,0,1,,,,,,,,,0,,,68,0
28320,note_on,0,0,2,,,,,,,,,1,,,49,45
28320,note_on,0,0,2,,,,,,,,,1,,,57,45
28320,note_on,0,0,2,,,,,,,,,1,,,59,0
28320,note_on,96,0,2,,,,,,,,,1,,,50,0
28320,note_on,0,0,1,,,,,,,,,0,,,76,60
28320,note_on,48,0,1,,,,,,,,,0,,,80,0
28320,note_on,0,0,1,,,,,,,,,0,,,69,60
28368,note_on,0,0,1,,,,,,,,,0,,,76,0
28368,note_on,0,0,1,,,,,,,,,0,,,81,60
28368,note_on,48,0,1,,,,,,,,,0,,,69,0
28414,note_on,94,0,2,,,,,,,,,1,,,49,0
28414,note_on,46,0,1,,,,,,,,,0,,,81,0
28414,note_on,0,0,2,,,,,,,,,1,,,57,0
28416,note_on,2,0,2,,,,,,,,,1,,,56,45
28416,note_on,0,0,2,,,,,,,,,1,,,64,63
28416,note_on,2,0,1,,,,,,,,,0,,,83,60
28462,note_on,46,0,2,,,,,,,,,1,,,64,0
28464,note_on,48,0,1,,,,,,,,,0,,,83,0
28464,note_on,2,0,2,,,,,,,,,1,,,62,45
28464,note_on,0,0,1,,,,,,,,,0,,,76,60
28510,note_on,0,0,2,,,,,,,,,1,,,62,0
28510,note_on,46,0,2,,,,,,,,,1,,,56,0
28512,note_on,0,0,1,,,,,,,,,0,,,81,60
28512,note_on,48,0,1,,,,,,,,,0,,,76,0
28512,note_on,0,0,2,,,,,,,,,1,,,61,45
28512,note_on,2,0,2,,,,,,,,,1,,,57,45
28544,note_on,32,0,2,,,,,,,,,1,,,57,0
28544,note_on,0,0,2,,,,,,,,,1,,,61,0
28560,note_on,0,0,1,,,,,,,,,0,,,76,60
28560,note_on,48,0,1,,,,,,,,,0,,,81,0
28606,note_on,46,0,1,,,,,,,,,0,,,76,0
28608,note_on,64,0,2,,,,,,,,,1,,,56,45
28608,note_on,0,0,2,,,,,,,,,1,,,64,63
28608,note_on,2,0,1,,,,,,,,,0,,,83,60
28654,note_on,46,0,2,,,,,,,,,1,,,64,0
28656,note_on,0,0,1,,,,,,,,,0,,,76,60
28656,note_on,2,0,2,,,,,,,,,1,,,62,45
28656,note_on,48,0,1,,,,,,,,,0,,,83,0
28702,note_on,0,0,2,,,,,,,,,1,,,62,0
28702,note_on,46,0,2,,,,,,,,,1,,,56,0
28704,note_on,0,0,2,,,,,,,,,1,,,61,45
28704,note_on,2,0,2,,,,,,,,,1,,,57,45
28704,note_on,0,0,1,,,,,,,,,0,,,81,60
28704,note_on,48,0,1,,,,,,,,,0,,,76,0
28736,note_on,32,0,2,,,,,,,,,1,,,57,0
28736,note_on,0,0,2,,,,,,,,,1,,,61,0
28752,note_on,0,0,1,,,,,,,,,0,,,76,60
28752,note_on,48,0,1,,,,,,,,,0,,,81,0
28798,note_on,46,0,1,,,,,,,,,0,,,76,0
28800,note_on,2,0,1,,,,,,,,,0,,,88,60
28800,note_on,0,0,2,,,,,,,,,1,,,59,45
28800,note_on,64,0,2,,,,,,,,,1,,,52,45
28832,note_on,0,0,2,,,,,,,,,1,,,59,0
28832,note_on,32,0,2,,,,,,,,,1,,,52,0
28834,note_on,34,0,1,,,,,,,,,0,,,88,0
28848,note_on,14,0,1,,,,,,,,,0,,,76,60
28896,note_on,0,0,1,,,,,,,,,0,,,78,60
28896,note_on,48,0,1,,,,,,,,,0,,,76,0
28944,note_on,48,0,1,,,,,,,,,0,,,78,0
28944,note_on,0,0,1,,,,,,,,,0,,,76,60
28992,note_on,0,0,1,,,,,,,,,0,,,75,60
28992,note_on,48,0,1,,,,,,,,,0,,,76,0
29040,note_on,0,0,1,,,,,,,,,0,,,78,60
29040,note_on,48,0,1,,,,,,,,,0,,,75,0
29088,note_on,0,0,1,,,,,,,,,0,,,74,60
29088,note_on,48,0,1,,,,,,,,,0,,,78,0
29136,note_on,0,0,1,,,,,,,,,0,,,80,60
29136,note_on,48,0,1,,,,,,,,,0,,,74,0
29184,note_on,48,0,1,,,,,,,,,0,,,80,0
29184,note_on,0,0,1,,,,,,,,,0,,,73,60
29184,note_on,0,0,1,,,,,,,,,0,,,83,60
29184,note_on,352,0,2,,,,,,,,,1,,,40,45
29232,note_on,48,0,1,,,,,,,,,0,,,83,0
29232,note_on,0,0,1,,,,,,,,,0,,,81,60
29278,note_on,46,0,1,,,,,,,,,0,,,73,0
29280,note_on,2,0,1,,,,,,,,,0,,,71,60
29326,note_on,46,0,1,,,,,,,,,0,,,81,0
29328,note_on,2,0,1,,,,,,,,,0,,,80,60
29344,note_on,160,0,2,,,,,,,,,1,,,40,0
29374,note_on,46,0,1,,,,,,,,,0,,,71,0
29376,note_on,32,0,2,,,,,,,,,1,,,40,45
29376,note_on,2,0,1,,,,,,,,,0,,,73,60
29422,note_on,46,0,1,,,,,,,,,0,,,80,0
29424,note_on,2,0,1,,,,,,,,,0,,,81,60
29444,note_on,68,0,2,,,,,,,,,1,,,40,0
29470,note_on,46,0,1,,,,,,,,,0,,,73,0
29472,note_on,28,0,2,,,,,,,,,1,,,40,45
29472,note_on,2,0,1,,,,,,,,,0,,,76,60
29504,note_on,32,0,2,,,,,,,,,1,,,40,0
29518,note_on,46,0,1,,,,,,,,,0,,,81,0
29520,note_on,2,0,1,,,,,,,,,0,,,85,60
29566,note_on,0,0,1,,,,,,,,,0,,,85,0
29566,note_on,46,0,1,,,,,,,,,0,,,76,0
29568,note_on,64,0,2,,,,,,,,,1,,,40,45
29568,note_on,0,0,1,,,,,,,,,0,,,85,60
29568,note_on,2,0,1,,,,,,,,,0,,,74,60
29590,note_on,22,0,2,,,,,,,,,1,,,40,0
29592,note_on,2,0,2,,,,,,,,,1,,,42,50
29614,note_on,22,0,2,,,,,,,,,1,,,42,0
29616,note_on,2,0,2,,,,,,,,,1,,,40,56
29616,note_on,0,0,1,,,,,,,,,0,,,85,60
29616,note_on,0,0,1,,,,,,,,,0,,,85,0
29616,note_on,48,0,1,,,,,,,,,0,,,74,0
29638,note_on,22,0,2,,,,,,,,,1,,,40,0
29640,note_on,2,0,2,,,,,,,,,1,,,42,62
29662,note_on,22,0,2,,,,,,,,,1,,,42,0
29664,note_on,0,0,2,,,,,,,,,1,,,42,68
29664,note_on,2,0,2,,,,,,,,,1,,,39,68
29664,note_on,0,0,1,,,,,,,,,0,,,83,60
29664,note_on,48,0,1,,,,,,,,,0,,,85,0
29686,note_on,22,0,2,,,,,,,,,1,,,39,0
29688,note_on,2,0,2,,,,,,,,,1,,,40,68
29710,note_on,0,0,2,,,,,,,,,1,,,42,0
29710,note_on,22,0,2,,,,,,,,,1,,,40,0
29712,note_on,48,0,1,,,,,,,,,0,,,83,0
29712,note_on,0,0,1,,,,,,,,,0,,,74,60
29712,note_on,2,0,2,,,,,,,,,1,,,44,80
29758,note_on,46,0,2,,,,,,,,,1,,,44,0
29760,note_on,2,0,2,,,,,,,,,1,,,45,92
29760,note_on,48,0,1,,,,,,,,,0,,,74,0
29760,note_on,0,0,1,,,,,,,,,0,,,73,60
29808,note_on,48,0,1,,,,,,,,,0,,,73,0
29808,note_on,0,0,1,,,,,,,,,0,,,83,60
29854,note_on,94,0,2,,,,,,,,,1,,,45,0
29856,note_on,2,0,2,,,,,,,,,1,,,40,92
29856,note_on,48,0,1,,,,,,,,,0,,,83,0
29856,note_on,0,0,1,,,,,,,,,0,,,81,60
29904,note_on,48,0,1,,,,,,,,,0,,,81,0
29904,note_on,0,0,1,,,,,,,,,0,,,73,60
29950,note_on,46,0,1,,,,,,,,,0,,,73,0
29950,note_on,94,0,2,,,,,,,,,1,,,40,0
29952,note_on,0,0,1,,,,,,,,,0,,,71,60
29952,note_on,2,0,2,,,,,,,,,1,,,40,60
29952,note_on,2,0,1,,,,,,,,,0,,,71,60
29998,note_on,46,0,1,,,,,,,,,0,,,71,0
30000,note_on,2,0,1,,,,,,,,,0,,,81,60
30046,note_on,46,0,1,,,,,,,,,0,,,81,0
30048,note_on,2,0,1,,,,,,,,,0,,,80,60
30094,note_on,46,0,1,,,,,,,,,0,,,80,0
30096,note_on,2,0,1,,,,,,,,,0,,,78,60
30112,note_on,16,0,1,,,,,,,,,0,,,71,0
30112,note_on,160,0,2,,,,,,,,,1,,,40,0
30142,note_on,30,0,1,,,,,,,,,0,,,78,0
30144,note_on,2,0,1,,,,,,,,,0,,,71,60
30144,note_on,0,0,1,,,,,,,,,0,,,71,60
30144,note_on,32,0,2,,,,,,,,,1,,,40,60
30176,note_on,32,0,2,,,,,,,,,1,,,40,0
30190,note_on,46,0,1,,,,,,,,,0,,,71,0
30192,note_on,2,0,1,,,,,,,,,0,,,80,60
30238,note_on,0,0,1,,,,,,,,,0,,,80,0
30238,note_on,46,0,1,,,,,,,,,0,,,71,0
30240,note_on,64,0,2,,,,,,,,,1,,,40,60
30240,note_on,0,0,1,,,,,,,,,0,,,74,60
30240,note_on,2,0,1,,,,,,,,,0,,,74,60
30272,note_on,32,0,2,,,,,,,,,1,,,40,0
30286,note_on,46,0,1,,,,,,,,,0,,,74,0
30288,note_on,2,0,1,,,,,,,,,0,,,83,60
30334,note_on,46,0,1,,,,,,,,,0,,,74,0
30334,note_on,0,0,1,,,,,,,,,0,,,83,0
30336,note_on,2,0,1,,,,,,,,,0,,,73,60
30336,note_on,0,0,1,,,,,,,,,0,,,81,60
30336,note_on,64,0,2,,,,,,,,,1,,,33,60
30430,note_on,94,0,1,,,,,,,,,0,,,73,0
30430,note_on,94,0,2,,,,,,,,,1,,,33,0
30430,note_on,0,0,1,,,,,,,,,0,,,81,0
30528,note_on,98,0,2,,,,,,,,,1,,,66,92
30528,note_on,98,0,1,,,,,,,,,0,,,69,92
30528,note_on,0,0,1,,,,,,,,,0,,,74,92
30688,note_on,0,0,1,,,,,,,,,0,,,74,0
30688,note_on,160,0,2,,,,,,,,,1,,,66,0
30688,note_on,160,0,1,,,,,,,,,0,,,69,0
30720,note_on,32,0,2,,,,,,,,,1,,,62,60
30720,note_on,32,0,1,,,,,,,,,0,,,78,60
30814,note_on,94,0,1,,,,,,,,,0,,,78,0
30816,note_on,0,0,2,,,,,,,,,1,,,59,60
30816,note_on,96,0,2,,,,,,,,,1,,,62,0
30816,note_on,2,0,1,,,,,,,,,0,,,66,60
30816,note_on,0,0,1,,,,,,,,,0,,,74,60
30910,note_on,94,0,1,,,,,,,,,0,,,66,0
30910,note_on,0,0,1,,,,,,,,,0,,,74,0
30912,note_on,2,0,1,,,,,,,,,0,,,68,60
30912,note_on,0,0,1,,,,,,,,,0,,,71,60
30912,note_on,0,0,2,,,,,,,,,1,,,64,60
30912,note_on,96,0,2,,,,,,,,,1,,,59,0
31006,note_on,0,0,1,,,,,,,,,0,,,71,0
31006,note_on,94,0,1,,,,,,,,,0,,,68,0
31008,note_on,96,0,2,,,,,,,,,1,,,64,0
31008,note_on,0,0,2,,,,,,,,,1,,,52,60
31008,note_on,2,0,1,,,,,,,,,0,,,68,60
31008,note_on,0,0,1,,,,,,,,,0,,,76,60
31102,note_on,94,0,1,,,,,,,,,0,,,68,0
31102,note_on,0,0,1,,,,,,,,,0,,,76,0
31104,note_on,2,0,1,,,,,,,,,0,,,69,60
31104,note_on,0,0,2,,,,,,,,,1,,,57,60
31104,note_on,0,0,1,,,,,,,,,0,,,74,60
31104,note_on,96,0,2,,,,,,,,,1,,,52,0
31150,note_on,46,0,1,,,,,,,,,0,,,74,0
31152,note_on,2,0,1,,,,,,,,,0,,,73,60
31198,note_on,0,0,1,,,,,,,,,0,,,73,0
31198,note_on,46,0,1,,,,,,,,,0,,,69,0
31200,note_on,2,0,1,,,,,,,,,0,,,71,60
31246,note_on,46,0,1,,,,,,,,,0,,,71,0
31248,note_on,2,0,1,,,,,,,,,0,,,69,60
31264,note_on,160,0,2,,,,,,,,,1,,,57,0
31294,note_on,46,0,1,,,,,,,,,0,,,69,0
31296,note_on,32,0,2,,,,,,,,,1,,,54,92
31296,note_on,2,0,1,,,,,,,,,0,,,57,92
31296,note_on,0,0,1,,,,,,,,,0,,,62,92
31456,note_on,160,0,2,,,,,,,,,1,,,54,0
31456,note_on,0,0,1,,,,,,,,,0,,,62,0
31456,note_on,160,0,1,,,,,,,,,0,,,57,0
31488,note_on,32,0,1,,,,,,,,,0,,,66,60
31488,note_on,32,0,2,,,,,,,,,1,,,50,60
31582,note_on,94,0,2,,,,,,,,,1,,,50,0
31584,note_on,2,0,2,,,,,,,,,1,,,47,60
31584,note_on,96,0,1,,,,,,,,,0,,,66,0
31584,note_on,0,0,1,,,,,,,,,0,,,54,60
31584,note_on,0,0,1,,,,,,,,,0,,,62,60
31678,note_on,94,0,2,,,,,,,,,1,,,47,0
31680,note_on,2,0,2,,,,,,,,,1,,,52,60
31680,note_on,96,0,1,,,,,,,,,0,,,54,0
31680,note_on,0,0,1,,,,,,,,,0,,,62,0
31680,note_on,0,0,1,,,,,,,,,0,,,56,60
31680,note_on,0,0,1,,,,,,,,,0,,,59,60
31774,note_on,94,0,2,,,,,,,,,1,,,52,0
31776,note_on,2,0,2,,,,,,,,,1,,,40,60
31776,note_on,0,0,1,,,,,,,,,0,,,59,0
31776,note_on,0,0,1,,,,,,,,,0,,,56,60
31776,note_on,0,0,1,,,,,,,,,0,,,64,60
31776,note_on,96,0,1,,,,,,,,,0,,,56,0
31870,note_on,94,0,2,,,,,,,,,1,,,40,0
31872,note_on,96,0,1,,,,,,,,,0,,,56,0
31872,note_on,0,0,1,,,,,,,,,0,,,64,0
31872,note_on,0,0,1,,,,,,,,,0,,,57,60
31872,note_on,0,0,1,,,,,,,,,0,,,61,60
31872,note_on,2,0,2,,,,,,,,,1,,,45,60
31904,note_on,32,0,1,,,,,,,,,0,,,57,0
31904,note_on,32,0,2,,,,,,,,,1,,,45,0
31904,note_on,0,0,1,,,,,,,,,0,,,61,0
32064,note_on,160,0,2,,,,,,,,,1,,,64,60
32064,note_on,160,0,1,,,,,,,,,0,,,68,60
32064,note_on,0,0,1,,,,,,,,,0,,,71,60
32096,note_on,32,0,2,,,,,,,,,1,,,64,0
32158,note_on,0,0,1,,,,,,,,,0,,,71,0
32158,note_on,94,0,1,,,,,,,,,0,,,68,0
32160,note_on,0,0,1,,,,,,,,,0,,,76,57
32160,note_on,64,0,2,,,,,,,,,1,,,64,57
32160,note_on,2,0,1,,,,,,,,,0,,,68,57
32192,note_on,32,0,2,,,,,,,,,1,,,64,0
32254,note_on,0,0,1,,,,,,,,,0,,,76,0
32254,note_on,94,0,1,,,,,,,,,0,,,68,0
32256,note_on,2,0,1,,,,,,,,,0,,,69,53
32256,note_on,64,0,2,,,,,,,,,1,,,57,53
32256,note_on,0,0,1,,,,,,,,,0,,,73,53
32288,note_on,32,0,2,,,,,,,,,1,,,57,0
32288,note_on,32,0,1,,,,,,,,,0,,,69,0
32288,note_on,0,0,1,,,,,,,,,0,,,73,0
32448,note_on,160,0,2,,,,,,,,,1,,,40,45
32448,note_on,160,0,1,,,,,,,,,0,,,80,45
32448,note_on,0,0,1,,,,,,,,,0,,,83,45
32480,note_on,32,0,2,,,,,,,,,1,,,40,0
32542,note_on,94,0,1,,,,,,,,,0,,,83,0
32544,note_on,2,0,1,,,,,,,,,0,,,88,45
32608,note_on,64,0,1,,,,,,,,,0,,,80,0
32638,note_on,30,0,1,,,,,,,,,0,,,88,0
32640,note_on,160,0,2,,,,,,,,,1,,,33,45
32640,note_on,2,0,1,,,,,,,,,0,,,81,45
32640,note_on,0,0,1,,,,,,,,,0,,,85,45
32672,note_on,0,0,1,,,,,,,,,0,,,85,0
32672,end_of_track,0,1,1,,,,,,,,,,,,,
32672,note_on,32,0,1,,,,,,,,,0,,,81,0
32672,note_on,32,0,2,,,,,,,,,1,,,33,0
32672,end_of_track,0,1,2,,,,,,,,,,,,,
