tick,type,tempo,time,meta,track,program,channel,note,velocity,control,value
0,set_tempo,171429,0,1,0,,,,,,
0,note_on,,0,0,1,,0,78,72,,
0,program_change,,0,0,1,0,0,,,,
720,note_on,,720,0,1,,0,66,72,,
1426,note_off,,706,0,1,,0,78,64,,
1426,note_off,,0,0,1,,0,66,64,,
1440,note_on,,14,0,1,,0,54,72,,
2160,note_on,,720,0,1,,0,42,72,,
2866,note_off,,706,0,1,,0,54,64,,
2866,note_off,,0,0,1,,0,42,64,,
2880,note_on,,14,0,1,,0,50,72,,
2880,note_on,,0,0,1,,0,54,72,,
2880,note_on,,0,0,1,,0,69,72,,
2998,note_off,,118,0,1,,0,69,64,,
2998,note_off,,0,0,1,,0,54,64,,
2998,note_off,,0,0,1,,0,50,64,,
3000,note_on,,2,0,1,,0,66,72,,
3118,note_off,,118,0,1,,0,66,64,,
3120,note_on,,2,0,1,,0,54,72,,
3120,note_on,,0,0,1,,0,50,72,,
3120,note_on,,0,0,1,,0,62,72,,
3238,note_off,,118,0,1,,0,62,64,,
3238,note_off,,0,0,1,,0,50,64,,
3238,note_off,,0,0,1,,0,54,64,,
3600,note_on,,0,0,1,,0,47,72,,
3600,note_on,,362,0,1,,0,43,72,,
3600,note_on,,0,0,1,,0,52,72,,
3600,note_on,,0,0,1,,0,71,72,,
3718,note_off,,118,0,1,,0,71,64,,
3718,note_off,,0,0,1,,0,52,64,,
3718,note_off,,0,0,1,,0,47,64,,
3718,note_off,,0,0,1,,0,43,64,,
3720,note_on,,2,0,1,,0,67,72,,
3838,note_off,,118,0,1,,0,67,64,,
3840,note_on,,2,0,1,,0,47,72,,
3840,note_on,,0,0,1,,0,52,72,,
3840,note_on,,0,0,1,,0,43,72,,
3840,note_on,,0,0,1,,0,64,72,,
3958,note_off,,118,0,1,,0,64,64,,
3958,note_off,,0,0,1,,0,43,64,,
3958,note_off,,0,0,1,,0,52,64,,
3958,note_off,,0,0,1,,0,47,64,,
4320,note_on,,362,0,1,,0,45,72,,
4320,note_on,,0,0,1,,0,52,72,,
4320,note_on,,0,0,1,,0,55,72,,
4320,note_on,,0,0,1,,0,67,72,,
4438,note_off,,0,0,1,,0,52,64,,
4438,note_off,,0,0,1,,0,45,64,,
4438,note_off,,118,0,1,,0,67,64,,
4438,note_off,,0,0,1,,0,55,64,,
4440,note_on,,2,0,1,,0,64,72,,
4558,note_off,,118,0,1,,0,64,64,,
4560,note_on,,2,0,1,,0,52,72,,
4560,note_on,,0,0,1,,0,55,72,,
4560,note_on,,0,0,1,,0,45,72,,
4560,note_on,,0,0,1,,0,61,72,,
4678,note_off,,0,0,1,,0,52,64,,
4678,note_off,,0,0,1,,0,45,64,,
4678,note_off,,118,0,1,,0,61,64,,
4678,note_off,,0,0,1,,0,55,64,,
5040,note_on,,362,0,1,,0,50,72,,
5040,note_on,,0,0,1,,0,54,72,,
5040,note_on,,0,0,1,,0,62,72,,
5158,note_off,,118,0,1,,0,62,64,,
5158,note_off,,0,0,1,,0,54,64,,
5158,note_off,,0,0,1,,0,50,64,,
5280,note_on,,122,0,1,,0,50,72,,
5280,note_on,,0,0,1,,0,54,72,,
5280,note_on,,0,0,1,,0,62,72,,
5398,note_off,,118,0,1,,0,62,64,,
5398,note_off,,0,0,1,,0,54,64,,
5398,note_off,,0,0,1,,0,50,64,,
5760,note_on,,362,0,1,,0,81,72,,
6480,note_on,,720,0,1,,0,69,72,,
7186,note_off,,706,0,1,,0,81,64,,
7186,note_off,,0,0,1,,0,69,64,,
7200,note_on,,14,0,1,,0,57,72,,
7920,note_on,,720,0,1,,0,45,72,,
8626,note_off,,706,0,1,,0,57,64,,
8626,note_off,,0,0,1,,0,45,64,,
8640,note_on,,14,0,1,,0,49,72,,
8640,note_on,,0,0,1,,0,52,72,,
8640,note_on,,0,0,1,,0,57,72,,
8640,note_on,,0,0,1,,0,76,72,,
8758,note_off,,0,0,1,,0,57,64,,
8758,note_off,,0,0,1,,0,52,64,,
8758,note_off,,0,0,1,,0,49,64,,
8758,note_off,,118,0,1,,0,76,64,,
8760,note_on,,2,0,1,,0,73,72,,
8878,note_off,,118,0,1,,0,73,64,,
8880,note_on,,0,0,1,,0,69,72,,
8880,note_on,,2,0,1,,0,52,72,,
8880,note_on,,0,0,1,,0,57,72,,
8880,note_on,,0,0,1,,0,49,72,,
8998,note_off,,0,0,1,,0,52,64,,
8998,note_off,,118,0,1,,0,69,64,,
8998,note_off,,0,0,1,,0,49,64,,
8998,note_off,,0,0,1,,0,57,64,,
9360,note_on,,0,0,1,,0,59,72,,
9360,note_on,,362,0,1,,0,50,72,,
9360,note_on,,0,0,1,,0,54,72,,
9360,note_on,,0,0,1,,0,78,72,,
9478,note_off,,118,0,1,,0,78,64,,
9478,note_off,,0,0,1,,0,59,64,,
9478,note_off,,0,0,1,,0,54,64,,
9478,note_off,,0,0,1,,0,50,64,,
9480,note_on,,2,0,1,,0,74,72,,
9598,note_off,,118,0,1,,0,74,64,,
9600,note_on,,2,0,1,,0,54,72,,
9600,note_on,,0,0,1,,0,59,72,,
9600,note_on,,0,0,1,,0,71,72,,
9600,note_on,,0,0,1,,0,50,72,,
9718,note_off,,0,0,1,,0,50,64,,
9718,note_off,,0,0,1,,0,59,64,,
9718,note_off,,0,0,1,,0,54,64,,
9718,note_off,,118,0,1,,0,71,64,,
10080,note_on,,362,0,1,,0,52,72,,
10080,note_on,,0,0,1,,0,59,72,,
10080,note_on,,0,0,1,,0,62,72,,
10080,note_on,,0,0,1,,0,74,72,,
10198,note_off,,0,0,1,,0,52,64,,
10198,note_off,,118,0,1,,0,74,64,,
10198,note_off,,0,0,1,,0,62,64,,
10198,note_off,,0,0,1,,0,59,64,,
10200,note_on,,2,0,1,,0,71,72,,
10318,note_off,,118,0,1,,0,71,64,,
10320,note_on,,0,0,1,,0,68,72,,
10320,note_on,,2,0,1,,0,59,72,,
10320,note_on,,0,0,1,,0,62,72,,
10320,note_on,,0,0,1,,0,52,72,,
10438,note_off,,0,0,1,,0,59,64,,
10438,note_off,,0,0,1,,0,52,64,,
10438,note_off,,0,0,1,,0,62,64,,
10438,note_off,,118,0,1,,0,68,64,,
10800,note_on,,0,0,1,,0,69,72,,
10800,note_on,,0,0,1,,0,61,72,,
10800,note_on,,362,0,1,,0,57,72,,
10918,note_off,,0,0,1,,0,61,64,,
10918,note_off,,0,0,1,,0,57,64,,
10918,note_off,,118,0,1,,0,69,64,,
11040,note_on,,122,0,1,,0,69,72,,
11040,note_on,,0,0,1,,0,61,72,,
11040,note_on,,0,0,1,,0,57,72,,
11158,note_off,,0,0,1,,0,61,64,,
11158,note_off,,118,0,1,,0,57,64,,
11158,note_off,,0,0,1,,0,69,64,,
11520,note_on,,0,0,1,,0,78,105,,
11520,note_on,,362,0,1,,0,74,105,,
12226,note_off,,706,0,1,,0,78,64,,
12226,note_off,,0,0,1,,0,74,64,,
12240,note_on,,14,0,1,,0,66,105,,
12240,note_on,,0,0,1,,0,62,105,,
12946,note_off,,706,0,1,,0,62,64,,
12946,note_off,,0,0,1,,0,66,64,,
12960,note_on,,14,0,1,,0,54,105,,
12960,note_on,,0,0,1,,0,50,105,,
13666,note_off,,706,0,1,,0,50,64,,
13666,note_off,,0,0,1,,0,54,64,,
13680,note_on,,14,0,1,,0,42,105,,
13680,note_on,,0,0,1,,0,38,105,,
14386,note_off,,706,0,1,,0,38,64,,
14386,note_off,,0,0,1,,0,42,64,,
14400,note_on,,0,0,1,,0,69,81,,
14400,note_on,,0,0,1,,0,54,81,,
14400,note_on,,0,0,1,,0,57,81,,
14400,note_on,,14,0,1,,0,50,81,,
14518,note_off,,0,0,1,,0,54,64,,
14518,note_off,,0,0,1,,0,50,64,,
14518,note_off,,0,0,1,,0,69,64,,
14518,note_off,,118,0,1,,0,57,64,,
14520,note_on,,2,0,1,,0,66,81,,
14638,note_off,,118,0,1,,0,66,64,,
14640,note_on,,0,0,1,,0,50,81,,
14640,note_on,,2,0,1,,0,54,81,,
14640,note_on,,0,0,1,,0,62,81,,
14640,note_on,,0,0,1,,0,57,81,,
14758,note_off,,118,0,1,,0,57,64,,
14758,note_off,,0,0,1,,0,62,64,,
14758,note_off,,0,0,1,,0,50,64,,
14758,note_off,,0,0,1,,0,54,64,,
15120,note_on,,362,0,1,,0,59,81,,
15120,note_on,,0,0,1,,0,71,81,,
15120,note_on,,0,0,1,,0,52,81,,
15120,note_on,,0,0,1,,0,43,81,,
15238,note_off,,0,0,1,,0,71,64,,
15238,note_off,,118,0,1,,0,43,64,,
15238,note_off,,0,0,1,,0,52,64,,
15238,note_off,,0,0,1,,0,59,64,,
15240,note_on,,2,0,1,,0,67,81,,
15358,note_off,,118,0,1,,0,67,64,,
15360,note_on,,0,0,1,,0,64,81,,
15360,note_on,,0,0,1,,0,59,81,,
15360,note_on,,2,0,1,,0,52,81,,
15360,note_on,,0,0,1,,0,43,81,,
15478,note_off,,0,0,1,,0,52,64,,
15478,note_off,,118,0,1,,0,64,64,,
15478,note_off,,0,0,1,,0,43,64,,
15478,note_off,,0,0,1,,0,59,64,,
15840,note_on,,362,0,1,,0,45,81,,
15840,note_on,,0,0,1,,0,52,81,,
15840,note_on,,0,0,1,,0,55,81,,
15840,note_on,,0,0,1,,0,67,81,,
15958,note_off,,118,0,1,,0,67,64,,
15958,note_off,,0,0,1,,0,55,64,,
15958,note_off,,0,0,1,,0,52,64,,
15958,note_off,,0,0,1,,0,45,64,,
15960,note_on,,2,0,1,,0,64,81,,
16078,note_off,,118,0,1,,0,64,64,,
16080,note_on,,2,0,1,,0,52,81,,
16080,note_on,,0,0,1,,0,45,81,,
16080,note_on,,0,0,1,,0,55,81,,
16080,note_on,,0,0,1,,0,61,81,,
16198,note_off,,118,0,1,,0,61,64,,
16198,note_off,,0,0,1,,0,55,64,,
16198,note_off,,0,0,1,,0,45,64,,
16198,note_off,,0,0,1,,0,52,64,,
16560,note_on,,362,0,1,,0,38,81,,
16560,note_on,,0,0,1,,0,62,81,,
16560,note_on,,0,0,1,,0,50,81,,
16560,note_on,,0,0,1,,0,54,81,,
16678,note_off,,0,0,1,,0,54,64,,
16678,note_off,,118,0,1,,0,62,64,,
16678,note_off,,0,0,1,,0,50,64,,
16678,note_off,,0,0,1,,0,38,64,,
16800,note_on,,122,0,1,,0,50,81,,
16800,note_on,,0,0,1,,0,38,81,,
16800,note_on,,0,0,1,,0,54,81,,
16800,note_on,,0,0,1,,0,62,81,,
16918,note_off,,0,0,1,,0,50,64,,
16918,note_off,,0,0,1,,0,54,64,,
16918,note_off,,0,0,1,,0,38,64,,
16918,note_off,,118,0,1,,0,62,64,,
17280,note_on,,362,0,1,,0,73,105,,
17280,note_on,,0,0,1,,0,81,105,,
17986,note_off,,706,0,1,,0,81,64,,
17986,note_off,,0,0,1,,0,73,64,,
18000,note_on,,14,0,1,,0,61,105,,
18000,note_on,,0,0,1,,0,69,105,,
18706,note_off,,0,0,1,,0,61,64,,
18706,note_off,,706,0,1,,0,69,64,,
18720,note_on,,0,0,1,,0,57,105,,
18720,note_on,,14,0,1,,0,49,105,,
19426,note_off,,0,0,1,,0,49,64,,
19426,note_off,,706,0,1,,0,57,64,,
19440,note_on,,0,0,1,,0,45,105,,
19440,note_on,,14,0,1,,0,37,105,,
20146,note_off,,706,0,1,,0,45,64,,
20146,note_off,,0,0,1,,0,37,64,,
20160,note_on,,14,0,1,,0,49,81,,
20160,note_on,,0,0,1,,0,52,81,,
20160,note_on,,0,0,1,,0,57,81,,
20160,note_on,,0,0,1,,0,64,81,,
20160,note_on,,0,0,1,,0,76,81,,
20278,note_off,,0,0,1,,0,49,64,,
20278,note_off,,118,0,1,,0,76,64,,
20278,note_off,,0,0,1,,0,64,64,,
20278,note_off,,0,0,1,,0,57,64,,
20278,note_off,,0,0,1,,0,52,64,,
20280,note_on,,2,0,1,,0,73,81,,
20398,note_off,,118,0,1,,0,73,64,,
20400,note_on,,2,0,1,,0,52,81,,
20400,note_on,,0,0,1,,0,57,81,,
20400,note_on,,0,0,1,,0,49,81,,
20400,note_on,,0,0,1,,0,64,81,,
20400,note_on,,0,0,1,,0,69,81,,
20518,note_off,,118,0,1,,0,69,64,,
20518,note_off,,0,0,1,,0,64,64,,
20518,note_off,,0,0,1,,0,49,64,,
20518,note_off,,0,0,1,,0,57,64,,
20518,note_off,,0,0,1,,0,52,64,,
20880,note_on,,362,0,1,,0,50,81,,
20880,note_on,,0,0,1,,0,66,81,,
20880,note_on,,0,0,1,,0,78,81,,
20880,note_on,,0,0,1,,0,54,81,,
20880,note_on,,0,0,1,,0,59,81,,
20998,note_off,,118,0,1,,0,78,64,,
20998,note_off,,0,0,1,,0,59,64,,
20998,note_off,,0,0,1,,0,54,64,,
20998,note_off,,0,0,1,,0,50,64,,
20998,note_off,,0,0,1,,0,66,64,,
21000,note_on,,2,0,1,,0,74,81,,
21118,note_off,,118,0,1,,0,74,64,,
21120,note_on,,2,0,1,,0,54,81,,
21120,note_on,,0,0,1,,0,59,81,,
21120,note_on,,0,0,1,,0,50,81,,
21120,note_on,,0,0,1,,0,71,81,,
21120,note_on,,0,0,1,,0,66,81,,
21238,note_off,,118,0,1,,0,71,64,,
21238,note_off,,0,0,1,,0,66,64,,
21238,note_off,,0,0,1,,0,50,64,,
21238,note_off,,0,0,1,,0,59,64,,
21238,note_off,,0,0,1,,0,54,64,,
21600,note_on,,0,0,1,,0,59,81,,
21600,note_on,,362,0,1,,0,52,81,,
21600,note_on,,0,0,1,,0,62,81,,
21600,note_on,,0,0,1,,0,74,81,,
21718,note_off,,118,0,1,,0,74,64,,
21718,note_off,,0,0,1,,0,62,64,,
21718,note_off,,0,0,1,,0,59,64,,
21718,note_off,,0,0,1,,0,52,64,,
21720,note_on,,2,0,1,,0,71,81,,
21838,note_off,,118,0,1,,0,71,64,,
21840,note_on,,0,0,1,,0,52,81,,
21840,note_on,,0,0,1,,0,62,81,,
21840,note_on,,0,0,1,,0,68,81,,
21840,note_on,,2,0,1,,0,59,81,,
21958,note_off,,0,0,1,,0,59,64,,
21958,note_off,,0,0,1,,0,62,64,,
21958,note_off,,118,0,1,,0,68,64,,
21958,note_off,,0,0,1,,0,52,64,,
22320,note_on,,362,0,1,,0,45,81,,
22320,note_on,,0,0,1,,0,69,81,,
22320,note_on,,0,0,1,,0,57,81,,
22320,note_on,,0,0,1,,0,61,81,,
22438,note_off,,118,0,1,,0,57,64,,
22438,note_off,,0,0,1,,0,61,64,,
22438,note_off,,0,0,1,,0,69,64,,
22438,note_off,,0,0,1,,0,45,64,,
22560,note_on,,0,0,1,,0,69,81,,
22560,note_on,,122,0,1,,0,45,81,,
22560,note_on,,0,0,1,,0,57,81,,
22560,note_on,,0,0,1,,0,61,81,,
22678,note_off,,118,0,1,,0,69,64,,
22678,note_off,,0,0,1,,0,61,64,,
22678,note_off,,0,0,1,,0,57,64,,
22678,note_off,,0,0,1,,0,45,64,,
23040,set_tempo,214286,23040,1,0,,,,,,
23040,control_change,,362,0,1,,0,,,64,127
23040,note_on,,0,0,1,,0,66,58,,
23280,note_on,,0,0,1,,0,72,58,,
23280,note_on,,240,0,1,,0,74,58,,
23280,note_on,,0,0,1,,0,69,58,,
23515,note_off,,235,0,1,,0,69,64,,
23515,note_off,,0,0,1,,0,72,64,,
23515,note_off,,0,0,1,,0,74,64,,
23520,note_on,,5,0,1,,0,72,58,,
23520,note_on,,0,0,1,,0,74,58,,
23520,note_on,,0,0,1,,0,69,58,,
23746,note_off,,226,0,1,,0,66,64,,
23755,note_off,,0,0,1,,0,72,64,,
23755,note_off,,9,0,1,,0,69,64,,
23755,note_off,,0,0,1,,0,74,64,,
23760,note_on,,5,0,1,,0,54,58,,
24000,note_on,,0,0,1,,0,72,58,,
24000,note_on,,240,0,1,,0,74,58,,
24000,note_on,,0,0,1,,0,69,58,,
24235,note_off,,235,0,1,,0,69,64,,
24235,note_off,,0,0,1,,0,72,64,,
24235,note_off,,0,0,1,,0,74,64,,
24240,note_on,,0,0,1,,0,69,58,,
24240,note_on,,5,0,1,,0,72,58,,
24240,note_on,,0,0,1,,0,74,58,,
24466,note_off,,226,0,1,,0,54,64,,
24475,note_off,,9,0,1,,0,69,64,,
24475,note_off,,0,0,1,,0,74,64,,
24475,note_off,,0,0,1,,0,72,64,,
24480,control_change,,5,0,1,,0,,,64,0
24480,note_on,,0,0,1,,0,42,58,,
24720,note_on,,240,0,1,,0,74,58,,
24720,note_on,,0,0,1,,0,70,58,,
24720,set_tempo,204778,1680,1,0,,,,,,
24838,note_off,,118,0,1,,0,70,64,,
24838,note_off,,0,0,1,,0,74,64,,
24960,note_on,,122,0,1,,0,70,58,,
24960,note_on,,0,0,1,,0,74,58,,
24960,set_tempo,195440,240,1,0,,,,,,
25078,note_off,,118,0,1,,0,74,64,,
25078,note_off,,0,0,1,,0,70,64,,
25186,note_off,,108,0,1,,0,42,64,,
25200,set_tempo,187500,240,1,0,,,,,,
25200,note_on,,14,0,1,,0,43,58,,
25440,note_on,,0,0,1,,0,74,58,,
25440,note_on,,240,0,1,,0,71,58,,
25558,note_off,,118,0,1,,0,74,64,,
25558,note_off,,0,0,1,,0,71,64,,
25680,note_on,,122,0,1,,0,71,58,,
25680,note_on,,0,0,1,,0,74,58,,
25798,note_off,,118,0,1,,0,74,64,,
25798,note_off,,0,0,1,,0,71,64,,
25906,note_off,,108,0,1,,0,43,64,,
25920,control_change,,14,0,1,,0,,,64,127
25920,note_on,,0,0,1,,0,68,58,,
25920,set_tempo,193548,720,1,0,,,,,,
26160,note_on,,240,0,1,,0,76,58,,
26160,note_on,,0,0,1,,0,74,58,,
26160,note_on,,0,0,1,,0,71,58,,
26395,note_off,,235,0,1,,0,71,64,,
26395,note_off,,0,0,1,,0,74,64,,
26395,note_off,,0,0,1,,0,76,64,,
26400,note_on,,5,0,1,,0,74,58,,
26400,note_on,,0,0,1,,0,76,58,,
26400,note_on,,0,0,1,,0,71,58,,
26626,note_off,,226,0,1,,0,68,64,,
26635,note_off,,9,0,1,,0,71,64,,
26635,note_off,,0,0,1,,0,76,64,,
26635,note_off,,0,0,1,,0,74,64,,
26640,note_on,,5,0,1,,0,56,58,,
26880,note_on,,0,0,1,,0,74,58,,
26880,note_on,,0,0,1,,0,71,58,,
26880,note_on,,240,0,1,,0,76,58,,
27115,note_off,,235,0,1,,0,71,64,,
27115,note_off,,0,0,1,,0,74,64,,
27115,note_off,,0,0,1,,0,76,64,,
27120,note_on,,5,0,1,,0,74,58,,
27120,note_on,,0,0,1,,0,76,58,,
27120,note_on,,0,0,1,,0,71,58,,
27346,note_off,,226,0,1,,0,56,64,,
27355,note_off,,0,0,1,,0,76,64,,
27355,note_off,,9,0,1,,0,71,64,,
27355,note_off,,0,0,1,,0,74,64,,
27360,control_change,,5,0,1,,0,,,64,0
27360,note_on,,0,0,1,,0,44,58,,
27480,set_tempo,185759,1560,1,0,,,,,,
27600,note_on,,240,0,1,,0,76,61,,
27600,note_on,,0,0,1,,0,72,61,,
27718,note_off,,118,0,1,,0,72,64,,
27718,note_off,,0,0,1,,0,76,64,,
27720,set_tempo,178042,240,1,0,,,,,,
27840,note_on,,122,0,1,,0,72,64,,
27840,note_on,,0,0,1,,0,76,64,,
27958,note_off,,118,0,1,,0,76,64,,
27958,note_off,,0,0,1,,0,72,64,,
28066,note_off,,108,0,1,,0,44,64,,
28080,set_tempo,171429,360,1,0,,,,,,
28080,note_on,,14,0,1,,0,45,67,,
28320,note_on,,240,0,1,,0,73,71,,
28320,note_on,,0,0,1,,0,76,71,,
28438,note_off,,118,0,1,,0,76,64,,
28438,note_off,,0,0,1,,0,73,64,,
28560,note_on,,0,0,1,,0,76,74,,
28560,note_on,,122,0,1,,0,73,74,,
28678,note_off,,118,0,1,,0,76,64,,
28678,note_off,,0,0,1,,0,73,64,,
28786,note_off,,108,0,1,,0,45,64,,
28800,control_change,,14,0,1,,0,,,64,127
28800,note_on,,0,0,1,,0,70,77,,
29040,note_on,,240,0,1,,0,73,80,,
29040,note_on,,0,0,1,,0,76,80,,
29040,note_on,,0,0,1,,0,78,80,,
29275,note_off,,0,0,1,,0,76,64,,
29275,note_off,,0,0,1,,0,73,64,,
29275,note_off,,235,0,1,,0,78,64,,
29280,note_on,,5,0,1,,0,78,84,,
29280,note_on,,0,0,1,,0,76,84,,
29280,note_on,,0,0,1,,0,73,84,,
29506,note_off,,226,0,1,,0,70,64,,
29515,note_off,,0,0,1,,0,76,64,,
29515,note_off,,0,0,1,,0,78,64,,
29515,note_off,,9,0,1,,0,73,64,,
29520,note_on,,5,0,1,,0,58,87,,
29760,note_on,,240,0,1,,0,76,90,,
29760,note_on,,0,0,1,,0,78,90,,
29760,note_on,,0,0,1,,0,73,90,,
29995,note_off,,235,0,1,,0,73,64,,
29995,note_off,,0,0,1,,0,78,64,,
29995,note_off,,0,0,1,,0,76,64,,
30000,note_on,,5,0,1,,0,76,94,,
30000,note_on,,0,0,1,,0,78,94,,
30000,note_on,,0,0,1,,0,73,94,,
30226,note_off,,226,0,1,,0,58,64,,
30235,note_off,,9,0,1,,0,78,64,,
30235,note_off,,0,0,1,,0,73,64,,
30235,note_off,,0,0,1,,0,76,64,,
30240,note_on,,5,0,1,,0,46,96,,
30480,control_change,,240,0,1,,0,,,64,0
30480,note_on,,0,0,1,,0,73,96,,
30480,note_on,,0,0,1,,0,78,96,,
30715,note_off,,235,0,1,,0,78,64,,
30715,note_off,,0,0,1,,0,73,64,,
30720,note_on,,5,0,1,,0,73,104,,
30720,note_on,,0,0,1,,0,78,104,,
30946,note_off,,226,0,1,,0,46,64,,
30955,note_off,,9,0,1,,0,78,64,,
30955,note_off,,0,0,1,,0,73,64,,
30960,note_on,,5,0,1,,0,47,112,,
31200,note_on,,0,0,1,,0,74,121,,
31200,note_on,,240,0,1,,0,78,121,,
31435,note_off,,235,0,1,,0,74,64,,
31435,note_off,,0,0,1,,0,78,64,,
31440,note_on,,0,0,1,,0,78,124,,
31440,note_on,,5,0,1,,0,74,124,,
31666,note_off,,226,0,1,,0,47,64,,
31675,note_off,,9,0,1,,0,78,64,,
31675,note_off,,0,0,1,,0,74,64,,
31680,note_on,,5,0,1,,0,59,126,,
31920,note_on,,240,0,1,,0,74,120,,
31920,set_tempo,180180,3840,1,0,,,,,,
31920,note_on,,0,0,1,,0,79,120,,
32155,note_off,,0,0,1,,0,74,64,,
32155,note_off,,235,0,1,,0,79,64,,
32160,note_on,,5,0,1,,0,74,113,,
32160,note_on,,0,0,1,,0,79,113,,
32160,set_tempo,189274,240,1,0,,,,,,
32386,note_off,,226,0,1,,0,59,64,,
32395,note_off,,9,0,1,,0,79,64,,
32395,note_off,,0,0,1,,0,74,64,,
32400,set_tempo,200000,240,1,0,,,,,,
32400,note_on,,5,0,1,,0,60,106,,
32640,note_on,,0,0,1,,0,79,99,,
32640,note_on,,240,0,1,,0,75,99,,
32640,set_tempo,212014,240,1,0,,,,,,
32758,note_off,,0,0,1,,0,75,64,,
32758,note_off,,118,0,1,,0,79,64,,
32880,note_on,,122,0,1,,0,79,93,,
32880,note_on,,0,0,1,,0,75,93,,
32880,set_tempo,224719,240,1,0,,,,,,
32998,note_off,,118,0,1,,0,75,64,,
32998,note_off,,0,0,1,,0,79,64,,
33106,note_off,,108,0,1,,0,60,64,,
33120,note_on,,14,0,1,,0,61,72,,
33120,set_tempo,400000,240,1,0,,,,,,
33360,note_on,,240,0,1,,0,69,72,,
33360,note_on,,0,0,1,,0,76,72,,
33360,note_on,,0,0,1,,0,79,72,,
33840,set_tempo,600000,720,1,0,,,,,,
34546,note_off,,0,0,1,,0,61,64,,
34546,note_off,,0,0,1,,0,79,64,,
34546,note_off,,0,0,1,,0,76,64,,
34546,note_off,,1186,0,1,,0,69,64,,
34560,note_on,,0,0,1,,0,78,72,,
34560,note_on,,14,0,1,,0,74,72,,
34560,set_tempo,171429,720,1,0,,,,,,
35266,note_off,,706,0,1,,0,78,64,,
35266,note_off,,0,0,1,,0,74,64,,
35280,note_on,,14,0,1,,0,66,72,,
35280,note_on,,0,0,1,,0,62,72,,
35986,note_off,,706,0,1,,0,62,64,,
35986,note_off,,0,0,1,,0,66,64,,
36000,note_on,,0,0,1,,0,54,72,,
36000,note_on,,14,0,1,,0,50,72,,
36706,note_off,,706,0,1,,0,54,64,,
36706,note_off,,0,0,1,,0,50,64,,
36720,note_on,,14,0,1,,0,42,72,,
36720,note_on,,0,0,1,,0,38,72,,
37426,note_off,,706,0,1,,0,38,64,,
37426,note_off,,0,0,1,,0,42,64,,
37440,note_on,,0,0,1,,0,69,72,,
37440,note_on,,14,0,1,,0,50,72,,
37440,note_on,,0,0,1,,0,54,72,,
37558,note_off,,118,0,1,,0,69,64,,
37558,note_off,,0,0,1,,0,54,64,,
37558,note_off,,0,0,1,,0,50,64,,
37560,note_on,,2,0,1,,0,66,72,,
37678,note_off,,118,0,1,,0,66,64,,
37680,note_on,,2,0,1,,0,54,72,,
37680,note_on,,0,0,1,,0,50,72,,
37680,note_on,,0,0,1,,0,62,72,,
37798,note_off,,118,0,1,,0,62,64,,
37798,note_off,,0,0,1,,0,50,64,,
37798,note_off,,0,0,1,,0,54,64,,
38160,note_on,,0,0,1,,0,52,72,,
38160,note_on,,362,0,1,,0,43,72,,
38160,note_on,,0,0,1,,0,47,72,,
38160,note_on,,0,0,1,,0,71,72,,
38278,note_off,,0,0,1,,0,47,64,,
38278,note_off,,118,0,1,,0,71,64,,
38278,note_off,,0,0,1,,0,43,64,,
38278,note_off,,0,0,1,,0,52,64,,
38280,note_on,,2,0,1,,0,67,72,,
38398,note_off,,118,0,1,,0,67,64,,
38400,note_on,,2,0,1,,0,47,72,,
38400,note_on,,0,0,1,,0,52,72,,
38400,note_on,,0,0,1,,0,43,72,,
38400,note_on,,0,0,1,,0,64,72,,
38518,note_off,,118,0,1,,0,64,64,,
38518,note_off,,0,0,1,,0,43,64,,
38518,note_off,,0,0,1,,0,52,64,,
38518,note_off,,0,0,1,,0,47,64,,
38880,note_on,,362,0,1,,0,45,72,,
38880,note_on,,0,0,1,,0,52,72,,
38880,note_on,,0,0,1,,0,55,72,,
38880,note_on,,0,0,1,,0,67,72,,
38998,note_off,,0,0,1,,0,55,64,,
38998,note_off,,0,0,1,,0,52,64,,
38998,note_off,,0,0,1,,0,45,64,,
38998,note_off,,118,0,1,,0,67,64,,
39000,note_on,,2,0,1,,0,64,72,,
39118,note_off,,118,0,1,,0,64,64,,
39120,note_on,,2,0,1,,0,52,72,,
39120,note_on,,0,0,1,,0,55,72,,
39120,note_on,,0,0,1,,0,45,72,,
39120,note_on,,0,0,1,,0,61,72,,
39238,note_off,,118,0,1,,0,61,64,,
39238,note_off,,0,0,1,,0,45,64,,
39238,note_off,,0,0,1,,0,55,64,,
39238,note_off,,0,0,1,,0,52,64,,
39600,note_on,,362,0,1,,0,50,72,,
39600,note_on,,0,0,1,,0,62,72,,
39600,note_on,,0,0,1,,0,54,72,,
39718,note_off,,118,0,1,,0,62,64,,
39718,note_off,,0,0,1,,0,50,64,,
39718,note_off,,0,0,1,,0,54,64,,
39840,note_on,,122,0,1,,0,50,72,,
39840,note_on,,0,0,1,,0,54,72,,
39840,note_on,,0,0,1,,0,62,72,,
39958,note_off,,118,0,1,,0,62,64,,
39958,note_off,,0,0,1,,0,54,64,,
39958,note_off,,0,0,1,,0,50,64,,
40320,note_on,,0,0,1,,0,86,120,,
40320,control_change,,362,0,1,,0,,,64,127
40320,note_on,,0,0,1,,0,81,120,,
40320,note_on,,0,0,1,,0,78,120,,
41026,note_off,,706,0,1,,0,78,64,,
41026,note_off,,0,0,1,,0,81,64,,
41026,note_off,,0,0,1,,0,86,64,,
41040,note_on,,14,0,1,,0,54,116,,
41040,note_on,,0,0,1,,0,66,116,,
41040,note_on,,0,0,1,,0,57,116,,
41040,note_on,,0,0,1,,0,74,116,,
41040,note_on,,0,0,1,,0,69,116,,
41040,note_on,,0,0,1,,0,62,116,,
41746,note_off,,706,0,1,,0,74,64,,
41746,note_off,,0,0,1,,0,69,64,,
41746,note_off,,0,0,1,,0,66,64,,
41746,note_off,,0,0,1,,0,57,64,,
41746,note_off,,0,0,1,,0,54,64,,
41746,note_off,,0,0,1,,0,62,64,,
41760,note_on,,14,0,1,,0,42,116,,
41760,note_on,,0,0,1,,0,45,116,,
41760,note_on,,0,0,1,,0,50,116,,
42466,note_off,,706,0,1,,0,50,64,,
42466,note_off,,0,0,1,,0,42,64,,
42466,note_off,,0,0,1,,0,45,64,,
42480,note_on,,14,0,1,,0,30,116,,
42480,note_on,,0,0,1,,0,38,116,,
42480,note_on,,0,0,1,,0,33,116,,
43186,note_off,,706,0,1,,0,38,64,,
43186,note_off,,0,0,1,,0,30,64,,
43186,note_off,,0,0,1,,0,33,64,,
43200,note_on,,0,0,1,,0,57,72,,
43200,note_on,,0,0,1,,0,54,72,,
43200,note_on,,0,0,1,,0,81,72,,
43200,note_on,,0,0,1,,0,60,72,,
43200,control_change,,14,0,1,,0,,,64,0
43200,note_on,,0,0,1,,0,63,72,,
43318,note_off,,0,0,1,,0,63,64,,
43318,note_off,,0,0,1,,0,57,64,,
43318,note_off,,118,0,1,,0,60,64,,
43318,note_off,,0,0,1,,0,81,64,,
43318,note_off,,0,0,1,,0,54,64,,
43320,note_on,,2,0,1,,0,78,72,,
43438,note_off,,118,0,1,,0,78,64,,
43440,note_on,,0,0,1,,0,54,72,,
43440,note_on,,0,0,1,,0,63,72,,
43440,note_on,,0,0,1,,0,60,72,,
43440,note_on,,2,0,1,,0,57,72,,
43440,note_on,,0,0,1,,0,75,72,,
43558,note_off,,118,0,1,,0,75,64,,
43558,note_off,,0,0,1,,0,54,64,,
43558,note_off,,0,0,1,,0,63,64,,
43558,note_off,,0,0,1,,0,60,64,,
43558,note_off,,0,0,1,,0,57,64,,
43920,note_on,,362,0,1,,0,83,72,,
43920,note_on,,0,0,1,,0,64,72,,
43920,note_on,,0,0,1,,0,59,72,,
43920,note_on,,0,0,1,,0,55,72,,
44038,note_off,,118,0,1,,0,55,64,,
44038,note_off,,0,0,1,,0,64,64,,
44038,note_off,,0,0,1,,0,83,64,,
44038,note_off,,0,0,1,,0,59,64,,
44040,note_on,,2,0,1,,0,79,72,,
44158,note_off,,118,0,1,,0,79,64,,
44160,note_on,,0,0,1,,0,55,72,,
44160,note_on,,2,0,1,,0,76,72,,
44160,note_on,,0,0,1,,0,64,72,,
44160,note_on,,0,0,1,,0,59,72,,
44278,note_off,,0,0,1,,0,76,64,,
44278,note_off,,0,0,1,,0,64,64,,
44278,note_off,,118,0,1,,0,55,64,,
44278,note_off,,0,0,1,,0,59,64,,
44640,note_on,,0,0,1,,0,67,72,,
44640,note_on,,362,0,1,,0,64,72,,
44640,note_on,,0,0,1,,0,81,72,,
44640,note_on,,0,0,1,,0,57,72,,
44758,note_off,,118,0,1,,0,81,64,,
44758,note_off,,0,0,1,,0,57,64,,
44758,note_off,,0,0,1,,0,67,64,,
44758,note_off,,0,0,1,,0,64,64,,
44760,note_on,,2,0,1,,0,76,72,,
44878,note_off,,118,0,1,,0,76,64,,
44880,note_on,,2,0,1,,0,67,72,,
44880,note_on,,0,0,1,,0,57,72,,
44880,note_on,,0,0,1,,0,64,72,,
44880,note_on,,0,0,1,,0,73,72,,
44998,note_off,,118,0,1,,0,73,64,,
44998,note_off,,0,0,1,,0,64,64,,
44998,note_off,,0,0,1,,0,57,64,,
44998,note_off,,0,0,1,,0,67,64,,
45360,note_on,,0,0,1,,0,62,72,,
45360,note_on,,362,0,1,,0,74,72,,
45360,note_on,,0,0,1,,0,66,72,,
45478,note_off,,0,0,1,,0,66,64,,
45478,note_off,,118,0,1,,0,62,64,,
45478,note_off,,0,0,1,,0,74,64,,
45480,note_on,,2,0,1,,0,69,72,,
45598,note_off,,118,0,1,,0,69,64,,
45600,note_on,,2,0,1,,0,62,74,,
45600,note_on,,0,0,1,,0,66,74,,
45718,note_off,,118,0,1,,0,66,64,,
45718,note_off,,0,0,1,,0,62,64,,
46080,note_on,,362,0,1,,0,52,83,,
46080,note_on,,0,0,1,,0,55,83,,
46080,note_on,,0,0,1,,0,45,83,,
46080,note_on,,0,0,1,,0,69,83,,
46198,note_off,,118,0,1,,0,69,64,,
46198,note_off,,0,0,1,,0,45,64,,
46198,note_off,,0,0,1,,0,52,64,,
46198,note_off,,0,0,1,,0,55,64,,
46200,note_on,,2,0,1,,0,64,86,,
46318,note_off,,118,0,1,,0,64,64,,
46320,note_on,,0,0,1,,0,61,88,,
46320,note_on,,0,0,1,,0,52,88,,
46320,note_on,,0,0,1,,0,45,88,,
46320,note_on,,2,0,1,,0,55,88,,
46438,note_off,,0,0,1,,0,55,64,,
46438,note_off,,0,0,1,,0,45,64,,
46438,note_off,,0,0,1,,0,52,64,,
46438,note_off,,118,0,1,,0,61,64,,
46800,note_on,,0,0,1,,0,50,97,,
46800,note_on,,362,0,1,,0,62,97,,
46800,note_on,,0,0,1,,0,54,97,,
46918,note_off,,118,0,1,,0,50,64,,
46918,note_off,,0,0,1,,0,54,64,,
46918,note_off,,0,0,1,,0,62,64,,
46920,note_on,,2,0,1,,0,57,100,,
47038,note_off,,118,0,1,,0,57,64,,
47040,note_on,,2,0,1,,0,50,102,,
47040,note_on,,0,0,1,,0,54,102,,
47158,note_off,,118,0,1,,0,54,64,,
47158,note_off,,0,0,1,,0,50,64,,
47520,note_on,,362,0,1,,0,57,110,,
47520,note_on,,0,0,1,,0,33,110,,
47520,note_on,,0,0,1,,0,43,110,,
47638,note_off,,118,0,1,,0,33,64,,
47638,note_off,,0,0,1,,0,43,64,,
47638,note_off,,0,0,1,,0,57,64,,
47640,note_on,,2,0,1,,0,52,116,,
47758,note_off,,118,0,1,,0,52,64,,
47760,note_on,,0,0,1,,0,33,123,,
47760,note_on,,2,0,1,,0,49,123,,
47760,note_on,,0,0,1,,0,43,123,,
47878,note_off,,118,0,1,,0,33,64,,
47878,note_off,,0,0,1,,0,43,64,,
47878,note_off,,0,0,1,,0,49,64,,
48240,note_on,,362,0,1,,0,38,127,,
48240,note_on,,0,0,1,,0,42,127,,
48240,note_on,,0,0,1,,0,50,127,,
48358,note_off,,118,0,1,,0,50,64,,
48358,note_off,,0,0,1,,0,42,64,,
48358,note_off,,0,0,1,,0,38,64,,
48480,note_on,,122,0,1,,0,38,127,,
48480,note_on,,0,0,1,,0,42,127,,
48480,note_on,,0,0,1,,0,50,127,,
48598,note_off,,0,0,1,,0,38,64,,
48598,note_off,,0,0,1,,0,42,64,,
48598,note_off,,118,0,1,,0,50,64,,
48960,note_on,,0,0,1,,0,86,127,,
48960,note_on,,0,0,1,,0,74,127,,
48960,note_on,,0,0,1,,0,38,127,,
48960,note_on,,362,0,1,,0,50,127,,
49136,note_off,,176,0,1,,0,86,64,,
49136,note_off,,0,0,1,,0,50,64,,
49136,note_off,,0,0,1,,0,38,64,,
49136,note_off,,0,0,1,,0,74,64,,
50400,note_on,,0,0,1,,0,66,58,,
50400,control_change,,1264,0,1,,0,,,64,127
50400,set_tempo,214286,15840,1,0,,,,,,
50640,note_on,,0,0,1,,0,69,58,,
50640,note_on,,240,0,1,,0,74,58,,
50640,note_on,,0,0,1,,0,72,58,,
50875,note_off,,235,0,1,,0,69,64,,
50875,note_off,,0,0,1,,0,72,64,,
50875,note_off,,0,0,1,,0,74,64,,
50880,note_on,,0,0,1,,0,69,58,,
50880,note_on,,0,0,1,,0,74,58,,
50880,note_on,,5,0,1,,0,72,58,,
51106,note_off,,226,0,1,,0,66,64,,
51115,note_off,,9,0,1,,0,69,64,,
51115,note_off,,0,0,1,,0,72,64,,
51115,note_off,,0,0,1,,0,74,64,,
51120,note_on,,5,0,1,,0,54,58,,
51360,note_on,,0,0,1,,0,69,58,,
51360,note_on,,240,0,1,,0,74,58,,
51360,note_on,,0,0,1,,0,72,58,,
51595,note_off,,0,0,1,,0,72,64,,
51595,note_off,,0,0,1,,0,74,64,,
51595,note_off,,235,0,1,,0,69,64,,
51600,note_on,,5,0,1,,0,72,58,,
51600,note_on,,0,0,1,,0,74,58,,
51600,note_on,,0,0,1,,0,69,58,,
51826,note_off,,226,0,1,,0,54,64,,
51835,note_off,,9,0,1,,0,69,64,,
51835,note_off,,0,0,1,,0,72,64,,
51835,note_off,,0,0,1,,0,74,64,,
51840,control_change,,5,0,1,,0,,,64,0
51840,note_on,,0,0,1,,0,42,58,,
52080,set_tempo,204778,1680,1,0,,,,,,
52080,note_on,,240,0,1,,0,74,58,,
52080,note_on,,0,0,1,,0,70,58,,
52198,note_off,,118,0,1,,0,70,64,,
52198,note_off,,0,0,1,,0,74,64,,
52320,note_on,,0,0,1,,0,74,58,,
52320,set_tempo,195440,240,1,0,,,,,,
52320,note_on,,122,0,1,,0,70,58,,
52438,note_off,,118,0,1,,0,74,64,,
52438,note_off,,0,0,1,,0,70,64,,
52546,note_off,,108,0,1,,0,42,64,,
52560,note_on,,14,0,1,,0,43,58,,
52560,set_tempo,187500,240,1,0,,,,,,
52800,note_on,,240,0,1,,0,71,58,,
52800,note_on,,0,0,1,,0,74,58,,
52918,note_off,,118,0,1,,0,74,64,,
52918,note_off,,0,0,1,,0,71,64,,
53040,note_on,,122,0,1,,0,71,58,,
53040,note_on,,0,0,1,,0,74,58,,
53158,note_off,,118,0,1,,0,74,64,,
53158,note_off,,0,0,1,,0,71,64,,
53266,note_off,,108,0,1,,0,43,64,,
53280,note_on,,0,0,1,,0,68,58,,
53280,set_tempo,193548,720,1,0,,,,,,
53280,control_change,,14,0,1,,0,,,64,127
53520,note_on,,240,0,1,,0,76,58,,
53520,note_on,,0,0,1,,0,74,58,,
53520,note_on,,0,0,1,,0,71,58,,
53755,note_off,,235,0,1,,0,71,64,,
53755,note_off,,0,0,1,,0,74,64,,
53755,note_off,,0,0,1,,0,76,64,,
53760,note_on,,5,0,1,,0,74,58,,
53760,note_on,,0,0,1,,0,76,58,,
53760,note_on,,0,0,1,,0,71,58,,
53986,note_off,,226,0,1,,0,68,64,,
53995,note_off,,0,0,1,,0,74,64,,
53995,note_off,,0,0,1,,0,76,64,,
53995,note_off,,9,0,1,,0,71,64,,
54000,note_on,,5,0,1,,0,56,58,,
54240,note_on,,240,0,1,,0,76,58,,
54240,note_on,,0,0,1,,0,71,58,,
54240,note_on,,0,0,1,,0,74,58,,
54475,note_off,,235,0,1,,0,71,64,,
54475,note_off,,0,0,1,,0,74,64,,
54475,note_off,,0,0,1,,0,76,64,,
54480,note_on,,5,0,1,,0,74,58,,
54480,note_on,,0,0,1,,0,76,58,,
54480,note_on,,0,0,1,,0,71,58,,
54706,note_off,,226,0,1,,0,56,64,,
54715,note_off,,9,0,1,,0,71,64,,
54715,note_off,,0,0,1,,0,74,64,,
54715,note_off,,0,0,1,,0,76,64,,
54720,note_on,,0,0,1,,0,44,58,,
54720,control_change,,5,0,1,,0,,,64,0
54840,set_tempo,185759,1560,1,0,,,,,,
54960,note_on,,240,0,1,,0,76,61,,
54960,note_on,,0,0,1,,0,72,61,,
55078,note_off,,118,0,1,,0,72,64,,
55078,note_off,,0,0,1,,0,76,64,,
55080,set_tempo,178042,240,1,0,,,,,,
55200,note_on,,122,0,1,,0,72,64,,
55200,note_on,,0,0,1,,0,76,64,,
55318,note_off,,0,0,1,,0,72,64,,
55318,note_off,,118,0,1,,0,76,64,,
55426,note_off,,108,0,1,,0,44,64,,
55440,note_on,,14,0,1,,0,45,67,,
55440,set_tempo,171429,360,1,0,,,,,,
55680,note_on,,0,0,1,,0,76,71,,
55680,note_on,,240,0,1,,0,73,71,,
55798,note_off,,118,0,1,,0,76,64,,
55798,note_off,,0,0,1,,0,73,64,,
55920,note_on,,122,0,1,,0,73,74,,
55920,note_on,,0,0,1,,0,76,74,,
56038,note_off,,118,0,1,,0,76,64,,
56038,note_off,,0,0,1,,0,73,64,,
56146,note_off,,108,0,1,,0,45,64,,
56160,control_change,,14,0,1,,0,,,64,127
56160,note_on,,0,0,1,,0,70,77,,
56400,note_on,,240,0,1,,0,73,80,,
56400,note_on,,0,0,1,,0,76,80,,
56400,note_on,,0,0,1,,0,78,80,,
56635,note_off,,0,0,1,,0,73,64,,
56635,note_off,,235,0,1,,0,78,64,,
56635,note_off,,0,0,1,,0,76,64,,
56640,note_on,,0,0,1,,0,76,84,,
56640,note_on,,0,0,1,,0,73,84,,
56640,note_on,,5,0,1,,0,78,84,,
56866,note_off,,226,0,1,,0,70,64,,
56875,note_off,,9,0,1,,0,73,64,,
56875,note_off,,0,0,1,,0,76,64,,
56875,note_off,,0,0,1,,0,78,64,,
56880,note_on,,5,0,1,,0,58,87,,
57120,note_on,,240,0,1,,0,76,90,,
57120,note_on,,0,0,1,,0,73,90,,
57120,note_on,,0,0,1,,0,78,90,,
57355,note_off,,0,0,1,,0,78,64,,
57355,note_off,,235,0,1,,0,73,64,,
57355,note_off,,0,0,1,,0,76,64,,
57360,note_on,,5,0,1,,0,76,94,,
57360,note_on,,0,0,1,,0,73,94,,
57360,note_on,,0,0,1,,0,78,94,,
57586,note_off,,226,0,1,,0,58,64,,
57595,note_off,,9,0,1,,0,78,64,,
57595,note_off,,0,0,1,,0,73,64,,
57595,note_off,,0,0,1,,0,76,64,,
57600,note_on,,5,0,1,,0,46,96,,
57840,note_on,,0,0,1,,0,73,96,,
57840,control_change,,240,0,1,,0,,,64,0
57840,note_on,,0,0,1,,0,78,96,,
58075,note_off,,235,0,1,,0,78,64,,
58075,note_off,,0,0,1,,0,73,64,,
58080,note_on,,5,0,1,,0,73,104,,
58080,note_on,,0,0,1,,0,78,104,,
58306,note_off,,226,0,1,,0,46,64,,
58315,note_off,,9,0,1,,0,78,64,,
58315,note_off,,0,0,1,,0,73,64,,
58320,note_on,,5,0,1,,0,47,112,,
58560,note_on,,240,0,1,,0,78,121,,
58560,note_on,,0,0,1,,0,74,121,,
58795,note_off,,0,0,1,,0,78,64,,
58795,note_off,,235,0,1,,0,74,64,,
58800,note_on,,5,0,1,,0,74,124,,
58800,note_on,,0,0,1,,0,78,124,,
59026,note_off,,226,0,1,,0,47,64,,
59035,note_off,,0,0,1,,0,74,64,,
59035,note_off,,9,0,1,,0,78,64,,
59040,note_on,,5,0,1,,0,59,126,,
59280,set_tempo,180180,3840,1,0,,,,,,
59280,note_on,,240,0,1,,0,74,120,,
59280,note_on,,0,0,1,,0,79,120,,
59515,note_off,,235,0,1,,0,79,64,,
59515,note_off,,0,0,1,,0,74,64,,
59520,note_on,,5,0,1,,0,74,113,,
59520,note_on,,0,0,1,,0,79,113,,
59520,set_tempo,189274,240,1,0,,,,,,
59746,note_off,,226,0,1,,0,59,64,,
59755,note_off,,9,0,1,,0,79,64,,
59755,note_off,,0,0,1,,0,74,64,,
59760,note_on,,5,0,1,,0,60,106,,
59760,set_tempo,200000,240,1,0,,,,,,
60000,set_tempo,212014,240,1,0,,,,,,
60000,note_on,,240,0,1,,0,75,99,,
60000,note_on,,0,0,1,,0,79,99,,
60118,note_off,,0,0,1,,0,75,64,,
60118,note_off,,118,0,1,,0,79,64,,
60240,set_tempo,224719,240,1,0,,,,,,
60240,note_on,,122,0,1,,0,79,93,,
60240,note_on,,0,0,1,,0,75,93,,
60358,note_off,,0,0,1,,0,79,64,,
60358,note_off,,118,0,1,,0,75,64,,
60466,note_off,,108,0,1,,0,60,64,,
60480,note_on,,14,0,1,,0,61,72,,
60480,set_tempo,400000,240,1,0,,,,,,
60720,note_on,,0,0,1,,0,79,72,,
60720,note_on,,0,0,1,,0,76,72,,
60720,note_on,,240,0,1,,0,69,72,,
61200,set_tempo,600000,720,1,0,,,,,,
61906,note_off,,0,0,1,,0,79,64,,
61906,note_off,,0,0,1,,0,76,64,,
61906,note_off,,1186,0,1,,0,69,64,,
61906,note_off,,0,0,1,,0,61,64,,
61920,note_on,,14,0,1,,0,74,72,,
61920,note_on,,0,0,1,,0,78,72,,
61920,set_tempo,171429,720,1,0,,,,,,
62626,note_off,,706,0,1,,0,78,64,,
62626,note_off,,0,0,1,,0,74,64,,
62640,note_on,,0,0,1,,0,62,72,,
62640,note_on,,14,0,1,,0,66,72,,
63346,note_off,,706,0,1,,0,62,64,,
63346,note_off,,0,0,1,,0,66,64,,
63360,note_on,,14,0,1,,0,50,72,,
63360,note_on,,0,0,1,,0,54,72,,
64066,note_off,,706,0,1,,0,54,64,,
64066,note_off,,0,0,1,,0,50,64,,
64080,note_on,,14,0,1,,0,42,72,,
64080,note_on,,0,0,1,,0,38,72,,
64786,note_off,,706,0,1,,0,38,64,,
64786,note_off,,0,0,1,,0,42,64,,
64800,note_on,,14,0,1,,0,50,72,,
64800,note_on,,0,0,1,,0,69,72,,
64800,note_on,,0,0,1,,0,54,72,,
64918,note_off,,0,0,1,,0,50,64,,
64918,note_off,,0,0,1,,0,54,64,,
64918,note_off,,118,0,1,,0,69,64,,
64920,note_on,,2,0,1,,0,66,72,,
65038,note_off,,118,0,1,,0,66,64,,
65040,note_on,,2,0,1,,0,54,72,,
65040,note_on,,0,0,1,,0,50,72,,
65040,note_on,,0,0,1,,0,62,72,,
65158,note_off,,0,0,1,,0,50,64,,
65158,note_off,,118,0,1,,0,62,64,,
65158,note_off,,0,0,1,,0,54,64,,
65520,note_on,,362,0,1,,0,43,72,,
65520,note_on,,0,0,1,,0,47,72,,
65520,note_on,,0,0,1,,0,52,72,,
65520,note_on,,0,0,1,,0,71,72,,
65638,note_off,,118,0,1,,0,71,64,,
65638,note_off,,0,0,1,,0,43,64,,
65638,note_off,,0,0,1,,0,52,64,,
65638,note_off,,0,0,1,,0,47,64,,
65640,note_on,,2,0,1,,0,67,72,,
65758,note_off,,118,0,1,,0,67,64,,
65760,note_on,,0,0,1,,0,64,72,,
65760,note_on,,2,0,1,,0,47,72,,
65760,note_on,,0,0,1,,0,52,72,,
65760,note_on,,0,0,1,,0,43,72,,
65878,note_off,,0,0,1,,0,47,64,,
65878,note_off,,118,0,1,,0,64,64,,
65878,note_off,,0,0,1,,0,43,64,,
65878,note_off,,0,0,1,,0,52,64,,
66240,note_on,,362,0,1,,0,45,72,,
66240,note_on,,0,0,1,,0,52,72,,
66240,note_on,,0,0,1,,0,55,72,,
66240,note_on,,0,0,1,,0,67,72,,
66358,note_off,,118,0,1,,0,67,64,,
66358,note_off,,0,0,1,,0,55,64,,
66358,note_off,,0,0,1,,0,52,64,,
66358,note_off,,0,0,1,,0,45,64,,
66360,note_on,,2,0,1,,0,64,72,,
66478,note_off,,118,0,1,,0,64,64,,
66480,note_on,,2,0,1,,0,52,72,,
66480,note_on,,0,0,1,,0,55,72,,
66480,note_on,,0,0,1,,0,45,72,,
66480,note_on,,0,0,1,,0,61,72,,
66598,note_off,,0,0,1,,0,52,64,,
66598,note_off,,118,0,1,,0,61,64,,
66598,note_off,,0,0,1,,0,55,64,,
66598,note_off,,0,0,1,,0,45,64,,
66960,note_on,,0,0,1,,0,62,72,,
66960,note_on,,0,0,1,,0,54,72,,
66960,note_on,,362,0,1,,0,50,72,,
67078,note_off,,0,0,1,,0,50,64,,
67078,note_off,,0,0,1,,0,54,64,,
67078,note_off,,118,0,1,,0,62,64,,
67200,note_on,,0,0,1,,0,62,72,,
67200,note_on,,122,0,1,,0,50,72,,
67200,note_on,,0,0,1,,0,54,72,,
67318,note_off,,0,0,1,,0,50,64,,
67318,note_off,,0,0,1,,0,54,64,,
67318,note_off,,118,0,1,,0,62,64,,
67680,control_change,,362,0,1,,0,,,64,127
67680,note_on,,0,0,1,,0,81,120,,
67680,note_on,,0,0,1,,0,86,120,,
67680,note_on,,0,0,1,,0,78,120,,
68386,note_off,,0,0,1,,0,86,64,,
68386,note_off,,706,0,1,,0,78,64,,
68386,note_off,,0,0,1,,0,81,64,,
68400,note_on,,14,0,1,,0,54,116,,
68400,note_on,,0,0,1,,0,57,116,,
68400,note_on,,0,0,1,,0,62,116,,
68400,note_on,,0,0,1,,0,66,116,,
68400,note_on,,0,0,1,,0,69,116,,
68400,note_on,,0,0,1,,0,74,116,,
69106,note_off,,706,0,1,,0,74,64,,
69106,note_off,,0,0,1,,0,69,64,,
69106,note_off,,0,0,1,,0,57,64,,
69106,note_off,,0,0,1,,0,54,64,,
69106,note_off,,0,0,1,,0,62,64,,
69106,note_off,,0,0,1,,0,66,64,,
69120,note_on,,14,0,1,,0,42,116,,
69120,note_on,,0,0,1,,0,45,116,,
69120,note_on,,0,0,1,,0,50,116,,
69826,note_off,,706,0,1,,0,50,64,,
69826,note_off,,0,0,1,,0,45,64,,
69826,note_off,,0,0,1,,0,42,64,,
69840,note_on,,14,0,1,,0,30,116,,
69840,note_on,,0,0,1,,0,38,116,,
69840,note_on,,0,0,1,,0,33,116,,
70546,note_off,,0,0,1,,0,30,64,,
70546,note_off,,0,0,1,,0,33,64,,
70546,note_off,,706,0,1,,0,38,64,,
70560,note_on,,0,0,1,,0,60,72,,
70560,note_on,,0,0,1,,0,81,72,,
70560,note_on,,0,0,1,,0,63,72,,
70560,note_on,,0,0,1,,0,57,72,,
70560,control_change,,14,0,1,,0,,,64,0
70560,note_on,,0,0,1,,0,54,72,,
70678,note_off,,0,0,1,,0,81,64,,
70678,note_off,,118,0,1,,0,60,64,,
70678,note_off,,0,0,1,,0,57,64,,
70678,note_off,,0,0,1,,0,63,64,,
70678,note_off,,0,0,1,,0,54,64,,
70680,note_on,,2,0,1,,0,78,72,,
70798,note_off,,118,0,1,,0,78,64,,
70800,note_on,,0,0,1,,0,63,72,,
70800,note_on,,0,0,1,,0,54,72,,
70800,note_on,,0,0,1,,0,75,72,,
70800,note_on,,2,0,1,,0,57,72,,
70800,note_on,,0,0,1,,0,60,72,,
70918,note_off,,0,0,1,,0,57,64,,
70918,note_off,,0,0,1,,0,63,64,,
70918,note_off,,0,0,1,,0,54,64,,
70918,note_off,,118,0,1,,0,75,64,,
70918,note_off,,0,0,1,,0,60,64,,
71280,note_on,,362,0,1,,0,83,72,,
71280,note_on,,0,0,1,,0,59,72,,
71280,note_on,,0,0,1,,0,55,72,,
71280,note_on,,0,0,1,,0,64,72,,
71398,note_off,,118,0,1,,0,55,64,,
71398,note_off,,0,0,1,,0,59,64,,
71398,note_off,,0,0,1,,0,83,64,,
71398,note_off,,0,0,1,,0,64,64,,
71400,note_on,,2,0,1,,0,79,72,,
71518,note_off,,118,0,1,,0,79,64,,
71520,note_on,,2,0,1,,0,76,72,,
71520,note_on,,0,0,1,,0,64,72,,
71520,note_on,,0,0,1,,0,59,72,,
71520,note_on,,0,0,1,,0,55,72,,
71638,note_off,,0,0,1,,0,76,64,,
71638,note_off,,118,0,1,,0,55,64,,
71638,note_off,,0,0,1,,0,64,64,,
71638,note_off,,0,0,1,,0,59,64,,
72000,note_on,,362,0,1,,0,64,72,,
72000,note_on,,0,0,1,,0,67,72,,
72000,note_on,,0,0,1,,0,57,72,,
72000,note_on,,0,0,1,,0,81,72,,
72118,note_off,,118,0,1,,0,81,64,,
72118,note_off,,0,0,1,,0,57,64,,
72118,note_off,,0,0,1,,0,64,64,,
72118,note_off,,0,0,1,,0,67,64,,
72120,note_on,,2,0,1,,0,76,72,,
72238,note_off,,118,0,1,,0,76,64,,
72240,note_on,,0,0,1,,0,73,72,,
72240,note_on,,0,0,1,,0,64,72,,
72240,note_on,,0,0,1,,0,57,72,,
72240,note_on,,2,0,1,,0,67,72,,
72358,note_off,,0,0,1,,0,67,64,,
72358,note_off,,0,0,1,,0,57,64,,
72358,note_off,,0,0,1,,0,64,64,,
72358,note_off,,118,0,1,,0,73,64,,
72720,note_on,,0,0,1,,0,66,72,,
72720,note_on,,0,0,1,,0,62,72,,
72720,note_on,,362,0,1,,0,74,72,,
72838,note_off,,118,0,1,,0,62,64,,
72838,note_off,,0,0,1,,0,66,64,,
72838,note_off,,0,0,1,,0,74,64,,
72840,note_on,,2,0,1,,0,69,72,,
72958,note_off,,118,0,1,,0,69,64,,
72960,note_on,,2,0,1,,0,62,74,,
72960,note_on,,0,0,1,,0,66,74,,
73078,note_off,,118,0,1,,0,66,64,,
73078,note_off,,0,0,1,,0,62,64,,
73440,note_on,,362,0,1,,0,52,83,,
73440,note_on,,0,0,1,,0,55,83,,
73440,note_on,,0,0,1,,0,45,83,,
73440,note_on,,0,0,1,,0,69,83,,
73558,note_off,,118,0,1,,0,69,64,,
73558,note_off,,0,0,1,,0,55,64,,
73558,note_off,,0,0,1,,0,52,64,,
73558,note_off,,0,0,1,,0,45,64,,
73560,note_on,,2,0,1,,0,64,86,,
73678,note_off,,118,0,1,,0,64,64,,
73680,note_on,,2,0,1,,0,55,88,,
73680,note_on,,0,0,1,,0,61,88,,
73680,note_on,,0,0,1,,0,45,88,,
73680,note_on,,0,0,1,,0,52,88,,
73798,note_off,,0,0,1,,0,55,64,,
73798,note_off,,0,0,1,,0,45,64,,
73798,note_off,,0,0,1,,0,52,64,,
73798,note_off,,118,0,1,,0,61,64,,
74160,note_on,,0,0,1,,0,54,97,,
74160,note_on,,362,0,1,,0,62,97,,
74160,note_on,,0,0,1,,0,50,97,,
74278,note_off,,0,0,1,,0,62,64,,
74278,note_off,,0,0,1,,0,54,64,,
74278,note_off,,118,0,1,,0,50,64,,
74280,note_on,,2,0,1,,0,57,100,,
74398,note_off,,118,0,1,,0,57,64,,
74400,note_on,,2,0,1,,0,50,102,,
74400,note_on,,0,0,1,,0,54,102,,
74518,note_off,,0,0,1,,0,50,64,,
74518,note_off,,118,0,1,,0,54,64,,
74880,note_on,,362,0,1,,0,57,110,,
74880,note_on,,0,0,1,,0,43,110,,
74880,note_on,,0,0,1,,0,33,110,,
74998,note_off,,118,0,1,,0,33,64,,
74998,note_off,,0,0,1,,0,43,64,,
74998,note_off,,0,0,1,,0,57,64,,
75000,note_on,,2,0,1,,0,52,116,,
75118,note_off,,118,0,1,,0,52,64,,
75120,note_on,,2,0,1,,0,49,123,,
75120,note_on,,0,0,1,,0,43,123,,
75120,note_on,,0,0,1,,0,33,123,,
75238,note_off,,0,0,1,,0,43,64,,
75238,note_off,,0,0,1,,0,49,64,,
75238,note_off,,118,0,1,,0,33,64,,
75600,note_on,,362,0,1,,0,38,127,,
75600,note_on,,0,0,1,,0,42,127,,
75600,note_on,,0,0,1,,0,50,127,,
75718,note_off,,118,0,1,,0,50,64,,
75718,note_off,,0,0,1,,0,38,64,,
75718,note_off,,0,0,1,,0,42,64,,
75840,note_on,,0,0,1,,0,50,127,,
75840,note_on,,122,0,1,,0,38,127,,
75840,note_on,,0,0,1,,0,42,127,,
75958,note_off,,118,0,1,,0,50,64,,
75958,note_off,,0,0,1,,0,42,64,,
75958,note_off,,0,0,1,,0,38,64,,
76320,note_on,,362,0,1,,0,50,127,,
76320,note_on,,0,0,1,,0,38,127,,
76320,note_on,,0,0,1,,0,74,127,,
76320,note_on,,0,0,1,,0,86,127,,
76496,note_off,,176,0,1,,0,86,64,,
76496,note_off,,0,0,1,,0,74,64,,
76496,note_off,,0,0,1,,0,38,64,,
76496,note_off,,0,0,1,,0,50,64,,
77760,note_on,,1264,0,1,,0,78,72,,
77760,note_on,,0,0,1,,0,42,72,,
77878,note_off,,118,0,1,,0,42,64,,
77880,note_on,,2,0,1,,0,54,72,,
77998,note_off,,118,0,1,,0,54,64,,
78000,note_on,,2,0,1,,0,44,72,,
78118,note_off,,118,0,1,,0,44,64,,
78120,note_on,,2,0,1,,0,56,72,,
78238,note_off,,118,0,1,,0,56,64,,
78240,note_on,,2,0,1,,0,46,72,,
78358,note_off,,118,0,1,,0,46,64,,
78360,note_on,,2,0,1,,0,58,72,,
78416,note_off,,56,0,1,,0,78,64,,
78420,note_on,,4,0,1,,0,76,72,,
78478,note_off,,58,0,1,,0,58,64,,
78479,note_off,,1,0,1,,0,76,64,,
78480,note_on,,1,0,1,,0,47,72,,
78480,note_on,,0,0,1,,0,74,72,,
78598,note_off,,118,0,1,,0,47,64,,
78600,note_on,,2,0,1,,0,59,72,,
78718,note_off,,118,0,1,,0,59,64,,
78720,note_on,,2,0,1,,0,49,72,,
78833,note_off,,113,0,1,,0,74,64,,
78838,note_off,,5,0,1,,0,49,64,,
78840,note_on,,2,0,1,,0,61,72,,
78840,note_on,,0,0,1,,0,73,72,,
78899,note_off,,59,0,1,,0,73,64,,
78958,note_off,,59,0,1,,0,61,64,,
78960,note_on,,2,0,1,,0,71,72,,
78960,note_on,,0,0,1,,0,50,72,,
79078,note_off,,118,0,1,,0,50,64,,
79078,note_off,,0,0,1,,0,71,64,,
79080,note_on,,2,0,1,,0,62,72,,
79198,note_off,,118,0,1,,0,62,64,,
79200,note_on,,2,0,1,,0,52,72,,
79200,note_on,,0,0,1,,0,71,72,,
79318,note_off,,118,0,1,,0,71,64,,
79318,note_off,,0,0,1,,0,52,64,,
79320,note_on,,2,0,1,,0,64,72,,
79438,note_off,,118,0,1,,0,64,64,,
79440,note_on,,0,0,1,,0,49,72,,
79440,note_on,,2,0,1,,0,71,72,,
79558,note_off,,0,0,1,,0,71,64,,
79558,note_off,,118,0,1,,0,49,64,,
79560,note_on,,2,0,1,,0,61,72,,
79678,note_off,,118,0,1,,0,61,64,,
79680,note_on,,2,0,1,,0,70,72,,
79680,note_on,,0,0,1,,0,54,72,,
79798,note_off,,0,0,1,,0,70,64,,
79798,note_off,,118,0,1,,0,54,64,,
79800,note_on,,2,0,1,,0,66,72,,
79918,note_off,,118,0,1,,0,66,64,,
79920,note_on,,2,0,1,,0,71,72,,
79920,note_on,,0,0,1,,0,50,72,,
80038,note_off,,118,0,1,,0,50,64,,
80040,note_on,,2,0,1,,0,62,72,,
80158,note_off,,118,0,1,,0,62,64,,
80160,note_on,,2,0,1,,0,49,72,,
80278,note_off,,118,0,1,,0,49,64,,
80280,note_on,,2,0,1,,0,61,72,,
80398,note_off,,118,0,1,,0,61,64,,
80400,note_on,,2,0,1,,0,47,72,,
80518,note_off,,118,0,1,,0,47,64,,
80520,note_on,,2,0,1,,0,59,72,,
80626,note_off,,106,0,1,,0,71,64,,
80638,note_off,,12,0,1,,0,59,64,,
80640,note_on,,2,0,1,,0,46,72,,
80640,note_on,,0,0,1,,0,78,72,,
80758,note_off,,118,0,1,,0,46,64,,
80760,note_on,,2,0,1,,0,58,72,,
80878,note_off,,118,0,1,,0,58,64,,
80880,note_on,,2,0,1,,0,47,72,,
80998,note_off,,118,0,1,,0,47,64,,
81000,note_on,,2,0,1,,0,59,72,,
81118,note_off,,118,0,1,,0,59,64,,
81120,note_on,,2,0,1,,0,49,72,,
81238,note_off,,118,0,1,,0,49,64,,
81240,note_on,,2,0,1,,0,61,72,,
81296,note_off,,56,0,1,,0,78,64,,
81300,note_on,,4,0,1,,0,76,72,,
81358,note_off,,58,0,1,,0,61,64,,
81359,note_off,,1,0,1,,0,76,64,,
81360,note_on,,1,0,1,,0,50,72,,
81360,note_on,,0,0,1,,0,74,72,,
81478,note_off,,118,0,1,,0,50,64,,
81480,note_on,,2,0,1,,0,62,72,,
81598,note_off,,118,0,1,,0,62,64,,
81600,note_on,,2,0,1,,0,52,72,,
81713,note_off,,113,0,1,,0,74,64,,
81718,note_off,,5,0,1,,0,52,64,,
81720,note_on,,0,0,1,,0,73,72,,
81720,note_on,,2,0,1,,0,64,72,,
81779,note_off,,59,0,1,,0,73,64,,
81838,note_off,,59,0,1,,0,64,64,,
81840,note_on,,0,0,1,,0,54,72,,
81840,note_on,,2,0,1,,0,71,72,,
81958,note_off,,0,0,1,,0,71,64,,
81958,note_off,,118,0,1,,0,54,64,,
81960,note_on,,2,0,1,,0,66,72,,
82078,note_off,,118,0,1,,0,66,64,,
82080,note_on,,2,0,1,,0,71,72,,
82080,note_on,,0,0,1,,0,55,72,,
82198,note_off,,118,0,1,,0,55,64,,
82198,note_off,,0,0,1,,0,71,64,,
82200,note_on,,2,0,1,,0,67,72,,
82318,note_off,,118,0,1,,0,67,64,,
82320,note_on,,2,0,1,,0,71,72,,
82320,note_on,,0,0,1,,0,52,72,,
82438,note_off,,0,0,1,,0,71,64,,
82438,note_off,,118,0,1,,0,52,64,,
82440,note_on,,2,0,1,,0,64,72,,
82558,note_off,,118,0,1,,0,64,64,,
82560,note_on,,2,0,1,,0,57,72,,
82560,note_on,,0,0,1,,0,73,72,,
82678,note_off,,118,0,1,,0,73,64,,
82678,note_off,,0,0,1,,0,57,64,,
82680,note_on,,2,0,1,,0,69,72,,
82798,note_off,,118,0,1,,0,69,64,,
82800,note_on,,2,0,1,,0,54,72,,
82800,note_on,,0,0,1,,0,74,72,,
82918,note_off,,118,0,1,,0,54,64,,
82920,note_on,,2,0,1,,0,66,72,,
83038,note_off,,118,0,1,,0,66,64,,
83040,note_on,,2,0,1,,0,52,72,,
83158,note_off,,118,0,1,,0,52,64,,
83160,note_on,,2,0,1,,0,64,72,,
83278,note_off,,118,0,1,,0,64,64,,
83280,note_on,,2,0,1,,0,50,72,,
83398,note_off,,118,0,1,,0,50,64,,
83400,note_on,,2,0,1,,0,62,72,,
83506,note_off,,106,0,1,,0,74,64,,
83518,note_off,,12,0,1,,0,62,64,,
83520,note_on,,0,0,1,,0,42,72,,
83520,note_on,,2,0,1,,0,78,72,,
83638,note_off,,118,0,1,,0,42,64,,
83640,note_on,,2,0,1,,0,54,72,,
83758,note_off,,118,0,1,,0,54,64,,
83760,note_on,,2,0,1,,0,44,72,,
83878,note_off,,118,0,1,,0,44,64,,
83880,note_on,,2,0,1,,0,56,72,,
83998,note_off,,118,0,1,,0,56,64,,
84000,note_on,,2,0,1,,0,46,72,,
84118,note_off,,118,0,1,,0,46,64,,
84120,note_on,,2,0,1,,0,58,72,,
84176,note_off,,56,0,1,,0,78,64,,
84180,note_on,,4,0,1,,0,76,72,,
84238,note_off,,58,0,1,,0,58,64,,
84239,note_off,,1,0,1,,0,76,64,,
84240,note_on,,0,0,1,,0,74,72,,
84240,note_on,,1,0,1,,0,47,72,,
84358,note_off,,118,0,1,,0,47,64,,
84360,note_on,,2,0,1,,0,59,72,,
84478,note_off,,118,0,1,,0,59,64,,
84480,note_on,,2,0,1,,0,49,72,,
84593,note_off,,113,0,1,,0,74,64,,
84598,note_off,,5,0,1,,0,49,64,,
84600,note_on,,0,0,1,,0,73,72,,
84600,note_on,,2,0,1,,0,61,72,,
84659,note_off,,59,0,1,,0,73,64,,
84718,note_off,,59,0,1,,0,61,64,,
84720,note_on,,0,0,1,,0,50,72,,
84720,note_on,,2,0,1,,0,71,72,,
84838,note_off,,0,0,1,,0,71,64,,
84838,note_off,,118,0,1,,0,50,64,,
84840,note_on,,2,0,1,,0,62,72,,
84958,note_off,,118,0,1,,0,62,64,,
84960,note_on,,2,0,1,,0,52,72,,
84960,note_on,,0,0,1,,0,71,72,,
85078,note_off,,118,0,1,,0,71,64,,
85078,note_off,,0,0,1,,0,52,64,,
85080,note_on,,2,0,1,,0,64,72,,
85198,note_off,,118,0,1,,0,64,64,,
85200,note_on,,0,0,1,,0,49,72,,
85200,note_on,,2,0,1,,0,71,72,,
85318,note_off,,0,0,1,,0,71,64,,
85318,note_off,,118,0,1,,0,49,64,,
85320,note_on,,2,0,1,,0,61,72,,
85438,note_off,,118,0,1,,0,61,64,,
85440,note_on,,0,0,1,,0,54,72,,
85440,note_on,,2,0,1,,0,70,72,,
85558,note_off,,0,0,1,,0,70,64,,
85558,note_off,,118,0,1,,0,54,64,,
85560,note_on,,2,0,1,,0,66,72,,
85678,note_off,,118,0,1,,0,66,64,,
85680,note_on,,0,0,1,,0,50,72,,
85680,note_on,,2,0,1,,0,71,72,,
85798,note_off,,118,0,1,,0,50,64,,
85800,note_on,,2,0,1,,0,62,72,,
85918,note_off,,118,0,1,,0,62,64,,
85920,note_on,,2,0,1,,0,49,72,,
86038,note_off,,118,0,1,,0,49,64,,
86040,note_on,,2,0,1,,0,61,72,,
86158,note_off,,118,0,1,,0,61,64,,
86160,note_on,,2,0,1,,0,47,72,,
86278,note_off,,118,0,1,,0,47,64,,
86280,note_on,,2,0,1,,0,59,72,,
86386,note_off,,106,0,1,,0,71,64,,
86398,note_off,,12,0,1,,0,59,64,,
86400,note_on,,2,0,1,,0,46,72,,
86400,note_on,,0,0,1,,0,78,72,,
86518,note_off,,118,0,1,,0,46,64,,
86520,note_on,,2,0,1,,0,58,72,,
86638,note_off,,118,0,1,,0,58,64,,
86640,note_on,,2,0,1,,0,47,72,,
86758,note_off,,118,0,1,,0,47,64,,
86760,note_on,,2,0,1,,0,59,72,,
86878,note_off,,118,0,1,,0,59,64,,
86880,note_on,,2,0,1,,0,49,72,,
86998,note_off,,118,0,1,,0,49,64,,
87000,note_on,,2,0,1,,0,61,72,,
87056,note_off,,56,0,1,,0,78,64,,
87060,note_on,,4,0,1,,0,76,72,,
87118,note_off,,58,0,1,,0,61,64,,
87119,note_off,,1,0,1,,0,76,64,,
87120,note_on,,0,0,1,,0,74,72,,
87120,note_on,,1,0,1,,0,50,72,,
87238,note_off,,118,0,1,,0,50,64,,
87240,note_on,,2,0,1,,0,62,72,,
87358,note_off,,118,0,1,,0,62,64,,
87360,note_on,,2,0,1,,0,52,72,,
87473,note_off,,113,0,1,,0,74,64,,
87478,note_off,,5,0,1,,0,52,64,,
87480,note_on,,2,0,1,,0,64,72,,
87480,note_on,,0,0,1,,0,73,72,,
87539,note_off,,59,0,1,,0,73,64,,
87598,note_off,,59,0,1,,0,64,64,,
87600,note_on,,0,0,1,,0,54,72,,
87600,note_on,,2,0,1,,0,71,72,,
87718,note_off,,118,0,1,,0,54,64,,
87718,note_off,,0,0,1,,0,71,64,,
87720,note_on,,2,0,1,,0,66,72,,
87838,note_off,,118,0,1,,0,66,64,,
87840,note_on,,2,0,1,,0,71,72,,
87840,note_on,,0,0,1,,0,55,72,,
87958,note_off,,0,0,1,,0,71,64,,
87958,note_off,,118,0,1,,0,55,64,,
87960,note_on,,2,0,1,,0,67,72,,
88078,note_off,,118,0,1,,0,67,64,,
88080,note_on,,2,0,1,,0,71,72,,
88080,note_on,,0,0,1,,0,52,72,,
88198,note_off,,118,0,1,,0,52,64,,
88198,note_off,,0,0,1,,0,71,64,,
88200,note_on,,2,0,1,,0,64,72,,
88318,note_off,,118,0,1,,0,64,64,,
88320,note_on,,2,0,1,,0,57,72,,
88320,note_on,,0,0,1,,0,73,72,,
88438,note_off,,0,0,1,,0,57,64,,
88438,note_off,,118,0,1,,0,73,64,,
88440,note_on,,2,0,1,,0,69,72,,
88558,note_off,,118,0,1,,0,69,64,,
88560,note_on,,2,0,1,,0,54,72,,
88560,note_on,,0,0,1,,0,74,72,,
88678,note_off,,118,0,1,,0,54,64,,
88680,note_on,,2,0,1,,0,66,72,,
88798,note_off,,118,0,1,,0,66,64,,
88800,note_on,,2,0,1,,0,52,72,,
88918,note_off,,118,0,1,,0,52,64,,
88920,note_on,,2,0,1,,0,64,72,,
89038,note_off,,118,0,1,,0,64,64,,
89040,note_on,,2,0,1,,0,50,72,,
89158,note_off,,118,0,1,,0,50,64,,
89160,note_on,,2,0,1,,0,62,72,,
89266,note_off,,106,0,1,,0,74,64,,
89278,note_off,,12,0,1,,0,62,64,,
89280,note_on,,0,0,1,,0,78,72,,
89280,note_on,,0,0,1,,0,50,72,,
89280,control_change,,2,0,1,,0,,,64,127
89398,note_off,,118,0,1,,0,50,64,,
89400,note_on,,2,0,1,,0,62,75,,
89518,note_off,,118,0,1,,0,62,64,,
89520,note_on,,2,0,1,,0,54,78,,
89638,note_off,,118,0,1,,0,54,64,,
89640,note_on,,2,0,1,,0,62,82,,
89758,note_off,,118,0,1,,0,62,64,,
89760,note_on,,2,0,1,,0,57,85,,
89878,note_off,,118,0,1,,0,57,64,,
89880,note_on,,2,0,1,,0,62,88,,
89936,note_off,,56,0,1,,0,78,64,,
89940,note_on,,4,0,1,,0,76,90,,
89998,note_off,,58,0,1,,0,62,64,,
89999,note_off,,1,0,1,,0,76,64,,
90000,note_on,,0,0,1,,0,50,92,,
90000,note_on,,0,0,1,,0,74,92,,
90000,control_change,,1,0,1,,0,,,64,0
90118,note_off,,118,0,1,,0,50,64,,
90120,note_on,,2,0,1,,0,62,95,,
90238,note_off,,118,0,1,,0,62,64,,
90240,note_on,,2,0,1,,0,55,99,,
90353,note_off,,113,0,1,,0,74,64,,
90358,note_off,,5,0,1,,0,55,64,,
90360,note_on,,0,0,1,,0,62,102,,
90360,note_on,,0,0,1,,0,73,102,,
90360,control_change,,2,0,1,,0,,,64,127
90419,note_off,,59,0,1,,0,73,64,,
90478,note_off,,59,0,1,,0,62,64,,
90480,note_on,,0,0,1,,0,59,105,,
90480,control_change,,2,0,1,,0,,,64,0
90480,note_on,,0,0,1,,0,71,105,,
90598,note_off,,0,0,1,,0,59,64,,
90598,note_off,,118,0,1,,0,71,64,,
90600,note_on,,2,0,1,,0,62,109,,
90718,note_off,,118,0,1,,0,62,64,,
90720,note_on,,2,0,1,,0,50,111,,
90720,note_on,,0,0,1,,0,71,111,,
90838,note_off,,0,0,1,,0,50,64,,
90838,note_off,,118,0,1,,0,71,64,,
90840,note_on,,2,0,1,,0,62,108,,
90958,note_off,,118,0,1,,0,62,64,,
90960,note_on,,0,0,1,,0,71,104,,
90960,note_on,,2,0,1,,0,55,104,,
91078,note_off,,118,0,1,,0,71,64,,
91078,note_off,,0,0,1,,0,55,64,,
91080,note_on,,2,0,1,,0,62,101,,
91198,note_off,,118,0,1,,0,62,64,,
91200,note_on,,0,0,1,,0,73,97,,
91200,note_on,,2,0,1,,0,58,97,,
91318,note_off,,118,0,1,,0,73,64,,
91318,note_off,,0,0,1,,0,58,64,,
91320,note_on,,2,0,1,,0,62,94,,
91438,note_off,,118,0,1,,0,62,64,,
91440,note_on,,0,0,1,,0,50,90,,
91440,note_on,,0,0,1,,0,74,90,,
91440,control_change,,2,0,1,,0,,,64,127
91558,note_off,,118,0,1,,0,50,64,,
91560,note_on,,2,0,1,,0,62,87,,
91678,note_off,,118,0,1,,0,62,64,,
91680,note_on,,2,0,1,,0,54,83,,
91798,note_off,,118,0,1,,0,54,64,,
91800,note_on,,2,0,1,,0,62,80,,
91918,note_off,,118,0,1,,0,62,64,,
91920,note_on,,2,0,1,,0,57,76,,
92038,note_off,,118,0,1,,0,57,64,,
92040,note_on,,2,0,1,,0,62,73,,
92146,note_off,,106,0,1,,0,74,64,,
92158,note_off,,12,0,1,,0,62,64,,
92160,note_on,,0,0,1,,0,49,72,,
92160,note_on,,0,0,1,,0,78,72,,
92160,control_change,,2,0,1,,0,,,64,0
92278,note_off,,118,0,1,,0,49,64,,
92280,note_on,,2,0,1,,0,58,72,,
92398,note_off,,118,0,1,,0,58,64,,
92400,note_on,,2,0,1,,0,52,72,,
92518,note_off,,118,0,1,,0,52,64,,
92520,note_on,,2,0,1,,0,58,72,,
92638,note_off,,118,0,1,,0,58,64,,
92640,control_change,,2,0,1,,0,,,64,127
92640,note_on,,0,0,1,,0,54,72,,
92758,note_off,,118,0,1,,0,54,64,,
92760,note_on,,2,0,1,,0,58,72,,
92816,note_off,,56,0,1,,0,78,64,,
92820,note_on,,4,0,1,,0,76,72,,
92878,note_off,,58,0,1,,0,58,64,,
92879,note_off,,1,0,1,,0,76,64,,
92880,control_change,,1,0,1,,0,,,64,0
92880,note_on,,0,0,1,,0,74,72,,
92880,note_on,,0,0,1,,0,47,72,,
92998,note_off,,118,0,1,,0,47,64,,
93000,note_on,,2,0,1,,0,59,72,,
93118,note_off,,118,0,1,,0,59,64,,
93120,note_on,,2,0,1,,0,38,72,,
93233,note_off,,113,0,1,,0,74,64,,
93238,note_off,,5,0,1,,0,38,64,,
93240,note_on,,0,0,1,,0,73,72,,
93240,control_change,,2,0,1,,0,,,64,127
93240,note_on,,0,0,1,,0,50,72,,
93299,note_off,,59,0,1,,0,73,64,,
93358,note_off,,59,0,1,,0,50,64,,
93360,note_on,,0,0,1,,0,71,72,,
93360,control_change,,2,0,1,,0,,,64,0
93360,note_on,,0,0,1,,0,40,72,,
93478,note_off,,118,0,1,,0,71,64,,
93478,note_off,,0,0,1,,0,40,64,,
93480,note_on,,2,0,1,,0,52,72,,
93598,note_off,,118,0,1,,0,52,64,,
93600,note_on,,2,0,1,,0,71,72,,
93600,note_on,,0,0,1,,0,42,72,,
93718,note_off,,118,0,1,,0,42,64,,
93718,note_off,,0,0,1,,0,71,64,,
93720,note_on,,2,0,1,,0,54,72,,
93838,note_off,,118,0,1,,0,54,64,,
93840,note_on,,2,0,1,,0,71,72,,
93840,note_on,,0,0,1,,0,40,72,,
93958,note_off,,0,0,1,,0,71,64,,
93958,note_off,,118,0,1,,0,40,64,,
93960,note_on,,2,0,1,,0,52,72,,
94078,note_off,,118,0,1,,0,52,64,,
94080,note_on,,2,0,1,,0,42,72,,
94080,note_on,,0,0,1,,0,70,72,,
94198,note_off,,118,0,1,,0,70,64,,
94198,note_off,,0,0,1,,0,42,64,,
94200,note_on,,2,0,1,,0,54,72,,
94318,note_off,,118,0,1,,0,54,64,,
94320,control_change,,2,0,1,,0,,,64,127
94320,note_on,,0,0,1,,0,35,72,,
94320,note_on,,0,0,1,,0,71,72,,
94438,note_off,,118,0,1,,0,35,64,,
94440,note_on,,2,0,1,,0,47,72,,
94558,note_off,,118,0,1,,0,47,64,,
94560,note_on,,2,0,1,,0,47,72,,
94678,note_off,,118,0,1,,0,47,64,,
94680,note_on,,2,0,1,,0,59,72,,
94798,note_off,,118,0,1,,0,59,64,,
94800,note_on,,2,0,1,,0,49,72,,
94918,note_off,,118,0,1,,0,49,64,,
94920,note_on,,2,0,1,,0,61,72,,
94920,control_change,,0,0,1,,0,,,64,0
95026,note_off,,106,0,1,,0,71,64,,
95038,note_off,,12,0,1,,0,61,64,,
95040,note_on,,2,0,1,,0,78,72,,
95040,note_on,,0,0,1,,0,50,72,,
95158,note_off,,118,0,1,,0,50,64,,
95160,note_on,,2,0,1,,0,62,73,,
95278,note_off,,118,0,1,,0,62,64,,
95280,note_on,,2,0,1,,0,52,75,,
95398,note_off,,118,0,1,,0,52,64,,
95400,note_on,,2,0,1,,0,64,76,,
95518,note_off,,118,0,1,,0,64,64,,
95520,note_on,,2,0,1,,0,54,78,,
95638,note_off,,118,0,1,,0,54,64,,
95640,note_on,,2,0,1,,0,66,80,,
95696,note_off,,56,0,1,,0,78,64,,
95700,note_on,,4,0,1,,0,76,81,,
95758,note_off,,58,0,1,,0,66,64,,
95759,note_off,,1,0,1,,0,76,64,,
95760,note_on,,0,0,1,,0,55,81,,
95760,note_on,,1,0,1,,0,74,81,,
95878,note_off,,118,0,1,,0,55,64,,
95880,note_on,,2,0,1,,0,67,83,,
95998,note_off,,118,0,1,,0,67,64,,
96000,note_on,,2,0,1,,0,62,85,,
96113,note_off,,113,0,1,,0,74,64,,
96118,note_off,,5,0,1,,0,62,64,,
96120,note_on,,0,0,1,,0,67,86,,
96120,note_on,,2,0,1,,0,73,86,,
96179,note_off,,59,0,1,,0,73,64,,
96238,note_off,,59,0,1,,0,67,64,,
96240,note_on,,2,0,1,,0,55,88,,
96240,note_on,,0,0,1,,0,71,88,,
96358,note_off,,118,0,1,,0,71,64,,
96358,note_off,,0,0,1,,0,55,64,,
96360,note_on,,2,0,1,,0,67,90,,
96478,note_off,,118,0,1,,0,67,64,,
96480,note_on,,2,0,1,,0,56,91,,
96480,note_on,,0,0,1,,0,71,91,,
96598,note_off,,0,0,1,,0,56,64,,
96598,note_off,,118,0,1,,0,71,64,,
96600,note_on,,2,0,1,,0,65,93,,
96718,note_off,,118,0,1,,0,65,64,,
96720,note_on,,2,0,1,,0,62,94,,
96720,note_on,,0,0,1,,0,71,94,,
96838,note_off,,118,0,1,,0,71,64,,
96838,note_off,,0,0,1,,0,62,64,,
96840,note_on,,2,0,1,,0,65,96,,
96958,note_off,,118,0,1,,0,65,64,,
96960,note_on,,0,0,1,,0,73,98,,
96960,note_on,,2,0,1,,0,56,98,,
97078,note_off,,0,0,1,,0,56,64,,
97078,note_off,,118,0,1,,0,73,64,,
97080,note_on,,2,0,1,,0,65,99,,
97198,note_off,,118,0,1,,0,65,64,,
97200,note_on,,0,0,1,,0,74,101,,
97200,note_on,,0,0,1,,0,57,101,,
97200,control_change,,2,0,1,,0,,,64,127
97318,note_off,,118,0,1,,0,57,64,,
97320,note_on,,2,0,1,,0,66,103,,
97438,note_off,,118,0,1,,0,66,64,,
97440,note_on,,2,0,1,,0,62,104,,
97558,note_off,,118,0,1,,0,62,64,,
97560,note_on,,2,0,1,,0,66,106,,
97678,note_off,,118,0,1,,0,66,64,,
97680,note_on,,2,0,1,,0,57,108,,
97798,note_off,,118,0,1,,0,57,64,,
97800,note_on,,2,0,1,,0,66,109,,
97800,control_change,,0,0,1,,0,,,64,0
97906,note_off,,106,0,1,,0,74,64,,
97918,note_off,,12,0,1,,0,66,64,,
97920,control_change,,2,0,1,,0,,,64,127
97920,note_on,,0,0,1,,0,58,110,,
97920,note_on,,0,0,1,,0,78,109,,
97920,note_on,,0,0,1,,0,61,109,,
98038,note_off,,118,0,1,,0,61,64,,
98038,note_off,,0,0,1,,0,58,64,,
98040,note_on,,2,0,1,,0,66,109,,
98158,note_off,,118,0,1,,0,66,64,,
98160,note_on,,0,0,1,,0,62,109,,
98160,note_on,,2,0,1,,0,59,109,,
98278,note_off,,118,0,1,,0,62,64,,
98278,note_off,,0,0,1,,0,59,64,,
98280,note_on,,2,0,1,,0,66,109,,
98398,note_off,,118,0,1,,0,66,64,,
98400,note_on,,0,0,1,,0,64,109,,
98400,note_on,,0,0,1,,0,61,109,,
98400,control_change,,2,0,1,,0,,,64,0
98518,note_off,,0,0,1,,0,61,64,,
98518,note_off,,118,0,1,,0,64,64,,
98520,note_on,,2,0,1,,0,66,104,,
98576,note_off,,56,0,1,,0,78,64,,
98580,note_on,,4,0,1,,0,76,102,,
98638,note_off,,58,0,1,,0,66,64,,
98639,note_off,,1,0,1,,0,76,64,,
98640,note_on,,0,0,1,,0,74,99,,
98640,note_on,,0,0,1,,0,59,99,,
98640,note_on,,1,0,1,,0,62,99,,
98758,note_off,,0,0,1,,0,62,64,,
98758,note_off,,118,0,1,,0,59,64,,
98760,note_on,,2,0,1,,0,66,94,,
98878,note_off,,118,0,1,,0,66,64,,
98880,note_on,,2,0,1,,0,50,89,,
98993,note_off,,113,0,1,,0,74,64,,
98998,note_off,,5,0,1,,0,50,64,,
99000,note_on,,2,0,1,,0,73,84,,
99000,note_on,,0,0,1,,0,62,84,,
99059,note_off,,59,0,1,,0,73,64,,
99118,note_off,,59,0,1,,0,62,64,,
99120,note_on,,0,0,1,,0,71,79,,
99120,note_on,,2,0,1,,0,52,79,,
99238,note_off,,118,0,1,,0,71,64,,
99238,note_off,,0,0,1,,0,52,64,,
99240,note_on,,2,0,1,,0,64,73,,
99358,note_off,,118,0,1,,0,64,64,,
99360,note_on,,2,0,1,,0,71,72,,
99360,note_on,,0,0,1,,0,54,72,,
99478,note_off,,118,0,1,,0,54,64,,
99478,note_off,,0,0,1,,0,71,64,,
99480,note_on,,2,0,1,,0,66,72,,
99598,note_off,,118,0,1,,0,66,64,,
99600,note_on,,2,0,1,,0,71,72,,
99600,note_on,,0,0,1,,0,52,72,,
99718,note_off,,118,0,1,,0,52,64,,
99718,note_off,,0,0,1,,0,71,64,,
99720,note_on,,2,0,1,,0,64,72,,
99838,note_off,,118,0,1,,0,64,64,,
99840,note_on,,0,0,1,,0,70,72,,
99840,note_on,,2,0,1,,0,54,72,,
99958,note_off,,118,0,1,,0,70,64,,
99958,note_off,,0,0,1,,0,54,64,,
99960,note_on,,2,0,1,,0,66,72,,
100078,note_off,,118,0,1,,0,66,64,,
100080,note_on,,0,0,1,,0,47,72,,
100080,note_on,,0,0,1,,0,71,72,,
100080,control_change,,2,0,1,,0,,,64,127
100198,note_off,,118,0,1,,0,47,64,,
100200,note_on,,2,0,1,,0,59,72,,
100318,note_off,,118,0,1,,0,59,64,,
100320,note_on,,2,0,1,,0,54,72,,
100438,note_off,,118,0,1,,0,54,64,,
100440,note_on,,2,0,1,,0,50,72,,
100558,note_off,,118,0,1,,0,50,64,,
100560,note_on,,2,0,1,,0,47,72,,
100560,control_change,,0,0,1,,0,,,64,0
100786,note_off,,226,0,1,,0,71,64,,
100795,note_off,,9,0,1,,0,47,64,,
100800,note_on,,5,0,1,,0,78,72,,
101520,note_on,,720,0,1,,0,66,72,,
102226,note_off,,706,0,1,,0,78,64,,
102226,note_off,,0,0,1,,0,66,64,,
102240,note_on,,14,0,1,,0,54,72,,
102960,note_on,,720,0,1,,0,42,72,,
103666,note_off,,0,0,1,,0,42,64,,
103666,note_off,,706,0,1,,0,54,64,,
103680,note_on,,0,0,1,,0,54,72,,
103680,note_on,,0,0,1,,0,69,72,,
103680,note_on,,14,0,1,,0,50,72,,
103798,note_off,,118,0,1,,0,69,64,,
103798,note_off,,0,0,1,,0,50,64,,
103798,note_off,,0,0,1,,0,54,64,,
103800,note_on,,2,0,1,,0,66,72,,
103918,note_off,,118,0,1,,0,66,64,,
103920,note_on,,2,0,1,,0,54,72,,
103920,note_on,,0,0,1,,0,50,72,,
103920,note_on,,0,0,1,,0,62,72,,
104038,note_off,,118,0,1,,0,62,64,,
104038,note_off,,0,0,1,,0,50,64,,
104038,note_off,,0,0,1,,0,54,64,,
104400,note_on,,0,0,1,,0,71,72,,
104400,note_on,,0,0,1,,0,47,72,,
104400,note_on,,0,0,1,,0,52,72,,
104400,note_on,,362,0,1,,0,43,72,,
104518,note_off,,118,0,1,,0,71,64,,
104518,note_off,,0,0,1,,0,52,64,,
104518,note_off,,0,0,1,,0,47,64,,
104518,note_off,,0,0,1,,0,43,64,,
104520,note_on,,2,0,1,,0,67,72,,
104638,note_off,,118,0,1,,0,67,64,,
104640,note_on,,0,0,1,,0,43,72,,
104640,note_on,,0,0,1,,0,64,72,,
104640,note_on,,0,0,1,,0,52,72,,
104640,note_on,,2,0,1,,0,47,72,,
104758,note_off,,0,0,1,,0,47,64,,
104758,note_off,,0,0,1,,0,52,64,,
104758,note_off,,0,0,1,,0,43,64,,
104758,note_off,,118,0,1,,0,64,64,,
105120,note_on,,0,0,1,,0,55,72,,
105120,note_on,,0,0,1,,0,52,72,,
105120,note_on,,362,0,1,,0,45,72,,
105120,note_on,,0,0,1,,0,67,72,,
105238,note_off,,0,0,1,,0,45,64,,
105238,note_off,,0,0,1,,0,52,64,,
105238,note_off,,0,0,1,,0,55,64,,
105238,note_off,,118,0,1,,0,67,64,,
105240,note_on,,2,0,1,,0,64,72,,
105358,note_off,,118,0,1,,0,64,64,,
105360,note_on,,0,0,1,,0,45,72,,
105360,note_on,,0,0,1,,0,55,72,,
105360,note_on,,2,0,1,,0,52,72,,
105360,note_on,,0,0,1,,0,61,72,,
105478,note_off,,118,0,1,,0,61,64,,
105478,note_off,,0,0,1,,0,52,64,,
105478,note_off,,0,0,1,,0,55,64,,
105478,note_off,,0,0,1,,0,45,64,,
105840,note_on,,0,0,1,,0,62,72,,
105840,note_on,,362,0,1,,0,50,72,,
105840,note_on,,0,0,1,,0,54,72,,
105958,note_off,,118,0,1,,0,62,64,,
105958,note_off,,0,0,1,,0,50,64,,
105958,note_off,,0,0,1,,0,54,64,,
106080,note_on,,0,0,1,,0,62,72,,
106080,note_on,,0,0,1,,0,54,72,,
106080,note_on,,122,0,1,,0,50,72,,
106198,note_off,,118,0,1,,0,62,64,,
106198,note_off,,0,0,1,,0,50,64,,
106198,note_off,,0,0,1,,0,54,64,,
106560,note_on,,362,0,1,,0,81,72,,
107280,note_on,,720,0,1,,0,69,72,,
107986,note_off,,706,0,1,,0,81,64,,
107986,note_off,,0,0,1,,0,69,64,,
108000,note_on,,14,0,1,,0,57,72,,
108720,note_on,,720,0,1,,0,45,72,,
109426,note_off,,0,0,1,,0,45,64,,
109426,note_off,,706,0,1,,0,57,64,,
109440,note_on,,0,0,1,,0,76,72,,
109440,note_on,,0,0,1,,0,57,72,,
109440,note_on,,0,0,1,,0,52,72,,
109440,note_on,,14,0,1,,0,49,72,,
109558,note_off,,0,0,1,,0,49,64,,
109558,note_off,,0,0,1,,0,52,64,,
109558,note_off,,0,0,1,,0,57,64,,
109558,note_off,,118,0,1,,0,76,64,,
109560,note_on,,2,0,1,,0,73,72,,
109678,note_off,,118,0,1,,0,73,64,,
109680,note_on,,0,0,1,,0,57,72,,
109680,note_on,,2,0,1,,0,52,72,,
109680,note_on,,0,0,1,,0,69,72,,
109680,note_on,,0,0,1,,0,49,72,,
109798,note_off,,0,0,1,,0,49,64,,
109798,note_off,,0,0,1,,0,57,64,,
109798,note_off,,118,0,1,,0,69,64,,
109798,note_off,,0,0,1,,0,52,64,,
110160,note_on,,362,0,1,,0,50,72,,
110160,note_on,,0,0,1,,0,54,72,,
110160,note_on,,0,0,1,,0,59,72,,
110160,note_on,,0,0,1,,0,78,72,,
110278,note_off,,0,0,1,,0,59,64,,
110278,note_off,,0,0,1,,0,54,64,,
110278,note_off,,0,0,1,,0,50,64,,
110278,note_off,,118,0,1,,0,78,64,,
110280,note_on,,2,0,1,,0,74,72,,
110398,note_off,,118,0,1,,0,74,64,,
110400,note_on,,2,0,1,,0,54,72,,
110400,note_on,,0,0,1,,0,59,72,,
110400,note_on,,0,0,1,,0,71,72,,
110400,note_on,,0,0,1,,0,50,72,,
110518,note_off,,0,0,1,,0,54,64,,
110518,note_off,,0,0,1,,0,50,64,,
110518,note_off,,118,0,1,,0,71,64,,
110518,note_off,,0,0,1,,0,59,64,,
110880,note_on,,362,0,1,,0,52,72,,
110880,note_on,,0,0,1,,0,59,72,,
110880,note_on,,0,0,1,,0,62,72,,
110880,note_on,,0,0,1,,0,74,72,,
110998,note_off,,118,0,1,,0,74,64,,
110998,note_off,,0,0,1,,0,62,64,,
110998,note_off,,0,0,1,,0,52,64,,
110998,note_off,,0,0,1,,0,59,64,,
111000,note_on,,2,0,1,,0,71,72,,
111118,note_off,,118,0,1,,0,71,64,,
111120,note_on,,2,0,1,,0,59,72,,
111120,note_on,,0,0,1,,0,62,72,,
111120,note_on,,0,0,1,,0,52,72,,
111120,note_on,,0,0,1,,0,68,72,,
111238,note_off,,118,0,1,,0,68,64,,
111238,note_off,,0,0,1,,0,52,64,,
111238,note_off,,0,0,1,,0,59,64,,
111238,note_off,,0,0,1,,0,62,64,,
111600,note_on,,362,0,1,,0,57,72,,
111600,note_on,,0,0,1,,0,69,72,,
111600,note_on,,0,0,1,,0,61,72,,
111718,note_off,,0,0,1,,0,57,64,,
111718,note_off,,0,0,1,,0,61,64,,
111718,note_off,,118,0,1,,0,69,64,,
111840,note_on,,0,0,1,,0,57,72,,
111840,note_on,,0,0,1,,0,61,72,,
111840,note_on,,122,0,1,,0,69,72,,
111958,note_off,,0,0,1,,0,69,64,,
111958,note_off,,118,0,1,,0,57,64,,
111958,note_off,,0,0,1,,0,61,64,,
112320,note_on,,0,0,1,,0,78,105,,
112320,note_on,,362,0,1,,0,74,105,,
113026,note_off,,706,0,1,,0,78,64,,
113026,note_off,,0,0,1,,0,74,64,,
113040,note_on,,0,0,1,,0,62,105,,
113040,note_on,,14,0,1,,0,66,105,,
113746,note_off,,706,0,1,,0,62,64,,
113746,note_off,,0,0,1,,0,66,64,,
113760,note_on,,14,0,1,,0,54,105,,
113760,note_on,,0,0,1,,0,50,105,,
114466,note_off,,706,0,1,,0,50,64,,
114466,note_off,,0,0,1,,0,54,64,,
114480,note_on,,14,0,1,,0,42,105,,
114480,note_on,,0,0,1,,0,38,105,,
115186,note_off,,706,0,1,,0,38,64,,
115186,note_off,,0,0,1,,0,42,64,,
115200,note_on,,0,0,1,,0,54,81,,
115200,note_on,,0,0,1,,0,69,81,,
115200,note_on,,0,0,1,,0,57,81,,
115200,note_on,,14,0,1,,0,50,81,,
115318,note_off,,118,0,1,,0,57,64,,
115318,note_off,,0,0,1,,0,69,64,,
115318,note_off,,0,0,1,,0,50,64,,
115318,note_off,,0,0,1,,0,54,64,,
115320,note_on,,2,0,1,,0,66,81,,
115438,note_off,,118,0,1,,0,66,64,,
115440,note_on,,2,0,1,,0,54,81,,
115440,note_on,,0,0,1,,0,50,81,,
115440,note_on,,0,0,1,,0,62,81,,
115440,note_on,,0,0,1,,0,57,81,,
115558,note_off,,0,0,1,,0,50,64,,
115558,note_off,,0,0,1,,0,54,64,,
115558,note_off,,118,0,1,,0,57,64,,
115558,note_off,,0,0,1,,0,62,64,,
115920,note_on,,362,0,1,,0,59,81,,
115920,note_on,,0,0,1,,0,52,81,,
115920,note_on,,0,0,1,,0,43,81,,
115920,note_on,,0,0,1,,0,71,81,,
116038,note_off,,118,0,1,,0,43,64,,
116038,note_off,,0,0,1,,0,52,64,,
116038,note_off,,0,0,1,,0,71,64,,
116038,note_off,,0,0,1,,0,59,64,,
116040,note_on,,2,0,1,,0,67,81,,
116158,note_off,,118,0,1,,0,67,64,,
116160,note_on,,0,0,1,,0,64,81,,
116160,note_on,,0,0,1,,0,59,81,,
116160,note_on,,0,0,1,,0,43,81,,
116160,note_on,,2,0,1,,0,52,81,,
116278,note_off,,0,0,1,,0,52,64,,
116278,note_off,,0,0,1,,0,43,64,,
116278,note_off,,0,0,1,,0,59,64,,
116278,note_off,,118,0,1,,0,64,64,,
116640,note_on,,0,0,1,,0,67,81,,
116640,note_on,,0,0,1,,0,52,81,,
116640,note_on,,362,0,1,,0,45,81,,
116640,note_on,,0,0,1,,0,55,81,,
116758,note_off,,118,0,1,,0,67,64,,
116758,note_off,,0,0,1,,0,55,64,,
116758,note_off,,0,0,1,,0,52,64,,
116758,note_off,,0,0,1,,0,45,64,,
116760,note_on,,2,0,1,,0,64,81,,
116878,note_off,,118,0,1,,0,64,64,,
116880,note_on,,0,0,1,,0,45,81,,
116880,note_on,,0,0,1,,0,55,81,,
116880,note_on,,0,0,1,,0,61,81,,
116880,note_on,,2,0,1,,0,52,81,,
116998,note_off,,118,0,1,,0,61,64,,
116998,note_off,,0,0,1,,0,55,64,,
116998,note_off,,0,0,1,,0,45,64,,
116998,note_off,,0,0,1,,0,52,64,,
117360,note_on,,362,0,1,,0,38,81,,
117360,note_on,,0,0,1,,0,54,81,,
117360,note_on,,0,0,1,,0,62,81,,
117360,note_on,,0,0,1,,0,50,81,,
117478,note_off,,0,0,1,,0,38,64,,
117478,note_off,,0,0,1,,0,50,64,,
117478,note_off,,0,0,1,,0,54,64,,
117478,note_off,,118,0,1,,0,62,64,,
117600,note_on,,122,0,1,,0,50,81,,
117600,note_on,,0,0,1,,0,62,81,,
117600,note_on,,0,0,1,,0,38,81,,
117600,note_on,,0,0,1,,0,54,81,,
117718,note_off,,0,0,1,,0,50,64,,
117718,note_off,,0,0,1,,0,38,64,,
117718,note_off,,0,0,1,,0,54,64,,
117718,note_off,,118,0,1,,0,62,64,,
118080,note_on,,362,0,1,,0,73,105,,
118080,note_on,,0,0,1,,0,81,105,,
118786,note_off,,0,0,1,,0,73,64,,
118786,note_off,,706,0,1,,0,81,64,,
118800,note_on,,14,0,1,,0,61,105,,
118800,note_on,,0,0,1,,0,69,105,,
119506,note_off,,706,0,1,,0,69,64,,
119506,note_off,,0,0,1,,0,61,64,,
119520,note_on,,14,0,1,,0,49,105,,
119520,note_on,,0,0,1,,0,57,105,,
120226,note_off,,0,0,1,,0,49,64,,
120226,note_off,,706,0,1,,0,57,64,,
120240,note_on,,14,0,1,,0,37,105,,
120240,note_on,,0,0,1,,0,45,105,,
120946,note_off,,0,0,1,,0,37,64,,
120946,note_off,,706,0,1,,0,45,64,,
120960,note_on,,14,0,1,,0,49,81,,
120960,note_on,,0,0,1,,0,52,81,,
120960,note_on,,0,0,1,,0,57,81,,
120960,note_on,,0,0,1,,0,64,81,,
120960,note_on,,0,0,1,,0,76,81,,
121078,note_off,,118,0,1,,0,76,64,,
121078,note_off,,0,0,1,,0,64,64,,
121078,note_off,,0,0,1,,0,52,64,,
121078,note_off,,0,0,1,,0,49,64,,
121078,note_off,,0,0,1,,0,57,64,,
121080,note_on,,2,0,1,,0,73,81,,
121198,note_off,,118,0,1,,0,73,64,,
121200,note_on,,2,0,1,,0,52,81,,
121200,note_on,,0,0,1,,0,57,81,,
121200,note_on,,0,0,1,,0,64,81,,
121200,note_on,,0,0,1,,0,49,81,,
121200,note_on,,0,0,1,,0,69,81,,
121318,note_off,,118,0,1,,0,69,64,,
121318,note_off,,0,0,1,,0,64,64,,
121318,note_off,,0,0,1,,0,49,64,,
121318,note_off,,0,0,1,,0,57,64,,
121318,note_off,,0,0,1,,0,52,64,,
121680,note_on,,362,0,1,,0,50,81,,
121680,note_on,,0,0,1,,0,54,81,,
121680,note_on,,0,0,1,,0,59,81,,
121680,note_on,,0,0,1,,0,78,81,,
121680,note_on,,0,0,1,,0,66,81,,
121798,note_off,,118,0,1,,0,78,64,,
121798,note_off,,0,0,1,,0,66,64,,
121798,note_off,,0,0,1,,0,59,64,,
121798,note_off,,0,0,1,,0,54,64,,
121798,note_off,,0,0,1,,0,50,64,,
121800,note_on,,2,0,1,,0,74,81,,
121918,note_off,,118,0,1,,0,74,64,,
121920,note_on,,0,0,1,,0,59,81,,
121920,note_on,,0,0,1,,0,50,81,,
121920,note_on,,0,0,1,,0,66,81,,
121920,note_on,,0,0,1,,0,71,81,,
121920,note_on,,2,0,1,,0,54,81,,
122038,note_off,,0,0,1,,0,59,64,,
122038,note_off,,0,0,1,,0,54,64,,
122038,note_off,,0,0,1,,0,66,64,,
122038,note_off,,118,0,1,,0,71,64,,
122038,note_off,,0,0,1,,0,50,64,,
122400,note_on,,362,0,1,,0,52,81,,
122400,note_on,,0,0,1,,0,59,81,,
122400,note_on,,0,0,1,,0,62,81,,
122400,note_on,,0,0,1,,0,74,81,,
122518,note_off,,118,0,1,,0,74,64,,
122518,note_off,,0,0,1,,0,59,64,,
122518,note_off,,0,0,1,,0,52,64,,
122518,note_off,,0,0,1,,0,62,64,,
122520,note_on,,2,0,1,,0,71,81,,
122638,note_off,,118,0,1,,0,71,64,,
122640,note_on,,0,0,1,,0,62,81,,
122640,note_on,,2,0,1,,0,59,81,,
122640,note_on,,0,0,1,,0,68,81,,
122640,note_on,,0,0,1,,0,52,81,,
122758,note_off,,0,0,1,,0,59,64,,
122758,note_off,,0,0,1,,0,52,64,,
122758,note_off,,0,0,1,,0,62,64,,
122758,note_off,,118,0,1,,0,68,64,,
123120,note_on,,0,0,1,,0,61,81,,
123120,note_on,,0,0,1,,0,57,81,,
123120,note_on,,362,0,1,,0,45,81,,
123120,note_on,,0,0,1,,0,69,81,,
123238,note_off,,0,0,1,,0,45,64,,
123238,note_off,,0,0,1,,0,69,64,,
123238,note_off,,0,0,1,,0,61,64,,
123238,note_off,,118,0,1,,0,57,64,,
123360,note_on,,0,0,1,,0,61,81,,
123360,note_on,,0,0,1,,0,69,81,,
123360,note_on,,122,0,1,,0,45,81,,
123360,note_on,,0,0,1,,0,57,81,,
123478,note_off,,0,0,1,,0,57,64,,
123478,note_off,,0,0,1,,0,61,64,,
123478,note_off,,0,0,1,,0,45,64,,
123478,note_off,,118,0,1,,0,69,64,,
123840,control_change,,362,0,1,,0,,,64,127
123840,note_on,,0,0,1,,0,66,58,,
123840,set_tempo,214286,61920,1,0,,,,,,
124080,note_on,,240,0,1,,0,74,58,,
124080,note_on,,0,0,1,,0,72,58,,
124080,note_on,,0,0,1,,0,69,58,,
124315,note_off,,0,0,1,,0,72,64,,
124315,note_off,,0,0,1,,0,74,64,,
124315,note_off,,235,0,1,,0,69,64,,
124320,note_on,,0,0,1,,0,69,58,,
124320,note_on,,0,0,1,,0,74,58,,
124320,note_on,,5,0,1,,0,72,58,,
124546,note_off,,226,0,1,,0,66,64,,
124555,note_off,,0,0,1,,0,74,64,,
124555,note_off,,9,0,1,,0,69,64,,
124555,note_off,,0,0,1,,0,72,64,,
124560,note_on,,5,0,1,,0,54,58,,
124800,note_on,,0,0,1,,0,69,58,,
124800,note_on,,0,0,1,,0,72,58,,
124800,note_on,,240,0,1,,0,74,58,,
125035,note_off,,0,0,1,,0,74,64,,
125035,note_off,,0,0,1,,0,72,64,,
125035,note_off,,235,0,1,,0,69,64,,
125040,note_on,,0,0,1,,0,69,58,,
125040,note_on,,5,0,1,,0,72,58,,
125040,note_on,,0,0,1,,0,74,58,,
125266,note_off,,226,0,1,,0,54,64,,
125275,note_off,,0,0,1,,0,72,64,,
125275,note_off,,0,0,1,,0,74,64,,
125275,note_off,,9,0,1,,0,69,64,,
125280,note_on,,0,0,1,,0,42,58,,
125280,control_change,,5,0,1,,0,,,64,0
125520,note_on,,240,0,1,,0,74,58,,
125520,note_on,,0,0,1,,0,70,58,,
125520,set_tempo,204778,1680,1,0,,,,,,
125638,note_off,,0,0,1,,0,74,64,,
125638,note_off,,118,0,1,,0,70,64,,
125760,set_tempo,195440,240,1,0,,,,,,
125760,note_on,,0,0,1,,0,74,58,,
125760,note_on,,122,0,1,,0,70,58,,
125878,note_off,,0,0,1,,0,70,64,,
125878,note_off,,118,0,1,,0,74,64,,
125986,note_off,,108,0,1,,0,42,64,,
126000,set_tempo,187500,240,1,0,,,,,,
126000,note_on,,14,0,1,,0,43,58,,
126240,note_on,,0,0,1,,0,74,58,,
126240,note_on,,240,0,1,,0,71,58,,
126358,note_off,,0,0,1,,0,71,64,,
126358,note_off,,118,0,1,,0,74,64,,
126480,note_on,,0,0,1,,0,74,58,,
126480,note_on,,122,0,1,,0,71,58,,
126598,note_off,,0,0,1,,0,71,64,,
126598,note_off,,118,0,1,,0,74,64,,
126706,note_off,,108,0,1,,0,43,64,,
126720,note_on,,0,0,1,,0,68,58,,
126720,control_change,,14,0,1,,0,,,64,127
126720,set_tempo,193548,720,1,0,,,,,,
126960,note_on,,240,0,1,,0,76,58,,
126960,note_on,,0,0,1,,0,71,58,,
126960,note_on,,0,0,1,,0,74,58,,
127195,note_off,,235,0,1,,0,71,64,,
127195,note_off,,0,0,1,,0,74,64,,
127195,note_off,,0,0,1,,0,76,64,,
127200,note_on,,5,0,1,,0,74,58,,
127200,note_on,,0,0,1,,0,76,58,,
127200,note_on,,0,0,1,,0,71,58,,
127426,note_off,,226,0,1,,0,68,64,,
127435,note_off,,0,0,1,,0,76,64,,
127435,note_off,,0,0,1,,0,74,64,,
127435,note_off,,9,0,1,,0,71,64,,
127440,note_on,,5,0,1,,0,56,58,,
127680,note_on,,0,0,1,,0,71,58,,
127680,note_on,,0,0,1,,0,74,58,,
127680,note_on,,240,0,1,,0,76,58,,
127915,note_off,,0,0,1,,0,76,64,,
127915,note_off,,0,0,1,,0,74,64,,
127915,note_off,,235,0,1,,0,71,64,,
127920,note_on,,5,0,1,,0,74,58,,
127920,note_on,,0,0,1,,0,71,58,,
127920,note_on,,0,0,1,,0,76,58,,
128146,note_off,,226,0,1,,0,56,64,,
128155,note_off,,0,0,1,,0,74,64,,
128155,note_off,,9,0,1,,0,71,64,,
128155,note_off,,0,0,1,,0,76,64,,
128160,note_on,,0,0,1,,0,44,58,,
128160,control_change,,5,0,1,,0,,,64,0
128280,set_tempo,185759,1560,1,0,,,,,,
128400,note_on,,0,0,1,,0,72,61,,
128400,note_on,,240,0,1,,0,76,61,,
128518,note_off,,0,0,1,,0,76,64,,
128518,note_off,,118,0,1,,0,72,64,,
128520,set_tempo,178042,240,1,0,,,,,,
128640,note_on,,0,0,1,,0,76,64,,
128640,note_on,,122,0,1,,0,72,64,,
128758,note_off,,0,0,1,,0,72,64,,
128758,note_off,,118,0,1,,0,76,64,,
128866,note_off,,108,0,1,,0,44,64,,
128880,note_on,,14,0,1,,0,45,67,,
128880,set_tempo,171429,360,1,0,,,,,,
129120,note_on,,240,0,1,,0,73,71,,
129120,note_on,,0,0,1,,0,76,71,,
129238,note_off,,0,0,1,,0,73,64,,
129238,note_off,,118,0,1,,0,76,64,,
129360,note_on,,0,0,1,,0,76,74,,
129360,note_on,,122,0,1,,0,73,74,,
129478,note_off,,0,0,1,,0,73,64,,
129478,note_off,,118,0,1,,0,76,64,,
129586,note_off,,108,0,1,,0,45,64,,
129600,note_on,,0,0,1,,0,70,77,,
129600,control_change,,14,0,1,,0,,,64,127
129840,note_on,,240,0,1,,0,73,80,,
129840,note_on,,0,0,1,,0,76,80,,
129840,note_on,,0,0,1,,0,78,80,,
130075,note_off,,235,0,1,,0,78,64,,
130075,note_off,,0,0,1,,0,76,64,,
130075,note_off,,0,0,1,,0,73,64,,
130080,note_on,,0,0,1,,0,76,84,,
130080,note_on,,0,0,1,,0,73,84,,
130080,note_on,,5,0,1,,0,78,84,,
130306,note_off,,226,0,1,,0,70,64,,
130315,note_off,,9,0,1,,0,73,64,,
130315,note_off,,0,0,1,,0,78,64,,
130315,note_off,,0,0,1,,0,76,64,,
130320,note_on,,5,0,1,,0,58,87,,
130560,note_on,,0,0,1,,0,73,90,,
130560,note_on,,0,0,1,,0,78,90,,
130560,note_on,,240,0,1,,0,76,90,,
130795,note_off,,0,0,1,,0,78,64,,
130795,note_off,,235,0,1,,0,73,64,,
130795,note_off,,0,0,1,,0,76,64,,
130800,note_on,,5,0,1,,0,76,94,,
130800,note_on,,0,0,1,,0,78,94,,
130800,note_on,,0,0,1,,0,73,94,,
131026,note_off,,226,0,1,,0,58,64,,
131035,note_off,,9,0,1,,0,78,64,,
131035,note_off,,0,0,1,,0,73,64,,
131035,note_off,,0,0,1,,0,76,64,,
131040,note_on,,5,0,1,,0,46,96,,
131280,control_change,,240,0,1,,0,,,64,0
131280,note_on,,0,0,1,,0,73,96,,
131280,note_on,,0,0,1,,0,78,96,,
131515,note_off,,235,0,1,,0,78,64,,
131515,note_off,,0,0,1,,0,73,64,,
131520,note_on,,0,0,1,,0,78,104,,
131520,note_on,,5,0,1,,0,73,104,,
131746,note_off,,226,0,1,,0,46,64,,
131755,note_off,,9,0,1,,0,78,64,,
131755,note_off,,0,0,1,,0,73,64,,
131760,note_on,,5,0,1,,0,47,112,,
132000,note_on,,0,0,1,,0,74,121,,
132000,note_on,,240,0,1,,0,78,121,,
132235,note_off,,0,0,1,,0,78,64,,
132235,note_off,,235,0,1,,0,74,64,,
132240,note_on,,0,0,1,,0,78,124,,
132240,note_on,,5,0,1,,0,74,124,,
132466,note_off,,226,0,1,,0,47,64,,
132475,note_off,,9,0,1,,0,78,64,,
132475,note_off,,0,0,1,,0,74,64,,
132480,note_on,,5,0,1,,0,59,126,,
132720,note_on,,240,0,1,,0,74,120,,
132720,note_on,,0,0,1,,0,79,120,,
132720,set_tempo,180180,3840,1,0,,,,,,
132955,note_off,,235,0,1,,0,79,64,,
132955,note_off,,0,0,1,,0,74,64,,
132960,note_on,,5,0,1,,0,74,113,,
132960,set_tempo,189274,240,1,0,,,,,,
132960,note_on,,0,0,1,,0,79,113,,
133186,note_off,,226,0,1,,0,59,64,,
133195,note_off,,0,0,1,,0,74,64,,
133195,note_off,,9,0,1,,0,79,64,,
133200,note_on,,5,0,1,,0,60,106,,
133200,set_tempo,200000,240,1,0,,,,,,
133440,note_on,,0,0,1,,0,79,99,,
133440,note_on,,240,0,1,,0,75,99,,
133440,set_tempo,212014,240,1,0,,,,,,
133558,note_off,,118,0,1,,0,79,64,,
133558,note_off,,0,0,1,,0,75,64,,
133680,note_on,,0,0,1,,0,75,93,,
133680,set_tempo,224719,240,1,0,,,,,,
133680,note_on,,122,0,1,,0,79,93,,
133798,note_off,,0,0,1,,0,79,64,,
133798,note_off,,118,0,1,,0,75,64,,
133906,note_off,,108,0,1,,0,60,64,,
133920,set_tempo,400000,240,1,0,,,,,,
133920,note_on,,14,0,1,,0,61,72,,
134160,note_on,,240,0,1,,0,69,72,,
134160,note_on,,0,0,1,,0,79,72,,
134160,note_on,,0,0,1,,0,76,72,,
134640,set_tempo,600000,720,1,0,,,,,,
135346,note_off,,1186,0,1,,0,69,64,,
135346,note_off,,0,0,1,,0,76,64,,
135346,note_off,,0,0,1,,0,61,64,,
135346,note_off,,0,0,1,,0,79,64,,
135360,note_on,,14,0,1,,0,74,72,,
135360,note_on,,0,0,1,,0,78,72,,
135360,set_tempo,171429,720,1,0,,,,,,
135360,end_of_track,,0,1,0,,,,,,
136066,note_off,,706,0,1,,0,78,64,,
136066,note_off,,0,0,1,,0,74,64,,
136080,note_on,,14,0,1,,0,66,72,,
136080,note_on,,0,0,1,,0,62,72,,
136786,note_off,,706,0,1,,0,62,64,,
136786,note_off,,0,0,1,,0,66,64,,
136800,note_on,,14,0,1,,0,50,72,,
136800,note_on,,0,0,1,,0,54,72,,
137506,note_off,,706,0,1,,0,54,64,,
137506,note_off,,0,0,1,,0,50,64,,
137520,note_on,,14,0,1,,0,42,72,,
137520,note_on,,0,0,1,,0,38,72,,
138226,note_off,,0,0,1,,0,42,64,,
138226,note_off,,706,0,1,,0,38,64,,
138240,note_on,,14,0,1,,0,50,72,,
138240,note_on,,0,0,1,,0,54,72,,
138240,note_on,,0,0,1,,0,69,72,,
138358,note_off,,118,0,1,,0,69,64,,
138358,note_off,,0,0,1,,0,54,64,,
138358,note_off,,0,0,1,,0,50,64,,
138360,note_on,,2,0,1,,0,66,72,,
138478,note_off,,118,0,1,,0,66,64,,
138480,note_on,,2,0,1,,0,54,72,,
138480,note_on,,0,0,1,,0,50,72,,
138480,note_on,,0,0,1,,0,62,72,,
138598,note_off,,118,0,1,,0,62,64,,
138598,note_off,,0,0,1,,0,50,64,,
138598,note_off,,0,0,1,,0,54,64,,
138960,note_on,,0,0,1,,0,71,72,,
138960,note_on,,0,0,1,,0,52,72,,
138960,note_on,,362,0,1,,0,43,72,,
138960,note_on,,0,0,1,,0,47,72,,
139078,note_off,,118,0,1,,0,71,64,,
139078,note_off,,0,0,1,,0,52,64,,
139078,note_off,,0,0,1,,0,47,64,,
139078,note_off,,0,0,1,,0,43,64,,
139080,note_on,,2,0,1,,0,67,72,,
139198,note_off,,118,0,1,,0,67,64,,
139200,note_on,,2,0,1,,0,47,72,,
139200,note_on,,0,0,1,,0,52,72,,
139200,note_on,,0,0,1,,0,43,72,,
139200,note_on,,0,0,1,,0,64,72,,
139318,note_off,,0,0,1,,0,47,64,,
139318,note_off,,0,0,1,,0,52,64,,
139318,note_off,,0,0,1,,0,43,64,,
139318,note_off,,118,0,1,,0,64,64,,
139680,note_on,,362,0,1,,0,45,72,,
139680,note_on,,0,0,1,,0,52,72,,
139680,note_on,,0,0,1,,0,55,72,,
139680,note_on,,0,0,1,,0,67,72,,
139798,note_off,,118,0,1,,0,67,64,,
139798,note_off,,0,0,1,,0,55,64,,
139798,note_off,,0,0,1,,0,52,64,,
139798,note_off,,0,0,1,,0,45,64,,
139800,note_on,,2,0,1,,0,64,72,,
139918,note_off,,118,0,1,,0,64,64,,
139920,note_on,,0,0,1,,0,61,72,,
139920,note_on,,0,0,1,,0,45,72,,
139920,note_on,,2,0,1,,0,52,72,,
139920,note_on,,0,0,1,,0,55,72,,
140038,note_off,,0,0,1,,0,52,64,,
140038,note_off,,0,0,1,,0,55,64,,
140038,note_off,,118,0,1,,0,61,64,,
140038,note_off,,0,0,1,,0,45,64,,
140400,note_on,,362,0,1,,0,50,72,,
140400,note_on,,0,0,1,,0,54,72,,
140400,note_on,,0,0,1,,0,62,72,,
140518,note_off,,118,0,1,,0,62,64,,
140518,note_off,,0,0,1,,0,54,64,,
140518,note_off,,0,0,1,,0,50,64,,
140640,note_on,,122,0,1,,0,50,72,,
140640,note_on,,0,0,1,,0,54,72,,
140640,note_on,,0,0,1,,0,62,72,,
140758,note_off,,118,0,1,,0,62,64,,
140758,note_off,,0,0,1,,0,54,64,,
140758,note_off,,0,0,1,,0,50,64,,
141120,note_on,,0,0,1,,0,78,120,,
141120,note_on,,0,0,1,,0,81,120,,
141120,note_on,,0,0,1,,0,86,120,,
141120,control_change,,362,0,1,,0,,,64,127
141826,note_off,,706,0,1,,0,78,64,,
141826,note_off,,0,0,1,,0,81,64,,
141826,note_off,,0,0,1,,0,86,64,,
141840,note_on,,0,0,1,,0,69,116,,
141840,note_on,,0,0,1,,0,66,116,,
141840,note_on,,0,0,1,,0,74,116,,
141840,note_on,,0,0,1,,0,57,116,,
141840,note_on,,14,0,1,,0,54,116,,
141840,note_on,,0,0,1,,0,62,116,,
142546,note_off,,0,0,1,,0,54,64,,
142546,note_off,,0,0,1,,0,57,64,,
142546,note_off,,0,0,1,,0,62,64,,
142546,note_off,,0,0,1,,0,69,64,,
142546,note_off,,706,0,1,,0,74,64,,
142546,note_off,,0,0,1,,0,66,64,,
142560,note_on,,14,0,1,,0,42,116,,
142560,note_on,,0,0,1,,0,45,116,,
142560,note_on,,0,0,1,,0,50,116,,
143266,note_off,,706,0,1,,0,50,64,,
143266,note_off,,0,0,1,,0,45,64,,
143266,note_off,,0,0,1,,0,42,64,,
143280,note_on,,0,0,1,,0,33,116,,
143280,note_on,,0,0,1,,0,38,116,,
143280,note_on,,14,0,1,,0,30,116,,
143986,note_off,,706,0,1,,0,38,64,,
143986,note_off,,0,0,1,,0,33,64,,
143986,note_off,,0,0,1,,0,30,64,,
144000,note_on,,0,0,1,,0,60,72,,
144000,control_change,,14,0,1,,0,,,64,0
144000,note_on,,0,0,1,,0,57,72,,
144000,note_on,,0,0,1,,0,63,72,,
144000,note_on,,0,0,1,,0,54,72,,
144000,note_on,,0,0,1,,0,81,72,,
144118,note_off,,0,0,1,,0,54,64,,
144118,note_off,,0,0,1,,0,63,64,,
144118,note_off,,118,0,1,,0,60,64,,
144118,note_off,,0,0,1,,0,81,64,,
144118,note_off,,0,0,1,,0,57,64,,
144120,note_on,,2,0,1,,0,78,72,,
144238,note_off,,118,0,1,,0,78,64,,
144240,note_on,,0,0,1,,0,75,72,,
144240,note_on,,0,0,1,,0,54,72,,
144240,note_on,,2,0,1,,0,57,72,,
144240,note_on,,0,0,1,,0,60,72,,
144240,note_on,,0,0,1,,0,63,72,,
144358,note_off,,118,0,1,,0,75,64,,
144358,note_off,,0,0,1,,0,54,64,,
144358,note_off,,0,0,1,,0,63,64,,
144358,note_off,,0,0,1,,0,60,64,,
144358,note_off,,0,0,1,,0,57,64,,
144720,note_on,,362,0,1,,0,83,72,,
144720,note_on,,0,0,1,,0,64,72,,
144720,note_on,,0,0,1,,0,59,72,,
144720,note_on,,0,0,1,,0,55,72,,
144838,note_off,,0,0,1,,0,83,64,,
144838,note_off,,0,0,1,,0,64,64,,
144838,note_off,,118,0,1,,0,55,64,,
144838,note_off,,0,0,1,,0,59,64,,
144840,note_on,,2,0,1,,0,79,72,,
144958,note_off,,118,0,1,,0,79,64,,
144960,note_on,,2,0,1,,0,76,72,,
144960,note_on,,0,0,1,,0,64,72,,
144960,note_on,,0,0,1,,0,59,72,,
144960,note_on,,0,0,1,,0,55,72,,
145078,note_off,,0,0,1,,0,76,64,,
145078,note_off,,118,0,1,,0,55,64,,
145078,note_off,,0,0,1,,0,59,64,,
145078,note_off,,0,0,1,,0,64,64,,
145440,note_on,,0,0,1,,0,67,72,,
145440,note_on,,0,0,1,,0,81,72,,
145440,note_on,,0,0,1,,0,57,72,,
145440,note_on,,362,0,1,,0,64,72,,
145558,note_off,,118,0,1,,0,81,64,,
145558,note_off,,0,0,1,,0,57,64,,
145558,note_off,,0,0,1,,0,67,64,,
145558,note_off,,0,0,1,,0,64,64,,
145560,note_on,,2,0,1,,0,76,72,,
145678,note_off,,118,0,1,,0,76,64,,
145680,note_on,,2,0,1,,0,67,72,,
145680,note_on,,0,0,1,,0,57,72,,
145680,note_on,,0,0,1,,0,64,72,,
145680,note_on,,0,0,1,,0,73,72,,
145798,note_off,,0,0,1,,0,67,64,,
145798,note_off,,0,0,1,,0,57,64,,
145798,note_off,,118,0,1,,0,73,64,,
145798,note_off,,0,0,1,,0,64,64,,
146160,note_on,,362,0,1,,0,74,72,,
146160,note_on,,0,0,1,,0,66,72,,
146160,note_on,,0,0,1,,0,62,72,,
146278,note_off,,118,0,1,,0,62,64,,
146278,note_off,,0,0,1,,0,66,64,,
146278,note_off,,0,0,1,,0,74,64,,
146280,note_on,,2,0,1,,0,69,72,,
146398,note_off,,118,0,1,,0,69,64,,
146400,note_on,,2,0,1,,0,62,74,,
146400,note_on,,0,0,1,,0,66,74,,
146518,note_off,,118,0,1,,0,66,64,,
146518,note_off,,0,0,1,,0,62,64,,
146880,note_on,,0,0,1,,0,69,83,,
146880,note_on,,0,0,1,,0,45,83,,
146880,note_on,,362,0,1,,0,52,83,,
146880,note_on,,0,0,1,,0,55,83,,
146998,note_off,,118,0,1,,0,69,64,,
146998,note_off,,0,0,1,,0,45,64,,
146998,note_off,,0,0,1,,0,55,64,,
146998,note_off,,0,0,1,,0,52,64,,
147000,note_on,,2,0,1,,0,64,86,,
147118,note_off,,118,0,1,,0,64,64,,
147120,note_on,,2,0,1,,0,55,88,,
147120,note_on,,0,0,1,,0,45,88,,
147120,note_on,,0,0,1,,0,52,88,,
147120,note_on,,0,0,1,,0,61,88,,
147238,note_off,,0,0,1,,0,52,64,,
147238,note_off,,0,0,1,,0,55,64,,
147238,note_off,,118,0,1,,0,61,64,,
147238,note_off,,0,0,1,,0,45,64,,
147600,note_on,,362,0,1,,0,62,97,,
147600,note_on,,0,0,1,,0,54,97,,
147600,note_on,,0,0,1,,0,50,97,,
147718,note_off,,118,0,1,,0,50,64,,
147718,note_off,,0,0,1,,0,54,64,,
147718,note_off,,0,0,1,,0,62,64,,
147720,note_on,,2,0,1,,0,57,100,,
147838,note_off,,118,0,1,,0,57,64,,
147840,note_on,,2,0,1,,0,50,102,,
147840,note_on,,0,0,1,,0,54,102,,
147958,note_off,,0,0,1,,0,50,64,,
147958,note_off,,118,0,1,,0,54,64,,
148320,note_on,,0,0,1,,0,33,110,,
148320,note_on,,0,0,1,,0,43,110,,
148320,note_on,,362,0,1,,0,57,110,,
148438,note_off,,118,0,1,,0,33,64,,
148438,note_off,,0,0,1,,0,43,64,,
148438,note_off,,0,0,1,,0,57,64,,
148440,note_on,,2,0,1,,0,52,116,,
148558,note_off,,118,0,1,,0,52,64,,
148560,note_on,,2,0,1,,0,49,123,,
148560,note_on,,0,0,1,,0,43,123,,
148560,note_on,,0,0,1,,0,33,123,,
148678,note_off,,118,0,1,,0,33,64,,
148678,note_off,,0,0,1,,0,43,64,,
148678,note_off,,0,0,1,,0,49,64,,
149040,note_on,,0,0,1,,0,50,127,,
149040,note_on,,362,0,1,,0,38,127,,
149040,note_on,,0,0,1,,0,42,127,,
149158,note_off,,118,0,1,,0,50,64,,
149158,note_off,,0,0,1,,0,42,64,,
149158,note_off,,0,0,1,,0,38,64,,
149280,note_on,,122,0,1,,0,38,127,,
149280,note_on,,0,0,1,,0,42,127,,
149280,note_on,,0,0,1,,0,50,127,,
149398,note_off,,0,0,1,,0,38,64,,
149398,note_off,,118,0,1,,0,50,64,,
149398,note_off,,0,0,1,,0,42,64,,
149760,note_on,,0,0,1,,0,74,127,,
149760,note_on,,0,0,1,,0,86,127,,
149760,note_on,,362,0,1,,0,50,127,,
149760,note_on,,0,0,1,,0,38,127,,
149995,note_off,,0,0,1,,0,38,64,,
149995,note_off,,0,0,1,,0,50,64,,
149995,note_off,,235,0,1,,0,86,64,,
149995,note_off,,0,0,1,,0,74,64,,
149995,end_of_track,,0,1,1,,,,,,
