tick,type,tempo,time,meta,track,numerator,denominator,clocks_per_click,notated_32nd_notes_per_beat,control,value,channel,program,key,note,velocity
0,set_tempo,624897,0,1,0,,,,,,,,,,,
0,control_change,,0,0,1,,,,,32,0,0,,,,
0,control_change,,0,0,1,,,,,1,0,0,,,,
0,control_change,,0,0,1,,,,,10,64,0,,,,
0,control_change,,0,0,1,,,,,91,0,0,,,,
0,control_change,,0,0,1,,,,,93,0,0,,,,
0,program_change,,0,0,1,,,,,,,0,0,,,
0,key_signature,,0,1,1,,,,,,,,,A,,
0,key_signature,,0,1,1,,,,,,,,,A,,
0,track_name,,0,1,1,,,,,,,,,,,
0,control_change,,0,0,1,,,,,0,0,0,,,,
0,note_on,,0,0,1,,,,,,,0,,,74,100
0,control_change,,0,0,2,,,,,0,0,1,,,,
0,track_name,,0,1,2,,,,,,,,,,,
0,key_signature,,0,1,2,,,,,,,,,A,,
0,control_change,,0,0,2,,,,,93,0,1,,,,
0,control_change,,0,0,2,,,,,91,0,1,,,,
0,control_change,,0,0,2,,,,,10,64,1,,,,
0,control_change,,0,0,2,,,,,1,0,1,,,,
0,program_change,,0,0,2,,,,,,,1,53,,,
0,control_change,,0,0,2,,,,,32,0,1,,,,
0,note_on,,0,0,1,,,,,,,0,,,42,100
0,control_change,,0,0,1,,,,,7,95,0,,,,
0,control_change,,0,0,2,,,,,7,127,1,,,,
0,copyright,,0,1,0,,,,,,,,,,,
0,time_signature,,0,1,0,2,4,24,8,,,,,,,
0,track_name,,0,1,0,,,,,,,,,,,
456,note_on,,456,0,1,,,,,,,0,,,42,0
480,note_on,,24,0,1,,,,,,,0,,,54,100
708,note_on,,228,0,1,,,,,,,0,,,74,0
720,note_on,,12,0,1,,,,,,,0,,,73,100
948,note_on,,228,0,1,,,,,,,0,,,73,0
960,note_on,,12,0,1,,,,,,,0,,,71,100
960,note_on,,0,0,1,,,,,,,0,,,65,100
960,note_on,,0,0,1,,,,,,,0,,,62,100
1188,note_on,,228,0,1,,,,,,,0,,,71,0
1200,note_on,,12,0,1,,,,,,,0,,,73,100
1416,note_on,,0,0,1,,,,,,,0,,,54,0
1416,note_on,,216,0,1,,,,,,,0,,,62,0
1428,note_on,,12,0,1,,,,,,,0,,,73,0
1440,note_on,,12,0,1,,,,,,,0,,,74,100
1440,note_on,,0,0,1,,,,,,,0,,,59,100
1668,note_on,,228,0,1,,,,,,,0,,,74,0
1680,note_on,,12,0,1,,,,,,,0,,,80,100
1896,note_on,,216,0,1,,,,,,,0,,,59,0
1896,note_on,,0,0,1,,,,,,,0,,,65,0
1908,note_on,,12,0,1,,,,,,,0,,,80,0
1920,note_on,,12,0,1,,,,,,,0,,,78,100
1920,note_on,,0,0,1,,,,,,,0,,,66,100
1920,note_on,,0,0,1,,,,,,,0,,,57,100
2376,note_on,,456,0,1,,,,,,,0,,,57,0
2376,note_on,,0,0,1,,,,,,,0,,,78,0
2400,note_on,,0,0,1,,,,,,,0,,,61,100
2400,note_on,,24,0,1,,,,,,,0,,,78,100
2856,note_on,,456,0,1,,,,,,,0,,,66,0
2856,note_on,,0,0,1,,,,,,,0,,,61,0
2856,note_on,,0,0,1,,,,,,,0,,,78,0
2880,note_on,,24,0,1,,,,,,,0,,,74,100
2880,note_on,,0,0,1,,,,,,,0,,,42,100
3336,note_on,,456,0,1,,,,,,,0,,,42,0
3360,note_on,,24,0,1,,,,,,,0,,,54,100
3588,note_on,,228,0,1,,,,,,,0,,,74,0
3600,note_on,,12,0,1,,,,,,,0,,,73,100
3828,note_on,,228,0,1,,,,,,,0,,,73,0
3840,note_on,,12,0,1,,,,,,,0,,,71,100
3840,note_on,,0,0,1,,,,,,,0,,,65,100
3840,note_on,,0,0,1,,,,,,,0,,,62,100
4068,note_on,,228,0,1,,,,,,,0,,,71,0
4080,note_on,,12,0,1,,,,,,,0,,,73,100
4296,note_on,,216,0,1,,,,,,,0,,,62,0
4296,note_on,,0,0,1,,,,,,,0,,,54,0
4308,note_on,,12,0,1,,,,,,,0,,,73,0
4320,note_on,,0,0,1,,,,,,,0,,,59,100
4320,note_on,,12,0,1,,,,,,,0,,,74,100
4548,note_on,,228,0,1,,,,,,,0,,,74,0
4560,note_on,,12,0,1,,,,,,,0,,,80,100
4776,note_on,,216,0,1,,,,,,,0,,,59,0
4776,note_on,,0,0,1,,,,,,,0,,,65,0
4788,note_on,,12,0,1,,,,,,,0,,,80,0
4800,note_on,,0,0,1,,,,,,,0,,,78,100
4800,note_on,,0,0,1,,,,,,,0,,,57,100
4800,note_on,,12,0,1,,,,,,,0,,,66,100
5256,note_on,,456,0,1,,,,,,,0,,,57,0
5280,note_on,,24,0,1,,,,,,,0,,,61,100
5736,note_on,,0,0,1,,,,,,,0,,,78,0
5736,note_on,,456,0,1,,,,,,,0,,,61,0
5736,note_on,,0,0,1,,,,,,,0,,,66,0
5760,note_on,,0,0,1,,,,,,,0,,,54,100
5760,note_on,,0,0,1,,,,,,,0,,,61,100
5760,note_on,,0,0,1,,,,,,,0,,,52,100
5760,note_on,,24,0,1,,,,,,,0,,,77,100
5760,note_on,,0,0,1,,,,,,,0,,,46,100
5988,note_on,,228,0,1,,,,,,,0,,,77,0
6000,note_on,,12,0,1,,,,,,,0,,,78,100
6216,note_on,,216,0,1,,,,,,,0,,,61,0
6216,note_on,,0,0,1,,,,,,,0,,,54,0
6216,note_on,,0,0,1,,,,,,,0,,,52,0
6216,note_on,,0,0,1,,,,,,,0,,,46,0
6228,note_on,,12,0,1,,,,,,,0,,,78,0
6240,note_on,,12,0,1,,,,,,,0,,,76,100
6240,note_on,,0,0,1,,,,,,,0,,,59,100
6240,note_on,,0,0,1,,,,,,,0,,,54,100
6240,note_on,,0,0,1,,,,,,,0,,,50,100
6240,note_on,,0,0,1,,,,,,,0,,,47,100
6270,note_on,,30,0,1,,,,,,,0,,,78,100
6296,note_on,,26,0,1,,,,,,,0,,,76,0
6300,note_on,,4,0,1,,,,,,,0,,,76,100
6326,note_on,,26,0,1,,,,,,,0,,,78,0
6468,note_on,,142,0,1,,,,,,,0,,,76,0
6480,note_on,,12,0,1,,,,,,,0,,,74,100
6696,note_on,,0,0,1,,,,,,,0,,,47,0
6696,note_on,,0,0,1,,,,,,,0,,,50,0
6696,note_on,,0,0,1,,,,,,,0,,,54,0
6696,note_on,,216,0,1,,,,,,,0,,,59,0
6708,note_on,,12,0,1,,,,,,,0,,,74,0
6720,note_on,,0,0,1,,,,,,,0,,,59,100
6720,note_on,,0,0,1,,,,,,,0,,,53,100
6720,note_on,,0,0,1,,,,,,,0,,,49,100
6720,note_on,,12,0,1,,,,,,,0,,,72,100
6948,note_on,,228,0,1,,,,,,,0,,,72,0
6960,note_on,,12,0,1,,,,,,,0,,,73,100
7176,note_on,,216,0,1,,,,,,,0,,,59,0
7176,note_on,,0,0,1,,,,,,,0,,,53,0
7176,note_on,,0,0,1,,,,,,,0,,,49,0
7188,note_on,,12,0,1,,,,,,,0,,,73,0
7200,note_on,,12,0,1,,,,,,,0,,,71,100
7200,note_on,,0,0,1,,,,,,,0,,,50,100
7200,note_on,,0,0,1,,,,,,,0,,,54,100
7200,note_on,,0,0,1,,,,,,,0,,,59,100
7230,note_on,,30,0,1,,,,,,,0,,,73,100
7256,note_on,,26,0,1,,,,,,,0,,,71,0
7260,note_on,,4,0,1,,,,,,,0,,,71,100
7286,note_on,,26,0,1,,,,,,,0,,,73,0
7428,note_on,,142,0,1,,,,,,,0,,,71,0
7440,note_on,,12,0,1,,,,,,,0,,,69,100
7656,note_on,,216,0,1,,,,,,,0,,,59,0
7656,note_on,,0,0,1,,,,,,,0,,,54,0
7656,note_on,,0,0,1,,,,,,,0,,,50,0
7668,note_on,,12,0,1,,,,,,,0,,,69,0
7680,note_on,,12,0,1,,,,,,,0,,,68,100
7680,note_on,,0,0,1,,,,,,,0,,,62,100
7680,note_on,,0,0,1,,,,,,,0,,,54,100
7680,note_on,,0,0,1,,,,,,,0,,,47,100
7710,note_on,,30,0,1,,,,,,,0,,,69,100
7736,note_on,,26,0,1,,,,,,,0,,,68,0
7740,note_on,,4,0,1,,,,,,,0,,,68,100
7766,note_on,,26,0,1,,,,,,,0,,,69,0
7908,note_on,,142,0,1,,,,,,,0,,,68,0
7920,note_on,,12,0,1,,,,,,,0,,,66,100
8136,note_on,,0,0,1,,,,,,,0,,,47,0
8136,note_on,,0,0,1,,,,,,,0,,,54,0
8136,note_on,,216,0,1,,,,,,,0,,,62,0
8148,note_on,,12,0,1,,,,,,,0,,,66,0
8160,note_on,,0,0,1,,,,,,,0,,,49,100
8160,note_on,,12,0,1,,,,,,,0,,,68,100
8160,note_on,,0,0,1,,,,,,,0,,,59,100
8160,note_on,,0,0,1,,,,,,,0,,,53,100
8388,note_on,,228,0,1,,,,,,,0,,,68,0
8400,note_on,,12,0,1,,,,,,,0,,,73,100
8616,note_on,,0,0,1,,,,,,,0,,,53,0
8616,note_on,,0,0,1,,,,,,,0,,,49,0
8616,note_on,,216,0,1,,,,,,,0,,,59,0
8628,note_on,,12,0,1,,,,,,,0,,,73,0
8640,note_on,,0,0,1,,,,,,,0,,,42,100
8640,note_on,,0,0,1,,,,,,,0,,,57,100
8640,note_on,,12,0,1,,,,,,,0,,,66,100
8664,set_tempo,627457,8664,1,0,,,,,,,,,,,
8688,set_tempo,630273,24,1,0,,,,,,,,,,,
8712,set_tempo,632833,24,1,0,,,,,,,,,,,
8736,set_tempo,635649,24,1,0,,,,,,,,,,,
8760,set_tempo,638209,24,1,0,,,,,,,,,,,
8784,set_tempo,641025,24,1,0,,,,,,,,,,,
8808,set_tempo,643841,24,1,0,,,,,,,,,,,
8832,set_tempo,646657,24,1,0,,,,,,,,,,,
8856,set_tempo,649473,24,1,0,,,,,,,,,,,
8880,set_tempo,652289,24,1,0,,,,,,,,,,,
8904,set_tempo,655361,24,1,0,,,,,,,,,,,
8928,set_tempo,658177,24,1,0,,,,,,,,,,,
8952,set_tempo,660993,24,1,0,,,,,,,,,,,
8976,set_tempo,664065,24,1,0,,,,,,,,,,,
9000,set_tempo,667137,24,1,0,,,,,,,,,,,
9024,set_tempo,669953,24,1,0,,,,,,,,,,,
9048,set_tempo,673025,24,1,0,,,,,,,,,,,
9072,set_tempo,676097,24,1,0,,,,,,,,,,,
9096,set_tempo,679169,24,1,0,,,,,,,,,,,
9096,note_on,,0,0,1,,,,,,,0,,,57,0
9096,note_on,,0,0,1,,,,,,,0,,,66,0
9096,note_on,,456,0,1,,,,,,,0,,,42,0
9120,set_tempo,682497,24,1,0,,,,,,,,,,,
9120,note_on,,24,0,1,,,,,,,0,,,61,100
9120,note_on,,0,0,1,,,,,,,0,,,69,100
9120,note_on,,0,0,1,,,,,,,0,,,53,100
9144,set_tempo,685569,24,1,0,,,,,,,,,,,
9168,set_tempo,688641,24,1,0,,,,,,,,,,,
9192,set_tempo,691969,24,1,0,,,,,,,,,,,
9216,set_tempo,695297,24,1,0,,,,,,,,,,,
9240,set_tempo,698369,24,1,0,,,,,,,,,,,
9264,set_tempo,701697,24,1,0,,,,,,,,,,,
9272,note_on,,152,0,1,,,,,,,0,,,53,0
9279,note_on,,7,0,1,,,,,,,0,,,54,100
9288,set_tempo,705025,24,1,0,,,,,,,,,,,
9312,set_tempo,708353,24,1,0,,,,,,,,,,,
9336,set_tempo,711937,24,1,0,,,,,,,,,,,
9360,set_tempo,715265,24,1,0,,,,,,,,,,,
9384,set_tempo,718849,24,1,0,,,,,,,,,,,
9408,set_tempo,722177,24,1,0,,,,,,,,,,,
9431,note_on,,152,0,1,,,,,,,0,,,54,0
9432,set_tempo,725761,24,1,0,,,,,,,,,,,
9439,note_on,,8,0,1,,,,,,,0,,,49,100
9456,set_tempo,729345,24,1,0,,,,,,,,,,,
9480,set_tempo,732929,24,1,0,,,,,,,,,,,
9504,set_tempo,736513,24,1,0,,,,,,,,,,,
9528,set_tempo,740353,24,1,0,,,,,,,,,,,
9552,set_tempo,743937,24,1,0,,,,,,,,,,,
9576,note_on,,0,0,1,,,,,,,0,,,61,0
9576,note_on,,137,0,1,,,,,,,0,,,69,0
9576,set_tempo,747777,24,1,0,,,,,,,,,,,
9590,note_on,,14,0,1,,,,,,,0,,,49,0
9600,note_on,,0,0,1,,,,,,,0,,,66,100
9600,note_on,,10,0,1,,,,,,,0,,,42,100
9600,set_tempo,751617,24,1,0,,,,,,,,,,,
9600,note_on,,0,0,1,,,,,,,0,,,57,100
9624,set_tempo,755457,24,1,0,,,,,,,,,,,
9648,set_tempo,759297,24,1,0,,,,,,,,,,,
9672,set_tempo,763137,24,1,0,,,,,,,,,,,
9696,set_tempo,767233,24,1,0,,,,,,,,,,,
9720,set_tempo,771073,24,1,0,,,,,,,,,,,
9744,set_tempo,775169,24,1,0,,,,,,,,,,,
9768,set_tempo,779265,24,1,0,,,,,,,,,,,
9792,set_tempo,783361,24,1,0,,,,,,,,,,,
9816,set_tempo,787457,24,1,0,,,,,,,,,,,
9840,set_tempo,791553,24,1,0,,,,,,,,,,,
9864,set_tempo,795905,24,1,0,,,,,,,,,,,
9888,set_tempo,800257,24,1,0,,,,,,,,,,,
9912,set_tempo,804609,24,1,0,,,,,,,,,,,
9936,set_tempo,808961,24,1,0,,,,,,,,,,,
9960,set_tempo,813313,24,1,0,,,,,,,,,,,
9984,set_tempo,817921,24,1,0,,,,,,,,,,,
10008,set_tempo,822529,24,1,0,,,,,,,,,,,
10032,set_tempo,826881,24,1,0,,,,,,,,,,,
10056,set_tempo,831745,24,1,0,,,,,,,,,,,
10056,note_on,,0,0,1,,,,,,,0,,,42,0
10056,note_on,,456,0,1,,,,,,,0,,,57,0
10056,note_on,,0,0,1,,,,,,,0,,,66,0
10080,set_tempo,836353,24,1,0,,,,,,,,,,,
10080,note_on,,0,0,1,,,,,,,0,,,69,100
10080,note_on,,24,0,1,,,,,,,0,,,61,100
10080,note_on,,0,0,1,,,,,,,0,,,53,100
10104,set_tempo,840961,24,1,0,,,,,,,,,,,
10128,set_tempo,845825,24,1,0,,,,,,,,,,,
10152,set_tempo,850689,24,1,0,,,,,,,,,,,
10176,set_tempo,855553,24,1,0,,,,,,,,,,,
10200,set_tempo,860673,24,1,0,,,,,,,,,,,
10224,set_tempo,865537,24,1,0,,,,,,,,,,,
10232,note_on,,152,0,1,,,,,,,0,,,53,0
10239,note_on,,7,0,1,,,,,,,0,,,54,100
10248,set_tempo,870657,24,1,0,,,,,,,,,,,
10272,set_tempo,875777,24,1,0,,,,,,,,,,,
10296,set_tempo,881153,24,1,0,,,,,,,,,,,
10320,set_tempo,886273,24,1,0,,,,,,,,,,,
10344,set_tempo,891649,24,1,0,,,,,,,,,,,
10368,set_tempo,897025,24,1,0,,,,,,,,,,,
10391,note_on,,152,0,1,,,,,,,0,,,54,0
10392,set_tempo,902401,24,1,0,,,,,,,,,,,
10399,note_on,,8,0,1,,,,,,,0,,,49,100
10416,set_tempo,908033,24,1,0,,,,,,,,,,,
10440,set_tempo,913665,24,1,0,,,,,,,,,,,
10464,set_tempo,919297,24,1,0,,,,,,,,,,,
10479,set_tempo,922881,15,1,0,,,,,,,,,,,
10536,note_on,,0,0,1,,,,,,,0,,,61,0
10536,note_on,,137,0,1,,,,,,,0,,,69,0
10550,note_on,,14,0,1,,,,,,,0,,,49,0
10558,note_on,,8,0,1,,,,,,,0,,,42,100
10560,note_on,,0,0,1,,,,,,,0,,,57,100
10560,note_on,,2,0,1,,,,,,,0,,,66,100
11494,note_on,,934,0,1,,,,,,,0,,,42,0
11496,note_on,,2,0,1,,,,,,,0,,,57,0
11496,note_on,,0,0,1,,,,,,,0,,,66,0
11520,control_change,,24,0,1,,,,,7,80,0,,,,
11520,note_on,,0,0,1,,,,,,,0,,,69,100
11520,note_on,,0,0,1,,,,,,,0,,,64,100
11520,note_on,,0,0,1,,,,,,,0,,,57,100
11520,note_on,,0,0,1,,,,,,,0,,,73,100
11520,note_on,,0,0,2,,,,,,,1,,,73,100
11520,control_change,,11520,0,2,,,,,7,95,1,,,,
11520,set_tempo,999937,1041,1,0,,,,,,,,,,,
11976,note_on,,456,0,2,,,,,,,1,,,73,0
11976,note_on,,456,0,1,,,,,,,0,,,57,0
11976,note_on,,0,0,1,,,,,,,0,,,64,0
11976,note_on,,0,0,1,,,,,,,0,,,69,0
11976,note_on,,0,0,1,,,,,,,0,,,73,0
12000,note_on,,0,0,1,,,,,,,0,,,71,100
12000,note_on,,24,0,2,,,,,,,1,,,74,100
12000,note_on,,0,0,1,,,,,,,0,,,66,100
12000,note_on,,24,0,1,,,,,,,0,,,50,100
12000,note_on,,0,0,1,,,,,,,0,,,62,100
12456,note_on,,456,0,1,,,,,,,0,,,71,0
12456,note_on,,0,0,1,,,,,,,0,,,66,0
12456,note_on,,0,0,1,,,,,,,0,,,62,0
12456,note_on,,0,0,1,,,,,,,0,,,50,0
12456,note_on,,456,0,2,,,,,,,1,,,74,0
12480,note_on,,24,0,2,,,,,,,1,,,71,100
12480,note_on,,24,0,1,,,,,,,0,,,52,100
12480,note_on,,0,0,1,,,,,,,0,,,62,100
12480,note_on,,0,0,1,,,,,,,0,,,64,100
12480,note_on,,0,0,1,,,,,,,0,,,68,100
12708,note_on,,228,0,2,,,,,,,1,,,71,0
12720,note_on,,12,0,2,,,,,,,1,,,66,100
12948,note_on,,228,0,2,,,,,,,1,,,66,0
12960,note_on,,12,0,2,,,,,,,1,,,68,100
13188,note_on,,228,0,2,,,,,,,1,,,68,0
13200,note_on,,12,0,2,,,,,,,1,,,64,100
13416,note_on,,936,0,1,,,,,,,0,,,68,0
13416,note_on,,0,0,1,,,,,,,0,,,52,0
13416,note_on,,0,0,1,,,,,,,0,,,64,0
13416,note_on,,0,0,1,,,,,,,0,,,62,0
13428,note_on,,228,0,2,,,,,,,1,,,64,0
13440,note_on,,24,0,1,,,,,,,0,,,45,100
13440,note_on,,0,0,1,,,,,,,0,,,61,100
13440,note_on,,0,0,1,,,,,,,0,,,64,100
13440,note_on,,0,0,1,,,,,,,0,,,69,100
13440,note_on,,12,0,2,,,,,,,1,,,73,100
13656,note_on,,216,0,2,,,,,,,1,,,73,0
13680,note_on,,24,0,2,,,,,,,1,,,73,100
13794,note_on,,114,0,2,,,,,,,1,,,73,0
13800,note_on,,6,0,2,,,,,,,1,,,71,100
13914,note_on,,114,0,2,,,,,,,1,,,71,0
13920,note_on,,6,0,2,,,,,,,1,,,69,100
14376,note_on,,0,0,1,,,,,,,0,,,45,0
14376,note_on,,0,0,1,,,,,,,0,,,64,0
14376,note_on,,0,0,1,,,,,,,0,,,61,0
14376,note_on,,936,0,1,,,,,,,0,,,69,0
14376,note_on,,456,0,2,,,,,,,1,,,69,0
14400,note_on,,24,0,2,,,,,,,1,,,69,100
14400,note_on,,24,0,1,,,,,,,0,,,69,100
14400,note_on,,0,0,1,,,,,,,0,,,66,100
14400,note_on,,0,0,1,,,,,,,0,,,61,100
14400,note_on,,0,0,1,,,,,,,0,,,54,100
14856,note_on,,456,0,2,,,,,,,1,,,69,0
14856,note_on,,456,0,1,,,,,,,0,,,54,0
14856,note_on,,0,0,1,,,,,,,0,,,61,0
14856,note_on,,0,0,1,,,,,,,0,,,66,0
14856,note_on,,0,0,1,,,,,,,0,,,69,0
14880,note_on,,0,0,1,,,,,,,0,,,62,100
14880,note_on,,0,0,1,,,,,,,0,,,68,100
14880,note_on,,24,0,2,,,,,,,1,,,71,100
14880,note_on,,24,0,1,,,,,,,0,,,47,100
15336,note_on,,456,0,2,,,,,,,1,,,71,0
15336,note_on,,0,0,1,,,,,,,0,,,62,0
15336,note_on,,0,0,1,,,,,,,0,,,47,0
15336,note_on,,456,0,1,,,,,,,0,,,68,0
15360,note_on,,24,0,2,,,,,,,1,,,68,100
15360,note_on,,0,0,1,,,,,,,0,,,61,100
15360,note_on,,0,0,1,,,,,,,0,,,65,100
15360,note_on,,0,0,1,,,,,,,0,,,68,100
15360,note_on,,0,0,1,,,,,,,0,,,59,100
15360,note_on,,24,0,1,,,,,,,0,,,49,100
15588,note_on,,228,0,2,,,,,,,1,,,68,0
15600,note_on,,12,0,2,,,,,,,1,,,63,100
15828,note_on,,228,0,2,,,,,,,1,,,63,0
15840,note_on,,12,0,2,,,,,,,1,,,65,100
16068,note_on,,228,0,2,,,,,,,1,,,65,0
16080,note_on,,12,0,2,,,,,,,1,,,61,100
16296,note_on,,0,0,1,,,,,,,0,,,49,0
16296,note_on,,936,0,1,,,,,,,0,,,59,0
16296,note_on,,0,0,1,,,,,,,0,,,68,0
16296,note_on,,0,0,1,,,,,,,0,,,65,0
16296,note_on,,0,0,1,,,,,,,0,,,61,0
16308,note_on,,228,0,2,,,,,,,1,,,61,0
16320,note_on,,12,0,2,,,,,,,1,,,69,100
16320,note_on,,0,0,1,,,,,,,0,,,42,100
16320,note_on,,0,0,1,,,,,,,0,,,57,100
16320,note_on,,0,0,1,,,,,,,0,,,66,100
16320,note_on,,24,0,1,,,,,,,0,,,61,100
16776,note_on,,456,0,1,,,,,,,0,,,42,0
16776,note_on,,456,0,2,,,,,,,1,,,69,0
16800,note_on,,24,0,1,,,,,,,0,,,54,100
16800,note_on,,24,0,2,,,,,,,1,,,66,100
17256,note_on,,456,0,2,,,,,,,1,,,66,0
17256,note_on,,456,0,1,,,,,,,0,,,57,0
17256,note_on,,0,0,1,,,,,,,0,,,66,0
17256,note_on,,0,0,1,,,,,,,0,,,61,0
17256,note_on,,0,0,1,,,,,,,0,,,54,0
17280,note_on,,24,0,1,,,,,,,0,,,47,127
17760,note_on,,480,0,1,,,,,,,0,,,66,100
17760,note_on,,0,0,1,,,,,,,0,,,62,100
17760,note_on,,0,0,1,,,,,,,0,,,56,100
17760,note_on,,504,0,2,,,,,,,1,,,68,100
17988,note_on,,228,0,1,,,,,,,0,,,56,0
17988,note_on,,0,0,1,,,,,,,0,,,62,0
17988,note_on,,0,0,1,,,,,,,0,,,66,0
17988,note_on,,228,0,2,,,,,,,1,,,68,0
18000,note_on,,12,0,2,,,,,,,1,,,68,100
18228,note_on,,228,0,2,,,,,,,1,,,68,0
18240,note_on,,12,0,2,,,,,,,1,,,68,100
18240,note_on,,0,0,1,,,,,,,0,,,56,100
18240,note_on,,0,0,1,,,,,,,0,,,62,100
18240,note_on,,252,0,1,,,,,,,0,,,66,100
18468,note_on,,228,0,2,,,,,,,1,,,68,0
18480,note_on,,12,0,2,,,,,,,1,,,68,100
18625,note_on,,385,0,1,,,,,,,0,,,47,0
18696,note_on,,0,0,1,,,,,,,0,,,66,0
18696,note_on,,0,0,1,,,,,,,0,,,62,0
18696,note_on,,71,0,1,,,,,,,0,,,56,0
18708,note_on,,228,0,2,,,,,,,1,,,68,0
18720,note_on,,12,0,2,,,,,,,1,,,66,100
18720,note_on,,0,0,1,,,,,,,0,,,66,100
18720,note_on,,24,0,1,,,,,,,0,,,56,100
18720,note_on,,0,0,1,,,,,,,0,,,62,100
18720,note_on,,0,0,1,,,,,,,0,,,45,127
18948,note_on,,228,0,1,,,,,,,0,,,45,0
18948,note_on,,228,0,2,,,,,,,1,,,66,0
18960,note_on,,12,0,1,,,,,,,0,,,47,100
18960,note_on,,12,0,2,,,,,,,1,,,68,100
19176,note_on,,216,0,1,,,,,,,0,,,66,0
19176,note_on,,0,0,1,,,,,,,0,,,62,0
19176,note_on,,0,0,1,,,,,,,0,,,56,0
19188,note_on,,12,0,1,,,,,,,0,,,47,0
19188,note_on,,228,0,2,,,,,,,1,,,68,0
19200,note_on,,12,0,2,,,,,,,1,,,71,100
19200,note_on,,0,0,1,,,,,,,0,,,66,100
19200,note_on,,0,0,1,,,,,,,0,,,57,100
19200,note_on,,12,0,1,,,,,,,0,,,49,100
19200,note_on,,0,0,1,,,,,,,0,,,61,100
19656,note_on,,456,0,2,,,,,,,1,,,71,0
19656,note_on,,456,0,1,,,,,,,0,,,66,0
19656,note_on,,0,0,1,,,,,,,0,,,61,0
19656,note_on,,0,0,1,,,,,,,0,,,57,0
19680,note_on,,0,0,1,,,,,,,0,,,61,100
19680,note_on,,0,0,1,,,,,,,0,,,57,100
19680,note_on,,24,0,2,,,,,,,1,,,69,100
19680,note_on,,24,0,1,,,,,,,0,,,66,100
20136,note_on,,456,0,1,,,,,,,0,,,57,0
20136,note_on,,0,0,1,,,,,,,0,,,61,0
20136,note_on,,0,0,1,,,,,,,0,,,66,0
20136,note_on,,456,0,2,,,,,,,1,,,69,0
20136,note_on,,0,0,1,,,,,,,0,,,49,0
20160,note_on,,24,0,1,,,,,,,0,,,50,127
20640,note_on,,0,0,1,,,,,,,0,,,59,100
20640,note_on,,480,0,1,,,,,,,0,,,66,100
20640,note_on,,504,0,2,,,,,,,1,,,68,100
20640,note_on,,0,0,1,,,,,,,0,,,56,100
20868,note_on,,228,0,2,,,,,,,1,,,68,0
20880,note_on,,12,0,2,,,,,,,1,,,68,100
21096,note_on,,0,0,1,,,,,,,0,,,66,0
21096,note_on,,0,0,1,,,,,,,0,,,59,0
21096,note_on,,456,0,1,,,,,,,0,,,56,0
21108,note_on,,228,0,2,,,,,,,1,,,68,0
21120,note_on,,0,0,1,,,,,,,0,,,66,100
21120,note_on,,0,0,1,,,,,,,0,,,59,100
21120,note_on,,24,0,1,,,,,,,0,,,56,100
21120,note_on,,12,0,2,,,,,,,1,,,68,100
21348,note_on,,228,0,2,,,,,,,1,,,68,0
21360,note_on,,12,0,2,,,,,,,1,,,68,100
21576,note_on,,456,0,1,,,,,,,0,,,66,0
21576,note_on,,0,0,1,,,,,,,0,,,59,0
21576,note_on,,0,0,1,,,,,,,0,,,56,0
21576,note_on,,0,0,1,,,,,,,0,,,50,0
21588,note_on,,228,0,2,,,,,,,1,,,68,0
21600,note_on,,24,0,1,,,,,,,0,,,56,100
21600,note_on,,0,0,1,,,,,,,0,,,59,100
21600,note_on,,0,0,1,,,,,,,0,,,66,100
21600,note_on,,0,0,1,,,,,,,0,,,49,100
21600,note_on,,12,0,2,,,,,,,1,,,66,100
21828,note_on,,228,0,1,,,,,,,0,,,49,0
21828,note_on,,228,0,2,,,,,,,1,,,66,0
21840,note_on,,12,0,2,,,,,,,1,,,68,100
21840,note_on,,12,0,1,,,,,,,0,,,50,100
22056,note_on,,216,0,1,,,,,,,0,,,66,0
22056,note_on,,0,0,1,,,,,,,0,,,59,0
22056,note_on,,0,0,1,,,,,,,0,,,56,0
22068,note_on,,12,0,1,,,,,,,0,,,50,0
22068,note_on,,228,0,2,,,,,,,1,,,68,0
22080,note_on,,0,0,1,,,,,,,0,,,51,100
22080,note_on,,12,0,2,,,,,,,1,,,71,100
22080,note_on,,0,0,1,,,,,,,0,,,66,100
22080,note_on,,12,0,1,,,,,,,0,,,56,100
22080,note_on,,0,0,1,,,,,,,0,,,60,100
22536,note_on,,456,0,2,,,,,,,1,,,71,0
22536,note_on,,0,0,1,,,,,,,0,,,66,0
22536,note_on,,0,0,1,,,,,,,0,,,60,0
22536,note_on,,0,0,1,,,,,,,0,,,56,0
22536,note_on,,456,0,1,,,,,,,0,,,51,0
22560,note_on,,0,0,1,,,,,,,0,,,60,100
22560,note_on,,0,0,1,,,,,,,0,,,56,100
22560,note_on,,24,0,2,,,,,,,1,,,69,100
22560,note_on,,0,0,1,,,,,,,0,,,44,100
22560,note_on,,24,0,1,,,,,,,0,,,66,100
22788,note_on,,228,0,2,,,,,,,1,,,69,0
22800,note_on,,12,0,2,,,,,,,1,,,68,100
23016,note_on,,456,0,1,,,,,,,0,,,44,0
23016,note_on,,0,0,1,,,,,,,0,,,56,0
23016,note_on,,0,0,1,,,,,,,0,,,60,0
23016,note_on,,0,0,1,,,,,,,0,,,66,0
23028,note_on,,228,0,2,,,,,,,1,,,68,0
23040,note_on,,24,0,1,,,,,,,0,,,49,100
23040,note_on,,0,0,1,,,,,,,0,,,56,100
23040,note_on,,0,0,1,,,,,,,0,,,59,100
23040,note_on,,0,0,1,,,,,,,0,,,61,100
23040,note_on,,0,0,1,,,,,,,0,,,66,100
23040,note_on,,12,0,2,,,,,,,1,,,68,100
23064,set_tempo,1004545,11544,1,0,,,,,,,,,,,
23088,set_tempo,1009409,24,1,0,,,,,,,,,,,
23112,set_tempo,1014273,24,1,0,,,,,,,,,,,
23136,set_tempo,1019393,24,1,0,,,,,,,,,,,
23160,set_tempo,1024257,24,1,0,,,,,,,,,,,
23184,set_tempo,1029377,24,1,0,,,,,,,,,,,
23208,set_tempo,1034241,24,1,0,,,,,,,,,,,
23232,set_tempo,1039361,24,1,0,,,,,,,,,,,
23256,set_tempo,1044737,24,1,0,,,,,,,,,,,
23280,set_tempo,1049857,24,1,0,,,,,,,,,,,
23304,set_tempo,1055233,24,1,0,,,,,,,,,,,
23328,set_tempo,1060353,24,1,0,,,,,,,,,,,
23352,set_tempo,1065985,24,1,0,,,,,,,,,,,
23376,set_tempo,1071361,24,1,0,,,,,,,,,,,
23400,set_tempo,1076737,24,1,0,,,,,,,,,,,
23424,set_tempo,1082369,24,1,0,,,,,,,,,,,
23448,set_tempo,1088001,24,1,0,,,,,,,,,,,
23472,set_tempo,1093633,24,1,0,,,,,,,,,,,
23496,set_tempo,1099265,24,1,0,,,,,,,,,,,
23496,note_on,,456,0,1,,,,,,,0,,,66,0
23520,set_tempo,1105153,24,1,0,,,,,,,,,,,
23520,note_on,,24,0,1,,,,,,,0,,,65,100
23544,set_tempo,1111041,24,1,0,,,,,,,,,,,
23568,set_tempo,1116929,24,1,0,,,,,,,,,,,
23592,set_tempo,1122817,24,1,0,,,,,,,,,,,
23616,set_tempo,1128961,24,1,0,,,,,,,,,,,
23640,set_tempo,1135105,24,1,0,,,,,,,,,,,
23664,set_tempo,1141249,24,1,0,,,,,,,,,,,
23688,set_tempo,1147393,24,1,0,,,,,,,,,,,
23712,set_tempo,1153793,24,1,0,,,,,,,,,,,
23736,set_tempo,1160193,24,1,0,,,,,,,,,,,
23741,note_on,,701,0,2,,,,,,,1,,,68,0
23760,note_on,,19,0,2,,,,,,,1,,,66,100
23760,set_tempo,1166593,24,1,0,,,,,,,,,,,
23784,set_tempo,1172993,24,1,0,,,,,,,,,,,
23808,set_tempo,1179649,24,1,0,,,,,,,,,,,
23832,set_tempo,1186305,24,1,0,,,,,,,,,,,
23856,set_tempo,1192961,24,1,0,,,,,,,,,,,
23880,set_tempo,1199873,24,1,0,,,,,,,,,,,
23880,set_tempo,1199873,0,1,0,,,,,,,,,,,
23976,note_on,,456,0,1,,,,,,,0,,,65,0
23976,note_on,,0,0,1,,,,,,,0,,,61,0
23976,note_on,,0,0,1,,,,,,,0,,,59,0
23976,note_on,,0,0,1,,,,,,,0,,,56,0
23976,note_on,,0,0,1,,,,,,,0,,,49,0
23988,note_on,,228,0,2,,,,,,,1,,,66,0
24000,note_on,,24,0,1,,,,,,,0,,,66,100
24000,note_on,,0,0,1,,,,,,,0,,,57,100
24000,note_on,,0,0,1,,,,,,,0,,,42,100
24000,note_on,,0,0,1,,,,,,,0,,,61,100
24000,note_on,,12,0,2,,,,,,,1,,,66,100
24456,note_on,,0,0,1,,,,,,,0,,,61,0
24456,note_on,,0,0,1,,,,,,,0,,,57,0
24456,note_on,,456,0,1,,,,,,,0,,,42,0
24456,note_on,,456,0,2,,,,,,,1,,,66,0
24456,note_on,,0,0,1,,,,,,,0,,,66,0
24480,note_on,,24,0,1,,,,,,,0,,,73,100
24480,set_tempo,999937,600,1,0,,,,,,,,,,,
24708,note_on,,228,0,1,,,,,,,0,,,73,0
24720,note_on,,12,0,1,,,,,,,0,,,71,100
24948,note_on,,228,0,1,,,,,,,0,,,71,0
24960,note_on,,12,0,1,,,,,,,0,,,69,100
25112,note_on,,152,0,1,,,,,,,0,,,69,0
25119,note_on,,7,0,1,,,,,,,0,,,73,100
25271,note_on,,152,0,1,,,,,,,0,,,73,0
25279,note_on,,8,0,1,,,,,,,0,,,68,100
25430,note_on,,151,0,1,,,,,,,0,,,68,0
25440,note_on,,10,0,1,,,,,,,0,,,66,100
25592,note_on,,152,0,1,,,,,,,0,,,66,0
25599,note_on,,7,0,1,,,,,,,0,,,73,100
25751,note_on,,152,0,1,,,,,,,0,,,73,0
25759,note_on,,8,0,1,,,,,,,0,,,69,100
25910,note_on,,151,0,1,,,,,,,0,,,69,0
25920,note_on,,0,0,1,,,,,,,0,,,64,100
25920,note_on,,0,0,1,,,,,,,0,,,57,100
25920,note_on,,1464,0,2,,,,,,,1,,,73,100
25920,note_on,,0,0,1,,,,,,,0,,,69,100
25920,note_on,,10,0,1,,,,,,,0,,,73,100
26376,note_on,,456,0,1,,,,,,,0,,,57,0
26376,note_on,,0,0,1,,,,,,,0,,,64,0
26376,note_on,,0,0,1,,,,,,,0,,,73,0
26376,note_on,,0,0,1,,,,,,,0,,,69,0
26376,note_on,,456,0,2,,,,,,,1,,,73,0
26400,note_on,,0,0,1,,,,,,,0,,,71,100
26400,note_on,,0,0,1,,,,,,,0,,,62,100
26400,note_on,,24,0,1,,,,,,,0,,,50,100
26400,note_on,,24,0,2,,,,,,,1,,,74,100
26400,note_on,,0,0,1,,,,,,,0,,,66,100
26856,note_on,,456,0,1,,,,,,,0,,,71,0
26856,note_on,,456,0,2,,,,,,,1,,,74,0
26856,note_on,,0,0,1,,,,,,,0,,,66,0
26856,note_on,,0,0,1,,,,,,,0,,,50,0
26856,note_on,,0,0,1,,,,,,,0,,,62,0
26880,note_on,,24,0,1,,,,,,,0,,,52,100
26880,note_on,,0,0,1,,,,,,,0,,,62,100
26880,note_on,,24,0,2,,,,,,,1,,,71,100
26880,note_on,,0,0,1,,,,,,,0,,,64,100
26880,note_on,,0,0,1,,,,,,,0,,,68,100
27108,note_on,,228,0,2,,,,,,,1,,,71,0
27120,note_on,,12,0,2,,,,,,,1,,,66,100
27348,note_on,,228,0,2,,,,,,,1,,,66,0
27360,note_on,,12,0,2,,,,,,,1,,,68,100
27588,note_on,,228,0,2,,,,,,,1,,,68,0
27600,note_on,,12,0,2,,,,,,,1,,,64,100
27816,note_on,,936,0,1,,,,,,,0,,,68,0
27816,note_on,,0,0,1,,,,,,,0,,,64,0
27816,note_on,,0,0,1,,,,,,,0,,,62,0
27816,note_on,,0,0,1,,,,,,,0,,,52,0
27828,note_on,,228,0,2,,,,,,,1,,,64,0
27840,note_on,,12,0,2,,,,,,,1,,,73,100
27840,note_on,,0,0,1,,,,,,,0,,,61,100
27840,note_on,,0,0,1,,,,,,,0,,,64,100
27840,note_on,,0,0,1,,,,,,,0,,,69,100
27840,note_on,,24,0,1,,,,,,,0,,,45,100
28056,note_on,,216,0,2,,,,,,,1,,,73,0
28080,note_on,,24,0,2,,,,,,,1,,,73,100
28194,note_on,,114,0,2,,,,,,,1,,,73,0
28200,note_on,,6,0,2,,,,,,,1,,,71,100
28314,note_on,,114,0,2,,,,,,,1,,,71,0
28320,note_on,,6,0,2,,,,,,,1,,,69,100
28776,note_on,,936,0,1,,,,,,,0,,,69,0
28776,note_on,,456,0,2,,,,,,,1,,,69,0
28776,note_on,,0,0,1,,,,,,,0,,,64,0
28776,note_on,,0,0,1,,,,,,,0,,,61,0
28776,note_on,,0,0,1,,,,,,,0,,,45,0
28800,note_on,,0,0,1,,,,,,,0,,,69,100
28800,note_on,,24,0,2,,,,,,,1,,,69,100
28800,note_on,,0,0,1,,,,,,,0,,,61,100
28800,note_on,,0,0,1,,,,,,,0,,,66,100
28800,note_on,,24,0,1,,,,,,,0,,,54,100
29256,note_on,,456,0,2,,,,,,,1,,,69,0
29256,note_on,,0,0,1,,,,,,,0,,,69,0
29256,note_on,,0,0,1,,,,,,,0,,,66,0
29256,note_on,,0,0,1,,,,,,,0,,,54,0
29256,note_on,,456,0,1,,,,,,,0,,,61,0
29280,note_on,,24,0,1,,,,,,,0,,,47,100
29280,note_on,,0,0,1,,,,,,,0,,,62,100
29280,note_on,,24,0,2,,,,,,,1,,,71,100
29280,note_on,,0,0,1,,,,,,,0,,,68,100
29736,note_on,,0,0,1,,,,,,,0,,,62,0
29736,note_on,,0,0,1,,,,,,,0,,,47,0
29736,note_on,,456,0,2,,,,,,,1,,,71,0
29736,note_on,,456,0,1,,,,,,,0,,,68,0
29760,note_on,,24,0,1,,,,,,,0,,,49,100
29760,note_on,,0,0,1,,,,,,,0,,,61,100
29760,note_on,,0,0,1,,,,,,,0,,,65,100
29760,note_on,,0,0,1,,,,,,,0,,,68,100
29760,note_on,,0,0,1,,,,,,,0,,,59,100
29760,note_on,,24,0,2,,,,,,,1,,,68,100
29988,note_on,,228,0,2,,,,,,,1,,,68,0
30000,note_on,,12,0,2,,,,,,,1,,,63,100
30228,note_on,,228,0,2,,,,,,,1,,,63,0
30240,note_on,,12,0,2,,,,,,,1,,,65,100
30468,note_on,,228,0,2,,,,,,,1,,,65,0
30480,note_on,,12,0,2,,,,,,,1,,,61,100
30696,note_on,,0,0,1,,,,,,,0,,,49,0
30696,note_on,,0,0,1,,,,,,,0,,,61,0
30696,note_on,,0,0,1,,,,,,,0,,,65,0
30696,note_on,,0,0,1,,,,,,,0,,,68,0
30696,note_on,,936,0,1,,,,,,,0,,,59,0
30708,note_on,,228,0,2,,,,,,,1,,,61,0
30720,note_on,,0,0,1,,,,,,,0,,,57,100
30720,note_on,,0,0,1,,,,,,,0,,,42,100
30720,note_on,,12,0,2,,,,,,,1,,,69,100
30720,note_on,,24,0,1,,,,,,,0,,,61,100
30720,note_on,,0,0,1,,,,,,,0,,,66,100
31176,note_on,,456,0,1,,,,,,,0,,,42,0
31176,note_on,,456,0,2,,,,,,,1,,,69,0
31200,note_on,,24,0,2,,,,,,,1,,,66,100
31200,note_on,,24,0,1,,,,,,,0,,,54,100
31656,note_on,,0,0,1,,,,,,,0,,,61,0
31656,note_on,,0,0,1,,,,,,,0,,,54,0
31656,note_on,,0,0,1,,,,,,,0,,,66,0
31656,note_on,,456,0,1,,,,,,,0,,,57,0
31656,note_on,,456,0,2,,,,,,,1,,,66,0
31680,note_on,,0,0,1,,,,,,,0,,,56,100
31680,note_on,,24,0,2,,,,,,,1,,,68,100
31680,note_on,,24,0,1,,,,,,,0,,,48,100
31680,note_on,,0,0,1,,,,,,,0,,,66,100
31680,note_on,,0,0,1,,,,,,,0,,,63,100
32136,note_on,,0,0,1,,,,,,,0,,,56,0
32136,note_on,,456,0,1,,,,,,,0,,,66,0
32136,note_on,,0,0,1,,,,,,,0,,,63,0
32160,note_on,,24,0,1,,,,,,,0,,,56,100
32160,note_on,,0,0,1,,,,,,,0,,,63,100
32160,note_on,,0,0,1,,,,,,,0,,,66,100
32388,note_on,,708,0,2,,,,,,,1,,,68,0
32400,note_on,,12,0,2,,,,,,,1,,,68,100
32616,note_on,,456,0,1,,,,,,,0,,,66,0
32616,note_on,,0,0,1,,,,,,,0,,,56,0
32616,note_on,,0,0,1,,,,,,,0,,,48,0
32616,note_on,,0,0,1,,,,,,,0,,,63,0
32628,note_on,,228,0,2,,,,,,,1,,,68,0
32640,note_on,,12,0,2,,,,,,,1,,,68,100
32640,note_on,,0,0,1,,,,,,,0,,,65,100
32640,note_on,,0,0,1,,,,,,,0,,,62,100
32640,note_on,,0,0,1,,,,,,,0,,,56,100
32640,note_on,,24,0,1,,,,,,,0,,,47,100
32868,note_on,,228,0,2,,,,,,,1,,,68,0
32880,note_on,,12,0,2,,,,,,,1,,,68,100
33096,note_on,,0,0,1,,,,,,,0,,,56,0
33096,note_on,,0,0,1,,,,,,,0,,,62,0
33096,note_on,,456,0,1,,,,,,,0,,,65,0
33108,note_on,,228,0,2,,,,,,,1,,,68,0
33120,note_on,,0,0,1,,,,,,,0,,,64,100
33120,note_on,,0,0,1,,,,,,,0,,,62,100
33120,note_on,,12,0,2,,,,,,,1,,,69,100
33120,note_on,,24,0,1,,,,,,,0,,,56,100
33348,note_on,,228,0,2,,,,,,,1,,,69,0
33360,note_on,,12,0,2,,,,,,,1,,,71,100
33576,note_on,,0,0,1,,,,,,,0,,,56,0
33576,note_on,,0,0,1,,,,,,,0,,,47,0
33576,note_on,,456,0,1,,,,,,,0,,,64,0
33576,note_on,,0,0,1,,,,,,,0,,,62,0
33588,note_on,,228,0,2,,,,,,,1,,,71,0
33600,note_on,,12,0,2,,,,,,,1,,,73,100
33600,note_on,,0,0,1,,,,,,,0,,,64,100
33600,note_on,,0,0,1,,,,,,,0,,,61,100
33600,note_on,,0,0,1,,,,,,,0,,,57,100
33600,note_on,,24,0,1,,,,,,,0,,,45,100
34056,note_on,,0,0,1,,,,,,,0,,,61,0
34056,note_on,,456,0,1,,,,,,,0,,,64,0
34056,note_on,,456,0,2,,,,,,,1,,,73,0
34056,note_on,,0,0,1,,,,,,,0,,,57,0
34080,note_on,,24,0,2,,,,,,,1,,,73,100
34080,note_on,,0,0,1,,,,,,,0,,,64,100
34080,note_on,,24,0,1,,,,,,,0,,,69,100
34080,note_on,,0,0,1,,,,,,,0,,,61,100
34536,note_on,,456,0,2,,,,,,,1,,,73,0
34536,note_on,,456,0,1,,,,,,,0,,,64,0
34536,note_on,,0,0,1,,,,,,,0,,,61,0
34536,note_on,,0,0,1,,,,,,,0,,,69,0
34536,note_on,,0,0,1,,,,,,,0,,,45,0
34560,note_on,,24,0,2,,,,,,,1,,,73,100
34560,note_on,,24,0,1,,,,,,,0,,,47,100
34560,note_on,,0,0,1,,,,,,,0,,,62,100
34560,note_on,,0,0,1,,,,,,,0,,,67,100
34788,note_on,,228,0,1,,,,,,,0,,,67,0
34788,note_on,,0,0,1,,,,,,,0,,,62,0
34788,note_on,,228,0,2,,,,,,,1,,,73,0
34800,note_on,,12,0,1,,,,,,,0,,,59,100
34800,note_on,,12,0,2,,,,,,,1,,,71,100
35028,note_on,,228,0,2,,,,,,,1,,,71,0
35028,note_on,,228,0,1,,,,,,,0,,,59,0
35040,note_on,,12,0,1,,,,,,,0,,,62,100
35040,note_on,,0,0,1,,,,,,,0,,,67,100
35040,note_on,,12,0,2,,,,,,,1,,,74,100
35268,note_on,,228,0,2,,,,,,,1,,,74,0
35268,note_on,,0,0,1,,,,,,,0,,,62,0
35268,note_on,,228,0,1,,,,,,,0,,,67,0
35280,note_on,,12,0,2,,,,,,,1,,,67,100
35280,note_on,,12,0,1,,,,,,,0,,,59,100
35496,note_on,,216,0,1,,,,,,,0,,,47,0
35508,note_on,,228,0,2,,,,,,,1,,,67,0
35508,note_on,,12,0,1,,,,,,,0,,,59,0
35520,note_on,,12,0,2,,,,,,,1,,,66,100
35520,note_on,,12,0,1,,,,,,,0,,,49,100
35520,note_on,,0,0,1,,,,,,,0,,,61,100
35520,note_on,,0,0,1,,,,,,,0,,,66,100
35560,control_change,,40,0,1,,,,,7,81,0,,,,
35560,control_change,,40,0,2,,,,,7,96,1,,,,
35620,control_change,,60,0,2,,,,,7,97,1,,,,
35620,control_change,,60,0,1,,,,,7,82,0,,,,
35680,control_change,,60,0,2,,,,,7,98,1,,,,
35680,control_change,,60,0,1,,,,,7,83,0,,,,
35720,control_change,,40,0,1,,,,,7,84,0,,,,
35720,control_change,,40,0,2,,,,,7,99,1,,,,
35748,note_on,,0,0,1,,,,,,,0,,,61,0
35748,note_on,,28,0,1,,,,,,,0,,,66,0
35760,note_on,,12,0,1,,,,,,,0,,,56,100
35780,control_change,,20,0,1,,,,,7,85,0,,,,
35780,control_change,,60,0,2,,,,,7,100,1,,,,
35840,control_change,,60,0,2,,,,,7,101,1,,,,
35840,control_change,,60,0,1,,,,,7,86,0,,,,
35900,control_change,,60,0,1,,,,,7,87,0,,,,
35900,control_change,,60,0,2,,,,,7,102,1,,,,
35960,control_change,,60,0,2,,,,,7,103,1,,,,
35960,control_change,,60,0,1,,,,,7,88,0,,,,
35976,note_on,,16,0,2,,,,,,,1,,,66,0
35988,note_on,,28,0,1,,,,,,,0,,,56,0
36000,note_on,,0,0,1,,,,,,,0,,,65,100
36000,note_on,,0,0,1,,,,,,,0,,,61,100
36000,note_on,,0,0,2,,,,,,,1,,,68,100
36000,control_change,,24,0,2,,,,,7,104,1,,,,
36000,control_change,,12,0,1,,,,,7,89,0,,,,
36000,note_on,,0,0,1,,,,,,,0,,,37,100
36060,control_change,,60,0,2,,,,,7,105,1,,,,
36060,control_change,,60,0,1,,,,,7,90,0,,,,
36120,control_change,,60,0,1,,,,,7,91,0,,,,
36120,control_change,,60,0,2,,,,,7,106,1,,,,
36180,control_change,,60,0,1,,,,,7,92,0,,,,
36180,control_change,,60,0,2,,,,,7,107,1,,,,
36228,note_on,,0,0,1,,,,,,,0,,,61,0
36228,note_on,,48,0,1,,,,,,,0,,,65,0
36240,control_change,,12,0,1,,,,,7,93,0,,,,
36240,note_on,,0,0,1,,,,,,,0,,,56,100
36240,control_change,,60,0,2,,,,,7,108,1,,,,
36280,control_change,,40,0,2,,,,,7,109,1,,,,
36280,control_change,,40,0,1,,,,,7,94,0,,,,
36340,control_change,,60,0,2,,,,,7,110,1,,,,
36340,control_change,,60,0,1,,,,,7,95,0,,,,
36456,note_on,,116,0,1,,,,,,,0,,,49,0
36456,note_on,,0,0,1,,,,,,,0,,,37,0
36456,note_on,,116,0,2,,,,,,,1,,,68,0
36468,note_on,,12,0,1,,,,,,,0,,,56,0
36480,note_on,,24,0,2,,,,,,,1,,,75,100
36480,note_on,,0,0,1,,,,,,,0,,,68,100
36480,note_on,,0,0,1,,,,,,,0,,,48,100
36480,note_on,,0,0,1,,,,,,,0,,,36,100
36480,note_on,,0,0,1,,,,,,,0,,,66,100
36480,note_on,,12,0,1,,,,,,,0,,,63,100
36520,control_change,,40,0,2,,,,,7,109,1,,,,
36520,control_change,,40,0,1,,,,,7,94,0,,,,
36580,control_change,,60,0,2,,,,,7,108,1,,,,
36580,control_change,,60,0,1,,,,,7,93,0,,,,
36640,control_change,,60,0,1,,,,,7,92,0,,,,
36640,control_change,,60,0,2,,,,,7,107,1,,,,
36680,control_change,,40,0,2,,,,,7,106,1,,,,
36680,control_change,,40,0,1,,,,,7,91,0,,,,
36708,note_on,,28,0,1,,,,,,,0,,,66,0
36708,note_on,,0,0,1,,,,,,,0,,,68,0
36708,note_on,,0,0,1,,,,,,,0,,,63,0
36720,note_on,,12,0,1,,,,,,,0,,,56,100
36740,control_change,,20,0,1,,,,,7,90,0,,,,
36740,control_change,,60,0,2,,,,,7,105,1,,,,
36800,control_change,,60,0,2,,,,,7,104,1,,,,
36800,control_change,,60,0,1,,,,,7,89,0,,,,
36860,control_change,,60,0,1,,,,,7,88,0,,,,
36860,control_change,,60,0,2,,,,,7,103,1,,,,
36920,control_change,,60,0,2,,,,,7,102,1,,,,
36920,control_change,,60,0,1,,,,,7,87,0,,,,
36936,note_on,,16,0,2,,,,,,,1,,,75,0
36948,note_on,,28,0,1,,,,,,,0,,,56,0
36960,control_change,,12,0,1,,,,,7,86,0,,,,
36960,control_change,,24,0,2,,,,,7,101,1,,,,
36960,note_on,,0,0,1,,,,,,,0,,,63,100
36960,note_on,,0,0,1,,,,,,,0,,,66,100
36960,note_on,,0,0,1,,,,,,,0,,,68,100
36960,note_on,,0,0,2,,,,,,,1,,,68,100
37020,control_change,,60,0,2,,,,,7,100,1,,,,
37020,control_change,,60,0,1,,,,,7,85,0,,,,
37080,control_change,,60,0,1,,,,,7,84,0,,,,
37080,control_change,,60,0,2,,,,,7,99,1,,,,
37140,control_change,,60,0,1,,,,,7,83,0,,,,
37140,control_change,,60,0,2,,,,,7,98,1,,,,
37188,note_on,,48,0,1,,,,,,,0,,,68,0
37188,note_on,,0,0,1,,,,,,,0,,,63,0
37188,note_on,,0,0,1,,,,,,,0,,,66,0
37200,note_on,,0,0,1,,,,,,,0,,,56,100
37200,control_change,,12,0,1,,,,,7,82,0,,,,
37200,control_change,,60,0,2,,,,,7,97,1,,,,
37240,control_change,,40,0,2,,,,,7,96,1,,,,
37240,control_change,,40,0,1,,,,,7,81,0,,,,
37300,control_change,,60,0,1,,,,,7,80,0,,,,
37300,control_change,,60,0,2,,,,,7,95,1,,,,
37416,note_on,,0,0,1,,,,,,,0,,,48,0
37416,note_on,,116,0,1,,,,,,,0,,,36,0
37416,note_on,,116,0,2,,,,,,,1,,,68,0
37428,note_on,,12,0,1,,,,,,,0,,,56,0
37440,note_on,,0,0,1,,,,,,,0,,,36,100
37440,note_on,,0,0,1,,,,,,,0,,,48,100
37440,note_on,,0,0,1,,,,,,,0,,,66,100
37440,note_on,,0,0,1,,,,,,,0,,,68,100
37440,note_on,,12,0,1,,,,,,,0,,,63,100
37440,note_on,,24,0,2,,,,,,,1,,,68,100
37668,note_on,,0,0,1,,,,,,,0,,,68,0
37668,note_on,,0,0,1,,,,,,,0,,,63,0
37668,note_on,,228,0,1,,,,,,,0,,,66,0
37680,note_on,,12,0,1,,,,,,,0,,,56,100
37908,note_on,,228,0,1,,,,,,,0,,,56,0
37920,note_on,,12,0,1,,,,,,,0,,,63,100
37920,note_on,,0,0,1,,,,,,,0,,,66,100
37920,note_on,,0,0,1,,,,,,,0,,,68,100
38148,note_on,,708,0,2,,,,,,,1,,,68,0
38148,note_on,,228,0,1,,,,,,,0,,,68,0
38148,note_on,,0,0,1,,,,,,,0,,,66,0
38148,note_on,,0,0,1,,,,,,,0,,,63,0
38160,note_on,,12,0,1,,,,,,,0,,,56,100
38160,note_on,,12,0,2,,,,,,,1,,,68,100
38376,note_on,,0,0,1,,,,,,,0,,,48,0
38376,note_on,,216,0,1,,,,,,,0,,,36,0
38388,note_on,,228,0,2,,,,,,,1,,,68,0
38388,note_on,,12,0,1,,,,,,,0,,,56,0
38400,note_on,,0,0,1,,,,,,,0,,,35,100
38400,note_on,,0,0,1,,,,,,,0,,,65,100
38400,note_on,,0,0,1,,,,,,,0,,,68,100
38400,note_on,,12,0,1,,,,,,,0,,,62,100
38400,note_on,,0,0,1,,,,,,,0,,,47,100
38400,note_on,,12,0,2,,,,,,,1,,,68,100
38628,note_on,,0,0,1,,,,,,,0,,,68,0
38628,note_on,,0,0,1,,,,,,,0,,,62,0
38628,note_on,,228,0,1,,,,,,,0,,,65,0
38628,note_on,,228,0,2,,,,,,,1,,,68,0
38640,note_on,,12,0,1,,,,,,,0,,,56,100
38640,note_on,,12,0,2,,,,,,,1,,,68,100
38856,note_on,,216,0,1,,,,,,,0,,,35,0
38856,note_on,,0,0,1,,,,,,,0,,,47,0
38868,note_on,,228,0,2,,,,,,,1,,,68,0
38868,note_on,,12,0,1,,,,,,,0,,,56,0
38880,note_on,,0,0,1,,,,,,,0,,,65,100
38880,note_on,,12,0,2,,,,,,,1,,,69,100
38880,note_on,,0,0,1,,,,,,,0,,,40,100
38880,note_on,,12,0,1,,,,,,,0,,,62,100
38880,note_on,,0,0,1,,,,,,,0,,,68,100
39108,note_on,,228,0,1,,,,,,,0,,,68,0
39108,note_on,,228,0,2,,,,,,,1,,,69,0
39108,note_on,,0,0,1,,,,,,,0,,,65,0
39108,note_on,,0,0,1,,,,,,,0,,,62,0
39120,note_on,,12,0,1,,,,,,,0,,,56,100
39120,note_on,,12,0,2,,,,,,,1,,,71,100
39336,note_on,,216,0,1,,,,,,,0,,,40,0
39348,note_on,,12,0,1,,,,,,,0,,,56,0
39348,note_on,,228,0,2,,,,,,,1,,,71,0
39360,note_on,,12,0,2,,,,,,,1,,,73,100
39360,note_on,,12,0,1,,,,,,,0,,,61,100
39360,note_on,,0,0,1,,,,,,,0,,,69,100
39360,note_on,,0,0,1,,,,,,,0,,,64,100
39360,note_on,,0,0,1,,,,,,,0,,,45,100
39360,note_on,,0,0,1,,,,,,,0,,,33,100
39588,note_on,,228,0,1,,,,,,,0,,,64,0
39588,note_on,,0,0,1,,,,,,,0,,,69,0
39588,note_on,,0,0,1,,,,,,,0,,,61,0
39600,note_on,,12,0,1,,,,,,,0,,,57,100
39816,note_on,,456,0,2,,,,,,,1,,,73,0
39828,note_on,,228,0,1,,,,,,,0,,,57,0
39840,note_on,,0,0,1,,,,,,,0,,,69,100
39840,note_on,,24,0,2,,,,,,,1,,,73,100
39840,note_on,,12,0,1,,,,,,,0,,,61,100
39840,note_on,,0,0,1,,,,,,,0,,,64,100
40068,note_on,,228,0,1,,,,,,,0,,,69,0
40068,note_on,,0,0,1,,,,,,,0,,,64,0
40068,note_on,,0,0,1,,,,,,,0,,,61,0
40080,note_on,,12,0,1,,,,,,,0,,,57,100
40296,note_on,,456,0,2,,,,,,,1,,,73,0
40296,note_on,,216,0,1,,,,,,,0,,,33,0
40296,note_on,,0,0,1,,,,,,,0,,,45,0
40308,note_on,,12,0,1,,,,,,,0,,,57,0
40320,note_on,,0,0,1,,,,,,,0,,,35,100
40320,note_on,,0,0,1,,,,,,,0,,,62,100
40320,note_on,,24,0,2,,,,,,,1,,,73,100
40320,note_on,,12,0,1,,,,,,,0,,,68,100
40320,note_on,,0,0,1,,,,,,,0,,,47,100
40548,note_on,,228,0,1,,,,,,,0,,,62,0
40548,note_on,,228,0,2,,,,,,,1,,,73,0
40548,note_on,,0,0,1,,,,,,,0,,,68,0
40560,note_on,,12,0,1,,,,,,,0,,,59,100
40560,note_on,,12,0,2,,,,,,,1,,,71,100
40788,note_on,,228,0,2,,,,,,,1,,,71,0
40788,note_on,,228,0,1,,,,,,,0,,,59,0
40800,note_on,,0,0,1,,,,,,,0,,,68,100
40800,note_on,,12,0,2,,,,,,,1,,,69,100
40800,note_on,,12,0,1,,,,,,,0,,,62,100
41028,note_on,,228,0,2,,,,,,,1,,,69,0
41028,note_on,,228,0,1,,,,,,,0,,,68,0
41028,note_on,,0,0,1,,,,,,,0,,,62,0
41040,note_on,,12,0,1,,,,,,,0,,,59,100
41040,note_on,,12,0,2,,,,,,,1,,,68,100
41256,note_on,,216,0,1,,,,,,,0,,,35,0
41256,note_on,,0,0,1,,,,,,,0,,,47,0
41268,note_on,,228,0,2,,,,,,,1,,,68,0
41268,note_on,,12,0,1,,,,,,,0,,,59,0
41280,note_on,,12,0,2,,,,,,,1,,,66,100
41280,note_on,,0,0,1,,,,,,,0,,,37,100
41280,note_on,,0,0,1,,,,,,,0,,,49,100
41280,note_on,,0,0,1,,,,,,,0,,,66,100
41280,note_on,,0,0,1,,,,,,,0,,,69,100
41280,note_on,,12,0,1,,,,,,,0,,,61,100
41508,note_on,,0,0,1,,,,,,,0,,,61,0
41508,note_on,,228,0,1,,,,,,,0,,,66,0
41508,note_on,,0,0,1,,,,,,,0,,,69,0
41520,note_on,,12,0,1,,,,,,,0,,,57,100
41736,note_on,,456,0,2,,,,,,,1,,,66,0
41748,note_on,,228,0,1,,,,,,,0,,,57,0
41760,note_on,,24,0,2,,,,,,,1,,,69,100
41760,note_on,,12,0,1,,,,,,,0,,,61,100
41760,note_on,,0,0,1,,,,,,,0,,,66,100
41760,note_on,,0,0,1,,,,,,,0,,,69,100
41988,note_on,,0,0,1,,,,,,,0,,,61,0
41988,note_on,,0,0,1,,,,,,,0,,,66,0
41988,note_on,,228,0,1,,,,,,,0,,,69,0
42000,note_on,,12,0,1,,,,,,,0,,,57,100
42216,note_on,,456,0,2,,,,,,,1,,,69,0
42216,note_on,,216,0,1,,,,,,,0,,,37,0
42216,note_on,,0,0,1,,,,,,,0,,,49,0
42228,note_on,,12,0,1,,,,,,,0,,,57,0
42240,note_on,,24,0,2,,,,,,,1,,,68,100
42240,note_on,,12,0,1,,,,,,,0,,,61,100
42240,note_on,,0,0,1,,,,,,,0,,,37,100
42240,note_on,,0,0,1,,,,,,,0,,,49,100
42240,note_on,,0,0,1,,,,,,,0,,,65,100
42468,note_on,,0,0,1,,,,,,,0,,,61,0
42468,note_on,,228,0,1,,,,,,,0,,,65,0
42480,note_on,,12,0,1,,,,,,,0,,,59,100
42696,note_on,,456,0,2,,,,,,,1,,,68,0
42708,note_on,,228,0,1,,,,,,,0,,,59,0
42720,note_on,,24,0,2,,,,,,,1,,,73,100
42720,note_on,,12,0,1,,,,,,,0,,,61,100
42720,note_on,,0,0,1,,,,,,,0,,,65,100
42948,note_on,,228,0,1,,,,,,,0,,,65,0
42948,note_on,,0,0,1,,,,,,,0,,,61,0
42960,note_on,,12,0,1,,,,,,,0,,,59,100
43176,note_on,,456,0,2,,,,,,,1,,,73,0
43176,note_on,,216,0,1,,,,,,,0,,,37,0
43176,note_on,,0,0,1,,,,,,,0,,,49,0
43188,note_on,,12,0,1,,,,,,,0,,,59,0
43200,note_on,,24,0,2,,,,,,,1,,,66,100
43200,note_on,,0,0,1,,,,,,,0,,,61,100
43200,note_on,,12,0,1,,,,,,,0,,,42,100
43200,note_on,,0,0,1,,,,,,,0,,,66,100
43200,note_on,,0,0,1,,,,,,,0,,,57,100
43220,control_change,,20,0,2,,,,,7,94,1,,,,
43220,control_change,,20,0,1,,,,,7,79,0,,,,
43240,control_change,,20,0,1,,,,,7,78,0,,,,
43240,control_change,,20,0,2,,,,,7,93,1,,,,
43260,control_change,,20,0,1,,,,,7,77,0,,,,
43260,control_change,,20,0,2,,,,,7,92,1,,,,
43280,control_change,,20,0,2,,,,,7,91,1,,,,
43280,control_change,,20,0,1,,,,,7,76,0,,,,
43300,control_change,,20,0,2,,,,,7,90,1,,,,
43300,control_change,,20,0,1,,,,,7,75,0,,,,
43320,control_change,,20,0,2,,,,,7,89,1,,,,
43320,control_change,,20,0,1,,,,,7,74,0,,,,
43340,control_change,,20,0,1,,,,,7,73,0,,,,
43340,control_change,,20,0,2,,,,,7,88,1,,,,
43360,control_change,,20,0,2,,,,,7,86,1,,,,
43360,control_change,,20,0,1,,,,,7,72,0,,,,
43380,control_change,,20,0,1,,,,,7,71,0,,,,
43380,control_change,,20,0,2,,,,,7,85,1,,,,
43400,control_change,,20,0,2,,,,,7,84,1,,,,
43400,control_change,,20,0,1,,,,,7,70,0,,,,
43420,control_change,,20,0,2,,,,,7,83,1,,,,
43440,control_change,,20,0,2,,,,,7,82,1,,,,
43440,control_change,,40,0,1,,,,,7,69,0,,,,
43460,control_change,,20,0,1,,,,,7,68,0,,,,
43460,control_change,,20,0,2,,,,,7,81,1,,,,
43480,control_change,,20,0,1,,,,,7,67,0,,,,
43480,control_change,,20,0,2,,,,,7,80,1,,,,
43500,control_change,,20,0,2,,,,,7,79,1,,,,
43500,control_change,,20,0,1,,,,,7,66,0,,,,
43520,control_change,,20,0,2,,,,,7,78,1,,,,
43520,control_change,,20,0,1,,,,,7,65,0,,,,
43540,control_change,,20,0,2,,,,,7,77,1,,,,
43540,control_change,,20,0,1,,,,,7,64,0,,,,
43560,control_change,,20,0,2,,,,,7,76,1,,,,
43560,control_change,,20,0,1,,,,,7,63,0,,,,
43580,control_change,,20,0,2,,,,,7,75,1,,,,
43580,control_change,,20,0,1,,,,,7,62,0,,,,
43600,control_change,,20,0,2,,,,,7,74,1,,,,
43600,control_change,,20,0,1,,,,,7,61,0,,,,
43620,control_change,,20,0,2,,,,,7,73,1,,,,
43620,control_change,,20,0,1,,,,,7,60,0,,,,
43640,control_change,,20,0,2,,,,,7,71,1,,,,
43640,control_change,,20,0,1,,,,,7,59,0,,,,
43660,control_change,,20,0,2,,,,,7,70,1,,,,
43660,control_change,,20,0,1,,,,,7,58,0,,,,
43680,control_change,,20,0,1,,,,,7,57,0,,,,
43680,control_change,,20,0,2,,,,,7,69,1,,,,
43700,control_change,,20,0,2,,,,,7,68,1,,,,
43700,control_change,,20,0,1,,,,,7,56,0,,,,
43720,control_change,,20,0,2,,,,,7,67,1,,,,
43720,control_change,,20,0,1,,,,,7,55,0,,,,
43740,control_change,,20,0,2,,,,,7,66,1,,,,
43740,control_change,,20,0,1,,,,,7,54,0,,,,
43760,control_change,,20,0,2,,,,,7,65,1,,,,
43760,control_change,,20,0,1,,,,,7,53,0,,,,
43780,control_change,,20,0,1,,,,,7,52,0,,,,
43780,control_change,,20,0,2,,,,,7,64,1,,,,
43800,control_change,,20,0,1,,,,,7,51,0,,,,
43800,control_change,,20,0,2,,,,,7,63,1,,,,
43820,control_change,,20,0,2,,,,,7,62,1,,,,
43820,control_change,,20,0,1,,,,,7,50,0,,,,
43840,control_change,,20,0,2,,,,,7,61,1,,,,
43860,control_change,,40,0,1,,,,,7,49,0,,,,
43860,control_change,,20,0,2,,,,,7,60,1,,,,
43880,control_change,,20,0,2,,,,,7,59,1,,,,
43880,control_change,,20,0,1,,,,,7,48,0,,,,
43900,control_change,,20,0,2,,,,,7,58,1,,,,
43900,control_change,,20,0,1,,,,,7,47,0,,,,
43920,control_change,,20,0,1,,,,,7,46,0,,,,
43920,control_change,,20,0,2,,,,,7,56,1,,,,
43940,control_change,,20,0,1,,,,,7,45,0,,,,
43940,control_change,,20,0,2,,,,,7,55,1,,,,
43960,control_change,,20,0,1,,,,,7,44,0,,,,
43960,control_change,,20,0,2,,,,,7,54,1,,,,
43980,control_change,,20,0,1,,,,,7,43,0,,,,
43980,control_change,,20,0,2,,,,,7,53,1,,,,
44000,control_change,,20,0,2,,,,,7,52,1,,,,
44000,control_change,,20,0,1,,,,,7,42,0,,,,
44020,control_change,,20,0,2,,,,,7,51,1,,,,
44020,control_change,,20,0,1,,,,,7,41,0,,,,
44040,control_change,,20,0,2,,,,,7,50,1,,,,
44040,control_change,,20,0,1,,,,,7,40,0,,,,
44136,note_on,,96,0,2,,,,,,,1,,,66,0
44616,note_on,,0,0,1,,,,,,,0,,,42,0
44616,note_on,,0,0,1,,,,,,,0,,,57,0
44616,note_on,,0,0,1,,,,,,,0,,,61,0
44616,note_on,,576,0,1,,,,,,,0,,,66,0
44640,set_tempo,499969,20160,1,0,,,,,,,,,,,
45120,note_on,,0,0,1,,,,,,,0,,,42,100
45120,control_change,,0,0,1,,,,,32,0,0,,,,
45120,key_signature,,0,1,1,,,,,,,,,A,,
45120,control_change,,0,0,1,,,,,1,0,0,,,,
45120,program_change,,0,0,1,,,,,,,0,0,,,
45120,control_change,,0,0,1,,,,,93,0,0,,,,
45120,control_change,,0,0,1,,,,,91,0,0,,,,
45120,control_change,,0,0,1,,,,,10,64,0,,,,
45120,note_on,,0,0,1,,,,,,,0,,,74,100
45120,key_signature,,0,1,1,,,,,,,,,A,,
45120,control_change,,0,0,1,,,,,0,0,0,,,,
45120,control_change,,984,0,2,,,,,7,127,1,,,,
45120,control_change,,0,0,2,,,,,0,0,1,,,,
45120,control_change,,0,0,2,,,,,32,0,1,,,,
45120,program_change,,0,0,2,,,,,,,1,53,,,
45120,control_change,,0,0,2,,,,,1,0,1,,,,
45120,control_change,,0,0,2,,,,,10,64,1,,,,
45120,control_change,,0,0,2,,,,,91,0,1,,,,
45120,control_change,,0,0,2,,,,,93,0,1,,,,
45120,key_signature,,0,1,2,,,,,,,,,A,,
45120,set_tempo,624897,480,1,0,,,,,,,,,,,
45120,control_change,,504,0,1,,,,,7,95,0,,,,
45576,note_on,,456,0,1,,,,,,,0,,,42,0
45600,note_on,,24,0,1,,,,,,,0,,,54,100
45828,note_on,,228,0,1,,,,,,,0,,,74,0
45840,note_on,,12,0,1,,,,,,,0,,,73,100
46068,note_on,,228,0,1,,,,,,,0,,,73,0
46080,note_on,,12,0,1,,,,,,,0,,,71,100
46080,note_on,,0,0,1,,,,,,,0,,,65,100
46080,note_on,,0,0,1,,,,,,,0,,,62,100
46308,note_on,,228,0,1,,,,,,,0,,,71,0
46320,note_on,,12,0,1,,,,,,,0,,,73,100
46536,note_on,,216,0,1,,,,,,,0,,,62,0
46536,note_on,,0,0,1,,,,,,,0,,,54,0
46548,note_on,,12,0,1,,,,,,,0,,,73,0
46560,note_on,,0,0,1,,,,,,,0,,,59,100
46560,note_on,,12,0,1,,,,,,,0,,,74,100
46788,note_on,,228,0,1,,,,,,,0,,,74,0
46800,note_on,,12,0,1,,,,,,,0,,,80,100
47016,note_on,,216,0,1,,,,,,,0,,,59,0
47016,note_on,,0,0,1,,,,,,,0,,,65,0
47028,note_on,,12,0,1,,,,,,,0,,,80,0
47040,note_on,,12,0,1,,,,,,,0,,,78,100
47040,note_on,,0,0,1,,,,,,,0,,,66,100
47040,note_on,,0,0,1,,,,,,,0,,,57,100
47496,note_on,,456,0,1,,,,,,,0,,,57,0
47496,note_on,,0,0,1,,,,,,,0,,,78,0
47520,note_on,,0,0,1,,,,,,,0,,,61,100
47520,note_on,,24,0,1,,,,,,,0,,,78,100
47976,note_on,,0,0,1,,,,,,,0,,,66,0
47976,note_on,,456,0,1,,,,,,,0,,,61,0
47976,note_on,,0,0,1,,,,,,,0,,,78,0
48000,note_on,,24,0,1,,,,,,,0,,,74,100
48000,note_on,,0,0,1,,,,,,,0,,,42,100
48456,note_on,,456,0,1,,,,,,,0,,,42,0
48480,note_on,,24,0,1,,,,,,,0,,,54,100
48708,note_on,,228,0,1,,,,,,,0,,,74,0
48720,note_on,,12,0,1,,,,,,,0,,,73,100
48948,note_on,,228,0,1,,,,,,,0,,,73,0
48960,note_on,,0,0,1,,,,,,,0,,,65,100
48960,note_on,,12,0,1,,,,,,,0,,,71,100
48960,note_on,,0,0,1,,,,,,,0,,,62,100
49188,note_on,,228,0,1,,,,,,,0,,,71,0
49200,note_on,,12,0,1,,,,,,,0,,,73,100
49416,note_on,,0,0,1,,,,,,,0,,,54,0
49416,note_on,,216,0,1,,,,,,,0,,,62,0
49428,note_on,,12,0,1,,,,,,,0,,,73,0
49440,note_on,,12,0,1,,,,,,,0,,,74,100
49440,note_on,,0,0,1,,,,,,,0,,,59,100
49668,note_on,,228,0,1,,,,,,,0,,,74,0
49680,note_on,,12,0,1,,,,,,,0,,,80,100
49896,note_on,,0,0,1,,,,,,,0,,,65,0
49896,note_on,,216,0,1,,,,,,,0,,,59,0
49908,note_on,,12,0,1,,,,,,,0,,,80,0
49920,note_on,,0,0,1,,,,,,,0,,,57,100
49920,note_on,,12,0,1,,,,,,,0,,,66,100
49920,note_on,,0,0,1,,,,,,,0,,,78,100
50376,note_on,,456,0,1,,,,,,,0,,,57,0
50400,note_on,,24,0,1,,,,,,,0,,,61,100
50856,note_on,,456,0,1,,,,,,,0,,,78,0
50856,note_on,,0,0,1,,,,,,,0,,,66,0
50856,note_on,,0,0,1,,,,,,,0,,,61,0
50880,note_on,,24,0,1,,,,,,,0,,,77,100
50880,note_on,,0,0,1,,,,,,,0,,,46,100
50880,note_on,,0,0,1,,,,,,,0,,,52,100
50880,note_on,,0,0,1,,,,,,,0,,,54,100
50880,note_on,,0,0,1,,,,,,,0,,,61,100
51108,note_on,,228,0,1,,,,,,,0,,,77,0
51120,note_on,,12,0,1,,,,,,,0,,,78,100
51336,note_on,,0,0,1,,,,,,,0,,,46,0
51336,note_on,,0,0,1,,,,,,,0,,,52,0
51336,note_on,,0,0,1,,,,,,,0,,,54,0
51336,note_on,,216,0,1,,,,,,,0,,,61,0
51348,note_on,,12,0,1,,,,,,,0,,,78,0
51360,note_on,,0,0,1,,,,,,,0,,,54,100
51360,note_on,,0,0,1,,,,,,,0,,,50,100
51360,note_on,,0,0,1,,,,,,,0,,,47,100
51360,note_on,,12,0,1,,,,,,,0,,,76,100
51360,note_on,,0,0,1,,,,,,,0,,,59,100
51390,note_on,,30,0,1,,,,,,,0,,,78,100
51416,note_on,,26,0,1,,,,,,,0,,,76,0
51420,note_on,,4,0,1,,,,,,,0,,,76,100
51446,note_on,,26,0,1,,,,,,,0,,,78,0
51588,note_on,,142,0,1,,,,,,,0,,,76,0
51600,note_on,,12,0,1,,,,,,,0,,,74,100
51816,note_on,,216,0,1,,,,,,,0,,,59,0
51816,note_on,,0,0,1,,,,,,,0,,,54,0
51816,note_on,,0,0,1,,,,,,,0,,,50,0
51816,note_on,,0,0,1,,,,,,,0,,,47,0
51828,note_on,,12,0,1,,,,,,,0,,,74,0
51840,note_on,,12,0,1,,,,,,,0,,,72,100
51840,note_on,,0,0,1,,,,,,,0,,,49,100
51840,note_on,,0,0,1,,,,,,,0,,,53,100
51840,note_on,,0,0,1,,,,,,,0,,,59,100
52068,note_on,,228,0,1,,,,,,,0,,,72,0
52080,note_on,,12,0,1,,,,,,,0,,,73,100
52296,note_on,,0,0,1,,,,,,,0,,,49,0
52296,note_on,,216,0,1,,,,,,,0,,,59,0
52296,note_on,,0,0,1,,,,,,,0,,,53,0
52308,note_on,,12,0,1,,,,,,,0,,,73,0
52320,note_on,,0,0,1,,,,,,,0,,,59,100
52320,note_on,,12,0,1,,,,,,,0,,,71,100
52320,note_on,,0,0,1,,,,,,,0,,,50,100
52320,note_on,,0,0,1,,,,,,,0,,,54,100
52350,note_on,,30,0,1,,,,,,,0,,,73,100
52376,note_on,,26,0,1,,,,,,,0,,,71,0
52380,note_on,,4,0,1,,,,,,,0,,,71,100
52406,note_on,,26,0,1,,,,,,,0,,,73,0
52548,note_on,,142,0,1,,,,,,,0,,,71,0
52560,note_on,,12,0,1,,,,,,,0,,,69,100
52776,note_on,,216,0,1,,,,,,,0,,,59,0
52776,note_on,,0,0,1,,,,,,,0,,,54,0
52776,note_on,,0,0,1,,,,,,,0,,,50,0
52788,note_on,,12,0,1,,,,,,,0,,,69,0
52800,note_on,,0,0,1,,,,,,,0,,,62,100
52800,note_on,,0,0,1,,,,,,,0,,,47,100
52800,note_on,,12,0,1,,,,,,,0,,,68,100
52800,note_on,,0,0,1,,,,,,,0,,,54,100
52830,note_on,,30,0,1,,,,,,,0,,,69,100
52856,note_on,,26,0,1,,,,,,,0,,,68,0
52860,note_on,,4,0,1,,,,,,,0,,,68,100
52886,note_on,,26,0,1,,,,,,,0,,,69,0
53028,note_on,,142,0,1,,,,,,,0,,,68,0
53040,note_on,,12,0,1,,,,,,,0,,,66,100
53256,note_on,,216,0,1,,,,,,,0,,,62,0
53256,note_on,,0,0,1,,,,,,,0,,,54,0
53256,note_on,,0,0,1,,,,,,,0,,,47,0
53268,note_on,,12,0,1,,,,,,,0,,,66,0
53280,note_on,,0,0,1,,,,,,,0,,,59,100
53280,note_on,,0,0,1,,,,,,,0,,,53,100
53280,note_on,,0,0,1,,,,,,,0,,,49,100
53280,note_on,,12,0,1,,,,,,,0,,,68,100
53508,note_on,,228,0,1,,,,,,,0,,,68,0
53520,note_on,,12,0,1,,,,,,,0,,,73,100
53736,note_on,,0,0,1,,,,,,,0,,,49,0
53736,note_on,,0,0,1,,,,,,,0,,,53,0
53736,note_on,,216,0,1,,,,,,,0,,,59,0
53748,note_on,,12,0,1,,,,,,,0,,,73,0
53760,note_on,,12,0,1,,,,,,,0,,,66,100
53760,note_on,,0,0,1,,,,,,,0,,,57,100
53760,note_on,,0,0,1,,,,,,,0,,,42,100
53784,set_tempo,627457,8664,1,0,,,,,,,,,,,
53808,set_tempo,630273,24,1,0,,,,,,,,,,,
53832,set_tempo,632833,24,1,0,,,,,,,,,,,
53856,set_tempo,635649,24,1,0,,,,,,,,,,,
53880,set_tempo,638209,24,1,0,,,,,,,,,,,
53904,set_tempo,641025,24,1,0,,,,,,,,,,,
53928,set_tempo,643841,24,1,0,,,,,,,,,,,
53952,set_tempo,646657,24,1,0,,,,,,,,,,,
53976,set_tempo,649473,24,1,0,,,,,,,,,,,
54000,set_tempo,652289,24,1,0,,,,,,,,,,,
54024,set_tempo,655361,24,1,0,,,,,,,,,,,
54048,set_tempo,658177,24,1,0,,,,,,,,,,,
54072,set_tempo,660993,24,1,0,,,,,,,,,,,
54096,set_tempo,664065,24,1,0,,,,,,,,,,,
54120,set_tempo,667137,24,1,0,,,,,,,,,,,
54144,set_tempo,669953,24,1,0,,,,,,,,,,,
54168,set_tempo,673025,24,1,0,,,,,,,,,,,
54192,set_tempo,676097,24,1,0,,,,,,,,,,,
54216,note_on,,456,0,1,,,,,,,0,,,42,0
54216,set_tempo,679169,24,1,0,,,,,,,,,,,
54216,note_on,,0,0,1,,,,,,,0,,,66,0
54216,note_on,,0,0,1,,,,,,,0,,,57,0
54240,note_on,,0,0,1,,,,,,,0,,,53,100
54240,set_tempo,682497,24,1,0,,,,,,,,,,,
54240,note_on,,0,0,1,,,,,,,0,,,69,100
54240,note_on,,24,0,1,,,,,,,0,,,61,100
54264,set_tempo,685569,24,1,0,,,,,,,,,,,
54288,set_tempo,688641,24,1,0,,,,,,,,,,,
54312,set_tempo,691969,24,1,0,,,,,,,,,,,
54336,set_tempo,695297,24,1,0,,,,,,,,,,,
54360,set_tempo,698369,24,1,0,,,,,,,,,,,
54384,set_tempo,701697,24,1,0,,,,,,,,,,,
54392,note_on,,152,0,1,,,,,,,0,,,53,0
54399,note_on,,7,0,1,,,,,,,0,,,54,100
54408,set_tempo,705025,24,1,0,,,,,,,,,,,
54432,set_tempo,708353,24,1,0,,,,,,,,,,,
54456,set_tempo,711937,24,1,0,,,,,,,,,,,
54480,set_tempo,715265,24,1,0,,,,,,,,,,,
54504,set_tempo,718849,24,1,0,,,,,,,,,,,
54528,set_tempo,722177,24,1,0,,,,,,,,,,,
54551,note_on,,152,0,1,,,,,,,0,,,54,0
54552,set_tempo,725761,24,1,0,,,,,,,,,,,
54559,note_on,,8,0,1,,,,,,,0,,,49,100
54576,set_tempo,729345,24,1,0,,,,,,,,,,,
54600,set_tempo,732929,24,1,0,,,,,,,,,,,
54624,set_tempo,736513,24,1,0,,,,,,,,,,,
54648,set_tempo,740353,24,1,0,,,,,,,,,,,
54672,set_tempo,743937,24,1,0,,,,,,,,,,,
54696,set_tempo,747777,24,1,0,,,,,,,,,,,
54696,note_on,,137,0,1,,,,,,,0,,,69,0
54696,note_on,,0,0,1,,,,,,,0,,,61,0
54710,note_on,,14,0,1,,,,,,,0,,,49,0
54720,set_tempo,751617,24,1,0,,,,,,,,,,,
54720,note_on,,0,0,1,,,,,,,0,,,57,100
54720,note_on,,10,0,1,,,,,,,0,,,42,100
54720,note_on,,0,0,1,,,,,,,0,,,66,100
54744,set_tempo,755457,24,1,0,,,,,,,,,,,
54768,set_tempo,759297,24,1,0,,,,,,,,,,,
54792,set_tempo,763137,24,1,0,,,,,,,,,,,
54816,set_tempo,767233,24,1,0,,,,,,,,,,,
54840,set_tempo,771073,24,1,0,,,,,,,,,,,
54864,set_tempo,775169,24,1,0,,,,,,,,,,,
54888,set_tempo,779265,24,1,0,,,,,,,,,,,
54912,set_tempo,783361,24,1,0,,,,,,,,,,,
54936,set_tempo,787457,24,1,0,,,,,,,,,,,
54960,set_tempo,791553,24,1,0,,,,,,,,,,,
54984,set_tempo,795905,24,1,0,,,,,,,,,,,
55008,set_tempo,800257,24,1,0,,,,,,,,,,,
55032,set_tempo,804609,24,1,0,,,,,,,,,,,
55056,set_tempo,808961,24,1,0,,,,,,,,,,,
55080,set_tempo,813313,24,1,0,,,,,,,,,,,
55104,set_tempo,817921,24,1,0,,,,,,,,,,,
55128,set_tempo,822529,24,1,0,,,,,,,,,,,
55152,set_tempo,826881,24,1,0,,,,,,,,,,,
55176,note_on,,456,0,1,,,,,,,0,,,57,0
55176,note_on,,0,0,1,,,,,,,0,,,66,0
55176,note_on,,0,0,1,,,,,,,0,,,42,0
55176,set_tempo,831745,24,1,0,,,,,,,,,,,
55200,set_tempo,836353,24,1,0,,,,,,,,,,,
55200,note_on,,24,0,1,,,,,,,0,,,61,100
55200,note_on,,0,0,1,,,,,,,0,,,69,100
55200,note_on,,0,0,1,,,,,,,0,,,53,100
55224,set_tempo,840961,24,1,0,,,,,,,,,,,
55248,set_tempo,845825,24,1,0,,,,,,,,,,,
55272,set_tempo,850689,24,1,0,,,,,,,,,,,
55296,set_tempo,855553,24,1,0,,,,,,,,,,,
55320,set_tempo,860673,24,1,0,,,,,,,,,,,
55344,set_tempo,865537,24,1,0,,,,,,,,,,,
55352,note_on,,152,0,1,,,,,,,0,,,53,0
55359,note_on,,7,0,1,,,,,,,0,,,54,100
55368,set_tempo,870657,24,1,0,,,,,,,,,,,
55392,set_tempo,875777,24,1,0,,,,,,,,,,,
55416,set_tempo,881153,24,1,0,,,,,,,,,,,
55440,set_tempo,886273,24,1,0,,,,,,,,,,,
55464,set_tempo,891649,24,1,0,,,,,,,,,,,
55488,set_tempo,897025,24,1,0,,,,,,,,,,,
55511,note_on,,152,0,1,,,,,,,0,,,54,0
55512,set_tempo,902401,24,1,0,,,,,,,,,,,
55519,note_on,,8,0,1,,,,,,,0,,,49,100
55536,set_tempo,908033,24,1,0,,,,,,,,,,,
55560,set_tempo,913665,24,1,0,,,,,,,,,,,
55584,set_tempo,919297,24,1,0,,,,,,,,,,,
55599,set_tempo,922881,15,1,0,,,,,,,,,,,
55656,note_on,,137,0,1,,,,,,,0,,,69,0
55656,note_on,,0,0,1,,,,,,,0,,,61,0
55670,note_on,,14,0,1,,,,,,,0,,,49,0
55678,note_on,,8,0,1,,,,,,,0,,,42,100
55680,note_on,,0,0,1,,,,,,,0,,,57,100
55680,note_on,,2,0,1,,,,,,,0,,,66,100
56614,note_on,,934,0,1,,,,,,,0,,,42,0
56616,note_on,,2,0,1,,,,,,,0,,,57,0
56616,note_on,,0,0,1,,,,,,,0,,,66,0
56640,note_on,,0,0,2,,,,,,,1,,,73,100
56640,set_tempo,999937,1041,1,0,,,,,,,,,,,
56640,note_on,,0,0,1,,,,,,,0,,,57,100
56640,control_change,,11520,0,2,,,,,7,95,1,,,,
56640,note_on,,0,0,1,,,,,,,0,,,69,100
56640,note_on,,0,0,1,,,,,,,0,,,73,100
56640,control_change,,24,0,1,,,,,7,80,0,,,,
56640,note_on,,0,0,1,,,,,,,0,,,64,100
57096,note_on,,456,0,1,,,,,,,0,,,57,0
57096,note_on,,0,0,1,,,,,,,0,,,69,0
57096,note_on,,0,0,1,,,,,,,0,,,73,0
57096,note_on,,456,0,2,,,,,,,1,,,73,0
57096,note_on,,0,0,1,,,,,,,0,,,64,0
57120,note_on,,24,0,1,,,,,,,0,,,50,100
57120,note_on,,0,0,1,,,,,,,0,,,62,100
57120,note_on,,0,0,1,,,,,,,0,,,66,100
57120,note_on,,0,0,1,,,,,,,0,,,71,100
57120,note_on,,24,0,2,,,,,,,1,,,74,100
57576,note_on,,0,0,1,,,,,,,0,,,50,0
57576,note_on,,0,0,1,,,,,,,0,,,62,0
57576,note_on,,456,0,1,,,,,,,0,,,71,0
57576,note_on,,456,0,2,,,,,,,1,,,74,0
57576,note_on,,0,0,1,,,,,,,0,,,66,0
57600,note_on,,24,0,1,,,,,,,0,,,52,100
57600,note_on,,0,0,1,,,,,,,0,,,62,100
57600,note_on,,0,0,1,,,,,,,0,,,68,100
57600,note_on,,24,0,2,,,,,,,1,,,71,100
57600,note_on,,0,0,1,,,,,,,0,,,64,100
57828,note_on,,228,0,2,,,,,,,1,,,71,0
57840,note_on,,12,0,2,,,,,,,1,,,66,100
58068,note_on,,228,0,2,,,,,,,1,,,66,0
58080,note_on,,12,0,2,,,,,,,1,,,68,100
58308,note_on,,228,0,2,,,,,,,1,,,68,0
58320,note_on,,12,0,2,,,,,,,1,,,64,100
58536,note_on,,936,0,1,,,,,,,0,,,68,0
58536,note_on,,0,0,1,,,,,,,0,,,52,0
58536,note_on,,0,0,1,,,,,,,0,,,62,0
58536,note_on,,0,0,1,,,,,,,0,,,64,0
58548,note_on,,228,0,2,,,,,,,1,,,64,0
58560,note_on,,0,0,1,,,,,,,0,,,64,100
58560,note_on,,0,0,1,,,,,,,0,,,69,100
58560,note_on,,24,0,1,,,,,,,0,,,45,100
58560,note_on,,12,0,2,,,,,,,1,,,73,100
58560,note_on,,0,0,1,,,,,,,0,,,61,100
58776,note_on,,216,0,2,,,,,,,1,,,73,0
58800,note_on,,24,0,2,,,,,,,1,,,73,100
58914,note_on,,114,0,2,,,,,,,1,,,73,0
58920,note_on,,6,0,2,,,,,,,1,,,71,100
59034,note_on,,114,0,2,,,,,,,1,,,71,0
59040,note_on,,6,0,2,,,,,,,1,,,69,100
59496,note_on,,456,0,2,,,,,,,1,,,69,0
59496,note_on,,936,0,1,,,,,,,0,,,69,0
59496,note_on,,0,0,1,,,,,,,0,,,45,0
59496,note_on,,0,0,1,,,,,,,0,,,61,0
59496,note_on,,0,0,1,,,,,,,0,,,64,0
59520,note_on,,24,0,2,,,,,,,1,,,69,100
59520,note_on,,0,0,1,,,,,,,0,,,61,100
59520,note_on,,0,0,1,,,,,,,0,,,54,100
59520,note_on,,24,0,1,,,,,,,0,,,69,100
59520,note_on,,0,0,1,,,,,,,0,,,66,100
59976,note_on,,456,0,1,,,,,,,0,,,54,0
59976,note_on,,0,0,1,,,,,,,0,,,66,0
59976,note_on,,456,0,2,,,,,,,1,,,69,0
59976,note_on,,0,0,1,,,,,,,0,,,61,0
59976,note_on,,0,0,1,,,,,,,0,,,69,0
60000,note_on,,24,0,1,,,,,,,0,,,47,100
60000,note_on,,0,0,1,,,,,,,0,,,62,100
60000,note_on,,0,0,1,,,,,,,0,,,68,100
60000,note_on,,24,0,2,,,,,,,1,,,71,100
60456,note_on,,456,0,2,,,,,,,1,,,71,0
60456,note_on,,456,0,1,,,,,,,0,,,68,0
60456,note_on,,0,0,1,,,,,,,0,,,62,0
60456,note_on,,0,0,1,,,,,,,0,,,47,0
60480,note_on,,0,0,1,,,,,,,0,,,61,100
60480,note_on,,24,0,2,,,,,,,1,,,68,100
60480,note_on,,24,0,1,,,,,,,0,,,49,100
60480,note_on,,0,0,1,,,,,,,0,,,65,100
60480,note_on,,0,0,1,,,,,,,0,,,59,100
60480,note_on,,0,0,1,,,,,,,0,,,68,100
60708,note_on,,228,0,2,,,,,,,1,,,68,0
60720,note_on,,12,0,2,,,,,,,1,,,63,100
60948,note_on,,228,0,2,,,,,,,1,,,63,0
60960,note_on,,12,0,2,,,,,,,1,,,65,100
61188,note_on,,228,0,2,,,,,,,1,,,65,0
61200,note_on,,12,0,2,,,,,,,1,,,61,100
61416,note_on,,0,0,1,,,,,,,0,,,68,0
61416,note_on,,0,0,1,,,,,,,0,,,65,0
61416,note_on,,0,0,1,,,,,,,0,,,61,0
61416,note_on,,0,0,1,,,,,,,0,,,49,0
61416,note_on,,936,0,1,,,,,,,0,,,59,0
61428,note_on,,228,0,2,,,,,,,1,,,61,0
61440,note_on,,0,0,1,,,,,,,0,,,66,100
61440,note_on,,0,0,1,,,,,,,0,,,57,100
61440,note_on,,24,0,1,,,,,,,0,,,61,100
61440,note_on,,12,0,2,,,,,,,1,,,69,100
61440,note_on,,0,0,1,,,,,,,0,,,42,100
61896,note_on,,456,0,1,,,,,,,0,,,42,0
61896,note_on,,456,0,2,,,,,,,1,,,69,0
61920,note_on,,24,0,2,,,,,,,1,,,66,100
61920,note_on,,24,0,1,,,,,,,0,,,54,100
62376,note_on,,456,0,1,,,,,,,0,,,54,0
62376,note_on,,0,0,1,,,,,,,0,,,57,0
62376,note_on,,0,0,1,,,,,,,0,,,66,0
62376,note_on,,0,0,1,,,,,,,0,,,61,0
62376,note_on,,456,0,2,,,,,,,1,,,66,0
62400,note_on,,24,0,1,,,,,,,0,,,47,127
62880,note_on,,480,0,1,,,,,,,0,,,66,100
62880,note_on,,504,0,2,,,,,,,1,,,68,100
62880,note_on,,0,0,1,,,,,,,0,,,62,100
62880,note_on,,0,0,1,,,,,,,0,,,56,100
63108,note_on,,0,0,1,,,,,,,0,,,62,0
63108,note_on,,228,0,2,,,,,,,1,,,68,0
63108,note_on,,0,0,1,,,,,,,0,,,66,0
63108,note_on,,228,0,1,,,,,,,0,,,56,0
63120,note_on,,12,0,2,,,,,,,1,,,68,100
63348,note_on,,228,0,2,,,,,,,1,,,68,0
63360,note_on,,252,0,1,,,,,,,0,,,66,100
63360,note_on,,12,0,2,,,,,,,1,,,68,100
63360,note_on,,0,0,1,,,,,,,0,,,56,100
63360,note_on,,0,0,1,,,,,,,0,,,62,100
63588,note_on,,228,0,2,,,,,,,1,,,68,0
63600,note_on,,12,0,2,,,,,,,1,,,68,100
63745,note_on,,385,0,1,,,,,,,0,,,47,0
63816,note_on,,71,0,1,,,,,,,0,,,56,0
63816,note_on,,0,0,1,,,,,,,0,,,62,0
63816,note_on,,0,0,1,,,,,,,0,,,66,0
63828,note_on,,228,0,2,,,,,,,1,,,68,0
63840,note_on,,0,0,1,,,,,,,0,,,45,127
63840,note_on,,12,0,2,,,,,,,1,,,66,100
63840,note_on,,24,0,1,,,,,,,0,,,56,100
63840,note_on,,0,0,1,,,,,,,0,,,62,100
63840,note_on,,0,0,1,,,,,,,0,,,66,100
64068,note_on,,228,0,2,,,,,,,1,,,66,0
64068,note_on,,228,0,1,,,,,,,0,,,45,0
64080,note_on,,12,0,2,,,,,,,1,,,68,100
64080,note_on,,12,0,1,,,,,,,0,,,47,100
64296,note_on,,0,0,1,,,,,,,0,,,56,0
64296,note_on,,0,0,1,,,,,,,0,,,62,0
64296,note_on,,216,0,1,,,,,,,0,,,66,0
64308,note_on,,228,0,2,,,,,,,1,,,68,0
64308,note_on,,12,0,1,,,,,,,0,,,47,0
64320,note_on,,0,0,1,,,,,,,0,,,66,100
64320,note_on,,0,0,1,,,,,,,0,,,61,100
64320,note_on,,0,0,1,,,,,,,0,,,57,100
64320,note_on,,12,0,1,,,,,,,0,,,49,100
64320,note_on,,12,0,2,,,,,,,1,,,71,100
64776,note_on,,0,0,1,,,,,,,0,,,57,0
64776,note_on,,0,0,1,,,,,,,0,,,61,0
64776,note_on,,456,0,1,,,,,,,0,,,66,0
64776,note_on,,456,0,2,,,,,,,1,,,71,0
64800,note_on,,0,0,1,,,,,,,0,,,57,100
64800,note_on,,0,0,1,,,,,,,0,,,61,100
64800,note_on,,24,0,1,,,,,,,0,,,66,100
64800,note_on,,24,0,2,,,,,,,1,,,69,100
65256,note_on,,0,0,1,,,,,,,0,,,66,0
65256,note_on,,0,0,1,,,,,,,0,,,61,0
65256,note_on,,0,0,1,,,,,,,0,,,57,0
65256,note_on,,456,0,1,,,,,,,0,,,49,0
65256,note_on,,456,0,2,,,,,,,1,,,69,0
65280,note_on,,0,0,1,,,,,,,0,,,50,127
65280,control_change,,0,0,1,,,,,7,80,0,,,,
65280,control_change,,24,0,1,,,,,7,40,0,,,,
65280,set_tempo,499969,8640,1,0,,,,,,,,,,,
65280,control_change,,24,0,2,,,,,7,50,1,,,,
65280,control_change,,0,0,2,,,,,7,95,1,,,,
65280,set_tempo,999937,0,1,0,,,,,,,,,,,
65520,note_on,,240,0,2,,,,,,,1,,,68,100
65748,note_on,,228,0,2,,,,,,,1,,,68,0
65760,note_on,,0,0,1,,,,,,,0,,,56,100
65760,note_on,,0,0,1,,,,,,,0,,,59,100
65760,note_on,,480,0,1,,,,,,,0,,,66,100
65760,note_on,,12,0,2,,,,,,,1,,,68,100
65988,note_on,,228,0,2,,,,,,,1,,,68,0
66000,note_on,,12,0,2,,,,,,,1,,,68,100
66216,note_on,,456,0,1,,,,,,,0,,,56,0
66216,note_on,,0,0,1,,,,,,,0,,,66,0
66216,note_on,,0,0,1,,,,,,,0,,,59,0
66228,note_on,,228,0,2,,,,,,,1,,,68,0
66240,note_on,,0,0,1,,,,,,,0,,,66,100
66240,note_on,,0,0,1,,,,,,,0,,,59,100
66240,note_on,,24,0,1,,,,,,,0,,,56,100
66240,note_on,,12,0,2,,,,,,,1,,,68,100
66468,note_on,,228,0,2,,,,,,,1,,,68,0
66480,note_on,,12,0,2,,,,,,,1,,,68,100
66696,note_on,,456,0,1,,,,,,,0,,,66,0
66696,note_on,,0,0,1,,,,,,,0,,,59,0
66696,note_on,,0,0,1,,,,,,,0,,,56,0
66696,note_on,,0,0,1,,,,,,,0,,,50,0
66708,note_on,,228,0,2,,,,,,,1,,,68,0
66720,note_on,,0,0,1,,,,,,,0,,,66,100
66720,note_on,,12,0,2,,,,,,,1,,,66,100
66720,note_on,,24,0,1,,,,,,,0,,,56,100
66720,note_on,,0,0,1,,,,,,,0,,,59,100
66720,note_on,,0,0,1,,,,,,,0,,,49,100
66948,note_on,,228,0,2,,,,,,,1,,,66,0
66948,note_on,,228,0,1,,,,,,,0,,,49,0
66960,note_on,,12,0,1,,,,,,,0,,,50,100
66960,note_on,,12,0,2,,,,,,,1,,,68,100
67176,note_on,,216,0,1,,,,,,,0,,,66,0
67176,note_on,,0,0,1,,,,,,,0,,,56,0
67176,note_on,,0,0,1,,,,,,,0,,,59,0
67188,note_on,,228,0,2,,,,,,,1,,,68,0
67188,note_on,,12,0,1,,,,,,,0,,,50,0
67200,note_on,,12,0,2,,,,,,,1,,,71,100
67200,note_on,,12,0,1,,,,,,,0,,,56,100
67200,note_on,,0,0,1,,,,,,,0,,,60,100
67200,note_on,,0,0,1,,,,,,,0,,,66,100
67200,note_on,,0,0,1,,,,,,,0,,,51,100
67656,note_on,,456,0,2,,,,,,,1,,,71,0
67656,note_on,,456,0,1,,,,,,,0,,,51,0
67656,note_on,,0,0,1,,,,,,,0,,,66,0
67656,note_on,,0,0,1,,,,,,,0,,,60,0
67656,note_on,,0,0,1,,,,,,,0,,,56,0
67680,note_on,,0,0,1,,,,,,,0,,,44,100
67680,note_on,,24,0,1,,,,,,,0,,,66,100
67680,note_on,,0,0,1,,,,,,,0,,,60,100
67680,note_on,,0,0,1,,,,,,,0,,,56,100
67680,note_on,,24,0,2,,,,,,,1,,,69,100
67908,note_on,,228,0,2,,,,,,,1,,,69,0
67920,note_on,,12,0,2,,,,,,,1,,,68,100
68136,note_on,,0,0,1,,,,,,,0,,,56,0
68136,note_on,,0,0,1,,,,,,,0,,,60,0
68136,note_on,,0,0,1,,,,,,,0,,,66,0
68136,note_on,,456,0,1,,,,,,,0,,,44,0
68148,note_on,,228,0,2,,,,,,,1,,,68,0
68160,note_on,,24,0,1,,,,,,,0,,,49,100
68160,note_on,,0,0,1,,,,,,,0,,,56,100
68160,note_on,,0,0,1,,,,,,,0,,,59,100
68160,note_on,,0,0,1,,,,,,,0,,,61,100
68160,note_on,,0,0,1,,,,,,,0,,,66,100
68160,note_on,,12,0,2,,,,,,,1,,,68,100
68184,set_tempo,1004545,2904,1,0,,,,,,,,,,,
68208,set_tempo,1009409,24,1,0,,,,,,,,,,,
68232,set_tempo,1014273,24,1,0,,,,,,,,,,,
68256,set_tempo,1019393,24,1,0,,,,,,,,,,,
68280,set_tempo,1024257,24,1,0,,,,,,,,,,,
68304,set_tempo,1029377,24,1,0,,,,,,,,,,,
68328,set_tempo,1034241,24,1,0,,,,,,,,,,,
68352,set_tempo,1039361,24,1,0,,,,,,,,,,,
68376,set_tempo,1044737,24,1,0,,,,,,,,,,,
68400,set_tempo,1049857,24,1,0,,,,,,,,,,,
68424,set_tempo,1055233,24,1,0,,,,,,,,,,,
68448,set_tempo,1060609,24,1,0,,,,,,,,,,,
68472,set_tempo,1065985,24,1,0,,,,,,,,,,,
68496,set_tempo,1071361,24,1,0,,,,,,,,,,,
68520,set_tempo,1076737,24,1,0,,,,,,,,,,,
68544,set_tempo,1082369,24,1,0,,,,,,,,,,,
68568,set_tempo,1088001,24,1,0,,,,,,,,,,,
68592,set_tempo,1093633,24,1,0,,,,,,,,,,,
68616,set_tempo,1099265,24,1,0,,,,,,,,,,,
68616,note_on,,456,0,1,,,,,,,0,,,66,0
68640,set_tempo,1105153,24,1,0,,,,,,,,,,,
68640,note_on,,24,0,1,,,,,,,0,,,65,100
68664,set_tempo,1111041,24,1,0,,,,,,,,,,,
68688,set_tempo,1116929,24,1,0,,,,,,,,,,,
68712,set_tempo,1122817,24,1,0,,,,,,,,,,,
68736,set_tempo,1128961,24,1,0,,,,,,,,,,,
68760,set_tempo,1135105,24,1,0,,,,,,,,,,,
68784,set_tempo,1141249,24,1,0,,,,,,,,,,,
68808,set_tempo,1147393,24,1,0,,,,,,,,,,,
68832,set_tempo,1153793,24,1,0,,,,,,,,,,,
68856,set_tempo,1160193,24,1,0,,,,,,,,,,,
68861,note_on,,701,0,2,,,,,,,1,,,68,0
68880,set_tempo,1166593,24,1,0,,,,,,,,,,,
68880,note_on,,19,0,2,,,,,,,1,,,66,100
68904,set_tempo,1172993,24,1,0,,,,,,,,,,,
68928,set_tempo,1179649,24,1,0,,,,,,,,,,,
68952,set_tempo,1186305,24,1,0,,,,,,,,,,,
68976,set_tempo,1192961,24,1,0,,,,,,,,,,,
69000,set_tempo,1199873,24,1,0,,,,,,,,,,,
69096,note_on,,0,0,1,,,,,,,0,,,49,0
69096,note_on,,0,0,1,,,,,,,0,,,59,0
69096,note_on,,0,0,1,,,,,,,0,,,56,0
69096,note_on,,456,0,1,,,,,,,0,,,65,0
69096,note_on,,0,0,1,,,,,,,0,,,61,0
69108,note_on,,228,0,2,,,,,,,1,,,66,0
69120,note_on,,12,0,2,,,,,,,1,,,66,100
69120,note_on,,24,0,1,,,,,,,0,,,66,100
69120,note_on,,0,0,1,,,,,,,0,,,61,100
69120,note_on,,0,0,1,,,,,,,0,,,57,100
69120,note_on,,0,0,1,,,,,,,0,,,42,100
69576,note_on,,0,0,1,,,,,,,0,,,57,0
69576,note_on,,456,0,1,,,,,,,0,,,42,0
69576,note_on,,0,0,1,,,,,,,0,,,66,0
69576,note_on,,456,0,2,,,,,,,1,,,66,0
69576,note_on,,0,0,1,,,,,,,0,,,61,0
69600,note_on,,24,0,1,,,,,,,0,,,73,100
69600,set_tempo,999937,600,1,0,,,,,,,,,,,
69828,note_on,,228,0,1,,,,,,,0,,,73,0
69840,note_on,,12,0,1,,,,,,,0,,,71,100
70068,note_on,,228,0,1,,,,,,,0,,,71,0
70080,note_on,,12,0,1,,,,,,,0,,,69,100
70232,note_on,,152,0,1,,,,,,,0,,,69,0
70239,note_on,,7,0,1,,,,,,,0,,,73,100
70391,note_on,,152,0,1,,,,,,,0,,,73,0
70399,note_on,,8,0,1,,,,,,,0,,,68,100
70550,note_on,,151,0,1,,,,,,,0,,,68,0
70560,note_on,,10,0,1,,,,,,,0,,,66,100
70712,note_on,,152,0,1,,,,,,,0,,,66,0
70719,note_on,,7,0,1,,,,,,,0,,,73,100
70871,note_on,,152,0,1,,,,,,,0,,,73,0
70879,note_on,,8,0,1,,,,,,,0,,,69,100
71030,note_on,,151,0,1,,,,,,,0,,,69,0
71040,note_on,,1464,0,2,,,,,,,1,,,73,100
71040,note_on,,0,0,1,,,,,,,0,,,64,100
71040,note_on,,0,0,1,,,,,,,0,,,69,100
71040,note_on,,0,0,1,,,,,,,0,,,73,100
71040,note_on,,10,0,1,,,,,,,0,,,57,100
71496,note_on,,0,0,1,,,,,,,0,,,57,0
71496,note_on,,0,0,1,,,,,,,0,,,73,0
71496,note_on,,0,0,1,,,,,,,0,,,69,0
71496,note_on,,456,0,2,,,,,,,1,,,73,0
71496,note_on,,456,0,1,,,,,,,0,,,64,0
71520,note_on,,24,0,2,,,,,,,1,,,74,100
71520,note_on,,0,0,1,,,,,,,0,,,71,100
71520,note_on,,0,0,1,,,,,,,0,,,66,100
71520,note_on,,0,0,1,,,,,,,0,,,62,100
71520,note_on,,24,0,1,,,,,,,0,,,50,100
71976,note_on,,0,0,1,,,,,,,0,,,50,0
71976,note_on,,0,0,1,,,,,,,0,,,62,0
71976,note_on,,0,0,1,,,,,,,0,,,66,0
71976,note_on,,456,0,1,,,,,,,0,,,71,0
71976,note_on,,456,0,2,,,,,,,1,,,74,0
72000,note_on,,24,0,2,,,,,,,1,,,71,100
72000,note_on,,24,0,1,,,,,,,0,,,52,100
72000,note_on,,0,0,1,,,,,,,0,,,62,100
72000,note_on,,0,0,1,,,,,,,0,,,64,100
72000,note_on,,0,0,1,,,,,,,0,,,68,100
72228,note_on,,228,0,2,,,,,,,1,,,71,0
72240,note_on,,12,0,2,,,,,,,1,,,66,100
72468,note_on,,228,0,2,,,,,,,1,,,66,0
72480,note_on,,12,0,2,,,,,,,1,,,68,100
72708,note_on,,228,0,2,,,,,,,1,,,68,0
72720,note_on,,12,0,2,,,,,,,1,,,64,100
72936,note_on,,936,0,1,,,,,,,0,,,68,0
72936,note_on,,0,0,1,,,,,,,0,,,64,0
72936,note_on,,0,0,1,,,,,,,0,,,62,0
72936,note_on,,0,0,1,,,,,,,0,,,52,0
72948,note_on,,228,0,2,,,,,,,1,,,64,0
72960,note_on,,12,0,2,,,,,,,1,,,73,100
72960,note_on,,0,0,1,,,,,,,0,,,69,100
72960,note_on,,0,0,1,,,,,,,0,,,64,100
72960,note_on,,0,0,1,,,,,,,0,,,61,100
72960,note_on,,24,0,1,,,,,,,0,,,45,100
73176,note_on,,216,0,2,,,,,,,1,,,73,0
73200,note_on,,24,0,2,,,,,,,1,,,73,100
73314,note_on,,114,0,2,,,,,,,1,,,73,0
73320,note_on,,6,0,2,,,,,,,1,,,71,100
73434,note_on,,114,0,2,,,,,,,1,,,71,0
73440,note_on,,6,0,2,,,,,,,1,,,69,100
73896,note_on,,936,0,1,,,,,,,0,,,69,0
73896,note_on,,0,0,1,,,,,,,0,,,64,0
73896,note_on,,0,0,1,,,,,,,0,,,45,0
73896,note_on,,0,0,1,,,,,,,0,,,61,0
73896,note_on,,456,0,2,,,,,,,1,,,69,0
73920,note_on,,0,0,1,,,,,,,0,,,66,100
73920,note_on,,24,0,2,,,,,,,1,,,69,100
73920,note_on,,24,0,1,,,,,,,0,,,54,100
73920,note_on,,0,0,1,,,,,,,0,,,69,100
73920,note_on,,0,0,1,,,,,,,0,,,61,100
74376,note_on,,0,0,1,,,,,,,0,,,54,0
74376,note_on,,0,0,1,,,,,,,0,,,69,0
74376,note_on,,456,0,1,,,,,,,0,,,61,0
74376,note_on,,0,0,1,,,,,,,0,,,66,0
74376,note_on,,456,0,2,,,,,,,1,,,69,0
74400,note_on,,24,0,2,,,,,,,1,,,71,100
74400,note_on,,24,0,1,,,,,,,0,,,47,100
74400,note_on,,0,0,1,,,,,,,0,,,62,100
74400,note_on,,0,0,1,,,,,,,0,,,68,100
74856,note_on,,456,0,2,,,,,,,1,,,71,0
74856,note_on,,0,0,1,,,,,,,0,,,62,0
74856,note_on,,0,0,1,,,,,,,0,,,47,0
74856,note_on,,456,0,1,,,,,,,0,,,68,0
74880,note_on,,24,0,2,,,,,,,1,,,68,100
74880,note_on,,24,0,1,,,,,,,0,,,49,100
74880,note_on,,0,0,1,,,,,,,0,,,61,100
74880,note_on,,0,0,1,,,,,,,0,,,65,100
74880,note_on,,0,0,1,,,,,,,0,,,68,100
74880,note_on,,0,0,1,,,,,,,0,,,59,100
75108,note_on,,228,0,2,,,,,,,1,,,68,0
75120,note_on,,12,0,2,,,,,,,1,,,63,100
75348,note_on,,228,0,2,,,,,,,1,,,63,0
75360,note_on,,12,0,2,,,,,,,1,,,65,100
75588,note_on,,228,0,2,,,,,,,1,,,65,0
75600,note_on,,12,0,2,,,,,,,1,,,61,100
75816,note_on,,0,0,1,,,,,,,0,,,68,0
75816,note_on,,0,0,1,,,,,,,0,,,49,0
75816,note_on,,936,0,1,,,,,,,0,,,59,0
75816,note_on,,0,0,1,,,,,,,0,,,65,0
75816,note_on,,0,0,1,,,,,,,0,,,61,0
75828,note_on,,228,0,2,,,,,,,1,,,61,0
75840,note_on,,24,0,1,,,,,,,0,,,42,100
75840,note_on,,0,0,1,,,,,,,0,,,66,100
75840,note_on,,0,0,1,,,,,,,0,,,57,100
75840,note_on,,0,0,1,,,,,,,0,,,61,100
75840,note_on,,12,0,2,,,,,,,1,,,69,100
76296,note_on,,456,0,1,,,,,,,0,,,42,0
76296,note_on,,456,0,2,,,,,,,1,,,69,0
76320,note_on,,24,0,2,,,,,,,1,,,66,100
76320,note_on,,24,0,1,,,,,,,0,,,54,100
76776,note_on,,456,0,2,,,,,,,1,,,66,0
76776,note_on,,456,0,1,,,,,,,0,,,54,0
76776,note_on,,0,0,1,,,,,,,0,,,57,0
76776,note_on,,0,0,1,,,,,,,0,,,66,0
76776,note_on,,0,0,1,,,,,,,0,,,61,0
76800,note_on,,24,0,2,,,,,,,1,,,68,100
76800,note_on,,24,0,1,,,,,,,0,,,48,100
76800,note_on,,0,0,1,,,,,,,0,,,56,100
76800,note_on,,0,0,1,,,,,,,0,,,63,100
76800,note_on,,0,0,1,,,,,,,0,,,66,100
77256,note_on,,456,0,1,,,,,,,0,,,66,0
77256,note_on,,0,0,1,,,,,,,0,,,63,0
77256,note_on,,0,0,1,,,,,,,0,,,56,0
77280,note_on,,0,0,1,,,,,,,0,,,63,100
77280,note_on,,24,0,1,,,,,,,0,,,56,100
77280,note_on,,0,0,1,,,,,,,0,,,66,100
77508,note_on,,708,0,2,,,,,,,1,,,68,0
77520,note_on,,12,0,2,,,,,,,1,,,68,100
77736,note_on,,456,0,1,,,,,,,0,,,66,0
77736,note_on,,0,0,1,,,,,,,0,,,63,0
77736,note_on,,0,0,1,,,,,,,0,,,56,0
77736,note_on,,0,0,1,,,,,,,0,,,48,0
77748,note_on,,228,0,2,,,,,,,1,,,68,0
77760,note_on,,24,0,1,,,,,,,0,,,47,100
77760,note_on,,0,0,1,,,,,,,0,,,56,100
77760,note_on,,0,0,1,,,,,,,0,,,62,100
77760,note_on,,0,0,1,,,,,,,0,,,65,100
77760,note_on,,12,0,2,,,,,,,1,,,68,100
77988,note_on,,228,0,2,,,,,,,1,,,68,0
78000,note_on,,12,0,2,,,,,,,1,,,68,100
78216,note_on,,0,0,1,,,,,,,0,,,62,0
78216,note_on,,456,0,1,,,,,,,0,,,65,0
78216,note_on,,0,0,1,,,,,,,0,,,56,0
78228,note_on,,228,0,2,,,,,,,1,,,68,0
78240,note_on,,24,0,1,,,,,,,0,,,56,100
78240,note_on,,0,0,1,,,,,,,0,,,62,100
78240,note_on,,0,0,1,,,,,,,0,,,64,100
78240,note_on,,12,0,2,,,,,,,1,,,69,100
78468,note_on,,228,0,2,,,,,,,1,,,69,0
78480,note_on,,12,0,2,,,,,,,1,,,71,100
78696,note_on,,0,0,1,,,,,,,0,,,47,0
78696,note_on,,0,0,1,,,,,,,0,,,56,0
78696,note_on,,0,0,1,,,,,,,0,,,62,0
78696,note_on,,456,0,1,,,,,,,0,,,64,0
78708,note_on,,228,0,2,,,,,,,1,,,71,0
78720,note_on,,0,0,1,,,,,,,0,,,61,100
78720,note_on,,0,0,1,,,,,,,0,,,57,100
78720,note_on,,24,0,1,,,,,,,0,,,45,100
78720,note_on,,12,0,2,,,,,,,1,,,73,100
78720,note_on,,0,0,1,,,,,,,0,,,64,100
79176,note_on,,456,0,2,,,,,,,1,,,73,0
79176,note_on,,0,0,1,,,,,,,0,,,61,0
79176,note_on,,456,0,1,,,,,,,0,,,64,0
79176,note_on,,0,0,1,,,,,,,0,,,57,0
79200,note_on,,24,0,1,,,,,,,0,,,69,100
79200,note_on,,0,0,1,,,,,,,0,,,61,100
79200,note_on,,0,0,1,,,,,,,0,,,64,100
79200,note_on,,24,0,2,,,,,,,1,,,73,100
79656,note_on,,456,0,1,,,,,,,0,,,45,0
79656,note_on,,0,0,1,,,,,,,0,,,64,0
79656,note_on,,0,0,1,,,,,,,0,,,61,0
79656,note_on,,0,0,1,,,,,,,0,,,69,0
79656,note_on,,456,0,2,,,,,,,1,,,73,0
79680,note_on,,0,0,1,,,,,,,0,,,62,100
79680,note_on,,0,0,1,,,,,,,0,,,67,100
79680,note_on,,24,0,2,,,,,,,1,,,73,100
79680,note_on,,24,0,1,,,,,,,0,,,47,100
79908,note_on,,228,0,2,,,,,,,1,,,73,0
79908,note_on,,0,0,1,,,,,,,0,,,62,0
79908,note_on,,228,0,1,,,,,,,0,,,67,0
79920,note_on,,12,0,2,,,,,,,1,,,71,100
79920,note_on,,12,0,1,,,,,,,0,,,59,100
80148,note_on,,228,0,2,,,,,,,1,,,71,0
80148,note_on,,228,0,1,,,,,,,0,,,59,0
80160,note_on,,0,0,1,,,,,,,0,,,67,100
80160,note_on,,12,0,1,,,,,,,0,,,62,100
80160,note_on,,12,0,2,,,,,,,1,,,74,100
80388,note_on,,228,0,2,,,,,,,1,,,74,0
80388,note_on,,228,0,1,,,,,,,0,,,67,0
80388,note_on,,0,0,1,,,,,,,0,,,62,0
80400,note_on,,12,0,1,,,,,,,0,,,59,100
80400,note_on,,12,0,2,,,,,,,1,,,67,100
80616,note_on,,216,0,1,,,,,,,0,,,47,0
80628,note_on,,228,0,2,,,,,,,1,,,67,0
80628,note_on,,12,0,1,,,,,,,0,,,59,0
80640,note_on,,12,0,2,,,,,,,1,,,66,100
80640,note_on,,0,0,1,,,,,,,0,,,49,100
80640,note_on,,12,0,1,,,,,,,0,,,61,100
80640,note_on,,0,0,1,,,,,,,0,,,66,100
80680,control_change,,40,0,2,,,,,7,96,1,,,,
80700,control_change,,60,0,1,,,,,7,81,0,,,,
80740,control_change,,60,0,2,,,,,7,97,1,,,,
80780,control_change,,80,0,1,,,,,7,82,0,,,,
80800,control_change,,60,0,2,,,,,7,98,1,,,,
80840,control_change,,40,0,2,,,,,7,99,1,,,,
80860,control_change,,80,0,1,,,,,7,83,0,,,,
80868,note_on,,8,0,1,,,,,,,0,,,66,0
80868,note_on,,0,0,1,,,,,,,0,,,61,0
80880,note_on,,12,0,1,,,,,,,0,,,56,100
80900,control_change,,60,0,2,,,,,7,100,1,,,,
80940,control_change,,60,0,1,,,,,7,84,0,,,,
80960,control_change,,60,0,2,,,,,7,101,1,,,,
81020,control_change,,80,0,1,,,,,7,85,0,,,,
81020,control_change,,60,0,2,,,,,7,102,1,,,,
81080,control_change,,60,0,2,,,,,7,103,1,,,,
81096,note_on,,16,0,2,,,,,,,1,,,66,0
81108,note_on,,88,0,1,,,,,,,0,,,56,0
81120,note_on,,0,0,1,,,,,,,0,,,37,100
81120,note_on,,0,0,1,,,,,,,0,,,61,100
81120,control_change,,12,0,1,,,,,7,86,0,,,,
81120,control_change,,24,0,2,,,,,7,104,1,,,,
81120,note_on,,0,0,2,,,,,,,1,,,68,100
81120,note_on,,0,0,1,,,,,,,0,,,65,100
81180,control_change,,60,0,2,,,,,7,105,1,,,,
81200,control_change,,80,0,1,,,,,7,87,0,,,,
81240,control_change,,60,0,2,,,,,7,106,1,,,,
81280,control_change,,80,0,1,,,,,7,88,0,,,,
81300,control_change,,60,0,2,,,,,7,107,1,,,,
81348,note_on,,0,0,1,,,,,,,0,,,61,0
81348,note_on,,68,0,1,,,,,,,0,,,65,0
81360,note_on,,0,0,1,,,,,,,0,,,56,100
81360,control_change,,60,0,2,,,,,7,108,1,,,,
81360,control_change,,12,0,1,,,,,7,89,0,,,,
81400,control_change,,40,0,2,,,,,7,109,1,,,,
81440,control_change,,80,0,1,,,,,7,90,0,,,,
81460,control_change,,60,0,2,,,,,7,110,1,,,,
81576,note_on,,136,0,1,,,,,,,0,,,37,0
81576,note_on,,0,0,1,,,,,,,0,,,49,0
81576,note_on,,116,0,2,,,,,,,1,,,68,0
81588,note_on,,12,0,1,,,,,,,0,,,56,0
81600,note_on,,0,0,1,,,,,,,0,,,66,100
81600,note_on,,24,0,2,,,,,,,1,,,75,100
81600,note_on,,0,0,1,,,,,,,0,,,48,100
81600,note_on,,12,0,1,,,,,,,0,,,63,100
81600,note_on,,0,0,1,,,,,,,0,,,68,100
81600,note_on,,0,0,1,,,,,,,0,,,36,100
81640,control_change,,40,0,2,,,,,7,109,1,,,,
81660,control_change,,60,0,1,,,,,7,89,0,,,,
81700,control_change,,60,0,2,,,,,7,108,1,,,,
81740,control_change,,80,0,1,,,,,7,88,0,,,,
81740,control_change,,40,0,2,,,,,7,107,1,,,,
81800,control_change,,60,0,2,,,,,7,106,1,,,,
81820,control_change,,80,0,1,,,,,7,87,0,,,,
81828,note_on,,8,0,1,,,,,,,0,,,66,0
81828,note_on,,0,0,1,,,,,,,0,,,63,0
81828,note_on,,0,0,1,,,,,,,0,,,68,0
81840,note_on,,12,0,1,,,,,,,0,,,56,100
81860,control_change,,60,0,2,,,,,7,105,1,,,,
81900,control_change,,60,0,1,,,,,7,86,0,,,,
81920,control_change,,60,0,2,,,,,7,104,1,,,,
81980,control_change,,80,0,1,,,,,7,85,0,,,,
81980,control_change,,60,0,2,,,,,7,103,1,,,,
82020,control_change,,40,0,2,,,,,7,102,1,,,,
82056,note_on,,36,0,2,,,,,,,1,,,75,0
82068,note_on,,88,0,1,,,,,,,0,,,56,0
82080,note_on,,0,0,1,,,,,,,0,,,68,100
82080,note_on,,0,0,1,,,,,,,0,,,66,100
82080,note_on,,0,0,1,,,,,,,0,,,63,100
82080,control_change,,12,0,1,,,,,7,84,0,,,,
82080,note_on,,0,0,2,,,,,,,1,,,68,100
82080,control_change,,24,0,2,,,,,7,101,1,,,,
82140,control_change,,60,0,2,,,,,7,100,1,,,,
82160,control_change,,80,0,1,,,,,7,83,0,,,,
82200,control_change,,60,0,2,,,,,7,99,1,,,,
82240,control_change,,80,0,1,,,,,7,82,0,,,,
82260,control_change,,60,0,2,,,,,7,98,1,,,,
82300,control_change,,40,0,2,,,,,7,97,1,,,,
82308,note_on,,0,0,1,,,,,,,0,,,63,0
82308,note_on,,0,0,1,,,,,,,0,,,66,0
82308,note_on,,68,0,1,,,,,,,0,,,68,0
82320,control_change,,12,0,1,,,,,7,81,0,,,,
82320,note_on,,0,0,1,,,,,,,0,,,56,100
82360,control_change,,60,0,2,,,,,7,96,1,,,,
82400,control_change,,80,0,1,,,,,7,80,0,,,,
82420,control_change,,60,0,2,,,,,7,95,1,,,,
82536,note_on,,0,0,1,,,,,,,0,,,48,0
82536,note_on,,116,0,2,,,,,,,1,,,68,0
82536,note_on,,136,0,1,,,,,,,0,,,36,0
82548,note_on,,12,0,1,,,,,,,0,,,56,0
82560,note_on,,0,0,1,,,,,,,0,,,48,100
82560,note_on,,0,0,1,,,,,,,0,,,66,100
82560,note_on,,0,0,1,,,,,,,0,,,68,100
82560,note_on,,12,0,1,,,,,,,0,,,63,100
82560,note_on,,0,0,1,,,,,,,0,,,36,100
82560,note_on,,24,0,2,,,,,,,1,,,71,100
82788,note_on,,228,0,1,,,,,,,0,,,66,0
82788,note_on,,0,0,1,,,,,,,0,,,68,0
82788,note_on,,0,0,1,,,,,,,0,,,63,0
82800,note_on,,12,0,1,,,,,,,0,,,56,100
83016,note_on,,456,0,2,,,,,,,1,,,71,0
83028,note_on,,228,0,1,,,,,,,0,,,56,0
83040,note_on,,24,0,2,,,,,,,1,,,69,100
83040,note_on,,0,0,1,,,,,,,0,,,68,100
83040,note_on,,0,0,1,,,,,,,0,,,66,100
83040,note_on,,12,0,1,,,,,,,0,,,63,100
83268,note_on,,228,0,1,,,,,,,0,,,68,0
83268,note_on,,0,0,1,,,,,,,0,,,66,0
83268,note_on,,0,0,1,,,,,,,0,,,63,0
83268,note_on,,228,0,2,,,,,,,1,,,69,0
83280,note_on,,12,0,1,,,,,,,0,,,56,100
83280,note_on,,12,0,2,,,,,,,1,,,68,100
83496,note_on,,216,0,1,,,,,,,0,,,36,0
83496,note_on,,0,0,1,,,,,,,0,,,48,0
83508,note_on,,12,0,1,,,,,,,0,,,56,0
83508,note_on,,228,0,2,,,,,,,1,,,68,0
83520,note_on,,12,0,2,,,,,,,1,,,68,100
83520,note_on,,0,0,1,,,,,,,0,,,35,100
83520,note_on,,0,0,1,,,,,,,0,,,65,100
83520,note_on,,0,0,1,,,,,,,0,,,68,100
83520,note_on,,12,0,1,,,,,,,0,,,62,100
83520,note_on,,0,0,1,,,,,,,0,,,47,100
83596,note_on,,76,0,2,,,,,,,1,,,68,0
83599,note_on,,3,0,2,,,,,,,1,,,69,100
83675,note_on,,76,0,2,,,,,,,1,,,69,0
83679,note_on,,4,0,2,,,,,,,1,,,68,100
83748,note_on,,228,0,1,,,,,,,0,,,65,0
83748,note_on,,0,0,1,,,,,,,0,,,68,0
83748,note_on,,0,0,1,,,,,,,0,,,62,0
83755,note_on,,76,0,2,,,,,,,1,,,68,0
83760,note_on,,5,0,2,,,,,,,1,,,66,100
83760,note_on,,12,0,1,,,,,,,0,,,56,100
83874,note_on,,114,0,2,,,,,,,1,,,66,0
83880,note_on,,6,0,2,,,,,,,1,,,68,100
83976,note_on,,216,0,1,,,,,,,0,,,35,0
83976,note_on,,0,0,1,,,,,,,0,,,47,0
83988,note_on,,12,0,1,,,,,,,0,,,56,0
83994,note_on,,114,0,2,,,,,,,1,,,68,0
84000,note_on,,12,0,1,,,,,,,0,,,62,100
84000,note_on,,0,0,1,,,,,,,0,,,65,100
84000,note_on,,0,0,1,,,,,,,0,,,68,100
84000,note_on,,0,0,1,,,,,,,0,,,40,100
84000,note_on,,6,0,2,,,,,,,1,,,69,100
84228,note_on,,228,0,1,,,,,,,0,,,68,0
84228,note_on,,0,0,1,,,,,,,0,,,62,0
84228,note_on,,0,0,1,,,,,,,0,,,65,0
84228,note_on,,228,0,2,,,,,,,1,,,69,0
84240,note_on,,12,0,1,,,,,,,0,,,56,100
84240,note_on,,12,0,2,,,,,,,1,,,71,100
84456,note_on,,216,0,1,,,,,,,0,,,40,0
84468,note_on,,228,0,2,,,,,,,1,,,71,0
84468,note_on,,12,0,1,,,,,,,0,,,56,0
84480,note_on,,0,0,1,,,,,,,0,,,33,100
84480,note_on,,12,0,2,,,,,,,1,,,74,100
84480,note_on,,0,0,1,,,,,,,0,,,45,100
84480,note_on,,0,0,1,,,,,,,0,,,64,100
84480,note_on,,0,0,1,,,,,,,0,,,69,100
84480,note_on,,12,0,1,,,,,,,0,,,61,100
84708,note_on,,228,0,1,,,,,,,0,,,64,0
84708,note_on,,0,0,1,,,,,,,0,,,69,0
84708,note_on,,0,0,1,,,,,,,0,,,61,0
84720,note_on,,12,0,1,,,,,,,0,,,57,100
84936,note_on,,456,0,2,,,,,,,1,,,74,0
84948,note_on,,228,0,1,,,,,,,0,,,57,0
84960,note_on,,12,0,1,,,,,,,0,,,61,100
84960,note_on,,0,0,1,,,,,,,0,,,64,100
84960,note_on,,0,0,1,,,,,,,0,,,69,100
84960,note_on,,24,0,2,,,,,,,1,,,73,100
85188,note_on,,0,0,1,,,,,,,0,,,61,0
85188,note_on,,0,0,1,,,,,,,0,,,64,0
85188,note_on,,228,0,1,,,,,,,0,,,69,0
85200,note_on,,12,0,1,,,,,,,0,,,57,100
85416,note_on,,216,0,1,,,,,,,0,,,33,0
85416,note_on,,0,0,1,,,,,,,0,,,45,0
85416,note_on,,456,0,2,,,,,,,1,,,73,0
85428,note_on,,12,0,1,,,,,,,0,,,57,0
85440,note_on,,0,0,1,,,,,,,0,,,62,100
85440,note_on,,0,0,1,,,,,,,0,,,35,100
85440,note_on,,24,0,2,,,,,,,1,,,73,100
85440,note_on,,0,0,1,,,,,,,0,,,67,100
85440,note_on,,12,0,1,,,,,,,0,,,47,100
85668,note_on,,228,0,1,,,,,,,0,,,62,0
85668,note_on,,0,0,1,,,,,,,0,,,67,0
85668,note_on,,228,0,2,,,,,,,1,,,73,0
85680,note_on,,12,0,1,,,,,,,0,,,59,100
85680,note_on,,12,0,2,,,,,,,1,,,71,100
85908,note_on,,228,0,2,,,,,,,1,,,71,0
85908,note_on,,228,0,1,,,,,,,0,,,59,0
85920,note_on,,0,0,1,,,,,,,0,,,67,100
85920,note_on,,12,0,1,,,,,,,0,,,62,100
85920,note_on,,12,0,2,,,,,,,1,,,69,100
86148,note_on,,228,0,1,,,,,,,0,,,67,0
86148,note_on,,228,0,2,,,,,,,1,,,69,0
86148,note_on,,0,0,1,,,,,,,0,,,62,0
86160,note_on,,12,0,1,,,,,,,0,,,59,100
86160,note_on,,12,0,2,,,,,,,1,,,67,100
86376,note_on,,216,0,1,,,,,,,0,,,35,0
86376,note_on,,0,0,1,,,,,,,0,,,47,0
86388,note_on,,228,0,2,,,,,,,1,,,67,0
86388,note_on,,12,0,1,,,,,,,0,,,59,0
86400,note_on,,12,0,1,,,,,,,0,,,61,100
86400,note_on,,0,0,1,,,,,,,0,,,69,100
86400,note_on,,0,0,1,,,,,,,0,,,66,100
86400,note_on,,12,0,2,,,,,,,1,,,66,100
86400,note_on,,0,0,1,,,,,,,0,,,49,100
86400,note_on,,0,0,1,,,,,,,0,,,37,100
86628,note_on,,0,0,1,,,,,,,0,,,69,0
86628,note_on,,0,0,1,,,,,,,0,,,61,0
86628,note_on,,228,0,1,,,,,,,0,,,66,0
86640,note_on,,12,0,1,,,,,,,0,,,57,100
86868,note_on,,228,0,1,,,,,,,0,,,57,0
86880,note_on,,0,0,1,,,,,,,0,,,66,100
86880,note_on,,12,0,1,,,,,,,0,,,61,100
86880,note_on,,0,0,1,,,,,,,0,,,69,100
87108,note_on,,0,0,1,,,,,,,0,,,61,0
87108,note_on,,0,0,1,,,,,,,0,,,66,0
87108,note_on,,228,0,1,,,,,,,0,,,69,0
87108,note_on,,708,0,2,,,,,,,1,,,66,0
87120,note_on,,12,0,1,,,,,,,0,,,57,100
87120,note_on,,12,0,2,,,,,,,1,,,69,100
87336,note_on,,216,0,1,,,,,,,0,,,37,0
87336,note_on,,0,0,1,,,,,,,0,,,49,0
87348,note_on,,12,0,1,,,,,,,0,,,57,0
87348,note_on,,228,0,2,,,,,,,1,,,69,0
87360,note_on,,0,0,1,,,,,,,0,,,61,100
87360,note_on,,12,0,1,,,,,,,0,,,49,100
87360,note_on,,12,0,2,,,,,,,1,,,68,100
87360,note_on,,0,0,1,,,,,,,0,,,37,100
87360,note_on,,0,0,1,,,,,,,0,,,65,100
87588,note_on,,228,0,1,,,,,,,0,,,65,0
87588,note_on,,0,0,1,,,,,,,0,,,61,0
87600,note_on,,12,0,1,,,,,,,0,,,59,100
87816,note_on,,456,0,2,,,,,,,1,,,68,0
87828,note_on,,228,0,1,,,,,,,0,,,59,0
87840,note_on,,24,0,2,,,,,,,1,,,73,100
87840,note_on,,0,0,1,,,,,,,0,,,65,100
87840,note_on,,12,0,1,,,,,,,0,,,61,100
88068,note_on,,228,0,1,,,,,,,0,,,65,0
88068,note_on,,0,0,1,,,,,,,0,,,61,0
88080,note_on,,12,0,1,,,,,,,0,,,59,100
88296,note_on,,456,0,2,,,,,,,1,,,73,0
88296,note_on,,0,0,1,,,,,,,0,,,49,0
88296,note_on,,216,0,1,,,,,,,0,,,37,0
88308,note_on,,12,0,1,,,,,,,0,,,59,0
88320,note_on,,0,0,1,,,,,,,0,,,57,100
88320,note_on,,12,0,1,,,,,,,0,,,42,100
88320,note_on,,24,0,2,,,,,,,1,,,66,100
88320,note_on,,0,0,1,,,,,,,0,,,66,100
88320,note_on,,0,0,1,,,,,,,0,,,61,100
88340,control_change,,20,0,2,,,,,7,94,1,,,,
88360,control_change,,20,0,2,,,,,7,93,1,,,,
88380,control_change,,20,0,2,,,,,7,92,1,,,,
88400,control_change,,20,0,2,,,,,7,91,1,,,,
88420,control_change,,20,0,2,,,,,7,90,1,,,,
88440,control_change,,20,0,2,,,,,7,89,1,,,,
88460,control_change,,20,0,2,,,,,7,87,1,,,,
88480,control_change,,20,0,2,,,,,7,86,1,,,,
88500,control_change,,20,0,2,,,,,7,85,1,,,,
88520,control_change,,20,0,2,,,,,7,84,1,,,,
88540,control_change,,20,0,2,,,,,7,83,1,,,,
88560,control_change,,20,0,2,,,,,7,82,1,,,,
88580,control_change,,20,0,2,,,,,7,81,1,,,,
88600,control_change,,20,0,2,,,,,7,80,1,,,,
88620,control_change,,20,0,2,,,,,7,79,1,,,,
88640,control_change,,20,0,2,,,,,7,78,1,,,,
88660,control_change,,20,0,2,,,,,7,77,1,,,,
88680,control_change,,20,0,2,,,,,7,76,1,,,,
88700,control_change,,20,0,2,,,,,7,75,1,,,,
88720,control_change,,20,0,2,,,,,7,74,1,,,,
88740,control_change,,20,0,2,,,,,7,72,1,,,,
88760,control_change,,20,0,2,,,,,7,71,1,,,,
88780,control_change,,20,0,2,,,,,7,70,1,,,,
88800,control_change,,20,0,2,,,,,7,69,1,,,,
88820,control_change,,20,0,2,,,,,7,68,1,,,,
88840,control_change,,20,0,2,,,,,7,67,1,,,,
88860,control_change,,20,0,2,,,,,7,66,1,,,,
88880,control_change,,20,0,2,,,,,7,65,1,,,,
88900,control_change,,20,0,2,,,,,7,64,1,,,,
88920,control_change,,20,0,2,,,,,7,63,1,,,,
88940,control_change,,20,0,2,,,,,7,62,1,,,,
88960,control_change,,20,0,2,,,,,7,61,1,,,,
88980,control_change,,20,0,2,,,,,7,60,1,,,,
89000,control_change,,20,0,2,,,,,7,59,1,,,,
89020,control_change,,20,0,2,,,,,7,57,1,,,,
89040,control_change,,20,0,2,,,,,7,56,1,,,,
89060,control_change,,20,0,2,,,,,7,55,1,,,,
89080,control_change,,20,0,2,,,,,7,54,1,,,,
89100,control_change,,20,0,2,,,,,7,53,1,,,,
89120,control_change,,20,0,2,,,,,7,52,1,,,,
89140,control_change,,20,0,2,,,,,7,51,1,,,,
89160,control_change,,20,0,2,,,,,7,50,1,,,,
89256,note_on,,96,0,2,,,,,,,1,,,66,0
89736,note_on,,1416,0,1,,,,,,,0,,,66,0
89736,note_on,,0,0,1,,,,,,,0,,,61,0
89736,note_on,,0,0,1,,,,,,,0,,,57,0
89736,note_on,,0,0,1,,,,,,,0,,,42,0
89760,set_tempo,499969,20160,1,0,,,,,,,,,,,
90240,set_tempo,624897,480,1,0,,,,,,,,,,,
90240,note_on,,504,0,1,,,,,,,0,,,74,100
90240,note_on,,0,0,1,,,,,,,0,,,42,100
90696,note_on,,456,0,1,,,,,,,0,,,42,0
90720,note_on,,24,0,1,,,,,,,0,,,54,100
90948,note_on,,228,0,1,,,,,,,0,,,74,0
90960,note_on,,12,0,1,,,,,,,0,,,73,100
91188,note_on,,228,0,1,,,,,,,0,,,73,0
91200,note_on,,0,0,1,,,,,,,0,,,62,100
91200,note_on,,12,0,1,,,,,,,0,,,71,100
91200,note_on,,0,0,1,,,,,,,0,,,65,100
91428,note_on,,228,0,1,,,,,,,0,,,71,0
91440,note_on,,12,0,1,,,,,,,0,,,73,100
91656,note_on,,216,0,1,,,,,,,0,,,54,0
91656,note_on,,0,0,1,,,,,,,0,,,62,0
91668,note_on,,12,0,1,,,,,,,0,,,73,0
91680,note_on,,12,0,1,,,,,,,0,,,74,100
91680,note_on,,0,0,1,,,,,,,0,,,59,100
91908,note_on,,228,0,1,,,,,,,0,,,74,0
91920,note_on,,12,0,1,,,,,,,0,,,80,100
92136,note_on,,216,0,1,,,,,,,0,,,59,0
92136,note_on,,0,0,1,,,,,,,0,,,65,0
92148,note_on,,12,0,1,,,,,,,0,,,80,0
92160,note_on,,12,0,1,,,,,,,0,,,78,100
92160,note_on,,0,0,1,,,,,,,0,,,66,100
92160,note_on,,0,0,1,,,,,,,0,,,57,100
92616,note_on,,456,0,1,,,,,,,0,,,57,0
92616,note_on,,0,0,1,,,,,,,0,,,78,0
92640,note_on,,0,0,1,,,,,,,0,,,61,100
92640,note_on,,24,0,1,,,,,,,0,,,78,100
93096,note_on,,456,0,1,,,,,,,0,,,61,0
93096,note_on,,0,0,1,,,,,,,0,,,66,0
93096,note_on,,0,0,1,,,,,,,0,,,78,0
93120,note_on,,24,0,1,,,,,,,0,,,74,100
93120,note_on,,0,0,1,,,,,,,0,,,42,100
93576,note_on,,456,0,1,,,,,,,0,,,42,0
93600,note_on,,24,0,1,,,,,,,0,,,54,100
93828,note_on,,228,0,1,,,,,,,0,,,74,0
93840,note_on,,12,0,1,,,,,,,0,,,73,100
94068,note_on,,228,0,1,,,,,,,0,,,73,0
94080,note_on,,0,0,1,,,,,,,0,,,62,100
94080,note_on,,12,0,1,,,,,,,0,,,71,100
94080,note_on,,0,0,1,,,,,,,0,,,65,100
94308,note_on,,228,0,1,,,,,,,0,,,71,0
94320,note_on,,12,0,1,,,,,,,0,,,73,100
94536,note_on,,216,0,1,,,,,,,0,,,62,0
94536,note_on,,0,0,1,,,,,,,0,,,54,0
94548,note_on,,12,0,1,,,,,,,0,,,73,0
94560,note_on,,12,0,1,,,,,,,0,,,74,100
94560,note_on,,0,0,1,,,,,,,0,,,59,100
94788,note_on,,228,0,1,,,,,,,0,,,74,0
94800,note_on,,12,0,1,,,,,,,0,,,80,100
95016,note_on,,216,0,1,,,,,,,0,,,59,0
95016,note_on,,0,0,1,,,,,,,0,,,65,0
95028,note_on,,12,0,1,,,,,,,0,,,80,0
95040,note_on,,0,0,1,,,,,,,0,,,57,100
95040,note_on,,12,0,1,,,,,,,0,,,78,100
95040,note_on,,0,0,1,,,,,,,0,,,66,100
95496,note_on,,456,0,1,,,,,,,0,,,57,0
95520,note_on,,24,0,1,,,,,,,0,,,61,100
95976,note_on,,456,0,1,,,,,,,0,,,61,0
95976,note_on,,0,0,1,,,,,,,0,,,66,0
95976,note_on,,0,0,1,,,,,,,0,,,78,0
96000,note_on,,0,0,1,,,,,,,0,,,46,100
96000,note_on,,0,0,1,,,,,,,0,,,52,100
96000,note_on,,0,0,1,,,,,,,0,,,54,100
96000,note_on,,0,0,1,,,,,,,0,,,61,100
96000,note_on,,24,0,1,,,,,,,0,,,77,100
96228,note_on,,228,0,1,,,,,,,0,,,77,0
96240,note_on,,12,0,1,,,,,,,0,,,78,100
96456,note_on,,0,0,1,,,,,,,0,,,46,0
96456,note_on,,0,0,1,,,,,,,0,,,52,0
96456,note_on,,0,0,1,,,,,,,0,,,54,0
96456,note_on,,216,0,1,,,,,,,0,,,61,0
96468,note_on,,12,0,1,,,,,,,0,,,78,0
96480,note_on,,0,0,1,,,,,,,0,,,50,100
96480,note_on,,0,0,1,,,,,,,0,,,54,100
96480,note_on,,0,0,1,,,,,,,0,,,59,100
96480,note_on,,0,0,1,,,,,,,0,,,47,100
96480,note_on,,12,0,1,,,,,,,0,,,76,100
96510,note_on,,30,0,1,,,,,,,0,,,78,100
96536,note_on,,26,0,1,,,,,,,0,,,76,0
96540,note_on,,4,0,1,,,,,,,0,,,76,100
96566,note_on,,26,0,1,,,,,,,0,,,78,0
96708,note_on,,142,0,1,,,,,,,0,,,76,0
96720,note_on,,12,0,1,,,,,,,0,,,74,100
96936,note_on,,216,0,1,,,,,,,0,,,59,0
96936,note_on,,0,0,1,,,,,,,0,,,54,0
96936,note_on,,0,0,1,,,,,,,0,,,50,0
96936,note_on,,0,0,1,,,,,,,0,,,47,0
96948,note_on,,12,0,1,,,,,,,0,,,74,0
96960,note_on,,0,0,1,,,,,,,0,,,59,100
96960,note_on,,0,0,1,,,,,,,0,,,49,100
96960,note_on,,12,0,1,,,,,,,0,,,72,100
96960,note_on,,0,0,1,,,,,,,0,,,53,100
97188,note_on,,228,0,1,,,,,,,0,,,72,0
97200,note_on,,12,0,1,,,,,,,0,,,73,100
97416,note_on,,0,0,1,,,,,,,0,,,49,0
97416,note_on,,216,0,1,,,,,,,0,,,59,0
97416,note_on,,0,0,1,,,,,,,0,,,53,0
97428,note_on,,12,0,1,,,,,,,0,,,73,0
97440,note_on,,12,0,1,,,,,,,0,,,71,100
97440,note_on,,0,0,1,,,,,,,0,,,50,100
97440,note_on,,0,0,1,,,,,,,0,,,54,100
97440,note_on,,0,0,1,,,,,,,0,,,59,100
97470,note_on,,30,0,1,,,,,,,0,,,73,100
97496,note_on,,26,0,1,,,,,,,0,,,71,0
97500,note_on,,4,0,1,,,,,,,0,,,71,100
97526,note_on,,26,0,1,,,,,,,0,,,73,0
97668,note_on,,142,0,1,,,,,,,0,,,71,0
97680,note_on,,12,0,1,,,,,,,0,,,69,100
97896,note_on,,216,0,1,,,,,,,0,,,59,0
97896,note_on,,0,0,1,,,,,,,0,,,54,0
97896,note_on,,0,0,1,,,,,,,0,,,50,0
97908,note_on,,12,0,1,,,,,,,0,,,69,0
97920,note_on,,0,0,1,,,,,,,0,,,54,100
97920,note_on,,0,0,1,,,,,,,0,,,62,100
97920,note_on,,0,0,1,,,,,,,0,,,47,100
97920,note_on,,12,0,1,,,,,,,0,,,68,100
97950,note_on,,30,0,1,,,,,,,0,,,69,100
97976,note_on,,26,0,1,,,,,,,0,,,68,0
97980,note_on,,4,0,1,,,,,,,0,,,68,100
98006,note_on,,26,0,1,,,,,,,0,,,69,0
98148,note_on,,142,0,1,,,,,,,0,,,68,0
98160,note_on,,12,0,1,,,,,,,0,,,66,100
98376,note_on,,0,0,1,,,,,,,0,,,47,0
98376,note_on,,216,0,1,,,,,,,0,,,62,0
98376,note_on,,0,0,1,,,,,,,0,,,54,0
98388,note_on,,12,0,1,,,,,,,0,,,66,0
98400,note_on,,0,0,1,,,,,,,0,,,53,100
98400,note_on,,0,0,1,,,,,,,0,,,59,100
98400,note_on,,12,0,1,,,,,,,0,,,68,100
98400,note_on,,0,0,1,,,,,,,0,,,49,100
98628,note_on,,228,0,1,,,,,,,0,,,68,0
98640,note_on,,12,0,1,,,,,,,0,,,73,100
98856,note_on,,216,0,1,,,,,,,0,,,59,0
98856,note_on,,0,0,1,,,,,,,0,,,53,0
98856,note_on,,0,0,1,,,,,,,0,,,49,0
98868,note_on,,12,0,1,,,,,,,0,,,73,0
98880,note_on,,12,0,1,,,,,,,0,,,42,100
98880,note_on,,0,0,1,,,,,,,0,,,57,100
98880,note_on,,0,0,1,,,,,,,0,,,66,100
98904,set_tempo,627969,8664,1,0,,,,,,,,,,,
98928,set_tempo,631297,24,1,0,,,,,,,,,,,
98952,set_tempo,634369,24,1,0,,,,,,,,,,,
98976,set_tempo,637697,24,1,0,,,,,,,,,,,
99000,set_tempo,641025,24,1,0,,,,,,,,,,,
99024,set_tempo,644097,24,1,0,,,,,,,,,,,
99048,set_tempo,647425,24,1,0,,,,,,,,,,,
99072,set_tempo,651009,24,1,0,,,,,,,,,,,
99096,set_tempo,654337,24,1,0,,,,,,,,,,,
99120,set_tempo,657665,24,1,0,,,,,,,,,,,
99144,set_tempo,661249,24,1,0,,,,,,,,,,,
99168,set_tempo,664833,24,1,0,,,,,,,,,,,
99192,set_tempo,668417,24,1,0,,,,,,,,,,,
99216,set_tempo,672001,24,1,0,,,,,,,,,,,
99240,set_tempo,675585,24,1,0,,,,,,,,,,,
99264,set_tempo,679169,24,1,0,,,,,,,,,,,
99288,set_tempo,683009,24,1,0,,,,,,,,,,,
99312,set_tempo,686593,24,1,0,,,,,,,,,,,
99336,set_tempo,690433,24,1,0,,,,,,,,,,,
99336,note_on,,456,0,1,,,,,,,0,,,57,0
99336,note_on,,0,0,1,,,,,,,0,,,66,0
99336,note_on,,0,0,1,,,,,,,0,,,42,0
99360,note_on,,24,0,1,,,,,,,0,,,61,100
99360,set_tempo,694273,24,1,0,,,,,,,,,,,
99360,note_on,,0,0,1,,,,,,,0,,,53,100
99360,note_on,,0,0,1,,,,,,,0,,,69,100
99384,set_tempo,698113,24,1,0,,,,,,,,,,,
99408,set_tempo,702209,24,1,0,,,,,,,,,,,
99432,set_tempo,706049,24,1,0,,,,,,,,,,,
99456,set_tempo,710145,24,1,0,,,,,,,,,,,
99480,set_tempo,714241,24,1,0,,,,,,,,,,,
99504,set_tempo,718337,24,1,0,,,,,,,,,,,
99512,note_on,,152,0,1,,,,,,,0,,,53,0
99519,note_on,,7,0,1,,,,,,,0,,,54,100
99528,set_tempo,722433,24,1,0,,,,,,,,,,,
99552,set_tempo,726529,24,1,0,,,,,,,,,,,
99576,set_tempo,730881,24,1,0,,,,,,,,,,,
99600,set_tempo,735233,24,1,0,,,,,,,,,,,
99624,set_tempo,739585,24,1,0,,,,,,,,,,,
99648,set_tempo,743937,24,1,0,,,,,,,,,,,
99671,note_on,,152,0,1,,,,,,,0,,,54,0
99672,set_tempo,748289,24,1,0,,,,,,,,,,,
99679,note_on,,8,0,1,,,,,,,0,,,49,100
99696,set_tempo,752897,24,1,0,,,,,,,,,,,
99720,set_tempo,757505,24,1,0,,,,,,,,,,,
99744,set_tempo,762113,24,1,0,,,,,,,,,,,
99768,set_tempo,766721,24,1,0,,,,,,,,,,,
99792,set_tempo,771585,24,1,0,,,,,,,,,,,
99816,set_tempo,776193,24,1,0,,,,,,,,,,,
99816,note_on,,0,0,1,,,,,,,0,,,61,0
99816,note_on,,137,0,1,,,,,,,0,,,69,0
99830,note_on,,14,0,1,,,,,,,0,,,49,0
99840,note_on,,0,0,1,,,,,,,0,,,57,100
99840,note_on,,0,0,1,,,,,,,0,,,66,100
99840,note_on,,10,0,1,,,,,,,0,,,42,100
99840,set_tempo,781057,24,1,0,,,,,,,,,,,
99864,set_tempo,785921,24,1,0,,,,,,,,,,,
99888,set_tempo,791041,24,1,0,,,,,,,,,,,
99912,set_tempo,796161,24,1,0,,,,,,,,,,,
99936,set_tempo,801281,24,1,0,,,,,,,,,,,
99960,set_tempo,806401,24,1,0,,,,,,,,,,,
99984,set_tempo,811521,24,1,0,,,,,,,,,,,
100008,set_tempo,816897,24,1,0,,,,,,,,,,,
100032,set_tempo,822273,24,1,0,,,,,,,,,,,
100056,set_tempo,827649,24,1,0,,,,,,,,,,,
100080,set_tempo,833281,24,1,0,,,,,,,,,,,
100104,set_tempo,838913,24,1,0,,,,,,,,,,,
100128,set_tempo,844545,24,1,0,,,,,,,,,,,
100152,set_tempo,850177,24,1,0,,,,,,,,,,,
100176,set_tempo,856065,24,1,0,,,,,,,,,,,
100200,set_tempo,861953,24,1,0,,,,,,,,,,,
100224,set_tempo,867841,24,1,0,,,,,,,,,,,
100248,set_tempo,873985,24,1,0,,,,,,,,,,,
100272,set_tempo,880129,24,1,0,,,,,,,,,,,
100296,note_on,,0,0,1,,,,,,,0,,,42,0
100296,note_on,,0,0,1,,,,,,,0,,,66,0
100296,set_tempo,886529,24,1,0,,,,,,,,,,,
100296,note_on,,456,0,1,,,,,,,0,,,57,0
100320,note_on,,0,0,1,,,,,,,0,,,53,100
100320,note_on,,0,0,1,,,,,,,0,,,69,100
100320,note_on,,24,0,1,,,,,,,0,,,61,100
100320,set_tempo,892673,24,1,0,,,,,,,,,,,
100344,set_tempo,899073,24,1,0,,,,,,,,,,,
100368,set_tempo,905729,24,1,0,,,,,,,,,,,
100392,set_tempo,912385,24,1,0,,,,,,,,,,,
100416,set_tempo,919041,24,1,0,,,,,,,,,,,
100440,set_tempo,925953,24,1,0,,,,,,,,,,,
100464,set_tempo,932609,24,1,0,,,,,,,,,,,
100472,note_on,,152,0,1,,,,,,,0,,,53,0
100479,note_on,,7,0,1,,,,,,,0,,,54,100
100488,set_tempo,939777,24,1,0,,,,,,,,,,,
100512,set_tempo,946945,24,1,0,,,,,,,,,,,
100536,set_tempo,954113,24,1,0,,,,,,,,,,,
100560,set_tempo,961537,24,1,0,,,,,,,,,,,
100584,set_tempo,968961,24,1,0,,,,,,,,,,,
100608,set_tempo,976385,24,1,0,,,,,,,,,,,
100631,note_on,,152,0,1,,,,,,,0,,,54,0
100632,set_tempo,984065,24,1,0,,,,,,,,,,,
100639,note_on,,8,0,1,,,,,,,0,,,49,100
100656,set_tempo,992001,24,1,0,,,,,,,,,,,
100680,set_tempo,999937,24,1,0,,,,,,,,,,,
100776,note_on,,137,0,1,,,,,,,0,,,69,0
100776,note_on,,0,0,1,,,,,,,0,,,61,0
100790,note_on,,14,0,1,,,,,,,0,,,49,0
100798,note_on,,8,0,1,,,,,,,0,,,42,100
100800,note_on,,2,0,1,,,,,,,0,,,66,100
100800,note_on,,0,0,1,,,,,,,0,,,57,100
101734,note_on,,934,0,1,,,,,,,0,,,42,0
101736,note_on,,0,0,1,,,,,,,0,,,66,0
101736,note_on,,2,0,1,,,,,,,0,,,57,0
101760,end_of_track,,1080,1,0,,,,,,,,,,,
101760,end_of_track,,24,1,1,,,,,,,,,,,
101760,end_of_track,,12504,1,2,,,,,,,,,,,
