tick,type,numerator,denominator,clocks_per_click,notated_32nd_notes_per_beat,time,meta,track,key,tempo,program,channel,note,velocity
0,time_signature,6,4,24,8,0,1,0,,,,,,
0,key_signature,,,,,0,1,0,Bbm,,,,,
0,set_tempo,,,,,0,1,0,,333333,,,,
0,track_name,,,,,0,1,1,,,,,,
0,program_change,,,,,0,0,1,,,0,0,,
0,note_on,,,,,0,0,1,,,,0,63,80
0,note_on,,,,,0,0,1,,,,0,69,80
0,note_on,,,,,0,0,1,,,,0,78,80
0,note_on,,,,,0,0,1,,,,0,29,80
0,note_on,,,,,0,0,1,,,,0,41,80
1024,note_on,,,,,0,0,1,,,,0,60,80
1024,note_on,,,,,0,0,1,,,,0,53,80
1024,note_on,,,,,0,0,1,,,,0,77,80
1024,note_on,,,,,0,0,1,,,,0,69,80
1024,note_on,,,,,0,0,1,,,,0,63,80
1024,note_on,,,,,0,0,1,,,,0,48,80
1024,note_off,,,,,0,0,1,,,,0,69,0
1024,note_off,,,,,1024,0,1,,,,0,63,0
1024,note_off,,,,,0,0,1,,,,0,78,0
2048,note_on,,,,,0,0,1,,,,0,60,80
2048,note_on,,,,,0,0,1,,,,0,53,80
2048,note_on,,,,,0,0,1,,,,0,48,80
2048,note_on,,,,,0,0,1,,,,0,76,80
2048,note_on,,,,,0,0,1,,,,0,69,80
2048,note_on,,,,,0,0,1,,,,0,63,80
2048,note_off,,,,,0,0,1,,,,0,60,0
2048,note_off,,,,,0,0,1,,,,0,48,0
2048,note_off,,,,,0,0,1,,,,0,77,0
2048,note_off,,,,,0,0,1,,,,0,69,0
2048,note_off,,,,,1024,0,1,,,,0,63,0
2048,note_off,,,,,0,0,1,,,,0,53,0
3072,note_on,,,,,0,0,1,,,,0,60,80
3072,note_on,,,,,0,0,1,,,,0,53,80
3072,note_on,,,,,0,0,1,,,,0,63,80
3072,note_on,,,,,0,0,1,,,,0,48,80
3072,note_on,,,,,0,0,1,,,,0,75,80
3072,note_on,,,,,0,0,1,,,,0,69,80
3072,note_off,,,,,0,0,1,,,,0,60,0
3072,note_off,,,,,0,0,1,,,,0,76,0
3072,note_off,,,,,0,0,1,,,,0,48,0
3072,note_off,,,,,0,0,1,,,,0,69,0
3072,note_off,,,,,1024,0,1,,,,0,63,0
3072,note_off,,,,,0,0,1,,,,0,53,0
4096,note_on,,,,,0,0,1,,,,0,60,80
4096,note_on,,,,,0,0,1,,,,0,53,80
4096,note_on,,,,,0,0,1,,,,0,73,80
4096,note_on,,,,,0,0,1,,,,0,69,80
4096,note_on,,,,,0,0,1,,,,0,63,80
4096,note_off,,,,,0,0,1,,,,0,60,0
4096,note_on,,,,,0,0,1,,,,0,48,80
4096,note_off,,,,,0,0,1,,,,0,48,0
4096,note_off,,,,,0,0,1,,,,0,75,0
4096,note_off,,,,,0,0,1,,,,0,69,0
4096,note_off,,,,,1024,0,1,,,,0,63,0
4096,note_off,,,,,0,0,1,,,,0,53,0
5120,note_on,,,,,0,0,1,,,,0,60,80
5120,note_on,,,,,0,0,1,,,,0,53,80
5120,note_on,,,,,0,0,1,,,,0,48,80
5120,note_on,,,,,0,0,1,,,,0,72,80
5120,note_on,,,,,0,0,1,,,,0,69,80
5120,note_on,,,,,0,0,1,,,,0,63,80
5120,note_off,,,,,0,0,1,,,,0,60,0
5120,note_off,,,,,0,0,1,,,,0,48,0
5120,note_off,,,,,0,0,1,,,,0,73,0
5120,note_off,,,,,0,0,1,,,,0,69,0
5120,note_off,,,,,1024,0,1,,,,0,63,0
5120,note_off,,,,,0,0,1,,,,0,53,0
6144,note_off,,,,,0,0,1,,,,0,60,0
6144,note_off,,,,,0,0,1,,,,0,29,0
6144,note_off,,,,,0,0,1,,,,0,41,0
6144,note_off,,,,,0,0,1,,,,0,48,0
6144,note_off,,,,,0,0,1,,,,0,53,0
6144,note_off,,,,,0,0,1,,,,0,69,0
6144,note_off,,,,,1024,0,1,,,,0,63,0
6144,note_off,,,,,0,0,1,,,,0,72,0
12288,time_signature,4,4,24,8,12288,1,0,,,,,,
12288,note_on,,,,,6144,0,1,,,,0,77,64
12288,note_on,,,,,0,0,1,,,,0,46,64
12544,note_off,,,,,256,0,1,,,,0,77,0
12544,note_on,,,,,0,0,1,,,,0,72,64
12800,note_off,,,,,256,0,1,,,,0,72,0
12800,note_on,,,,,0,0,1,,,,0,75,64
12800,note_on,,,,,0,0,1,,,,0,53,48
12800,note_on,,,,,0,0,1,,,,0,61,48
13056,note_off,,,,,256,0,1,,,,0,75,0
13056,note_on,,,,,0,0,1,,,,0,73,64
13312,note_on,,,,,0,0,1,,,,0,65,64
13312,note_off,,,,,256,0,1,,,,0,73,0
13312,note_off,,,,,0,0,1,,,,0,46,0
13568,note_on,,,,,0,0,1,,,,0,69,64
13568,note_off,,,,,256,0,1,,,,0,65,0
13824,note_off,,,,,256,0,1,,,,0,69,0
13824,note_on,,,,,0,0,1,,,,0,70,64
13824,note_on,,,,,0,0,1,,,,0,41,64
13824,note_off,,,,,0,0,1,,,,0,53,0
13824,note_off,,,,,0,0,1,,,,0,61,0
14080,note_off,,,,,256,0,1,,,,0,70,0
14080,note_on,,,,,0,0,1,,,,0,72,64
14336,note_off,,,,,256,0,1,,,,0,72,0
14336,note_on,,,,,0,0,1,,,,0,73,64
14336,note_on,,,,,0,0,1,,,,0,46,64
14336,note_off,,,,,0,0,1,,,,0,41,0
14592,note_off,,,,,256,0,1,,,,0,73,0
14592,note_on,,,,,0,0,1,,,,0,75,64
14848,note_on,,,,,0,0,1,,,,0,77,64
14848,note_on,,,,,0,0,1,,,,0,61,48
14848,note_on,,,,,0,0,1,,,,0,53,48
14848,note_off,,,,,256,0,1,,,,0,75,0
15104,note_on,,,,,0,0,1,,,,0,79,64
15104,note_off,,,,,256,0,1,,,,0,77,0
15360,note_off,,,,,256,0,1,,,,0,79,0
15360,note_on,,,,,0,0,1,,,,0,81,64
15360,note_off,,,,,0,0,1,,,,0,46,0
15616,note_off,,,,,256,0,1,,,,0,81,0
15616,note_on,,,,,0,0,1,,,,0,82,64
15872,note_on,,,,,0,0,1,,,,0,41,64
15872,note_off,,,,,256,0,1,,,,0,82,0
15872,note_on,,,,,0,0,1,,,,0,84,64
15872,note_off,,,,,0,0,1,,,,0,53,0
15872,note_off,,,,,0,0,1,,,,0,61,0
16128,note_off,,,,,256,0,1,,,,0,84,0
16128,note_on,,,,,0,0,1,,,,0,85,64
16384,note_off,,,,,0,0,1,,,,0,41,0
16384,note_on,,,,,0,0,1,,,,0,46,64
16384,note_on,,,,,0,0,1,,,,0,87,64
16384,note_off,,,,,256,0,1,,,,0,85,0
16640,note_on,,,,,0,0,1,,,,0,89,64
16640,note_off,,,,,256,0,1,,,,0,87,0
16896,note_off,,,,,256,0,1,,,,0,89,0
16896,note_on,,,,,0,0,1,,,,0,91,64
16896,note_on,,,,,0,0,1,,,,0,53,48
16896,note_on,,,,,0,0,1,,,,0,61,48
17152,note_off,,,,,256,0,1,,,,0,91,0
17152,note_on,,,,,0,0,1,,,,0,93,64
17408,note_on,,,,,0,0,1,,,,0,94,64
17408,note_off,,,,,256,0,1,,,,0,93,0
17408,note_off,,,,,0,0,1,,,,0,46,0
17664,note_off,,,,,256,0,1,,,,0,94,0
17664,note_on,,,,,0,0,1,,,,0,96,64
17920,note_on,,,,,0,0,1,,,,0,41,64
17920,note_on,,,,,0,0,1,,,,0,97,64
17920,note_off,,,,,0,0,1,,,,0,61,0
17920,note_off,,,,,0,0,1,,,,0,53,0
17920,note_off,,,,,256,0,1,,,,0,96,0
18176,note_off,,,,,256,0,1,,,,0,97,0
18176,note_on,,,,,0,0,1,,,,0,99,64
18432,note_off,,,,,0,0,1,,,,0,41,0
18432,note_on,,,,,0,0,1,,,,0,46,64
18432,note_on,,,,,0,0,1,,,,0,100,64
18432,note_off,,,,,256,0,1,,,,0,99,0
18688,note_off,,,,,256,0,1,,,,0,100,0
18688,note_on,,,,,0,0,1,,,,0,101,64
18944,note_off,,,,,256,0,1,,,,0,101,0
18944,note_on,,,,,0,0,1,,,,0,99,64
18944,note_on,,,,,0,0,1,,,,0,53,48
18944,note_on,,,,,0,0,1,,,,0,61,48
19200,note_on,,,,,0,0,1,,,,0,97,64
19200,note_off,,,,,256,0,1,,,,0,99,0
19456,note_off,,,,,256,0,1,,,,0,97,0
19456,note_on,,,,,0,0,1,,,,0,96,64
19456,note_off,,,,,0,0,1,,,,0,46,0
19712,note_off,,,,,256,0,1,,,,0,96,0
19712,note_on,,,,,0,0,1,,,,0,94,64
19968,note_off,,,,,0,0,1,,,,0,61,0
19968,note_off,,,,,0,0,1,,,,0,53,0
19968,note_on,,,,,0,0,1,,,,0,41,64
19968,note_on,,,,,0,0,1,,,,0,93,64
19968,note_off,,,,,256,0,1,,,,0,94,0
20224,note_off,,,,,256,0,1,,,,0,93,0
20224,note_on,,,,,0,0,1,,,,0,94,64
20480,note_off,,,,,256,0,1,,,,0,94,0
20480,note_off,,,,,0,0,1,,,,0,41,0
20480,note_on,,,,,0,0,1,,,,0,92,64
20480,note_on,,,,,0,0,1,,,,0,46,64
20736,note_off,,,,,256,0,1,,,,0,92,0
20736,note_on,,,,,0,0,1,,,,0,90,64
20992,note_off,,,,,256,0,1,,,,0,90,0
20992,note_on,,,,,0,0,1,,,,0,89,64
20992,note_on,,,,,0,0,1,,,,0,53,48
20992,note_on,,,,,0,0,1,,,,0,61,48
21248,note_off,,,,,256,0,1,,,,0,89,0
21248,note_on,,,,,0,0,1,,,,0,88,64
21504,note_on,,,,,0,0,1,,,,0,89,64
21504,note_off,,,,,0,0,1,,,,0,46,0
21504,note_off,,,,,256,0,1,,,,0,88,0
21760,note_off,,,,,256,0,1,,,,0,89,0
21760,note_on,,,,,0,0,1,,,,0,87,64
22016,note_off,,,,,0,0,1,,,,0,53,0
22016,note_on,,,,,0,0,1,,,,0,41,64
22016,note_off,,,,,0,0,1,,,,0,61,0
22016,note_off,,,,,256,0,1,,,,0,87,0
22016,note_on,,,,,0,0,1,,,,0,85,64
22272,note_off,,,,,256,0,1,,,,0,85,0
22272,note_on,,,,,0,0,1,,,,0,84,64
22528,note_off,,,,,256,0,1,,,,0,84,0
22528,note_on,,,,,0,0,1,,,,0,82,64
22528,note_on,,,,,0,0,1,,,,0,46,64
22528,note_off,,,,,0,0,1,,,,0,41,0
22784,note_on,,,,,0,0,1,,,,0,81,64
22784,note_off,,,,,256,0,1,,,,0,82,0
23040,note_on,,,,,0,0,1,,,,0,61,48
23040,note_on,,,,,0,0,1,,,,0,53,48
23040,note_off,,,,,256,0,1,,,,0,81,0
23040,note_on,,,,,0,0,1,,,,0,82,64
23296,note_off,,,,,256,0,1,,,,0,82,0
23296,note_on,,,,,0,0,1,,,,0,80,64
23552,note_off,,,,,256,0,1,,,,0,80,0
23552,note_on,,,,,0,0,1,,,,0,78,64
23552,note_off,,,,,0,0,1,,,,0,46,0
23808,note_off,,,,,256,0,1,,,,0,78,0
23808,note_on,,,,,0,0,1,,,,0,77,64
24064,note_off,,,,,256,0,1,,,,0,77,0
24064,note_on,,,,,0,0,1,,,,0,75,64
24064,note_on,,,,,0,0,1,,,,0,41,64
24064,note_off,,,,,0,0,1,,,,0,53,0
24064,note_off,,,,,0,0,1,,,,0,61,0
24320,note_off,,,,,256,0,1,,,,0,75,0
24320,note_on,,,,,0,0,1,,,,0,73,64
24576,note_off,,,,,0,0,1,,,,0,41,0
24576,note_on,,,,,0,0,1,,,,0,46,64
24576,note_on,,,,,0,0,1,,,,0,72,64
24576,note_off,,,,,256,0,1,,,,0,73,0
24832,note_on,,,,,0,0,1,,,,0,73,64
24832,note_off,,,,,256,0,1,,,,0,72,0
25088,note_off,,,,,256,0,1,,,,0,73,0
25088,note_on,,,,,0,0,1,,,,0,75,64
25088,note_on,,,,,0,0,1,,,,0,51,48
25088,note_on,,,,,0,0,1,,,,0,54,48
25088,note_on,,,,,0,0,1,,,,0,63,48
25344,note_off,,,,,256,0,1,,,,0,75,0
25344,note_on,,,,,0,0,1,,,,0,77,64
25600,note_off,,,,,256,0,1,,,,0,77,0
25600,note_on,,,,,0,0,1,,,,0,78,64
25600,note_off,,,,,0,0,1,,,,0,46,0
25856,note_off,,,,,256,0,1,,,,0,78,0
25856,note_on,,,,,0,0,1,,,,0,80,64
26112,note_off,,,,,0,0,1,,,,0,51,0
26112,note_off,,,,,0,0,1,,,,0,63,0
26112,note_off,,,,,0,0,1,,,,0,54,0
26112,note_on,,,,,0,0,1,,,,0,34,64
26112,note_on,,,,,0,0,1,,,,0,82,64
26112,note_off,,,,,256,0,1,,,,0,80,0
26368,note_off,,,,,256,0,1,,,,0,82,0
26368,note_on,,,,,0,0,1,,,,0,84,64
26624,note_off,,,,,256,0,1,,,,0,84,0
26624,note_on,,,,,0,0,1,,,,0,82,64
26624,note_on,,,,,0,0,1,,,,0,46,64
26624,note_off,,,,,0,0,1,,,,0,34,0
26880,note_off,,,,,256,0,1,,,,0,82,0
26880,note_on,,,,,0,0,1,,,,0,80,64
27136,note_on,,,,,0,0,1,,,,0,63,48
27136,note_off,,,,,256,0,1,,,,0,80,0
27136,note_on,,,,,0,0,1,,,,0,78,64
27136,note_on,,,,,0,0,1,,,,0,51,48
27136,note_on,,,,,0,0,1,,,,0,54,48
27392,note_on,,,,,0,0,1,,,,0,77,64
27392,note_off,,,,,256,0,1,,,,0,78,0
27648,note_off,,,,,0,0,1,,,,0,46,0
27648,note_on,,,,,0,0,1,,,,0,75,64
27648,note_off,,,,,256,0,1,,,,0,77,0
27904,note_off,,,,,256,0,1,,,,0,75,0
27904,note_on,,,,,0,0,1,,,,0,73,64
28160,note_off,,,,,0,0,1,,,,0,63,0
28160,note_off,,,,,256,0,1,,,,0,73,0
28160,note_on,,,,,0,0,1,,,,0,72,64
28160,note_on,,,,,0,0,1,,,,0,34,64
28160,note_off,,,,,0,0,1,,,,0,51,0
28160,note_off,,,,,0,0,1,,,,0,54,0
28416,note_off,,,,,256,0,1,,,,0,72,0
28416,note_on,,,,,0,0,1,,,,0,75,64
28672,note_on,,,,,0,0,1,,,,0,78,64
28672,note_off,,,,,0,0,1,,,,0,34,0
28672,note_on,,,,,0,0,1,,,,0,46,64
28672,note_off,,,,,256,0,1,,,,0,75,0
28928,note_off,,,,,256,0,1,,,,0,78,0
28928,note_on,,,,,0,0,1,,,,0,74,64
29184,note_on,,,,,0,0,1,,,,0,63,48
29184,note_on,,,,,0,0,1,,,,0,54,48
29184,note_on,,,,,0,0,1,,,,0,51,48
29184,note_off,,,,,256,0,1,,,,0,74,0
29184,note_on,,,,,0,0,1,,,,0,77,64
29440,note_off,,,,,256,0,1,,,,0,77,0
29440,note_on,,,,,0,0,1,,,,0,75,64
29696,note_off,,,,,256,0,1,,,,0,75,0
29696,note_on,,,,,0,0,1,,,,0,72,64
29696,note_off,,,,,0,0,1,,,,0,46,0
29952,note_off,,,,,256,0,1,,,,0,72,0
29952,note_on,,,,,0,0,1,,,,0,66,64
30208,note_off,,,,,0,0,1,,,,0,51,0
30208,note_off,,,,,0,0,1,,,,0,54,0
30208,note_on,,,,,0,0,1,,,,0,34,64
30208,note_off,,,,,0,0,1,,,,0,63,0
30208,note_off,,,,,256,0,1,,,,0,66,0
30208,note_on,,,,,0,0,1,,,,0,71,64
30464,note_on,,,,,0,0,1,,,,0,72,64
30464,note_off,,,,,256,0,1,,,,0,71,0
30720,note_off,,,,,0,0,1,,,,0,34,0
30720,note_on,,,,,0,0,1,,,,0,46,64
30720,note_on,,,,,0,0,1,,,,0,73,64
30720,note_off,,,,,256,0,1,,,,0,72,0
30976,note_off,,,,,256,0,1,,,,0,73,0
30976,note_on,,,,,0,0,1,,,,0,72,64
31232,note_on,,,,,0,0,1,,,,0,54,48
31232,note_on,,,,,0,0,1,,,,0,51,48
31232,note_on,,,,,0,0,1,,,,0,63,48
31232,note_off,,,,,256,0,1,,,,0,72,0
31232,note_on,,,,,0,0,1,,,,0,74,64
31488,note_off,,,,,256,0,1,,,,0,74,0
31488,note_on,,,,,0,0,1,,,,0,75,64
31744,note_off,,,,,256,0,1,,,,0,75,0
31744,note_on,,,,,0,0,1,,,,0,77,64
31744,note_off,,,,,0,0,1,,,,0,46,0
32000,note_off,,,,,256,0,1,,,,0,77,0
32000,note_on,,,,,0,0,1,,,,0,75,64
32256,note_off,,,,,0,0,1,,,,0,63,0
32256,note_off,,,,,0,0,1,,,,0,54,0
32256,note_off,,,,,0,0,1,,,,0,51,0
32256,note_on,,,,,0,0,1,,,,0,76,64
32256,note_off,,,,,256,0,1,,,,0,75,0
32256,note_on,,,,,0,0,1,,,,0,34,64
32512,note_off,,,,,256,0,1,,,,0,76,0
32512,note_on,,,,,0,0,1,,,,0,77,64
32768,note_off,,,,,256,0,1,,,,0,77,0
32768,note_off,,,,,0,0,1,,,,0,34,0
32768,note_on,,,,,0,0,1,,,,0,80,64
32768,note_on,,,,,0,0,1,,,,0,46,64
33024,note_off,,,,,256,0,1,,,,0,80,0
33024,note_on,,,,,0,0,1,,,,0,78,64
33280,note_on,,,,,0,0,1,,,,0,54,48
33280,note_off,,,,,256,0,1,,,,0,78,0
33280,note_on,,,,,0,0,1,,,,0,81,64
33280,note_on,,,,,0,0,1,,,,0,51,48
33280,note_on,,,,,0,0,1,,,,0,63,48
33536,note_off,,,,,256,0,1,,,,0,81,0
33536,note_on,,,,,0,0,1,,,,0,82,64
33792,note_off,,,,,256,0,1,,,,0,82,0
33792,note_on,,,,,0,0,1,,,,0,85,64
33792,note_off,,,,,0,0,1,,,,0,46,0
34048,note_off,,,,,256,0,1,,,,0,85,0
34048,note_on,,,,,0,0,1,,,,0,84,64
34304,note_on,,,,,0,0,1,,,,0,34,64
34304,note_off,,,,,256,0,1,,,,0,84,0
34304,note_on,,,,,0,0,1,,,,0,86,64
34304,note_off,,,,,0,0,1,,,,0,51,0
34304,note_off,,,,,0,0,1,,,,0,54,0
34304,note_off,,,,,0,0,1,,,,0,63,0
34560,note_off,,,,,256,0,1,,,,0,86,0
34560,note_on,,,,,0,0,1,,,,0,87,64
34816,note_on,,,,,0,0,1,,,,0,89,64
34816,note_on,,,,,0,0,1,,,,0,46,64
34816,note_off,,,,,256,0,1,,,,0,87,0
34816,note_off,,,,,0,0,1,,,,0,34,0
35072,note_on,,,,,0,0,1,,,,0,87,64
35072,note_off,,,,,256,0,1,,,,0,89,0
35328,note_off,,,,,256,0,1,,,,0,87,0
35328,note_on,,,,,0,0,1,,,,0,88,64
35328,note_on,,,,,0,0,1,,,,0,51,48
35328,note_on,,,,,0,0,1,,,,0,54,48
35328,note_on,,,,,0,0,1,,,,0,63,48
35584,note_off,,,,,256,0,1,,,,0,88,0
35584,note_on,,,,,0,0,1,,,,0,89,64
35840,note_off,,,,,256,0,1,,,,0,89,0
35840,note_on,,,,,0,0,1,,,,0,92,64
35840,note_off,,,,,0,0,1,,,,0,46,0
36096,note_on,,,,,0,0,1,,,,0,94,64
36096,note_off,,,,,256,0,1,,,,0,92,0
36352,note_off,,,,,0,0,1,,,,0,51,0
36352,note_on,,,,,0,0,1,,,,0,46,64
36352,note_off,,,,,0,0,1,,,,0,54,0
36352,note_off,,,,,256,0,1,,,,0,94,0
36352,note_on,,,,,0,0,1,,,,0,92,64
36352,note_off,,,,,0,0,1,,,,0,63,0
36608,note_on,,,,,0,0,1,,,,0,91,64
36608,note_off,,,,,256,0,1,,,,0,92,0
36864,note_off,,,,,256,0,1,,,,0,91,0
36864,note_off,,,,,0,0,1,,,,0,46,0
36864,note_on,,,,,0,0,1,,,,0,90,64
36864,note_on,,,,,0,0,1,,,,0,45,64
37120,note_off,,,,,256,0,1,,,,0,90,0
37120,note_on,,,,,0,0,1,,,,0,101,64
37376,note_off,,,,,256,0,1,,,,0,101,0
37376,note_on,,,,,0,0,1,,,,0,99,64
37376,note_on,,,,,0,0,1,,,,0,54,48
37376,note_on,,,,,0,0,1,,,,0,63,48
37632,note_off,,,,,256,0,1,,,,0,99,0
37632,note_on,,,,,0,0,1,,,,0,87,64
37888,note_off,,,,,0,0,1,,,,0,45,0
37888,note_off,,,,,256,0,1,,,,0,87,0
37888,note_on,,,,,0,0,1,,,,0,97,64
38144,note_off,,,,,256,0,1,,,,0,97,0
38144,note_on,,,,,0,0,1,,,,0,96,64
38400,note_off,,,,,256,0,1,,,,0,96,0
38400,note_on,,,,,0,0,1,,,,0,84,64
38400,note_on,,,,,0,0,1,,,,0,33,64
38400,note_off,,,,,0,0,1,,,,0,54,0
38400,note_off,,,,,0,0,1,,,,0,63,0
38656,note_off,,,,,256,0,1,,,,0,84,0
38656,note_on,,,,,0,0,1,,,,0,94,64
38912,note_off,,,,,256,0,1,,,,0,94,0
38912,note_on,,,,,0,0,1,,,,0,93,64
38912,note_on,,,,,0,0,1,,,,0,45,64
38912,note_off,,,,,0,0,1,,,,0,33,0
39168,note_off,,,,,256,0,1,,,,0,93,0
39168,note_on,,,,,0,0,1,,,,0,81,64
39424,note_on,,,,,0,0,1,,,,0,92,64
39424,note_on,,,,,0,0,1,,,,0,63,48
39424,note_on,,,,,0,0,1,,,,0,54,48
39424,note_off,,,,,256,0,1,,,,0,81,0
39680,note_on,,,,,0,0,1,,,,0,90,64
39680,note_off,,,,,256,0,1,,,,0,92,0
39936,note_off,,,,,256,0,1,,,,0,90,0
39936,note_on,,,,,0,0,1,,,,0,78,64
39936,note_off,,,,,0,0,1,,,,0,45,0
40192,note_off,,,,,256,0,1,,,,0,78,0
40192,note_on,,,,,0,0,1,,,,0,89,64
40448,note_on,,,,,0,0,1,,,,0,45,64
40448,note_off,,,,,256,0,1,,,,0,89,0
40448,note_on,,,,,0,0,1,,,,0,87,64
40448,note_off,,,,,0,0,1,,,,0,54,0
40448,note_off,,,,,0,0,1,,,,0,63,0
40704,note_off,,,,,256,0,1,,,,0,87,0
40704,note_on,,,,,0,0,1,,,,0,78,64
40960,note_off,,,,,0,0,1,,,,0,45,0
40960,note_on,,,,,0,0,1,,,,0,46,64
40960,note_on,,,,,0,0,1,,,,0,77,64
40960,note_off,,,,,256,0,1,,,,0,78,0
41216,note_on,,,,,0,0,1,,,,0,87,64
41216,note_off,,,,,256,0,1,,,,0,77,0
41472,note_off,,,,,256,0,1,,,,0,87,0
41472,note_on,,,,,0,0,1,,,,0,85,64
41472,note_on,,,,,0,0,1,,,,0,53,48
41472,note_on,,,,,0,0,1,,,,0,61,48
41728,note_off,,,,,256,0,1,,,,0,85,0
41728,note_on,,,,,0,0,1,,,,0,77,64
41984,note_off,,,,,256,0,1,,,,0,77,0
41984,note_on,,,,,0,0,1,,,,0,85,64
41984,note_off,,,,,0,0,1,,,,0,46,0
42240,note_off,,,,,256,0,1,,,,0,85,0
42240,note_on,,,,,0,0,1,,,,0,84,64
42496,note_on,,,,,0,0,1,,,,0,46,64
42496,note_off,,,,,256,0,1,,,,0,84,0
42496,note_on,,,,,0,0,1,,,,0,75,64
42496,note_off,,,,,0,0,1,,,,0,61,0
42496,note_off,,,,,0,0,1,,,,0,53,0
42752,note_on,,,,,0,0,1,,,,0,84,64
42752,note_off,,,,,256,0,1,,,,0,75,0
43008,note_off,,,,,0,0,1,,,,0,46,0
43008,note_on,,,,,0,0,1,,,,0,49,64
43008,note_on,,,,,0,0,1,,,,0,73,64
43008,note_off,,,,,256,0,1,,,,0,84,0
43264,note_off,,,,,256,0,1,,,,0,73,0
43264,note_on,,,,,0,0,1,,,,0,82,64
43520,note_on,,,,,0,0,1,,,,0,58,48
43520,note_on,,,,,0,0,1,,,,0,53,48
43520,note_on,,,,,0,0,1,,,,0,65,48
43520,note_off,,,,,256,0,1,,,,0,82,0
43520,note_on,,,,,0,0,1,,,,0,80,64
43776,note_off,,,,,256,0,1,,,,0,80,0
43776,note_on,,,,,0,0,1,,,,0,72,64
44032,note_off,,,,,256,0,1,,,,0,72,0
44032,note_on,,,,,0,0,1,,,,0,80,64
44032,note_off,,,,,0,0,1,,,,0,49,0
44288,note_off,,,,,256,0,1,,,,0,80,0
44288,note_on,,,,,0,0,1,,,,0,78,64
44544,note_off,,,,,0,0,1,,,,0,65,0
44544,note_off,,,,,0,0,1,,,,0,58,0
44544,note_off,,,,,0,0,1,,,,0,53,0
44544,note_on,,,,,0,0,1,,,,0,70,64
44544,note_off,,,,,256,0,1,,,,0,78,0
44544,note_on,,,,,0,0,1,,,,0,49,64
44800,note_off,,,,,256,0,1,,,,0,70,0
44800,note_on,,,,,0,0,1,,,,0,78,64
45056,note_on,,,,,0,0,1,,,,0,51,64
45056,note_off,,,,,256,0,1,,,,0,78,0
45056,note_off,,,,,0,0,1,,,,0,49,0
45056,note_on,,,,,0,0,1,,,,0,69,64
45312,note_off,,,,,256,0,1,,,,0,69,0
45312,note_on,,,,,0,0,1,,,,0,70,64
45568,note_on,,,,,0,0,1,,,,0,66,48
45568,note_off,,,,,256,0,1,,,,0,70,0
45568,note_on,,,,,0,0,1,,,,0,72,64
45568,note_on,,,,,0,0,1,,,,0,57,48
45824,note_off,,,,,256,0,1,,,,0,72,0
45824,note_on,,,,,0,0,1,,,,0,73,64
46080,note_off,,,,,0,0,1,,,,0,51,0
46080,note_on,,,,,0,0,1,,,,0,75,64
46080,note_off,,,,,256,0,1,,,,0,73,0
46336,note_off,,,,,256,0,1,,,,0,75,0
46336,note_on,,,,,0,0,1,,,,0,76,64
46592,note_off,,,,,256,0,1,,,,0,76,0
46592,note_on,,,,,0,0,1,,,,0,77,64
46592,note_on,,,,,0,0,1,,,,0,51,64
46592,note_off,,,,,0,0,1,,,,0,57,0
46592,note_off,,,,,0,0,1,,,,0,66,0
46848,note_on,,,,,0,0,1,,,,0,78,64
46848,note_off,,,,,256,0,1,,,,0,77,0
47104,note_off,,,,,256,0,1,,,,0,78,0
47104,note_on,,,,,0,0,1,,,,0,76,64
47104,note_on,,,,,0,0,1,,,,0,49,64
47104,note_off,,,,,0,0,1,,,,0,51,0
47360,note_off,,,,,256,0,1,,,,0,76,0
47360,note_on,,,,,0,0,1,,,,0,77,64
47616,note_on,,,,,0,0,1,,,,0,65,48
47616,note_on,,,,,0,0,1,,,,0,58,48
47616,note_on,,,,,0,0,1,,,,0,74,64
47616,note_off,,,,,256,0,1,,,,0,77,0
47616,note_on,,,,,0,0,1,,,,0,53,48
47872,note_off,,,,,256,0,1,,,,0,74,0
47872,note_on,,,,,0,0,1,,,,0,75,64
48128,note_off,,,,,256,0,1,,,,0,75,0
48128,note_on,,,,,0,0,1,,,,0,72,64
48128,note_off,,,,,0,0,1,,,,0,49,0
48384,note_off,,,,,256,0,1,,,,0,72,0
48384,note_on,,,,,0,0,1,,,,0,73,64
48640,note_off,,,,,0,0,1,,,,0,58,0
48640,note_off,,,,,256,0,1,,,,0,73,0
48640,note_on,,,,,0,0,1,,,,0,72,64
48640,note_on,,,,,0,0,1,,,,0,49,64
48640,note_off,,,,,0,0,1,,,,0,53,0
48640,note_off,,,,,0,0,1,,,,0,65,0
48896,note_off,,,,,256,0,1,,,,0,72,0
48896,note_on,,,,,0,0,1,,,,0,70,64
49152,note_on,,,,,0,0,1,,,,0,51,64
49152,note_on,,,,,0,0,1,,,,0,69,64
49152,note_off,,,,,256,0,1,,,,0,70,0
49152,note_off,,,,,0,0,1,,,,0,49,0
49408,note_off,,,,,256,0,1,,,,0,69,0
49408,note_on,,,,,0,0,1,,,,0,70,64
49664,note_off,,,,,256,0,1,,,,0,70,0
49664,note_on,,,,,0,0,1,,,,0,72,64
49664,note_on,,,,,0,0,1,,,,0,57,48
49664,note_on,,,,,0,0,1,,,,0,66,48
49920,note_off,,,,,256,0,1,,,,0,72,0
49920,note_on,,,,,0,0,1,,,,0,73,64
50176,note_off,,,,,256,0,1,,,,0,73,0
50176,note_on,,,,,0,0,1,,,,0,75,64
50176,note_off,,,,,0,0,1,,,,0,51,0
50432,note_off,,,,,256,0,1,,,,0,75,0
50432,note_on,,,,,0,0,1,,,,0,76,64
50688,note_off,,,,,0,0,1,,,,0,66,0
50688,note_off,,,,,0,0,1,,,,0,57,0
50688,note_on,,,,,0,0,1,,,,0,51,64
50688,note_off,,,,,256,0,1,,,,0,76,0
50688,note_on,,,,,0,0,1,,,,0,77,64
50944,note_off,,,,,256,0,1,,,,0,77,0
50944,note_on,,,,,0,0,1,,,,0,78,64
51200,note_off,,,,,0,0,1,,,,0,51,0
51200,note_off,,,,,256,0,1,,,,0,78,0
51200,note_on,,,,,0,0,1,,,,0,76,64
51200,note_on,,,,,0,0,1,,,,0,49,64
51456,note_off,,,,,256,0,1,,,,0,76,0
51456,note_on,,,,,0,0,1,,,,0,77,64
51712,note_on,,,,,0,0,1,,,,0,65,48
51712,note_off,,,,,256,0,1,,,,0,77,0
51712,note_on,,,,,0,0,1,,,,0,74,64
51712,note_on,,,,,0,0,1,,,,0,53,48
51712,note_on,,,,,0,0,1,,,,0,58,48
51968,note_off,,,,,256,0,1,,,,0,74,0
51968,note_on,,,,,0,0,1,,,,0,75,64
52224,note_off,,,,,0,0,1,,,,0,49,0
52224,note_on,,,,,0,0,1,,,,0,72,64
52224,note_off,,,,,256,0,1,,,,0,75,0
52480,note_off,,,,,256,0,1,,,,0,72,0
52480,note_on,,,,,0,0,1,,,,0,73,64
52736,note_off,,,,,256,0,1,,,,0,73,0
52736,note_on,,,,,0,0,1,,,,0,72,64
52736,note_on,,,,,0,0,1,,,,0,49,64
52736,note_off,,,,,0,0,1,,,,0,53,0
52736,note_off,,,,,0,0,1,,,,0,58,0
52736,note_off,,,,,0,0,1,,,,0,65,0
52992,note_off,,,,,256,0,1,,,,0,72,0
52992,note_on,,,,,0,0,1,,,,0,70,64
53248,note_on,,,,,0,0,1,,,,0,71,64
53248,note_off,,,,,256,0,1,,,,0,70,0
53248,note_off,,,,,0,0,1,,,,0,49,0
53248,note_on,,,,,0,0,1,,,,0,53,64
53504,note_on,,,,,0,0,1,,,,0,72,64
53504,note_off,,,,,256,0,1,,,,0,71,0
53760,note_off,,,,,256,0,1,,,,0,72,0
53760,note_on,,,,,0,0,1,,,,0,74,64
53760,note_on,,,,,0,0,1,,,,0,59,48
53760,note_on,,,,,0,0,1,,,,0,68,48
54016,note_off,,,,,256,0,1,,,,0,74,0
54016,note_on,,,,,0,0,1,,,,0,75,64
54272,note_off,,,,,256,0,1,,,,0,75,0
54272,note_on,,,,,0,0,1,,,,0,76,64
54272,note_off,,,,,0,0,1,,,,0,53,0
54528,note_off,,,,,256,0,1,,,,0,76,0
54528,note_on,,,,,0,0,1,,,,0,77,64
54784,note_on,,,,,0,0,1,,,,0,53,64
54784,note_on,,,,,0,0,1,,,,0,79,64
54784,note_off,,,,,0,0,1,,,,0,59,0
54784,note_off,,,,,256,0,1,,,,0,77,0
54784,note_off,,,,,0,0,1,,,,0,68,0
55040,note_off,,,,,256,0,1,,,,0,79,0
55040,note_on,,,,,0,0,1,,,,0,80,64
55296,note_off,,,,,0,0,1,,,,0,53,0
55296,note_on,,,,,0,0,1,,,,0,78,64
55296,note_on,,,,,0,0,1,,,,0,51,64
55296,note_off,,,,,256,0,1,,,,0,80,0
55552,note_off,,,,,256,0,1,,,,0,78,0
55552,note_on,,,,,0,0,1,,,,0,79,64
55808,note_on,,,,,0,0,1,,,,0,60,48
55808,note_on,,,,,0,0,1,,,,0,55,48
55808,note_on,,,,,0,0,1,,,,0,67,48
55808,note_off,,,,,256,0,1,,,,0,79,0
55808,note_on,,,,,0,0,1,,,,0,76,64
56064,note_off,,,,,256,0,1,,,,0,76,0
56064,note_on,,,,,0,0,1,,,,0,77,64
56320,note_off,,,,,256,0,1,,,,0,77,0
56320,note_on,,,,,0,0,1,,,,0,74,64
56320,note_off,,,,,0,0,1,,,,0,51,0
56576,note_off,,,,,256,0,1,,,,0,74,0
56576,note_on,,,,,0,0,1,,,,0,75,64
56832,note_off,,,,,0,0,1,,,,0,67,0
56832,note_off,,,,,0,0,1,,,,0,60,0
56832,note_off,,,,,0,0,1,,,,0,55,0
56832,note_on,,,,,0,0,1,,,,0,74,64
56832,note_off,,,,,256,0,1,,,,0,75,0
56832,note_on,,,,,0,0,1,,,,0,51,64
57088,note_off,,,,,256,0,1,,,,0,74,0
57088,note_on,,,,,0,0,1,,,,0,72,64
57344,note_on,,,,,0,0,1,,,,0,53,64
57344,note_off,,,,,256,0,1,,,,0,72,0
57344,note_off,,,,,0,0,1,,,,0,51,0
57344,note_on,,,,,0,0,1,,,,0,71,64
57600,note_off,,,,,256,0,1,,,,0,71,0
57600,note_on,,,,,0,0,1,,,,0,72,64
57856,note_on,,,,,0,0,1,,,,0,68,48
57856,note_off,,,,,256,0,1,,,,0,72,0
57856,note_on,,,,,0,0,1,,,,0,74,64
57856,note_on,,,,,0,0,1,,,,0,59,48
58112,note_off,,,,,256,0,1,,,,0,74,0
58112,note_on,,,,,0,0,1,,,,0,75,64
58368,note_off,,,,,0,0,1,,,,0,53,0
58368,note_on,,,,,0,0,1,,,,0,76,64
58368,note_off,,,,,256,0,1,,,,0,75,0
58624,note_off,,,,,256,0,1,,,,0,76,0
58624,note_on,,,,,0,0,1,,,,0,77,64
58880,note_off,,,,,256,0,1,,,,0,77,0
58880,note_on,,,,,0,0,1,,,,0,79,64
58880,note_on,,,,,0,0,1,,,,0,53,64
58880,note_off,,,,,0,0,1,,,,0,59,0
58880,note_off,,,,,0,0,1,,,,0,68,0
59136,note_on,,,,,0,0,1,,,,0,80,64
59136,note_off,,,,,256,0,1,,,,0,79,0
59392,note_off,,,,,256,0,1,,,,0,80,0
59392,note_on,,,,,0,0,1,,,,0,78,64
59392,note_on,,,,,0,0,1,,,,0,51,64
59392,note_off,,,,,0,0,1,,,,0,53,0
59648,note_off,,,,,256,0,1,,,,0,78,0
59648,note_on,,,,,0,0,1,,,,0,79,64
59904,note_on,,,,,0,0,1,,,,0,67,48
59904,note_on,,,,,0,0,1,,,,0,60,48
59904,note_on,,,,,0,0,1,,,,0,76,64
59904,note_off,,,,,256,0,1,,,,0,79,0
59904,note_on,,,,,0,0,1,,,,0,55,48
60160,note_off,,,,,256,0,1,,,,0,76,0
60160,note_on,,,,,0,0,1,,,,0,77,64
60416,note_off,,,,,256,0,1,,,,0,77,0
60416,note_on,,,,,0,0,1,,,,0,74,64
60416,note_off,,,,,0,0,1,,,,0,51,0
60672,note_off,,,,,256,0,1,,,,0,74,0
60672,note_on,,,,,0,0,1,,,,0,75,64
60928,note_off,,,,,0,0,1,,,,0,60,0
60928,note_off,,,,,256,0,1,,,,0,75,0
60928,note_on,,,,,0,0,1,,,,0,74,64
60928,note_on,,,,,0,0,1,,,,0,51,64
60928,note_off,,,,,0,0,1,,,,0,55,0
60928,note_off,,,,,0,0,1,,,,0,67,0
61184,note_off,,,,,256,0,1,,,,0,74,0
61184,note_on,,,,,0,0,1,,,,0,72,64
61440,note_on,,,,,0,0,1,,,,0,53,64
61440,note_on,,,,,0,0,1,,,,0,73,64
61440,note_off,,,,,256,0,1,,,,0,72,0
61440,note_off,,,,,0,0,1,,,,0,51,0
61696,note_off,,,,,256,0,1,,,,0,73,0
61696,note_on,,,,,0,0,1,,,,0,75,64
61952,note_on,,,,,0,0,1,,,,0,68,48
61952,note_off,,,,,256,0,1,,,,0,75,0
61952,note_on,,,,,0,0,1,,,,0,77,64
61952,note_on,,,,,0,0,1,,,,0,56,48
61952,note_on,,,,,0,0,1,,,,0,61,48
62208,note_off,,,,,256,0,1,,,,0,77,0
62208,note_on,,,,,0,0,1,,,,0,78,64
62464,note_off,,,,,256,0,1,,,,0,78,0
62464,note_on,,,,,0,0,1,,,,0,80,64
62464,note_off,,,,,0,0,1,,,,0,53,0
62720,note_off,,,,,256,0,1,,,,0,80,0
62720,note_on,,,,,0,0,1,,,,0,82,64
62976,note_off,,,,,0,0,1,,,,0,68,0
62976,note_off,,,,,0,0,1,,,,0,61,0
62976,note_off,,,,,0,0,1,,,,0,56,0
62976,note_on,,,,,0,0,1,,,,0,83,64
62976,note_off,,,,,256,0,1,,,,0,82,0
62976,note_on,,,,,0,0,1,,,,0,53,64
63232,note_off,,,,,256,0,1,,,,0,83,0
63232,note_on,,,,,0,0,1,,,,0,84,64
63488,note_off,,,,,256,0,1,,,,0,84,0
63488,note_on,,,,,0,0,1,,,,0,85,64
63488,note_on,,,,,0,0,1,,,,0,54,64
63488,note_off,,,,,0,0,1,,,,0,53,0
63744,note_on,,,,,0,0,1,,,,0,86,64
63744,note_off,,,,,256,0,1,,,,0,85,0
64000,note_on,,,,,0,0,1,,,,0,57,48
64000,note_on,,,,,0,0,1,,,,0,89,64
64000,note_on,,,,,0,0,1,,,,0,69,48
64000,note_on,,,,,0,0,1,,,,0,60,48
64000,note_off,,,,,256,0,1,,,,0,86,0
64256,note_off,,,,,256,0,1,,,,0,89,0
64256,note_on,,,,,0,0,1,,,,0,87,64
64512,note_off,,,,,256,0,1,,,,0,87,0
64512,note_on,,,,,0,0,1,,,,0,84,64
64512,note_off,,,,,0,0,1,,,,0,54,0
64768,note_off,,,,,256,0,1,,,,0,84,0
64768,note_on,,,,,0,0,1,,,,0,81,64
65024,note_off,,,,,256,0,1,,,,0,81,0
65024,note_on,,,,,0,0,1,,,,0,78,64
65024,note_on,,,,,0,0,1,,,,0,54,64
65024,note_off,,,,,0,0,1,,,,0,57,0
65024,note_off,,,,,0,0,1,,,,0,60,0
65024,note_off,,,,,0,0,1,,,,0,69,0
65280,note_off,,,,,256,0,1,,,,0,78,0
65280,note_on,,,,,0,0,1,,,,0,75,64
65536,note_on,,,,,0,0,1,,,,0,73,64
65536,note_on,,,,,0,0,1,,,,0,53,64
65536,note_off,,,,,0,0,1,,,,0,54,0
65536,note_off,,,,,256,0,1,,,,0,75,0
65792,note_off,,,,,256,0,1,,,,0,73,0
65792,note_on,,,,,0,0,1,,,,0,75,64
66048,note_off,,,,,256,0,1,,,,0,75,0
66048,note_on,,,,,0,0,1,,,,0,77,64
66048,note_on,,,,,0,0,1,,,,0,56,48
66048,note_on,,,,,0,0,1,,,,0,61,48
66048,note_on,,,,,0,0,1,,,,0,68,48
66304,note_off,,,,,256,0,1,,,,0,77,0
66304,note_on,,,,,0,0,1,,,,0,78,64
66560,note_off,,,,,256,0,1,,,,0,78,0
66560,note_on,,,,,0,0,1,,,,0,80,64
66560,note_off,,,,,0,0,1,,,,0,53,0
66816,note_on,,,,,0,0,1,,,,0,82,64
66816,note_off,,,,,256,0,1,,,,0,80,0
67072,note_off,,,,,0,0,1,,,,0,56,0
67072,note_on,,,,,0,0,1,,,,0,53,64
67072,note_off,,,,,0,0,1,,,,0,61,0
67072,note_off,,,,,256,0,1,,,,0,82,0
67072,note_on,,,,,0,0,1,,,,0,83,64
67072,note_off,,,,,0,0,1,,,,0,68,0
67328,note_on,,,,,0,0,1,,,,0,84,64
67328,note_off,,,,,256,0,1,,,,0,83,0
67584,note_off,,,,,256,0,1,,,,0,84,0
67584,note_on,,,,,0,0,1,,,,0,85,64
67584,note_on,,,,,0,0,1,,,,0,52,64
67584,note_off,,,,,0,0,1,,,,0,53,0
67840,note_off,,,,,256,0,1,,,,0,85,0
67840,note_on,,,,,0,0,1,,,,0,84,64
68096,note_on,,,,,0,0,1,,,,0,87,64
68096,note_off,,,,,256,0,1,,,,0,84,0
68096,note_on,,,,,0,0,1,,,,0,58,48
68096,note_on,,,,,0,0,1,,,,0,61,48
68096,note_on,,,,,0,0,1,,,,0,67,48
68352,note_off,,,,,256,0,1,,,,0,87,0
68352,note_on,,,,,0,0,1,,,,0,85,64
68608,note_off,,,,,256,0,1,,,,0,85,0
68608,note_on,,,,,0,0,1,,,,0,82,64
68608,note_off,,,,,0,0,1,,,,0,52,0
68864,note_on,,,,,0,0,1,,,,0,79,64
68864,note_off,,,,,256,0,1,,,,0,82,0
69120,note_off,,,,,256,0,1,,,,0,79,0
69120,note_on,,,,,0,0,1,,,,0,76,64
69120,note_on,,,,,0,0,1,,,,0,52,64
69120,note_off,,,,,0,0,1,,,,0,58,0
69120,note_off,,,,,0,0,1,,,,0,61,0
69120,note_off,,,,,0,0,1,,,,0,67,0
69376,note_off,,,,,256,0,1,,,,0,76,0
69376,note_on,,,,,0,0,1,,,,0,73,64
69632,note_on,,,,,0,0,1,,,,0,51,64
69632,note_off,,,,,256,0,1,,,,0,73,0
69632,note_off,,,,,0,0,1,,,,0,52,0
69632,note_on,,,,,0,0,1,,,,0,72,64
69888,note_on,,,,,0,0,1,,,,0,73,64
69888,note_off,,,,,256,0,1,,,,0,72,0
70144,note_on,,,,,0,0,1,,,,0,60,48
70144,note_on,,,,,0,0,1,,,,0,66,48
70144,note_on,,,,,0,0,1,,,,0,57,48
70144,note_on,,,,,0,0,1,,,,0,74,64
70144,note_off,,,,,256,0,1,,,,0,73,0
70400,note_off,,,,,256,0,1,,,,0,74,0
70400,note_on,,,,,0,0,1,,,,0,75,64
70656,note_off,,,,,256,0,1,,,,0,75,0
70656,note_on,,,,,0,0,1,,,,0,76,64
70656,note_off,,,,,0,0,1,,,,0,51,0
70912,note_off,,,,,256,0,1,,,,0,76,0
70912,note_on,,,,,0,0,1,,,,0,77,64
71168,note_off,,,,,256,0,1,,,,0,77,0
71168,note_on,,,,,0,0,1,,,,0,78,64
71168,note_on,,,,,0,0,1,,,,0,51,64
71168,note_off,,,,,0,0,1,,,,0,57,0
71168,note_off,,,,,0,0,1,,,,0,60,0
71168,note_off,,,,,0,0,1,,,,0,66,0
71424,note_on,,,,,0,0,1,,,,0,79,64
71424,note_off,,,,,256,0,1,,,,0,78,0
71680,note_off,,,,,256,0,1,,,,0,79,0
71680,note_on,,,,,0,0,1,,,,0,80,64
71680,note_on,,,,,0,0,1,,,,0,49,64
71680,note_off,,,,,0,0,1,,,,0,51,0
71936,note_off,,,,,256,0,1,,,,0,80,0
71936,note_on,,,,,0,0,1,,,,0,81,64
72192,note_off,,,,,256,0,1,,,,0,81,0
72192,note_on,,,,,0,0,1,,,,0,84,64
72192,note_on,,,,,0,0,1,,,,0,53,48
72192,note_on,,,,,0,0,1,,,,0,58,48
72192,note_on,,,,,0,0,1,,,,0,65,48
72448,note_off,,,,,256,0,1,,,,0,84,0
72448,note_on,,,,,0,0,1,,,,0,82,64
72704,note_off,,,,,0,0,1,,,,0,49,0
72704,note_off,,,,,256,0,1,,,,0,82,0
72704,note_on,,,,,0,0,1,,,,0,78,64
72960,note_on,,,,,0,0,1,,,,0,77,64
72960,note_off,,,,,256,0,1,,,,0,78,0
73216,note_off,,,,,0,0,1,,,,0,58,0
73216,note_off,,,,,0,0,1,,,,0,65,0
73216,note_off,,,,,0,0,1,,,,0,53,0
73216,note_on,,,,,0,0,1,,,,0,75,64
73216,note_off,,,,,256,0,1,,,,0,77,0
73472,note_off,,,,,256,0,1,,,,0,75,0
73472,note_on,,,,,0,0,1,,,,0,73,64
73728,note_off,,,,,256,0,1,,,,0,73,0
73728,note_on,,,,,0,0,1,,,,0,72,64
73728,note_on,,,,,0,0,1,,,,0,41,64
73984,note_on,,,,,0,0,1,,,,0,70,64
73984,note_off,,,,,256,0,1,,,,0,72,0
74240,note_off,,,,,256,0,1,,,,0,70,0
74240,note_on,,,,,0,0,1,,,,0,69,64
74452,note_on,,,,,212,0,1,,,,0,48,48
74496,note_off,,,,,44,0,1,,,,0,69,0
74496,note_on,,,,,0,0,1,,,,0,72,64
74552,note_on,,,,,56,0,1,,,,0,53,48
74652,note_on,,,,,100,0,1,,,,0,57,48
74752,note_off,,,,,0,0,1,,,,0,41,0
74752,note_on,,,,,0,0,1,,,,0,63,48
74752,note_on,,,,,0,0,1,,,,0,66,64
74752,note_off,,,,,100,0,1,,,,0,72,0
75008,note_off,,,,,256,0,1,,,,0,66,0
75008,note_on,,,,,0,0,1,,,,0,65,64
75264,note_off,,,,,256,0,1,,,,0,65,0
75264,note_on,,,,,0,0,1,,,,0,64,64
75520,note_off,,,,,256,0,1,,,,0,64,0
75520,note_on,,,,,0,0,1,,,,0,65,64
75776,note_off,,,,,256,0,1,,,,0,65,0
75776,note_on,,,,,0,0,1,,,,0,66,64
76032,note_off,,,,,256,0,1,,,,0,66,0
76032,note_on,,,,,0,0,1,,,,0,65,64
76288,note_off,,,,,256,0,1,,,,0,65,0
76288,note_on,,,,,0,0,1,,,,0,70,64
76544,note_off,,,,,256,0,1,,,,0,70,0
76544,note_on,,,,,0,0,1,,,,0,69,64
76800,note_off,,,,,0,0,1,,,,0,63,0
76800,note_off,,,,,0,0,1,,,,0,57,0
76800,note_off,,,,,0,0,1,,,,0,53,0
76800,note_on,,,,,0,0,1,,,,0,73,64
76800,note_off,,,,,256,0,1,,,,0,69,0
76800,note_off,,,,,0,0,1,,,,0,48,0
77056,note_off,,,,,256,0,1,,,,0,73,0
77056,note_on,,,,,0,0,1,,,,0,72,64
77312,note_off,,,,,256,0,1,,,,0,72,0
77312,note_on,,,,,0,0,1,,,,0,80,64
77568,note_off,,,,,256,0,1,,,,0,80,0
77568,note_on,,,,,0,0,1,,,,0,78,64
77824,note_off,,,,,256,0,1,,,,0,78,0
77824,note_on,,,,,0,0,1,,,,0,77,64
77824,note_on,,,,,0,0,1,,,,0,34,72
77824,note_on,,,,,0,0,1,,,,0,46,72
78080,note_on,,,,,0,0,1,,,,0,72,64
78080,note_off,,,,,256,0,1,,,,0,77,0
78336,note_off,,,,,256,0,1,,,,0,72,0
78336,note_on,,,,,0,0,1,,,,0,75,64
78336,note_on,,,,,0,0,1,,,,0,49,64
78336,note_on,,,,,0,0,1,,,,0,53,64
78336,note_on,,,,,0,0,1,,,,0,61,64
78592,note_off,,,,,256,0,1,,,,0,75,0
78592,note_on,,,,,0,0,1,,,,0,73,64
78848,note_off,,,,,256,0,1,,,,0,73,0
78848,note_on,,,,,0,0,1,,,,0,65,64
78848,note_off,,,,,0,0,1,,,,0,34,0
78848,note_off,,,,,0,0,1,,,,0,46,0
79104,note_on,,,,,0,0,1,,,,0,69,64
79104,note_off,,,,,256,0,1,,,,0,65,0
79360,note_off,,,,,0,0,1,,,,0,49,0
79360,note_on,,,,,0,0,1,,,,0,41,72
79360,note_on,,,,,0,0,1,,,,0,29,72
79360,note_off,,,,,0,0,1,,,,0,61,0
79360,note_off,,,,,256,0,1,,,,0,69,0
79360,note_off,,,,,0,0,1,,,,0,53,0
79360,note_on,,,,,0,0,1,,,,0,70,64
79616,note_off,,,,,256,0,1,,,,0,70,0
79616,note_on,,,,,0,0,1,,,,0,72,64
79872,note_off,,,,,0,0,1,,,,0,29,0
79872,note_on,,,,,0,0,1,,,,0,46,72
79872,note_off,,,,,0,0,1,,,,0,41,0
79872,note_on,,,,,0,0,1,,,,0,73,64
79872,note_off,,,,,256,0,1,,,,0,72,0
79872,note_on,,,,,0,0,1,,,,0,34,72
80128,note_off,,,,,256,0,1,,,,0,73,0
80128,note_on,,,,,0,0,1,,,,0,75,64
80384,note_on,,,,,0,0,1,,,,0,53,64
80384,note_on,,,,,0,0,1,,,,0,49,64
80384,note_on,,,,,0,0,1,,,,0,61,64
80384,note_off,,,,,256,0,1,,,,0,75,0
80384,note_on,,,,,0,0,1,,,,0,77,64
80640,note_off,,,,,256,0,1,,,,0,77,0
80640,note_on,,,,,0,0,1,,,,0,79,64
80896,note_off,,,,,256,0,1,,,,0,79,0
80896,note_on,,,,,0,0,1,,,,0,81,64
80896,note_off,,,,,0,0,1,,,,0,34,0
80896,note_off,,,,,0,0,1,,,,0,46,0
81152,note_on,,,,,0,0,1,,,,0,82,64
81152,note_off,,,,,256,0,1,,,,0,81,0
81408,note_on,,,,,0,0,1,,,,0,41,72
81408,note_on,,,,,0,0,1,,,,0,29,72
81408,note_off,,,,,256,0,1,,,,0,82,0
81408,note_on,,,,,0,0,1,,,,0,84,64
81664,note_off,,,,,256,0,1,,,,0,84,0
81664,note_on,,,,,0,0,1,,,,0,85,64
81920,note_off,,,,,0,0,1,,,,0,29,0
81920,note_off,,,,,256,0,1,,,,0,85,0
81920,note_off,,,,,0,0,1,,,,0,49,0
81920,note_off,,,,,0,0,1,,,,0,53,0
81920,note_off,,,,,0,0,1,,,,0,61,0
81920,note_off,,,,,0,0,1,,,,0,41,0
81920,note_on,,,,,0,0,1,,,,0,87,64
81920,note_on,,,,,0,0,1,,,,0,34,72
81920,note_on,,,,,0,0,1,,,,0,46,72
82176,note_on,,,,,0,0,1,,,,0,89,64
82176,note_off,,,,,256,0,1,,,,0,87,0
82432,note_on,,,,,0,0,1,,,,0,53,64
82432,note_on,,,,,0,0,1,,,,0,61,64
82432,note_on,,,,,0,0,1,,,,0,49,64
82432,note_on,,,,,0,0,1,,,,0,91,64
82432,note_off,,,,,256,0,1,,,,0,89,0
82688,note_off,,,,,256,0,1,,,,0,91,0
82688,note_on,,,,,0,0,1,,,,0,93,64
82944,note_off,,,,,256,0,1,,,,0,93,0
82944,note_on,,,,,0,0,1,,,,0,94,64
82944,note_off,,,,,0,0,1,,,,0,34,0
82944,note_off,,,,,0,0,1,,,,0,46,0
83200,note_on,,,,,0,0,1,,,,0,96,64
83200,note_off,,,,,256,0,1,,,,0,94,0
83456,note_off,,,,,256,0,1,,,,0,96,0
83456,note_on,,,,,0,0,1,,,,0,97,64
83456,note_on,,,,,0,0,1,,,,0,29,72
83456,note_on,,,,,0,0,1,,,,0,41,72
83456,note_off,,,,,0,0,1,,,,0,49,0
83456,note_off,,,,,0,0,1,,,,0,53,0
83456,note_off,,,,,0,0,1,,,,0,61,0
83712,note_on,,,,,0,0,1,,,,0,99,64
83712,note_off,,,,,256,0,1,,,,0,97,0
83968,note_off,,,,,256,0,1,,,,0,99,0
83968,note_on,,,,,0,0,1,,,,0,100,64
83968,note_on,,,,,0,0,1,,,,0,34,72
83968,note_on,,,,,0,0,1,,,,0,46,72
83968,note_off,,,,,0,0,1,,,,0,29,0
83968,note_off,,,,,0,0,1,,,,0,41,0
84224,note_on,,,,,0,0,1,,,,0,101,64
84224,note_off,,,,,256,0,1,,,,0,100,0
84480,note_off,,,,,256,0,1,,,,0,101,0
84480,note_on,,,,,0,0,1,,,,0,99,64
84480,note_on,,,,,0,0,1,,,,0,49,64
84480,note_on,,,,,0,0,1,,,,0,53,64
84480,note_on,,,,,0,0,1,,,,0,61,64
84736,note_on,,,,,0,0,1,,,,0,97,64
84736,note_off,,,,,256,0,1,,,,0,99,0
84992,note_off,,,,,0,0,1,,,,0,46,0
84992,note_on,,,,,0,0,1,,,,0,96,64
84992,note_off,,,,,0,0,1,,,,0,34,0
84992,note_off,,,,,256,0,1,,,,0,97,0
85248,note_off,,,,,256,0,1,,,,0,96,0
85248,note_on,,,,,0,0,1,,,,0,94,64
85504,note_off,,,,,256,0,1,,,,0,94,0
85504,note_on,,,,,0,0,1,,,,0,93,64
85504,note_on,,,,,0,0,1,,,,0,29,72
85504,note_on,,,,,0,0,1,,,,0,41,72
85504,note_off,,,,,0,0,1,,,,0,49,0
85504,note_off,,,,,0,0,1,,,,0,53,0
85504,note_off,,,,,0,0,1,,,,0,61,0
85760,note_off,,,,,256,0,1,,,,0,93,0
85760,note_on,,,,,0,0,1,,,,0,94,64
86016,note_on,,,,,0,0,1,,,,0,34,72
86016,note_on,,,,,0,0,1,,,,0,92,64
86016,note_off,,,,,0,0,1,,,,0,41,0
86016,note_on,,,,,0,0,1,,,,0,46,72
86016,note_off,,,,,256,0,1,,,,0,94,0
86016,note_off,,,,,0,0,1,,,,0,29,0
86272,note_off,,,,,256,0,1,,,,0,92,0
86272,note_on,,,,,0,0,1,,,,0,90,64
86528,note_off,,,,,256,0,1,,,,0,90,0
86528,note_on,,,,,0,0,1,,,,0,89,64
86528,note_on,,,,,0,0,1,,,,0,49,64
86528,note_on,,,,,0,0,1,,,,0,53,64
86528,note_on,,,,,0,0,1,,,,0,61,64
86784,note_on,,,,,0,0,1,,,,0,88,64
86784,note_off,,,,,256,0,1,,,,0,89,0
87040,note_off,,,,,256,0,1,,,,0,88,0
87040,note_on,,,,,0,0,1,,,,0,89,64
87040,note_off,,,,,0,0,1,,,,0,34,0
87040,note_off,,,,,0,0,1,,,,0,46,0
87296,note_off,,,,,256,0,1,,,,0,89,0
87296,note_on,,,,,0,0,1,,,,0,87,64
87552,note_off,,,,,0,0,1,,,,0,61,0
87552,note_off,,,,,0,0,1,,,,0,53,0
87552,note_off,,,,,0,0,1,,,,0,49,0
87552,note_on,,,,,0,0,1,,,,0,41,72
87552,note_on,,,,,0,0,1,,,,0,85,64
87552,note_off,,,,,256,0,1,,,,0,87,0
87552,note_on,,,,,0,0,1,,,,0,29,72
87808,note_off,,,,,256,0,1,,,,0,85,0
87808,note_on,,,,,0,0,1,,,,0,84,64
88064,note_off,,,,,256,0,1,,,,0,84,0
88064,note_on,,,,,0,0,1,,,,0,82,64
88064,note_on,,,,,0,0,1,,,,0,34,72
88064,note_on,,,,,0,0,1,,,,0,46,72
88064,note_off,,,,,0,0,1,,,,0,29,0
88064,note_off,,,,,0,0,1,,,,0,41,0
88320,note_off,,,,,256,0,1,,,,0,82,0
88320,note_on,,,,,0,0,1,,,,0,81,64
88576,note_on,,,,,0,0,1,,,,0,53,64
88576,note_on,,,,,0,0,1,,,,0,61,64
88576,note_on,,,,,0,0,1,,,,0,49,64
88576,note_off,,,,,256,0,1,,,,0,81,0
88576,note_on,,,,,0,0,1,,,,0,82,64
88832,note_off,,,,,256,0,1,,,,0,82,0
88832,note_on,,,,,0,0,1,,,,0,80,64
89088,note_off,,,,,256,0,1,,,,0,80,0
89088,note_on,,,,,0,0,1,,,,0,78,64
89088,note_off,,,,,0,0,1,,,,0,34,0
89088,note_off,,,,,0,0,1,,,,0,46,0
89344,note_off,,,,,256,0,1,,,,0,78,0
89344,note_on,,,,,0,0,1,,,,0,77,64
89600,note_off,,,,,0,0,1,,,,0,49,0
89600,note_off,,,,,0,0,1,,,,0,53,0
89600,note_on,,,,,0,0,1,,,,0,41,72
89600,note_off,,,,,0,0,1,,,,0,61,0
89600,note_on,,,,,0,0,1,,,,0,75,64
89600,note_off,,,,,256,0,1,,,,0,77,0
89600,note_on,,,,,0,0,1,,,,0,29,72
89856,note_on,,,,,0,0,1,,,,0,73,64
89856,note_off,,,,,256,0,1,,,,0,75,0
90112,note_on,,,,,0,0,1,,,,0,34,72
90112,note_on,,,,,0,0,1,,,,0,46,72
90112,note_on,,,,,0,0,1,,,,0,72,64
90112,note_off,,,,,256,0,1,,,,0,73,0
90112,note_off,,,,,0,0,1,,,,0,29,0
90112,note_off,,,,,0,0,1,,,,0,41,0
90368,note_off,,,,,256,0,1,,,,0,72,0
90368,note_on,,,,,0,0,1,,,,0,73,64
90624,note_off,,,,,256,0,1,,,,0,73,0
90624,note_on,,,,,0,0,1,,,,0,75,64
90624,note_on,,,,,0,0,1,,,,0,51,64
90624,note_on,,,,,0,0,1,,,,0,54,64
90624,note_on,,,,,0,0,1,,,,0,63,64
90880,note_on,,,,,0,0,1,,,,0,77,64
90880,note_off,,,,,256,0,1,,,,0,75,0
91136,note_off,,,,,256,0,1,,,,0,77,0
91136,note_on,,,,,0,0,1,,,,0,78,64
91136,note_off,,,,,0,0,1,,,,0,34,0
91136,note_off,,,,,0,0,1,,,,0,46,0
91392,note_off,,,,,256,0,1,,,,0,78,0
91392,note_on,,,,,0,0,1,,,,0,80,64
91648,note_off,,,,,0,0,1,,,,0,63,0
91648,note_off,,,,,0,0,1,,,,0,54,0
91648,note_off,,,,,0,0,1,,,,0,51,0
91648,note_on,,,,,0,0,1,,,,0,41,72
91648,note_on,,,,,0,0,1,,,,0,82,64
91648,note_off,,,,,256,0,1,,,,0,80,0
91648,note_on,,,,,0,0,1,,,,0,29,72
91904,note_off,,,,,256,0,1,,,,0,82,0
91904,note_on,,,,,0,0,1,,,,0,84,64
92160,note_off,,,,,0,0,1,,,,0,41,0
92160,note_off,,,,,256,0,1,,,,0,84,0
92160,note_on,,,,,0,0,1,,,,0,82,64
92160,note_on,,,,,0,0,1,,,,0,34,72
92160,note_on,,,,,0,0,1,,,,0,46,72
92160,note_off,,,,,0,0,1,,,,0,29,0
92416,note_on,,,,,0,0,1,,,,0,80,64
92416,note_off,,,,,256,0,1,,,,0,82,0
92672,note_on,,,,,0,0,1,,,,0,51,64
92672,note_on,,,,,0,0,1,,,,0,63,64
92672,note_on,,,,,0,0,1,,,,0,54,64
92672,note_on,,,,,0,0,1,,,,0,78,64
92672,note_off,,,,,256,0,1,,,,0,80,0
92928,note_off,,,,,256,0,1,,,,0,78,0
92928,note_on,,,,,0,0,1,,,,0,77,64
93184,note_off,,,,,256,0,1,,,,0,77,0
93184,note_on,,,,,0,0,1,,,,0,75,64
93184,note_off,,,,,0,0,1,,,,0,34,0
93184,note_off,,,,,0,0,1,,,,0,46,0
93440,note_off,,,,,256,0,1,,,,0,75,0
93440,note_on,,,,,0,0,1,,,,0,73,64
93696,note_off,,,,,0,0,1,,,,0,51,0
93696,note_on,,,,,0,0,1,,,,0,41,72
93696,note_on,,,,,0,0,1,,,,0,29,72
93696,note_off,,,,,0,0,1,,,,0,54,0
93696,note_off,,,,,256,0,1,,,,0,73,0
93696,note_on,,,,,0,0,1,,,,0,72,64
93696,note_off,,,,,0,0,1,,,,0,63,0
93952,note_on,,,,,0,0,1,,,,0,75,64
93952,note_off,,,,,256,0,1,,,,0,72,0
94208,note_off,,,,,256,0,1,,,,0,75,0
94208,note_off,,,,,0,0,1,,,,0,29,0
94208,note_off,,,,,0,0,1,,,,0,41,0
94208,note_on,,,,,0,0,1,,,,0,78,64
94208,note_on,,,,,0,0,1,,,,0,33,72
94208,note_on,,,,,0,0,1,,,,0,45,72
94464,note_off,,,,,256,0,1,,,,0,78,0
94464,note_on,,,,,0,0,1,,,,0,74,64
94720,note_on,,,,,0,0,1,,,,0,54,64
94720,note_off,,,,,256,0,1,,,,0,74,0
94720,note_on,,,,,0,0,1,,,,0,76,64
94720,note_on,,,,,0,0,1,,,,0,51,64
94720,note_on,,,,,0,0,1,,,,0,63,64
94976,note_off,,,,,256,0,1,,,,0,76,0
94976,note_on,,,,,0,0,1,,,,0,75,64
95232,note_off,,,,,0,0,1,,,,0,45,0
95232,note_off,,,,,0,0,1,,,,0,33,0
95232,note_off,,,,,256,0,1,,,,0,75,0
95232,note_on,,,,,0,0,1,,,,0,72,64
95488,note_off,,,,,256,0,1,,,,0,72,0
95488,note_on,,,,,0,0,1,,,,0,66,64
95744,note_off,,,,,256,0,1,,,,0,66,0
95744,note_on,,,,,0,0,1,,,,0,71,64
95744,note_on,,,,,0,0,1,,,,0,27,72
95744,note_on,,,,,0,0,1,,,,0,39,72
95744,note_off,,,,,0,0,1,,,,0,51,0
95744,note_off,,,,,0,0,1,,,,0,54,0
95744,note_off,,,,,0,0,1,,,,0,63,0
96000,note_off,,,,,256,0,1,,,,0,71,0
96000,note_on,,,,,0,0,1,,,,0,72,64
96256,note_off,,,,,0,0,1,,,,0,39,0
96256,note_off,,,,,0,0,1,,,,0,27,0
96256,note_on,,,,,0,0,1,,,,0,45,72
96256,note_on,,,,,0,0,1,,,,0,33,72
96256,note_on,,,,,0,0,1,,,,0,73,64
96256,note_off,,,,,256,0,1,,,,0,72,0
96512,note_off,,,,,256,0,1,,,,0,73,0
96512,note_on,,,,,0,0,1,,,,0,72,64
96768,note_off,,,,,256,0,1,,,,0,72,0
96768,note_on,,,,,0,0,1,,,,0,74,64
96768,note_on,,,,,0,0,1,,,,0,51,64
96768,note_on,,,,,0,0,1,,,,0,54,64
96768,note_on,,,,,0,0,1,,,,0,63,64
97024,note_off,,,,,256,0,1,,,,0,74,0
97024,note_on,,,,,0,0,1,,,,0,75,64
97280,note_off,,,,,256,0,1,,,,0,75,0
97280,note_on,,,,,0,0,1,,,,0,76,64
97280,note_off,,,,,0,0,1,,,,0,33,0
97280,note_off,,,,,0,0,1,,,,0,45,0
97536,note_on,,,,,0,0,1,,,,0,75,64
97536,note_off,,,,,256,0,1,,,,0,76,0
97792,note_off,,,,,0,0,1,,,,0,63,0
97792,note_off,,,,,0,0,1,,,,0,51,0
97792,note_off,,,,,0,0,1,,,,0,54,0
97792,note_on,,,,,0,0,1,,,,0,39,72
97792,note_on,,,,,0,0,1,,,,0,76,64
97792,note_off,,,,,256,0,1,,,,0,75,0
97792,note_on,,,,,0,0,1,,,,0,27,72
98048,note_off,,,,,256,0,1,,,,0,76,0
98048,note_on,,,,,0,0,1,,,,0,77,64
98304,note_off,,,,,256,0,1,,,,0,77,0
98304,note_off,,,,,0,0,1,,,,0,27,0
98304,note_off,,,,,0,0,1,,,,0,39,0
98304,note_on,,,,,0,0,1,,,,0,80,64
98304,note_on,,,,,0,0,1,,,,0,33,72
98304,note_on,,,,,0,0,1,,,,0,45,72
98560,note_off,,,,,256,0,1,,,,0,80,0
98560,note_on,,,,,0,0,1,,,,0,78,64
98816,note_on,,,,,0,0,1,,,,0,63,64
98816,note_on,,,,,0,0,1,,,,0,54,64
98816,note_on,,,,,0,0,1,,,,0,51,64
98816,note_off,,,,,256,0,1,,,,0,78,0
98816,note_on,,,,,0,0,1,,,,0,83,64
99072,note_off,,,,,256,0,1,,,,0,83,0
99072,note_on,,,,,0,0,1,,,,0,84,64
99328,note_off,,,,,256,0,1,,,,0,84,0
99328,note_on,,,,,0,0,1,,,,0,85,64
99328,note_off,,,,,0,0,1,,,,0,33,0
99328,note_off,,,,,0,0,1,,,,0,45,0
99584,note_off,,,,,256,0,1,,,,0,85,0
99584,note_on,,,,,0,0,1,,,,0,84,64
99840,note_off,,,,,0,0,1,,,,0,54,0
99840,note_off,,,,,0,0,1,,,,0,51,0
99840,note_on,,,,,0,0,1,,,,0,39,72
99840,note_off,,,,,0,0,1,,,,0,63,0
99840,note_on,,,,,0,0,1,,,,0,86,64
99840,note_off,,,,,256,0,1,,,,0,84,0
99840,note_on,,,,,0,0,1,,,,0,27,72
100096,note_on,,,,,0,0,1,,,,0,87,64
100096,note_off,,,,,256,0,1,,,,0,86,0
100352,note_on,,,,,0,0,1,,,,0,45,72
100352,note_off,,,,,0,0,1,,,,0,39,0
100352,note_on,,,,,0,0,1,,,,0,33,72
100352,note_off,,,,,0,0,1,,,,0,27,0
100352,note_off,,,,,256,0,1,,,,0,87,0
100352,note_on,,,,,0,0,1,,,,0,88,64
100608,note_off,,,,,256,0,1,,,,0,88,0
100608,note_on,,,,,0,0,1,,,,0,87,64
100864,note_off,,,,,256,0,1,,,,0,87,0
100864,note_on,,,,,0,0,1,,,,0,88,64
100864,note_on,,,,,0,0,1,,,,0,51,64
100864,note_on,,,,,0,0,1,,,,0,54,64
100864,note_on,,,,,0,0,1,,,,0,63,64
101120,note_on,,,,,0,0,1,,,,0,89,64
101120,note_off,,,,,256,0,1,,,,0,88,0
101376,note_off,,,,,256,0,1,,,,0,89,0
101376,note_on,,,,,0,0,1,,,,0,92,64
101376,note_off,,,,,0,0,1,,,,0,33,0
101376,note_off,,,,,0,0,1,,,,0,45,0
101632,note_off,,,,,256,0,1,,,,0,92,0
101632,note_on,,,,,0,0,1,,,,0,94,64
101888,note_off,,,,,0,0,1,,,,0,63,0
101888,note_off,,,,,0,0,1,,,,0,54,0
101888,note_off,,,,,0,0,1,,,,0,51,0
101888,note_on,,,,,0,0,1,,,,0,39,72
101888,note_on,,,,,0,0,1,,,,0,92,64
101888,note_off,,,,,256,0,1,,,,0,94,0
101888,note_on,,,,,0,0,1,,,,0,27,72
102144,note_off,,,,,256,0,1,,,,0,92,0
102144,note_on,,,,,0,0,1,,,,0,91,64
102400,note_on,,,,,0,0,1,,,,0,44,72
102400,note_off,,,,,256,0,1,,,,0,91,0
102400,note_off,,,,,0,0,1,,,,0,27,0
102400,note_off,,,,,0,0,1,,,,0,39,0
102400,note_on,,,,,0,0,1,,,,0,90,64
102400,note_on,,,,,0,0,1,,,,0,32,72
102656,note_on,,,,,0,0,1,,,,0,101,64
102656,note_off,,,,,256,0,1,,,,0,90,0
102912,note_on,,,,,0,0,1,,,,0,51,64
102912,note_on,,,,,0,0,1,,,,0,66,64
102912,note_on,,,,,0,0,1,,,,0,60,64
102912,note_on,,,,,0,0,1,,,,0,99,64
102912,note_off,,,,,256,0,1,,,,0,101,0
103168,note_off,,,,,256,0,1,,,,0,99,0
103168,note_on,,,,,0,0,1,,,,0,90,64
103424,note_off,,,,,256,0,1,,,,0,90,0
103424,note_on,,,,,0,0,1,,,,0,99,64
103424,note_off,,,,,0,0,1,,,,0,32,0
103424,note_off,,,,,0,0,1,,,,0,44,0
103680,note_off,,,,,256,0,1,,,,0,99,0
103680,note_on,,,,,0,0,1,,,,0,97,64
103936,note_off,,,,,0,0,1,,,,0,66,0
103936,note_off,,,,,0,0,1,,,,0,60,0
103936,note_off,,,,,0,0,1,,,,0,51,0
103936,note_on,,,,,0,0,1,,,,0,39,72
103936,note_on,,,,,0,0,1,,,,0,89,64
103936,note_off,,,,,256,0,1,,,,0,97,0
103936,note_on,,,,,0,0,1,,,,0,27,72
104192,note_off,,,,,256,0,1,,,,0,89,0
104192,note_on,,,,,0,0,1,,,,0,97,64
104448,note_off,,,,,256,0,1,,,,0,97,0
104448,note_on,,,,,0,0,1,,,,0,96,64
104448,note_on,,,,,0,0,1,,,,0,32,72
104448,note_on,,,,,0,0,1,,,,0,44,72
104448,note_off,,,,,0,0,1,,,,0,27,0
104448,note_off,,,,,0,0,1,,,,0,39,0
104704,note_on,,,,,0,0,1,,,,0,87,64
104704,note_off,,,,,256,0,1,,,,0,96,0
104960,note_on,,,,,0,0,1,,,,0,60,64
104960,note_on,,,,,0,0,1,,,,0,51,64
104960,note_on,,,,,0,0,1,,,,0,66,64
104960,note_off,,,,,256,0,1,,,,0,87,0
104960,note_on,,,,,0,0,1,,,,0,96,64
105216,note_on,,,,,0,0,1,,,,0,94,64
105216,note_off,,,,,256,0,1,,,,0,96,0
105472,note_off,,,,,0,0,1,,,,0,44,0
105472,note_off,,,,,0,0,1,,,,0,32,0
105472,note_on,,,,,0,0,1,,,,0,85,64
105472,note_off,,,,,256,0,1,,,,0,94,0
105728,note_off,,,,,256,0,1,,,,0,85,0
105728,note_on,,,,,0,0,1,,,,0,94,64
105984,note_off,,,,,256,0,1,,,,0,94,0
105984,note_on,,,,,0,0,1,,,,0,92,64
105984,note_on,,,,,0,0,1,,,,0,32,72
106240,note_off,,,,,256,0,1,,,,0,92,0
106240,note_on,,,,,0,0,1,,,,0,84,64
106496,note_on,,,,,0,0,1,,,,0,92,64
106496,note_off,,,,,0,0,1,,,,0,32,0
106496,note_off,,,,,0,0,1,,,,0,66,0
106496,note_on,,,,,0,0,1,,,,0,44,72
106496,note_off,,,,,0,0,1,,,,0,51,0
106496,note_off,,,,,256,0,1,,,,0,84,0
106496,note_off,,,,,0,0,1,,,,0,60,0
106752,note_off,,,,,256,0,1,,,,0,92,0
106752,note_on,,,,,0,0,1,,,,0,90,64
107008,note_on,,,,,0,0,1,,,,0,65,64
107008,note_on,,,,,0,0,1,,,,0,53,64
107008,note_on,,,,,0,0,1,,,,0,61,64
107008,note_off,,,,,256,0,1,,,,0,90,0
107008,note_on,,,,,0,0,1,,,,0,82,64
107264,note_off,,,,,256,0,1,,,,0,82,0
107264,note_on,,,,,0,0,1,,,,0,90,64
107520,note_off,,,,,256,0,1,,,,0,90,0
107520,note_on,,,,,0,0,1,,,,0,89,64
107520,note_off,,,,,0,0,1,,,,0,44,0
107776,note_off,,,,,256,0,1,,,,0,89,0
107776,note_on,,,,,0,0,1,,,,0,80,64
108032,note_off,,,,,0,0,1,,,,0,53,0
108032,note_off,,,,,0,0,1,,,,0,61,0
108032,note_on,,,,,0,0,1,,,,0,32,72
108032,note_off,,,,,0,0,1,,,,0,65,0
108032,note_off,,,,,256,0,1,,,,0,80,0
108032,note_on,,,,,0,0,1,,,,0,89,64
108288,note_off,,,,,256,0,1,,,,0,89,0
108288,note_on,,,,,0,0,1,,,,0,87,64
108544,note_on,,,,,0,0,1,,,,0,44,72
108544,note_on,,,,,0,0,1,,,,0,78,64
108544,note_off,,,,,0,0,1,,,,0,32,0
108544,note_off,,,,,256,0,1,,,,0,87,0
108800,note_off,,,,,256,0,1,,,,0,78,0
108800,note_on,,,,,0,0,1,,,,0,87,64
109056,note_off,,,,,256,0,1,,,,0,87,0
109056,note_on,,,,,0,0,1,,,,0,85,64
109056,note_on,,,,,0,0,1,,,,0,53,64
109056,note_on,,,,,0,0,1,,,,0,61,64
109312,note_off,,,,,256,0,1,,,,0,85,0
109312,note_on,,,,,0,0,1,,,,0,77,64
109568,note_on,,,,,0,0,1,,,,0,82,64
109568,note_off,,,,,0,0,1,,,,0,44,0
109568,note_off,,,,,256,0,1,,,,0,77,0
109824,note_off,,,,,256,0,1,,,,0,82,0
109824,note_on,,,,,0,0,1,,,,0,80,64
110080,note_off,,,,,0,0,1,,,,0,61,0
110080,note_off,,,,,256,0,1,,,,0,80,0
110080,note_on,,,,,0,0,1,,,,0,77,64
110080,note_on,,,,,0,0,1,,,,0,32,64
110080,note_off,,,,,0,0,1,,,,0,53,0
110336,note_off,,,,,256,0,1,,,,0,77,0
110336,note_on,,,,,0,0,1,,,,0,73,64
110592,note_off,,,,,256,0,1,,,,0,73,0
110592,note_off,,,,,0,0,1,,,,0,32,0
110592,note_on,,,,,0,0,1,,,,0,72,64
110592,note_on,,,,,0,0,1,,,,0,44,64
110848,note_off,,,,,256,0,1,,,,0,72,0
110848,note_on,,,,,0,0,1,,,,0,73,64
111104,note_on,,,,,0,0,1,,,,0,75,64
111104,note_on,,,,,0,0,1,,,,0,51,48
111104,note_on,,,,,0,0,1,,,,0,60,48
111104,note_off,,,,,256,0,1,,,,0,73,0
111104,note_on,,,,,0,0,1,,,,0,54,48
111360,note_on,,,,,0,0,1,,,,0,76,64
111360,note_off,,,,,256,0,1,,,,0,75,0
111616,note_off,,,,,0,0,1,,,,0,44,0
111616,note_on,,,,,0,0,1,,,,0,77,64
111616,note_off,,,,,256,0,1,,,,0,76,0
111872,note_off,,,,,256,0,1,,,,0,77,0
111872,note_on,,,,,0,0,1,,,,0,78,64
112128,note_off,,,,,256,0,1,,,,0,78,0
112128,note_on,,,,,0,0,1,,,,0,80,64
112128,note_on,,,,,0,0,1,,,,0,32,64
112128,note_off,,,,,0,0,1,,,,0,51,0
112128,note_off,,,,,0,0,1,,,,0,54,0
112128,note_off,,,,,0,0,1,,,,0,60,0
112384,note_off,,,,,256,0,1,,,,0,80,0
112384,note_on,,,,,0,0,1,,,,0,81,64
112640,note_off,,,,,256,0,1,,,,0,81,0
112640,note_on,,,,,0,0,1,,,,0,79,64
112640,note_on,,,,,0,0,1,,,,0,44,64
112640,note_off,,,,,0,0,1,,,,0,32,0
112896,note_off,,,,,256,0,1,,,,0,79,0
112896,note_on,,,,,0,0,1,,,,0,80,64
113152,note_off,,,,,256,0,1,,,,0,80,0
113152,note_on,,,,,0,0,1,,,,0,75,64
113152,note_on,,,,,0,0,1,,,,0,52,48
113152,note_on,,,,,0,0,1,,,,0,61,48
113408,note_off,,,,,256,0,1,,,,0,75,0
113408,note_on,,,,,0,0,1,,,,0,76,64
113664,note_off,,,,,0,0,1,,,,0,44,0
113664,note_off,,,,,256,0,1,,,,0,76,0
113664,note_on,,,,,0,0,1,,,,0,68,64
113920,note_off,,,,,256,0,1,,,,0,68,0
113920,note_on,,,,,0,0,1,,,,0,76,64
114176,note_off,,,,,256,0,1,,,,0,76,0
114176,note_on,,,,,0,0,1,,,,0,75,64
114176,note_on,,,,,0,0,1,,,,0,32,64
114432,note_on,,,,,0,0,1,,,,0,73,64
114432,note_off,,,,,256,0,1,,,,0,75,0
114688,note_on,,,,,0,0,1,,,,0,72,64
114688,note_on,,,,,0,0,1,,,,0,44,64
114688,note_off,,,,,0,0,1,,,,0,61,0
114688,note_off,,,,,0,0,1,,,,0,32,0
114688,note_off,,,,,0,0,1,,,,0,52,0
114688,note_off,,,,,256,0,1,,,,0,73,0
114944,note_off,,,,,256,0,1,,,,0,72,0
114944,note_on,,,,,0,0,1,,,,0,73,64
115200,note_on,,,,,0,0,1,,,,0,54,48
115200,note_on,,,,,0,0,1,,,,0,51,48
115200,note_on,,,,,0,0,1,,,,0,60,48
115200,note_off,,,,,256,0,1,,,,0,73,0
115200,note_on,,,,,0,0,1,,,,0,75,64
115456,note_off,,,,,256,0,1,,,,0,75,0
115456,note_on,,,,,0,0,1,,,,0,76,64
115712,note_off,,,,,256,0,1,,,,0,76,0
115712,note_on,,,,,0,0,1,,,,0,77,64
115712,note_off,,,,,0,0,1,,,,0,44,0
115968,note_off,,,,,256,0,1,,,,0,77,0
115968,note_on,,,,,0,0,1,,,,0,78,64
116224,note_off,,,,,0,0,1,,,,0,60,0
116224,note_off,,,,,0,0,1,,,,0,51,0
116224,note_off,,,,,0,0,1,,,,0,54,0
116224,note_on,,,,,0,0,1,,,,0,80,64
116224,note_off,,,,,256,0,1,,,,0,78,0
116224,note_on,,,,,0,0,1,,,,0,44,64
116480,note_off,,,,,256,0,1,,,,0,80,0
116480,note_on,,,,,0,0,1,,,,0,81,64
116736,note_off,,,,,256,0,1,,,,0,81,0
116736,note_on,,,,,0,0,1,,,,0,79,64
116736,note_on,,,,,0,0,1,,,,0,49,64
116736,note_off,,,,,0,0,1,,,,0,44,0
116992,note_off,,,,,256,0,1,,,,0,79,0
116992,note_on,,,,,0,0,1,,,,0,80,64
117248,note_on,,,,,0,0,1,,,,0,75,64
117248,note_on,,,,,0,0,1,,,,0,61,48
117248,note_off,,,,,256,0,1,,,,0,80,0
117248,note_on,,,,,0,0,1,,,,0,52,48
117504,note_on,,,,,0,0,1,,,,0,76,64
117504,note_off,,,,,256,0,1,,,,0,75,0
117760,note_on,,,,,0,0,1,,,,0,68,64
117760,note_off,,,,,0,0,1,,,,0,49,0
117760,note_off,,,,,256,0,1,,,,0,76,0
118016,note_off,,,,,256,0,1,,,,0,68,0
118016,note_on,,,,,0,0,1,,,,0,76,64
118272,note_off,,,,,256,0,1,,,,0,76,0
118272,note_on,,,,,0,0,1,,,,0,73,64
118272,note_on,,,,,0,0,1,,,,0,43,64
118272,note_off,,,,,0,0,1,,,,0,52,0
118272,note_off,,,,,0,0,1,,,,0,61,0
118528,note_off,,,,,256,0,1,,,,0,73,0
118528,note_on,,,,,0,0,1,,,,0,71,64
118784,note_off,,,,,256,0,1,,,,0,71,0
118784,note_off,,,,,0,0,1,,,,0,43,0
118784,note_on,,,,,0,0,1,,,,0,70,64
118784,note_on,,,,,0,0,1,,,,0,42,64
119040,note_on,,,,,0,0,1,,,,0,71,64
119040,note_off,,,,,256,0,1,,,,0,70,0
119296,note_on,,,,,0,0,1,,,,0,58,48
119296,note_on,,,,,0,0,1,,,,0,64,48
119296,note_on,,,,,0,0,1,,,,0,54,48
119296,note_off,,,,,256,0,1,,,,0,71,0
119296,note_on,,,,,0,0,1,,,,0,73,64
119552,note_off,,,,,256,0,1,,,,0,73,0
119552,note_on,,,,,0,0,1,,,,0,74,64
119808,note_off,,,,,256,0,1,,,,0,74,0
119808,note_on,,,,,0,0,1,,,,0,75,64
119808,note_off,,,,,0,0,1,,,,0,42,0
120064,note_on,,,,,0,0,1,,,,0,76,64
120064,note_off,,,,,256,0,1,,,,0,75,0
120320,note_off,,,,,0,0,1,,,,0,54,0
120320,note_on,,,,,0,0,1,,,,0,30,64
120320,note_off,,,,,0,0,1,,,,0,64,0
120320,note_off,,,,,256,0,1,,,,0,76,0
120320,note_off,,,,,0,0,1,,,,0,58,0
120320,note_on,,,,,0,0,1,,,,0,78,64
120576,note_on,,,,,0,0,1,,,,0,79,64
120576,note_off,,,,,256,0,1,,,,0,78,0
120832,note_off,,,,,256,0,1,,,,0,79,0
120832,note_on,,,,,0,0,1,,,,0,77,64
120832,note_on,,,,,0,0,1,,,,0,42,64
120832,note_off,,,,,0,0,1,,,,0,30,0
121088,note_off,,,,,256,0,1,,,,0,77,0
121088,note_on,,,,,0,0,1,,,,0,78,64
121344,note_off,,,,,256,0,1,,,,0,78,0
121344,note_on,,,,,0,0,1,,,,0,75,64
121344,note_on,,,,,0,0,1,,,,0,54,48
121344,note_on,,,,,0,0,1,,,,0,59,48
121344,note_on,,,,,0,0,1,,,,0,62,48
121600,note_on,,,,,0,0,1,,,,0,76,64
121600,note_off,,,,,256,0,1,,,,0,75,0
121856,note_off,,,,,0,0,1,,,,0,42,0
121856,note_on,,,,,0,0,1,,,,0,73,64
121856,note_off,,,,,256,0,1,,,,0,76,0
122112,note_off,,,,,256,0,1,,,,0,73,0
122112,note_on,,,,,0,0,1,,,,0,74,64
122368,note_off,,,,,256,0,1,,,,0,74,0
122368,note_on,,,,,0,0,1,,,,0,71,64
122368,note_on,,,,,0,0,1,,,,0,41,64
122368,note_off,,,,,0,0,1,,,,0,54,0
122368,note_off,,,,,0,0,1,,,,0,59,0
122368,note_off,,,,,0,0,1,,,,0,62,0
122624,note_on,,,,,0,0,1,,,,0,69,64
122624,note_off,,,,,256,0,1,,,,0,71,0
122880,note_on,,,,,0,0,1,,,,0,68,64
122880,note_off,,,,,0,0,1,,,,0,41,0
122880,note_on,,,,,0,0,1,,,,0,40,64
122880,note_off,,,,,256,0,1,,,,0,69,0
123136,note_on,,,,,0,0,1,,,,0,69,64
123136,note_off,,,,,256,0,1,,,,0,68,0
123392,note_on,,,,,0,0,1,,,,0,56,48
123392,note_on,,,,,0,0,1,,,,0,52,48
123392,note_on,,,,,0,0,1,,,,0,62,48
123392,note_off,,,,,256,0,1,,,,0,69,0
123392,note_on,,,,,0,0,1,,,,0,71,64
123648,note_on,,,,,0,0,1,,,,0,72,64
123648,note_off,,,,,256,0,1,,,,0,71,0
123904,note_on,,,,,0,0,1,,,,0,73,64
123904,note_off,,,,,0,0,1,,,,0,40,0
123904,note_off,,,,,256,0,1,,,,0,72,0
124160,note_off,,,,,256,0,1,,,,0,73,0
124160,note_on,,,,,0,0,1,,,,0,74,64
124416,note_off,,,,,256,0,1,,,,0,74,0
124416,note_on,,,,,0,0,1,,,,0,76,64
124416,note_on,,,,,0,0,1,,,,0,28,64
124416,note_off,,,,,0,0,1,,,,0,52,0
124416,note_off,,,,,0,0,1,,,,0,56,0
124416,note_off,,,,,0,0,1,,,,0,62,0
124672,note_off,,,,,256,0,1,,,,0,76,0
124672,note_on,,,,,0,0,1,,,,0,77,64
124928,note_off,,,,,256,0,1,,,,0,77,0
124928,note_on,,,,,0,0,1,,,,0,75,64
124928,note_on,,,,,0,0,1,,,,0,40,64
124928,note_off,,,,,0,0,1,,,,0,28,0
125184,note_on,,,,,0,0,1,,,,0,76,64
125184,note_off,,,,,256,0,1,,,,0,75,0
125440,note_on,,,,,0,0,1,,,,0,57,48
125440,note_on,,,,,0,0,1,,,,0,60,48
125440,note_on,,,,,0,0,1,,,,0,52,48
125440,note_off,,,,,256,0,1,,,,0,76,0
125440,note_on,,,,,0,0,1,,,,0,73,64
125696,note_off,,,,,256,0,1,,,,0,73,0
125696,note_on,,,,,0,0,1,,,,0,74,64
125952,note_off,,,,,256,0,1,,,,0,74,0
125952,note_on,,,,,0,0,1,,,,0,71,64
125952,note_off,,,,,0,0,1,,,,0,40,0
126208,note_off,,,,,256,0,1,,,,0,71,0
126208,note_on,,,,,0,0,1,,,,0,72,64
126464,note_off,,,,,0,0,1,,,,0,52,0
126464,note_on,,,,,0,0,1,,,,0,40,64
126464,note_on,,,,,0,0,1,,,,0,28,64
126464,note_off,,,,,0,0,1,,,,0,60,0
126464,note_off,,,,,256,0,1,,,,0,72,0
126464,note_off,,,,,0,0,1,,,,0,57,0
126464,note_on,,,,,0,0,1,,,,0,71,64
126720,note_off,,,,,256,0,1,,,,0,71,0
126720,note_on,,,,,0,0,1,,,,0,69,64
126976,note_off,,,,,256,0,1,,,,0,69,0
126976,note_off,,,,,0,0,1,,,,0,28,0
126976,note_off,,,,,0,0,1,,,,0,40,0
126976,note_on,,,,,0,0,1,,,,0,68,64
126976,note_on,,,,,0,0,1,,,,0,29,64
126976,note_on,,,,,0,0,1,,,,0,41,64
127232,note_on,,,,,0,0,1,,,,0,69,64
127232,note_off,,,,,256,0,1,,,,0,68,0
127488,note_off,,,,,256,0,1,,,,0,69,0
127488,note_on,,,,,0,0,1,,,,0,73,64
127744,note_off,,,,,256,0,1,,,,0,73,0
127744,note_on,,,,,0,0,1,,,,0,72,64
127800,note_on,,,,,56,0,1,,,,0,48,64
127900,note_on,,,,,100,0,1,,,,0,53,64
128000,note_on,,,,,0,0,1,,,,0,63,72
128000,note_off,,,,,0,0,1,,,,0,41,0
128000,note_off,,,,,0,0,1,,,,0,29,0
128000,note_on,,,,,0,0,1,,,,0,70,64
128000,note_off,,,,,100,0,1,,,,0,72,0
128256,note_off,,,,,256,0,1,,,,0,70,0
128256,note_on,,,,,0,0,1,,,,0,69,64
128512,note_off,,,,,256,0,1,,,,0,69,0
128512,note_on,,,,,0,0,1,,,,0,78,64
128768,note_off,,,,,256,0,1,,,,0,78,0
128768,note_on,,,,,0,0,1,,,,0,77,64
128824,note_on,,,,,56,0,1,,,,0,46,64
128924,note_on,,,,,100,0,1,,,,0,53,64
129024,note_off,,,,,0,0,1,,,,0,53,0
129024,note_off,,,,,100,0,1,,,,0,77,0
129024,note_on,,,,,0,0,1,,,,0,75,64
129024,note_on,,,,,0,0,1,,,,0,61,72
129024,note_off,,,,,0,0,1,,,,0,48,0
129024,note_off,,,,,0,0,1,,,,0,63,0
129280,note_on,,,,,0,0,1,,,,0,73,64
129280,note_off,,,,,256,0,1,,,,0,75,0
129536,note_off,,,,,256,0,1,,,,0,73,0
129536,note_on,,,,,0,0,1,,,,0,84,64
129792,note_on,,,,,0,0,1,,,,0,82,64
129792,note_off,,,,,256,0,1,,,,0,84,0
129848,note_on,,,,,56,0,1,,,,0,51,64
129948,note_on,,,,,100,0,1,,,,0,58,64
130048,note_off,,,,,100,0,1,,,,0,82,0
130048,note_on,,,,,0,0,1,,,,0,80,64
130048,note_on,,,,,0,0,1,,,,0,66,72
130048,note_off,,,,,0,0,1,,,,0,53,0
130048,note_off,,,,,0,0,1,,,,0,61,0
130048,note_off,,,,,0,0,1,,,,0,46,0
130304,note_off,,,,,256,0,1,,,,0,80,0
130304,note_on,,,,,0,0,1,,,,0,78,64
130560,note_off,,,,,256,0,1,,,,0,78,0
130560,note_on,,,,,0,0,1,,,,0,77,64
130816,note_on,,,,,0,0,1,,,,0,75,64
130816,note_off,,,,,256,0,1,,,,0,77,0
130872,note_on,,,,,56,0,1,,,,0,44,64
130972,note_on,,,,,100,0,1,,,,0,54,64
131072,note_off,,,,,100,0,1,,,,0,75,0
131072,note_off,,,,,0,0,1,,,,0,58,0
131072,note_off,,,,,0,0,1,,,,0,66,0
131072,note_off,,,,,0,0,1,,,,0,51,0
131072,note_on,,,,,0,0,1,,,,0,73,64
131072,note_on,,,,,0,0,1,,,,0,60,72
131328,note_off,,,,,256,0,1,,,,0,73,0
131328,note_on,,,,,0,0,1,,,,0,72,64
131584,note_off,,,,,256,0,1,,,,0,72,0
131584,note_on,,,,,0,0,1,,,,0,82,64
131840,note_off,,,,,256,0,1,,,,0,82,0
131840,note_on,,,,,0,0,1,,,,0,80,64
131896,note_on,,,,,56,0,1,,,,0,49,64
131996,note_on,,,,,100,0,1,,,,0,56,64
132096,note_off,,,,,0,0,1,,,,0,60,0
132096,note_off,,,,,0,0,1,,,,0,44,0
132096,note_off,,,,,0,0,1,,,,0,54,0
132096,note_on,,,,,0,0,1,,,,0,65,72
132096,note_on,,,,,0,0,1,,,,0,78,64
132096,note_off,,,,,100,0,1,,,,0,80,0
132352,note_off,,,,,256,0,1,,,,0,78,0
132352,note_on,,,,,0,0,1,,,,0,77,64
132608,note_off,,,,,256,0,1,,,,0,77,0
132608,note_on,,,,,0,0,1,,,,0,75,64
132864,note_off,,,,,256,0,1,,,,0,75,0
132864,note_on,,,,,0,0,1,,,,0,73,64
132920,note_on,,,,,56,0,1,,,,0,42,64
133020,note_on,,,,,100,0,1,,,,0,49,64
133120,note_off,,,,,0,0,1,,,,0,65,0
133120,note_off,,,,,0,0,1,,,,0,56,0
133120,note_on,,,,,0,0,1,,,,0,58,72
133120,note_off,,,,,0,0,1,,,,0,49,0
133120,note_off,,,,,100,0,1,,,,0,73,0
133120,note_on,,,,,0,0,1,,,,0,72,64
133376,note_off,,,,,256,0,1,,,,0,72,0
133376,note_on,,,,,0,0,1,,,,0,70,64
133632,note_off,,,,,256,0,1,,,,0,70,0
133632,note_on,,,,,0,0,1,,,,0,80,64
133888,note_on,,,,,0,0,1,,,,0,78,64
133888,note_off,,,,,256,0,1,,,,0,80,0
133944,note_on,,,,,56,0,1,,,,0,48,64
134044,note_on,,,,,100,0,1,,,,0,54,64
134144,note_off,,,,,100,0,1,,,,0,78,0
134144,note_on,,,,,0,0,1,,,,0,77,64
134144,note_on,,,,,0,0,1,,,,0,63,72
134144,note_off,,,,,0,0,1,,,,0,49,0
134144,note_off,,,,,0,0,1,,,,0,58,0
134144,note_off,,,,,0,0,1,,,,0,42,0
134400,note_off,,,,,256,0,1,,,,0,77,0
134400,note_on,,,,,0,0,1,,,,0,75,64
134656,note_on,,,,,0,0,1,,,,0,73,64
134656,note_off,,,,,256,0,1,,,,0,75,0
134912,note_off,,,,,256,0,1,,,,0,73,0
134912,note_on,,,,,0,0,1,,,,0,72,64
135168,note_on,,,,,0,0,1,,,,0,61,72
135168,note_off,,,,,0,0,1,,,,0,63,0
135168,note_on,,,,,0,0,1,,,,0,58,64
135168,note_on,,,,,0,0,1,,,,0,49,64
135168,note_on,,,,,0,0,1,,,,0,53,64
135168,note_off,,,,,0,0,1,,,,0,54,0
135168,note_off,,,,,0,0,1,,,,0,48,0
135168,note_on,,,,,0,0,1,,,,0,70,64
135168,note_off,,,,,256,0,1,,,,0,72,0
135424,note_off,,,,,256,0,1,,,,0,70,0
135424,note_on,,,,,0,0,1,,,,0,69,64
135680,note_off,,,,,256,0,1,,,,0,69,0
135680,note_on,,,,,0,0,1,,,,0,68,64
135936,note_off,,,,,256,0,1,,,,0,68,0
135936,note_on,,,,,0,0,1,,,,0,67,64
136192,note_off,,,,,0,0,1,,,,0,49,0
136192,note_off,,,,,0,0,1,,,,0,61,0
136192,note_off,,,,,0,0,1,,,,0,58,0
136192,note_on,,,,,0,0,1,,,,0,51,64
136192,note_on,,,,,0,0,1,,,,0,60,72
136192,note_off,,,,,0,0,1,,,,0,53,0
136192,note_on,,,,,0,0,1,,,,0,54,64
136192,note_on,,,,,0,0,1,,,,0,68,64
136192,note_off,,,,,256,0,1,,,,0,67,0
136192,note_on,,,,,0,0,1,,,,0,58,64
136448,note_off,,,,,256,0,1,,,,0,68,0
136448,note_on,,,,,0,0,1,,,,0,67,64
136704,note_off,,,,,256,0,1,,,,0,67,0
136704,note_on,,,,,0,0,1,,,,0,66,64
136960,note_on,,,,,0,0,1,,,,0,65,64
136960,note_off,,,,,256,0,1,,,,0,66,0
137216,note_off,,,,,256,0,1,,,,0,65,0
137216,note_on,,,,,0,0,1,,,,0,67,64
137216,note_off,,,,,0,0,1,,,,0,54,0
137216,note_off,,,,,0,0,1,,,,0,58,0
137216,note_off,,,,,0,0,1,,,,0,60,0
137216,note_off,,,,,0,0,1,,,,0,51,0
137472,note_off,,,,,256,0,1,,,,0,67,0
137472,note_on,,,,,0,0,1,,,,0,66,64
137728,note_on,,,,,0,0,1,,,,0,65,64
137728,note_off,,,,,256,0,1,,,,0,66,0
137984,note_off,,,,,256,0,1,,,,0,65,0
137984,note_on,,,,,0,0,1,,,,0,64,64
138240,note_off,,,,,256,0,1,,,,0,64,0
138240,note_on,,,,,0,0,1,,,,0,66,64
138240,note_on,,,,,0,0,1,,,,0,54,64
138496,note_off,,,,,256,0,1,,,,0,66,0
138496,note_on,,,,,0,0,1,,,,0,65,64
138496,note_on,,,,,0,0,1,,,,0,53,64
138496,note_off,,,,,0,0,1,,,,0,54,0
138752,note_off,,,,,256,0,1,,,,0,65,0
138752,note_on,,,,,0,0,1,,,,0,64,64
138752,note_on,,,,,0,0,1,,,,0,52,64
138752,note_off,,,,,0,0,1,,,,0,53,0
139008,note_off,,,,,0,0,1,,,,0,52,0
139008,note_on,,,,,0,0,1,,,,0,63,64
139008,note_on,,,,,0,0,1,,,,0,51,64
139008,note_off,,,,,256,0,1,,,,0,64,0
139264,note_off,,,,,256,0,1,,,,0,63,0
139264,note_off,,,,,0,0,1,,,,0,51,0
139264,note_on,,,,,0,0,1,,,,0,65,64
139264,note_on,,,,,0,0,1,,,,0,53,64
139520,note_on,,,,,0,0,1,,,,0,52,64
139520,note_off,,,,,256,0,1,,,,0,65,0
139520,note_on,,,,,0,0,1,,,,0,64,64
139520,note_off,,,,,0,0,1,,,,0,53,0
139776,note_off,,,,,256,0,1,,,,0,64,0
139776,note_on,,,,,0,0,1,,,,0,63,64
139776,note_on,,,,,0,0,1,,,,0,51,64
139776,note_off,,,,,0,0,1,,,,0,52,0
140032,note_off,,,,,256,0,1,,,,0,63,0
140032,note_on,,,,,0,0,1,,,,0,62,64
140032,note_off,,,,,0,0,1,,,,0,51,0
140032,note_on,,,,,0,0,1,,,,0,50,64
140288,note_on,,,,,0,0,1,,,,0,52,64
140288,note_on,,,,,0,0,1,,,,0,64,64
140288,note_off,,,,,0,0,1,,,,0,50,0
140288,note_off,,,,,256,0,1,,,,0,62,0
140544,note_off,,,,,256,0,1,,,,0,64,0
140544,note_on,,,,,0,0,1,,,,0,63,64
140544,note_on,,,,,0,0,1,,,,0,51,64
140544,note_off,,,,,0,0,1,,,,0,52,0
140800,note_off,,,,,256,0,1,,,,0,63,0
140800,note_on,,,,,0,0,1,,,,0,62,64
140800,note_on,,,,,0,0,1,,,,0,50,64
140800,note_off,,,,,0,0,1,,,,0,51,0
141056,note_off,,,,,256,0,1,,,,0,62,0
141056,note_on,,,,,0,0,1,,,,0,61,64
141056,note_on,,,,,0,0,1,,,,0,49,64
141056,note_off,,,,,0,0,1,,,,0,50,0
141312,note_on,,,,,0,0,1,,,,0,51,64
141312,note_on,,,,,0,0,1,,,,0,63,64
141312,note_off,,,,,0,0,1,,,,0,49,0
141312,note_off,,,,,256,0,1,,,,0,61,0
141568,note_off,,,,,256,0,1,,,,0,63,0
141568,note_on,,,,,0,0,1,,,,0,62,64
141568,note_on,,,,,0,0,1,,,,0,50,64
141568,note_off,,,,,0,0,1,,,,0,51,0
141824,note_off,,,,,0,0,1,,,,0,50,0
141824,note_on,,,,,0,0,1,,,,0,61,64
141824,note_on,,,,,0,0,1,,,,0,49,64
141824,note_off,,,,,256,0,1,,,,0,62,0
142080,note_off,,,,,256,0,1,,,,0,61,0
142080,note_on,,,,,0,0,1,,,,0,60,64
142080,note_on,,,,,0,0,1,,,,0,48,64
142080,note_off,,,,,0,0,1,,,,0,49,0
142336,note_on,,,,,0,0,1,,,,0,63,64
142336,note_off,,,,,0,0,1,,,,0,48,0
142336,note_off,,,,,256,0,1,,,,0,60,0
142336,note_on,,,,,0,0,1,,,,0,51,64
142592,note_off,,,,,0,0,1,,,,0,51,0
142592,note_on,,,,,0,0,1,,,,0,49,64
142592,note_off,,,,,256,0,1,,,,0,63,0
142592,note_on,,,,,0,0,1,,,,0,61,64
142848,note_off,,,,,256,0,1,,,,0,61,0
142848,note_on,,,,,0,0,1,,,,0,60,64
142848,note_on,,,,,0,0,1,,,,0,48,64
142848,note_off,,,,,0,0,1,,,,0,49,0
143104,note_off,,,,,0,0,1,,,,0,48,0
143104,note_on,,,,,0,0,1,,,,0,58,64
143104,note_on,,,,,0,0,1,,,,0,46,64
143104,note_off,,,,,256,0,1,,,,0,60,0
143360,note_off,,,,,256,0,1,,,,0,58,0
143360,note_off,,,,,0,0,1,,,,0,46,0
143360,note_on,,,,,0,0,1,,,,0,57,64
143360,note_on,,,,,0,0,1,,,,0,39,64
143616,note_off,,,,,256,0,1,,,,0,57,0
143616,note_on,,,,,0,0,1,,,,0,58,64
143872,note_on,,,,,0,0,1,,,,0,45,48
143872,note_on,,,,,0,0,1,,,,0,54,48
143872,note_off,,,,,256,0,1,,,,0,58,0
143872,note_on,,,,,0,0,1,,,,0,60,64
144128,note_off,,,,,256,0,1,,,,0,60,0
144128,note_on,,,,,0,0,1,,,,0,61,64
144384,note_off,,,,,256,0,1,,,,0,61,0
144384,note_on,,,,,0,0,1,,,,0,63,64
144384,note_off,,,,,0,0,1,,,,0,39,0
144640,note_off,,,,,256,0,1,,,,0,63,0
144640,note_on,,,,,0,0,1,,,,0,64,64
144896,note_on,,,,,0,0,1,,,,0,39,64
144896,note_off,,,,,0,0,1,,,,0,54,0
144896,note_off,,,,,256,0,1,,,,0,64,0
144896,note_on,,,,,0,0,1,,,,0,65,64
144896,note_off,,,,,0,0,1,,,,0,45,0
145152,note_off,,,,,256,0,1,,,,0,65,0
145152,note_on,,,,,0,0,1,,,,0,66,64
145408,note_on,,,,,0,0,1,,,,0,64,64
145408,note_on,,,,,0,0,1,,,,0,37,64
145408,note_off,,,,,256,0,1,,,,0,66,0
145408,note_off,,,,,0,0,1,,,,0,39,0
145664,note_off,,,,,256,0,1,,,,0,64,0
145664,note_on,,,,,0,0,1,,,,0,65,64
145920,note_on,,,,,0,0,1,,,,0,53,48
145920,note_on,,,,,0,0,1,,,,0,46,48
145920,note_off,,,,,256,0,1,,,,0,65,0
145920,note_on,,,,,0,0,1,,,,0,62,64
146176,note_off,,,,,256,0,1,,,,0,62,0
146176,note_on,,,,,0,0,1,,,,0,63,64
146432,note_off,,,,,256,0,1,,,,0,63,0
146432,note_on,,,,,0,0,1,,,,0,60,64
146432,note_off,,,,,0,0,1,,,,0,37,0
146688,note_on,,,,,0,0,1,,,,0,61,64
146688,note_off,,,,,256,0,1,,,,0,60,0
146944,note_off,,,,,256,0,1,,,,0,61,0
146944,note_on,,,,,0,0,1,,,,0,60,64
146944,note_on,,,,,0,0,1,,,,0,37,64
146944,note_off,,,,,0,0,1,,,,0,46,0
146944,note_off,,,,,0,0,1,,,,0,53,0
147200,note_off,,,,,256,0,1,,,,0,60,0
147200,note_on,,,,,0,0,1,,,,0,58,64
147456,note_on,,,,,0,0,1,,,,0,39,64
147456,note_on,,,,,0,0,1,,,,0,57,64
147456,note_off,,,,,0,0,1,,,,0,37,0
147456,note_off,,,,,256,0,1,,,,0,58,0
147712,note_off,,,,,256,0,1,,,,0,57,0
147712,note_on,,,,,0,0,1,,,,0,58,64
147968,note_off,,,,,256,0,1,,,,0,58,0
147968,note_on,,,,,0,0,1,,,,0,60,64
147968,note_on,,,,,0,0,1,,,,0,45,48
147968,note_on,,,,,0,0,1,,,,0,54,48
148224,note_off,,,,,256,0,1,,,,0,60,0
148224,note_on,,,,,0,0,1,,,,0,61,64
148480,note_off,,,,,0,0,1,,,,0,39,0
148480,note_off,,,,,256,0,1,,,,0,61,0
148480,note_on,,,,,0,0,1,,,,0,63,64
148736,note_on,,,,,0,0,1,,,,0,64,64
148736,note_off,,,,,256,0,1,,,,0,63,0
148992,note_on,,,,,0,0,1,,,,0,39,64
148992,note_off,,,,,0,0,1,,,,0,54,0
148992,note_off,,,,,0,0,1,,,,0,45,0
148992,note_on,,,,,0,0,1,,,,0,65,64
148992,note_off,,,,,256,0,1,,,,0,64,0
149248,note_off,,,,,256,0,1,,,,0,65,0
149248,note_on,,,,,0,0,1,,,,0,66,64
149504,note_off,,,,,256,0,1,,,,0,66,0
149504,note_on,,,,,0,0,1,,,,0,64,64
149504,note_on,,,,,0,0,1,,,,0,37,64
149504,note_off,,,,,0,0,1,,,,0,39,0
149760,note_off,,,,,256,0,1,,,,0,64,0
149760,note_on,,,,,0,0,1,,,,0,65,64
150016,note_on,,,,,0,0,1,,,,0,53,48
150016,note_off,,,,,256,0,1,,,,0,65,0
150016,note_on,,,,,0,0,1,,,,0,62,64
150016,note_on,,,,,0,0,1,,,,0,46,48
150272,note_off,,,,,256,0,1,,,,0,62,0
150272,note_on,,,,,0,0,1,,,,0,63,64
150528,note_off,,,,,0,0,1,,,,0,37,0
150528,note_on,,,,,0,0,1,,,,0,60,64
150528,note_off,,,,,256,0,1,,,,0,63,0
150784,note_off,,,,,256,0,1,,,,0,60,0
150784,note_on,,,,,0,0,1,,,,0,61,64
151040,note_off,,,,,256,0,1,,,,0,61,0
151040,note_on,,,,,0,0,1,,,,0,60,64
151040,note_on,,,,,0,0,1,,,,0,37,64
151040,note_off,,,,,0,0,1,,,,0,46,0
151040,note_off,,,,,0,0,1,,,,0,53,0
151296,note_on,,,,,0,0,1,,,,0,58,64
151296,note_off,,,,,256,0,1,,,,0,60,0
151552,note_on,,,,,0,0,1,,,,0,60,64
151552,note_off,,,,,0,0,1,,,,0,37,0
151552,note_on,,,,,0,0,1,,,,0,39,64
151552,note_off,,,,,256,0,1,,,,0,58,0
151808,note_on,,,,,0,0,1,,,,0,61,64
151808,note_off,,,,,256,0,1,,,,0,60,0
152064,note_on,,,,,0,0,1,,,,0,46,48
152064,note_on,,,,,0,0,1,,,,0,54,48
152064,note_off,,,,,256,0,1,,,,0,61,0
152064,note_on,,,,,0,0,1,,,,0,63,64
152320,note_off,,,,,256,0,1,,,,0,63,0
152320,note_on,,,,,0,0,1,,,,0,65,64
152576,note_off,,,,,256,0,1,,,,0,65,0
152576,note_on,,,,,0,0,1,,,,0,66,64
152576,note_off,,,,,0,0,1,,,,0,39,0
152832,note_off,,,,,256,0,1,,,,0,66,0
152832,note_on,,,,,0,0,1,,,,0,72,64
153088,note_off,,,,,256,0,1,,,,0,72,0
153088,note_on,,,,,0,0,1,,,,0,70,64
153088,note_on,,,,,0,0,1,,,,0,39,64
153088,note_off,,,,,0,0,1,,,,0,46,0
153088,note_off,,,,,0,0,1,,,,0,54,0
153344,note_on,,,,,0,0,1,,,,0,60,64
153344,note_off,,,,,256,0,1,,,,0,70,0
153600,note_off,,,,,0,0,1,,,,0,39,0
153600,note_on,,,,,0,0,1,,,,0,41,64
153600,note_on,,,,,0,0,1,,,,0,58,64
153600,note_off,,,,,256,0,1,,,,0,60,0
153856,note_off,,,,,256,0,1,,,,0,58,0
153856,note_on,,,,,0,0,1,,,,0,60,64
154112,note_off,,,,,256,0,1,,,,0,60,0
154112,note_on,,,,,0,0,1,,,,0,61,64
154112,note_on,,,,,0,0,1,,,,0,49,48
154112,note_on,,,,,0,0,1,,,,0,58,48
154368,note_on,,,,,0,0,1,,,,0,63,64
154368,note_off,,,,,256,0,1,,,,0,61,0
154624,note_off,,,,,256,0,1,,,,0,63,0
154624,note_on,,,,,0,0,1,,,,0,65,64
154624,note_off,,,,,0,0,1,,,,0,41,0
154880,note_off,,,,,256,0,1,,,,0,65,0
154880,note_on,,,,,0,0,1,,,,0,72,64
155136,note_off,,,,,0,0,1,,,,0,58,0
155136,note_off,,,,,0,0,1,,,,0,49,0
155136,note_on,,,,,0,0,1,,,,0,70,64
155136,note_off,,,,,256,0,1,,,,0,72,0
155136,note_on,,,,,0,0,1,,,,0,29,64
155392,note_off,,,,,256,0,1,,,,0,70,0
155392,note_on,,,,,0,0,1,,,,0,66,64
155648,note_off,,,,,256,0,1,,,,0,66,0
155648,note_off,,,,,0,0,1,,,,0,29,0
155648,note_on,,,,,0,0,1,,,,0,64,64
155648,note_on,,,,,0,0,1,,,,0,41,64
155904,note_off,,,,,256,0,1,,,,0,64,0
155904,note_on,,,,,0,0,1,,,,0,65,64
156160,note_on,,,,,0,0,1,,,,0,57,48
156160,note_off,,,,,256,0,1,,,,0,65,0
156160,note_on,,,,,0,0,1,,,,0,66,64
156160,note_on,,,,,0,0,1,,,,0,51,48
156416,note_off,,,,,256,0,1,,,,0,66,0
156416,note_on,,,,,0,0,1,,,,0,65,64
156672,note_off,,,,,256,0,1,,,,0,65,0
156672,note_on,,,,,0,0,1,,,,0,70,64
156672,note_off,,,,,0,0,1,,,,0,41,0
156928,note_off,,,,,256,0,1,,,,0,70,0
156928,note_on,,,,,0,0,1,,,,0,69,64
157184,note_off,,,,,256,0,1,,,,0,69,0
157184,note_on,,,,,0,0,1,,,,0,78,64
157184,note_on,,,,,0,0,1,,,,0,41,64
157184,note_off,,,,,0,0,1,,,,0,51,0
157184,note_off,,,,,0,0,1,,,,0,57,0
157440,note_off,,,,,256,0,1,,,,0,78,0
157440,note_on,,,,,0,0,1,,,,0,77,64
157696,note_off,,,,,256,0,1,,,,0,77,0
157696,note_on,,,,,0,0,1,,,,0,75,64
157696,note_off,,,,,0,0,1,,,,0,41,0
157696,note_on,,,,,0,0,1,,,,0,46,64
157952,note_on,,,,,0,0,1,,,,0,73,64
157952,note_off,,,,,256,0,1,,,,0,75,0
158208,note_on,,,,,0,0,1,,,,0,70,64
158208,note_on,,,,,0,0,1,,,,0,61,48
158208,note_on,,,,,0,0,1,,,,0,53,48
158208,note_off,,,,,256,0,1,,,,0,73,0
158464,note_on,,,,,0,0,1,,,,0,65,64
158464,note_off,,,,,256,0,1,,,,0,70,0
158720,note_off,,,,,256,0,1,,,,0,65,0
158720,note_on,,,,,0,0,1,,,,0,63,64
158720,note_off,,,,,0,0,1,,,,0,46,0
158976,note_off,,,,,256,0,1,,,,0,63,0
158976,note_on,,,,,0,0,1,,,,0,61,64
159232,note_on,,,,,0,0,1,,,,0,37,64
159232,note_off,,,,,256,0,1,,,,0,61,0
159232,note_on,,,,,0,0,1,,,,0,58,64
159232,note_off,,,,,0,0,1,,,,0,53,0
159232,note_off,,,,,0,0,1,,,,0,61,0
159488,note_off,,,,,256,0,1,,,,0,58,0
159488,note_on,,,,,0,0,1,,,,0,53,64
159744,note_off,,,,,0,0,1,,,,0,37,0
159744,note_on,,,,,0,0,1,,,,0,57,64
159744,note_off,,,,,256,0,1,,,,0,53,0
159744,note_on,,,,,0,0,1,,,,0,39,64
160000,note_on,,,,,0,0,1,,,,0,58,64
160000,note_off,,,,,256,0,1,,,,0,57,0
160256,note_off,,,,,256,0,1,,,,0,58,0
160256,note_on,,,,,0,0,1,,,,0,60,64
160256,note_on,,,,,0,0,1,,,,0,45,48
160256,note_on,,,,,0,0,1,,,,0,54,48
160512,note_off,,,,,256,0,1,,,,0,60,0
160512,note_on,,,,,0,0,1,,,,0,61,64
160768,note_off,,,,,256,0,1,,,,0,61,0
160768,note_on,,,,,0,0,1,,,,0,63,64
160768,note_off,,,,,0,0,1,,,,0,39,0
161024,note_on,,,,,0,0,1,,,,0,64,64
161024,note_off,,,,,256,0,1,,,,0,63,0
161280,note_on,,,,,0,0,1,,,,0,39,64
161280,note_on,,,,,0,0,1,,,,0,65,64
161280,note_off,,,,,0,0,1,,,,0,45,0
161280,note_off,,,,,256,0,1,,,,0,64,0
161280,note_off,,,,,0,0,1,,,,0,54,0
161536,note_on,,,,,0,0,1,,,,0,66,64
161536,note_off,,,,,256,0,1,,,,0,65,0
161792,note_off,,,,,256,0,1,,,,0,66,0
161792,note_on,,,,,0,0,1,,,,0,64,64
161792,note_on,,,,,0,0,1,,,,0,37,64
161792,note_off,,,,,0,0,1,,,,0,39,0
162048,note_off,,,,,256,0,1,,,,0,64,0
162048,note_on,,,,,0,0,1,,,,0,65,64
162304,note_off,,,,,256,0,1,,,,0,65,0
162304,note_on,,,,,0,0,1,,,,0,62,64
162304,note_on,,,,,0,0,1,,,,0,46,48
162304,note_on,,,,,0,0,1,,,,0,53,48
162560,note_off,,,,,256,0,1,,,,0,62,0
162560,note_on,,,,,0,0,1,,,,0,63,64
162816,note_off,,,,,0,0,1,,,,0,37,0
162816,note_on,,,,,0,0,1,,,,0,60,64
162816,note_off,,,,,256,0,1,,,,0,63,0
163072,note_off,,,,,256,0,1,,,,0,60,0
163072,note_on,,,,,0,0,1,,,,0,61,64
163328,note_off,,,,,256,0,1,,,,0,61,0
163328,note_on,,,,,0,0,1,,,,0,60,64
163328,note_on,,,,,0,0,1,,,,0,37,64
163328,note_off,,,,,0,0,1,,,,0,46,0
163328,note_off,,,,,0,0,1,,,,0,53,0
163584,note_off,,,,,256,0,1,,,,0,60,0
163584,note_on,,,,,0,0,1,,,,0,58,64
163840,note_on,,,,,0,0,1,,,,0,39,64
163840,note_off,,,,,256,0,1,,,,0,58,0
163840,note_off,,,,,0,0,1,,,,0,37,0
163840,note_on,,,,,0,0,1,,,,0,57,64
164096,note_off,,,,,256,0,1,,,,0,57,0
164096,note_on,,,,,0,0,1,,,,0,58,64
164352,note_on,,,,,0,0,1,,,,0,60,64
164352,note_on,,,,,0,0,1,,,,0,54,48
164352,note_on,,,,,0,0,1,,,,0,45,48
164352,note_off,,,,,256,0,1,,,,0,58,0
164608,note_on,,,,,0,0,1,,,,0,61,64
164608,note_off,,,,,256,0,1,,,,0,60,0
164864,note_off,,,,,256,0,1,,,,0,61,0
164864,note_on,,,,,0,0,1,,,,0,63,64
164864,note_off,,,,,0,0,1,,,,0,39,0
165120,note_off,,,,,256,0,1,,,,0,63,0
165120,note_on,,,,,0,0,1,,,,0,64,64
165376,note_on,,,,,0,0,1,,,,0,39,64
165376,note_off,,,,,256,0,1,,,,0,64,0
165376,note_on,,,,,0,0,1,,,,0,65,64
165376,note_off,,,,,0,0,1,,,,0,45,0
165376,note_off,,,,,0,0,1,,,,0,54,0
165632,note_off,,,,,256,0,1,,,,0,65,0
165632,note_on,,,,,0,0,1,,,,0,66,64
165888,note_on,,,,,0,0,1,,,,0,64,64
165888,note_on,,,,,0,0,1,,,,0,37,64
165888,note_off,,,,,256,0,1,,,,0,66,0
165888,note_off,,,,,0,0,1,,,,0,39,0
166144,note_on,,,,,0,0,1,,,,0,65,64
166144,note_off,,,,,256,0,1,,,,0,64,0
166400,note_off,,,,,256,0,1,,,,0,65,0
166400,note_on,,,,,0,0,1,,,,0,62,64
166400,note_on,,,,,0,0,1,,,,0,46,48
166400,note_on,,,,,0,0,1,,,,0,53,48
166656,note_off,,,,,256,0,1,,,,0,62,0
166656,note_on,,,,,0,0,1,,,,0,63,64
166912,note_off,,,,,256,0,1,,,,0,63,0
166912,note_on,,,,,0,0,1,,,,0,60,64
166912,note_off,,,,,0,0,1,,,,0,37,0
167168,note_on,,,,,0,0,1,,,,0,61,64
167168,note_off,,,,,256,0,1,,,,0,60,0
167424,note_on,,,,,0,0,1,,,,0,37,64
167424,note_on,,,,,0,0,1,,,,0,60,64
167424,note_off,,,,,0,0,1,,,,0,53,0
167424,note_off,,,,,0,0,1,,,,0,46,0
167424,note_off,,,,,256,0,1,,,,0,61,0
167680,note_on,,,,,0,0,1,,,,0,58,64
167680,note_off,,,,,256,0,1,,,,0,60,0
167936,note_off,,,,,256,0,1,,,,0,58,0
167936,note_off,,,,,0,0,1,,,,0,37,0
167936,note_on,,,,,0,0,1,,,,0,59,64
167936,note_on,,,,,0,0,1,,,,0,47,64
167936,note_on,,,,,0,0,1,,,,0,54,64
167936,note_on,,,,,0,0,1,,,,0,39,64
168192,note_off,,,,,256,0,1,,,,0,59,0
168192,note_on,,,,,0,0,1,,,,0,61,64
168448,note_off,,,,,256,0,1,,,,0,61,0
168448,note_on,,,,,0,0,1,,,,0,63,64
168704,note_off,,,,,256,0,1,,,,0,63,0
168704,note_on,,,,,0,0,1,,,,0,64,64
168960,note_off,,,,,256,0,1,,,,0,64,0
168960,note_on,,,,,0,0,1,,,,0,66,64
169216,note_on,,,,,0,0,1,,,,0,68,64
169216,note_off,,,,,256,0,1,,,,0,66,0
169472,note_off,,,,,256,0,1,,,,0,68,0
169472,note_on,,,,,0,0,1,,,,0,70,64
169684,note_on,,,,,212,0,1,,,,0,51,64
169728,note_off,,,,,44,0,1,,,,0,70,0
169728,note_on,,,,,0,0,1,,,,0,71,64
169784,note_on,,,,,56,0,1,,,,0,54,64
169884,note_on,,,,,100,0,1,,,,0,59,64
169984,note_off,,,,,100,0,1,,,,0,71,0
169984,note_on,,,,,0,0,1,,,,0,73,64
169984,note_on,,,,,0,0,1,,,,0,66,80
169984,note_off,,,,,0,0,1,,,,0,47,0
169984,note_off,,,,,0,0,1,,,,0,54,0
169984,note_off,,,,,0,0,1,,,,0,39,0
170240,note_on,,,,,0,0,1,,,,0,75,64
170240,note_off,,,,,256,0,1,,,,0,73,0
170496,note_off,,,,,256,0,1,,,,0,75,0
170496,note_on,,,,,0,0,1,,,,0,76,64
170708,note_on,,,,,212,0,1,,,,0,49,64
170752,note_on,,,,,0,0,1,,,,0,78,64
170752,note_off,,,,,44,0,1,,,,0,76,0
170808,note_on,,,,,56,0,1,,,,0,54,64
170908,note_on,,,,,100,0,1,,,,0,58,64
171008,note_off,,,,,0,0,1,,,,0,51,0
171008,note_off,,,,,0,0,1,,,,0,59,0
171008,note_off,,,,,0,0,1,,,,0,54,0
171008,note_off,,,,,0,0,1,,,,0,66,0
171008,note_on,,,,,0,0,1,,,,0,80,64
171008,note_off,,,,,100,0,1,,,,0,78,0
171008,note_on,,,,,0,0,1,,,,0,64,80
171264,note_off,,,,,256,0,1,,,,0,80,0
171264,note_on,,,,,0,0,1,,,,0,82,64
171520,note_off,,,,,256,0,1,,,,0,82,0
171520,note_on,,,,,0,0,1,,,,0,83,64
171732,note_on,,,,,212,0,1,,,,0,47,64
171776,note_off,,,,,44,0,1,,,,0,83,0
171776,note_on,,,,,0,0,1,,,,0,85,64
171882,note_on,,,,,106,0,1,,,,0,54,64
172032,note_on,,,,,0,0,1,,,,0,63,80
172032,note_on,,,,,0,0,1,,,,0,88,64
172032,note_off,,,,,0,0,1,,,,0,64,0
172032,note_off,,,,,0,0,1,,,,0,49,0
172032,note_off,,,,,0,0,1,,,,0,54,0
172032,note_off,,,,,0,0,1,,,,0,58,0
172032,note_off,,,,,150,0,1,,,,0,85,0
172288,note_off,,,,,256,0,1,,,,0,88,0
172288,note_on,,,,,0,0,1,,,,0,87,64
172544,note_off,,,,,256,0,1,,,,0,87,0
172544,note_on,,,,,0,0,1,,,,0,83,64
172800,note_off,,,,,256,0,1,,,,0,83,0
172800,note_on,,,,,0,0,1,,,,0,80,64
173056,note_off,,,,,256,0,1,,,,0,80,0
173056,note_on,,,,,0,0,1,,,,0,78,64
173312,note_off,,,,,256,0,1,,,,0,78,0
173312,note_on,,,,,0,0,1,,,,0,75,64
173568,note_off,,,,,256,0,1,,,,0,75,0
173568,note_on,,,,,0,0,1,,,,0,71,64
173824,note_on,,,,,0,0,1,,,,0,68,64
173824,note_off,,,,,256,0,1,,,,0,71,0
174080,note_off,,,,,0,0,1,,,,0,47,0
174080,note_off,,,,,0,0,1,,,,0,63,0
174080,note_off,,,,,0,0,1,,,,0,54,0
174080,note_on,,,,,0,0,1,,,,0,66,64
174080,note_off,,,,,256,0,1,,,,0,68,0
174336,note_off,,,,,256,0,1,,,,0,66,0
174336,note_on,,,,,0,0,1,,,,0,63,64
174592,note_off,,,,,256,0,1,,,,0,63,0
174592,note_on,,,,,0,0,1,,,,0,59,64
174848,note_off,,,,,256,0,1,,,,0,59,0
174848,note_on,,,,,0,0,1,,,,0,56,64
175104,note_off,,,,,256,0,1,,,,0,56,0
175104,note_on,,,,,0,0,1,,,,0,54,64
175360,note_off,,,,,256,0,1,,,,0,54,0
175360,note_on,,,,,0,0,1,,,,0,51,64
175616,note_off,,,,,256,0,1,,,,0,51,0
175616,note_on,,,,,0,0,1,,,,0,47,64
175872,note_off,,,,,256,0,1,,,,0,47,0
175872,note_on,,,,,0,0,1,,,,0,44,64
176128,note_on,,,,,0,0,1,,,,0,28,64
176128,note_on,,,,,0,0,1,,,,0,40,64
176128,note_off,,,,,256,0,1,,,,0,44,0
176384,note_off,,,,,256,0,1,,,,0,40,0
176384,note_on,,,,,0,0,1,,,,0,41,64
176384,note_on,,,,,0,0,1,,,,0,29,64
176384,note_off,,,,,0,0,1,,,,0,28,0
176640,note_off,,,,,256,0,1,,,,0,41,0
176640,note_on,,,,,0,0,1,,,,0,46,64
176640,note_on,,,,,0,0,1,,,,0,34,64
176640,note_off,,,,,0,0,1,,,,0,29,0
176896,note_off,,,,,0,0,1,,,,0,34,0
176896,note_off,,,,,256,0,1,,,,0,46,0
176896,note_on,,,,,0,0,1,,,,0,45,64
176896,note_on,,,,,0,0,1,,,,0,33,64
177152,note_on,,,,,0,0,1,,,,0,30,64
177152,note_on,,,,,0,0,1,,,,0,42,64
177152,note_off,,,,,0,0,1,,,,0,33,0
177152,note_off,,,,,256,0,1,,,,0,45,0
177408,note_off,,,,,0,0,1,,,,0,30,0
177408,note_on,,,,,0,0,1,,,,0,41,64
177408,note_on,,,,,0,0,1,,,,0,29,64
177408,note_off,,,,,256,0,1,,,,0,42,0
177664,note_off,,,,,256,0,1,,,,0,41,0
177664,note_on,,,,,0,0,1,,,,0,49,64
177664,note_on,,,,,0,0,1,,,,0,37,64
177664,note_off,,,,,0,0,1,,,,0,29,0
177920,note_off,,,,,256,0,1,,,,0,49,0
177920,note_on,,,,,0,0,1,,,,0,48,64
177920,note_on,,,,,0,0,1,,,,0,36,64
177920,note_off,,,,,0,0,1,,,,0,37,0
178176,note_off,,,,,256,0,1,,,,0,48,0
178176,note_on,,,,,0,0,1,,,,0,46,64
178176,note_on,,,,,0,0,1,,,,0,34,64
178176,note_off,,,,,0,0,1,,,,0,36,0
178432,note_off,,,,,0,0,1,,,,0,34,0
178432,note_on,,,,,0,0,1,,,,0,45,64
178432,note_on,,,,,0,0,1,,,,0,33,64
178432,note_off,,,,,256,0,1,,,,0,46,0
178688,note_off,,,,,256,0,1,,,,0,45,0
178688,note_on,,,,,0,0,1,,,,0,54,64
178688,note_on,,,,,0,0,1,,,,0,42,64
178688,note_off,,,,,0,0,1,,,,0,33,0
178944,note_on,,,,,0,0,1,,,,0,41,64
178944,note_off,,,,,256,0,1,,,,0,54,0
178944,note_on,,,,,0,0,1,,,,0,53,64
178944,note_off,,,,,0,0,1,,,,0,42,0
179200,note_off,,,,,256,0,1,,,,0,53,0
179200,note_on,,,,,0,0,1,,,,0,49,64
179200,note_on,,,,,0,0,1,,,,0,37,64
179200,note_off,,,,,0,0,1,,,,0,41,0
179456,note_off,,,,,256,0,1,,,,0,49,0
179456,note_on,,,,,0,0,1,,,,0,48,64
179456,note_off,,,,,0,0,1,,,,0,37,0
179456,note_on,,,,,0,0,1,,,,0,36,64
179712,note_off,,,,,0,0,1,,,,0,36,0
179712,note_on,,,,,0,0,1,,,,0,46,64
179712,note_on,,,,,0,0,1,,,,0,58,64
179712,note_off,,,,,256,0,1,,,,0,48,0
179968,note_off,,,,,256,0,1,,,,0,58,0
179968,note_on,,,,,0,0,1,,,,0,57,64
179968,note_on,,,,,0,0,1,,,,0,45,64
179968,note_off,,,,,0,0,1,,,,0,46,0
180224,note_off,,,,,256,0,1,,,,0,57,0
180224,note_off,,,,,0,0,1,,,,0,45,0
180224,note_on,,,,,0,0,1,,,,0,54,64
180224,note_on,,,,,0,0,1,,,,0,42,64
180480,note_off,,,,,256,0,1,,,,0,54,0
180480,note_on,,,,,0,0,1,,,,0,53,64
180480,note_on,,,,,0,0,1,,,,0,41,64
180480,note_off,,,,,0,0,1,,,,0,42,0
180736,note_off,,,,,0,0,1,,,,0,41,0
180736,note_off,,,,,0,0,1,,,,0,53,0
180736,note_on,,,,,0,0,1,,,,0,49,64
180736,note_on,,,,,256,0,1,,,,0,61,64
180992,note_off,,,,,256,0,1,,,,0,61,0
180992,note_on,,,,,0,0,1,,,,0,60,64
180992,note_on,,,,,0,0,1,,,,0,48,64
180992,note_off,,,,,0,0,1,,,,0,49,0
181248,note_off,,,,,0,0,1,,,,0,48,0
181248,note_on,,,,,0,0,1,,,,0,58,64
181248,note_on,,,,,0,0,1,,,,0,46,64
181248,note_off,,,,,256,0,1,,,,0,60,0
181504,note_off,,,,,256,0,1,,,,0,58,0
181504,note_on,,,,,0,0,1,,,,0,57,64
181504,note_on,,,,,0,0,1,,,,0,45,64
181504,note_off,,,,,0,0,1,,,,0,46,0
181760,note_on,,,,,0,0,1,,,,0,66,64
181760,note_off,,,,,0,0,1,,,,0,45,0
181760,note_off,,,,,256,0,1,,,,0,57,0
181760,note_on,,,,,0,0,1,,,,0,54,64
182016,note_on,,,,,0,0,1,,,,0,53,64
182016,note_on,,,,,0,0,1,,,,0,65,64
182016,note_off,,,,,0,0,1,,,,0,54,0
182016,note_off,,,,,256,0,1,,,,0,66,0
182272,note_on,,,,,0,0,1,,,,0,49,64
182272,note_on,,,,,0,0,1,,,,0,61,64
182272,note_off,,,,,0,0,1,,,,0,53,0
182272,note_off,,,,,256,0,1,,,,0,65,0
182528,note_off,,,,,256,0,1,,,,0,61,0
182528,note_on,,,,,0,0,1,,,,0,60,64
182528,note_on,,,,,0,0,1,,,,0,48,64
182528,note_off,,,,,0,0,1,,,,0,49,0
182784,note_off,,,,,256,0,1,,,,0,60,0
182784,note_on,,,,,0,0,1,,,,0,70,64
182784,note_on,,,,,0,0,1,,,,0,58,64
182784,note_off,,,,,0,0,1,,,,0,48,0
183040,note_off,,,,,256,0,1,,,,0,70,0
183040,note_on,,,,,0,0,1,,,,0,69,64
183040,note_on,,,,,0,0,1,,,,0,57,64
183040,note_off,,,,,0,0,1,,,,0,58,0
183296,note_on,,,,,0,0,1,,,,0,54,64
183296,note_on,,,,,0,0,1,,,,0,66,64
183296,note_off,,,,,0,0,1,,,,0,57,0
183296,note_off,,,,,256,0,1,,,,0,69,0
183552,note_off,,,,,256,0,1,,,,0,66,0
183552,note_on,,,,,0,0,1,,,,0,65,64
183552,note_on,,,,,0,0,1,,,,0,53,64
183552,note_off,,,,,0,0,1,,,,0,54,0
183808,note_off,,,,,0,0,1,,,,0,53,0
183808,note_on,,,,,0,0,1,,,,0,73,64
183808,note_on,,,,,0,0,1,,,,0,61,64
183808,note_off,,,,,256,0,1,,,,0,65,0
184064,note_off,,,,,256,0,1,,,,0,73,0
184064,note_on,,,,,0,0,1,,,,0,72,64
184064,note_on,,,,,0,0,1,,,,0,60,64
184064,note_off,,,,,0,0,1,,,,0,61,0
184320,note_off,,,,,0,0,1,,,,0,60,0
184320,note_on,,,,,0,0,1,,,,0,58,64
184320,note_off,,,,,256,0,1,,,,0,72,0
184320,note_on,,,,,0,0,1,,,,0,70,64
184576,note_on,,,,,0,0,1,,,,0,57,64
184576,note_on,,,,,0,0,1,,,,0,69,64
184576,note_off,,,,,0,0,1,,,,0,58,0
184576,note_off,,,,,256,0,1,,,,0,70,0
184832,note_off,,,,,256,0,1,,,,0,69,0
184832,note_on,,,,,0,0,1,,,,0,78,64
184832,note_on,,,,,0,0,1,,,,0,66,64
184832,note_off,,,,,0,0,1,,,,0,57,0
185088,note_on,,,,,0,0,1,,,,0,65,64
185088,note_on,,,,,0,0,1,,,,0,77,64
185088,note_off,,,,,0,0,1,,,,0,66,0
185088,note_off,,,,,256,0,1,,,,0,78,0
185344,note_off,,,,,256,0,1,,,,0,77,0
185344,note_on,,,,,0,0,1,,,,0,73,64
185344,note_on,,,,,0,0,1,,,,0,61,64
185344,note_off,,,,,0,0,1,,,,0,65,0
185600,note_off,,,,,256,0,1,,,,0,73,0
185600,note_on,,,,,0,0,1,,,,0,72,64
185600,note_on,,,,,0,0,1,,,,0,60,64
185600,note_off,,,,,0,0,1,,,,0,61,0
185856,note_off,,,,,0,0,1,,,,0,60,0
185856,note_on,,,,,0,0,1,,,,0,70,64
185856,note_on,,,,,0,0,1,,,,0,82,64
185856,note_off,,,,,256,0,1,,,,0,72,0
186112,note_off,,,,,256,0,1,,,,0,82,0
186112,note_on,,,,,0,0,1,,,,0,81,64
186112,note_on,,,,,0,0,1,,,,0,69,64
186112,note_off,,,,,0,0,1,,,,0,70,0
186368,note_off,,,,,256,0,1,,,,0,81,0
186368,note_on,,,,,0,0,1,,,,0,78,64
186368,note_on,,,,,0,0,1,,,,0,66,64
186368,note_off,,,,,0,0,1,,,,0,69,0
186624,note_off,,,,,256,0,1,,,,0,78,0
186624,note_on,,,,,0,0,1,,,,0,77,64
186624,note_on,,,,,0,0,1,,,,0,65,64
186624,note_off,,,,,0,0,1,,,,0,66,0
186880,note_off,,,,,0,0,1,,,,0,65,0
186880,note_off,,,,,256,0,1,,,,0,77,0
186880,note_on,,,,,0,0,1,,,,0,85,64
186880,note_on,,,,,0,0,1,,,,0,73,64
187136,note_off,,,,,0,0,1,,,,0,73,0
187136,note_on,,,,,0,0,1,,,,0,72,64
187136,note_off,,,,,256,0,1,,,,0,85,0
187136,note_on,,,,,0,0,1,,,,0,84,64
187392,note_off,,,,,256,0,1,,,,0,84,0
187392,note_on,,,,,0,0,1,,,,0,82,64
187392,note_on,,,,,0,0,1,,,,0,70,64
187392,note_off,,,,,0,0,1,,,,0,72,0
187648,note_off,,,,,256,0,1,,,,0,82,0
187648,note_on,,,,,0,0,1,,,,0,81,64
187648,note_on,,,,,0,0,1,,,,0,69,64
187648,note_off,,,,,0,0,1,,,,0,70,0
187904,note_off,,,,,256,0,1,,,,0,81,0
187904,note_on,,,,,0,0,1,,,,0,90,64
187904,note_on,,,,,0,0,1,,,,0,78,64
187904,note_off,,,,,0,0,1,,,,0,69,0
188160,note_off,,,,,0,0,1,,,,0,78,0
188160,note_on,,,,,0,0,1,,,,0,77,64
188160,note_on,,,,,0,0,1,,,,0,89,64
188160,note_off,,,,,256,0,1,,,,0,90,0
188416,note_off,,,,,256,0,1,,,,0,89,0
188416,note_off,,,,,0,0,1,,,,0,77,0
188416,note_on,,,,,0,0,1,,,,0,85,64
188416,note_on,,,,,0,0,1,,,,0,73,64
188672,note_off,,,,,256,0,1,,,,0,85,0
188672,note_on,,,,,0,0,1,,,,0,84,64
188672,note_on,,,,,0,0,1,,,,0,72,64
188672,note_off,,,,,0,0,1,,,,0,73,0
188928,note_off,,,,,256,0,1,,,,0,84,0
188928,note_on,,,,,0,0,1,,,,0,94,64
188928,note_on,,,,,0,0,1,,,,0,82,64
188928,note_off,,,,,0,0,1,,,,0,72,0
189184,note_on,,,,,0,0,1,,,,0,81,64
189184,note_on,,,,,0,0,1,,,,0,93,64
189184,note_off,,,,,0,0,1,,,,0,82,0
189184,note_off,,,,,256,0,1,,,,0,94,0
189440,note_off,,,,,0,0,1,,,,0,81,0
189440,note_on,,,,,0,0,1,,,,0,90,64
189440,note_on,,,,,0,0,1,,,,0,78,64
189440,note_off,,,,,256,0,1,,,,0,93,0
189696,note_off,,,,,256,0,1,,,,0,90,0
189696,note_on,,,,,0,0,1,,,,0,89,64
189696,note_on,,,,,0,0,1,,,,0,77,64
189696,note_off,,,,,0,0,1,,,,0,78,0
189952,note_off,,,,,256,0,1,,,,0,89,0
189952,note_on,,,,,0,0,1,,,,0,97,64
189952,note_on,,,,,0,0,1,,,,0,85,64
189952,note_off,,,,,0,0,1,,,,0,77,0
190208,note_off,,,,,0,0,1,,,,0,85,0
190208,note_off,,,,,256,0,1,,,,0,97,0
190208,note_on,,,,,0,0,1,,,,0,96,64
190208,note_on,,,,,0,0,1,,,,0,84,64
190464,note_off,,,,,0,0,1,,,,0,84,0
190464,note_on,,,,,0,0,1,,,,0,89,64
190464,note_on,,,,,0,0,1,,,,0,101,64
190464,note_off,,,,,256,0,1,,,,0,96,0
191488,note_off,,,,,1024,0,1,,,,0,101,0
191488,note_off,,,,,0,0,1,,,,0,89,0
191488,note_on,,,,,0,0,1,,,,0,63,96
191488,note_on,,,,,0,0,1,,,,0,69,96
191488,note_on,,,,,0,0,1,,,,0,77,96
191488,note_on,,,,,0,0,1,,,,0,29,96
191488,note_on,,,,,0,0,1,,,,0,41,96
192512,note_off,,,,,0,0,1,,,,0,29,0
192512,note_off,,,,,0,0,1,,,,0,41,0
192512,note_off,,,,,0,0,1,,,,0,77,0
192512,note_on,,,,,0,0,1,,,,0,34,96
192512,note_off,,,,,1024,0,1,,,,0,63,0
192512,note_off,,,,,0,0,1,,,,0,69,0
192812,note_on,,,,,0,0,1,,,,0,82,96
192812,note_on,,,,,0,0,1,,,,0,70,96
192812,note_on,,,,,0,0,1,,,,0,46,96
192812,note_on,,,,,300,0,1,,,,0,53,96
192812,note_on,,,,,0,0,1,,,,0,61,96
196608,note_off,,,,,0,0,1,,,,0,70,0
196608,note_off,,,,,0,0,1,,,,0,61,0
196608,note_off,,,,,0,0,1,,,,0,46,0
196608,note_off,,,,,0,0,1,,,,0,82,0
196608,note_off,,,,,3796,0,1,,,,0,53,0
196608,note_off,,,,,0,0,1,,,,0,34,0
196609,end_of_track,,,,,184321,1,0,,,,,,
196609,end_of_track,,,,,1,1,1,,,,,,
