tick,type,time,meta,track,frame_rate,hours,minutes,seconds,frames,sub_frames,numerator,denominator,clocks_per_click,notated_32nd_notes_per_beat,key,tempo,port,program,channel,note,velocity,control,value
0,track_name,0,1,0,,,,,,,,,,,,,,,,,,,
0,smpte_offset,0,1,0,25,32,0,3,0,0,,,,,,,,,,,,,
0,time_signature,0,1,0,,,,,,,4,4,24,8,,,,,,,,,
0,key_signature,0,1,0,,,,,,,,,,,C,,,,,,,,
0,set_tempo,0,1,0,,,,,,,,,,,,500000,,,,,,,
0,end_of_track,0,1,0,,,,,,,,,,,,,,,,,,,
0,midi_port,0,1,1,,,,,,,,,,,,,0,,,,,,
0,program_change,0,0,1,,,,,,,,,,,,,,0,0,,,,
299,note_on,299,0,1,,,,,,,,,,,,,,,0,71,35,,
457,note_on,158,0,1,,,,,,,,,,,,,,,0,71,0,,
464,note_on,7,0,1,,,,,,,,,,,,,,,0,72,66,,
512,note_on,48,0,1,,,,,,,,,,,,,,,0,72,0,,
531,control_change,19,0,1,,,,,,,,,,,,,,,0,,,64,127
661,note_on,130,0,1,,,,,,,,,,,,,,,0,43,18,,
671,note_on,10,0,1,,,,,,,,,,,,,,,0,74,71,,
711,note_on,40,0,1,,,,,,,,,,,,,,,0,43,0,,
716,note_on,5,0,1,,,,,,,,,,,,,,,0,74,0,,
764,note_on,48,0,1,,,,,,,,,,,,,,,0,76,69,,
776,control_change,12,0,1,,,,,,,,,,,,,,,0,,,64,0
817,note_on,41,0,1,,,,,,,,,,,,,,,0,76,0,,
841,note_on,24,0,1,,,,,,,,,,,,,,,0,74,62,,
896,note_on,55,0,1,,,,,,,,,,,,,,,0,59,48,,
908,note_on,12,0,1,,,,,,,,,,,,,,,0,74,0,,
911,note_on,3,0,1,,,,,,,,,,,,,,,0,50,42,,
913,note_on,2,0,1,,,,,,,,,,,,,,,0,83,71,,
949,note_on,36,0,1,,,,,,,,,,,,,,,0,83,0,,
1107,note_on,158,0,1,,,,,,,,,,,,,,,0,59,0,,
1110,note_on,3,0,1,,,,,,,,,,,,,,,0,72,83,,
1141,note_on,31,0,1,,,,,,,,,,,,,,,0,51,58,,
1143,note_on,2,0,1,,,,,,,,,,,,,,,0,50,0,,
1155,note_on,12,0,1,,,,,,,,,,,,,,,0,72,0,,
1175,note_on,20,0,1,,,,,,,,,,,,,,,0,74,60,,
1225,note_on,50,0,1,,,,,,,,,,,,,,,0,74,0,,
1254,note_on,29,0,1,,,,,,,,,,,,,,,0,72,65,,
1311,note_on,57,0,1,,,,,,,,,,,,,,,0,72,0,,
1328,note_on,17,0,1,,,,,,,,,,,,,,,0,81,77,,
1333,note_on,5,0,1,,,,,,,,,,,,,,,0,54,47,,
1357,note_on,24,0,1,,,,,,,,,,,,,,,0,60,22,,
1367,note_on,10,0,1,,,,,,,,,,,,,,,0,81,0,,
1422,note_on,55,0,1,,,,,,,,,,,,,,,0,60,0,,
1458,note_on,36,0,1,,,,,,,,,,,,,,,0,54,0,,
1520,note_on,62,0,1,,,,,,,,,,,,,,,0,51,0,,
1520,note_on,0,0,1,,,,,,,,,,,,,,,0,71,75,,
1530,note_on,10,0,1,,,,,,,,,,,,,,,0,52,71,,
1556,note_on,26,0,1,,,,,,,,,,,,,,,0,71,0,,
1571,note_on,15,0,1,,,,,,,,,,,,,,,0,72,75,,
1614,note_on,43,0,1,,,,,,,,,,,,,,,0,72,0,,
1667,note_on,53,0,1,,,,,,,,,,,,,,,0,71,47,,
1719,note_on,52,0,1,,,,,,,,,,,,,,,0,59,47,,
1727,note_on,8,0,1,,,,,,,,,,,,,,,0,71,0,,
1734,note_on,7,0,1,,,,,,,,,,,,,,,0,79,80,,
1739,note_on,5,0,1,,,,,,,,,,,,,,,0,55,57,,
1770,note_on,31,0,1,,,,,,,,,,,,,,,0,79,0,,
1789,note_on,19,0,1,,,,,,,,,,,,,,,0,59,0,,
1851,note_on,62,0,1,,,,,,,,,,,,,,,0,55,0,,
1883,note_on,32,0,1,,,,,,,,,,,,,,,0,52,0,,
1921,note_on,38,0,1,,,,,,,,,,,,,,,0,69,79,,
1926,note_on,5,0,1,,,,,,,,,,,,,,,0,48,73,,
1969,note_on,43,0,1,,,,,,,,,,,,,,,0,48,0,,
2000,note_on,31,0,1,,,,,,,,,,,,,,,0,69,0,,
2024,note_on,24,0,1,,,,,,,,,,,,,,,0,76,81,,
2039,control_change,15,0,1,,,,,,,,,,,,,,,0,,,64,127
2082,note_on,43,0,1,,,,,,,,,,,,,,,0,76,0,,
2108,note_on,26,0,1,,,,,,,,,,,,,,,0,81,85,,
2135,note_on,27,0,1,,,,,,,,,,,,,,,0,64,59,,
2147,note_on,12,0,1,,,,,,,,,,,,,,,0,81,0,,
2147,note_on,0,0,1,,,,,,,,,,,,,,,0,57,49,,
2178,note_on,31,0,1,,,,,,,,,,,,,,,0,64,0,,
2204,note_on,26,0,1,,,,,,,,,,,,,,,0,57,0,,
2231,note_on,27,0,1,,,,,,,,,,,,,,,0,88,85,,
2238,control_change,7,0,1,,,,,,,,,,,,,,,0,,,64,0
2264,note_on,26,0,1,,,,,,,,,,,,,,,0,88,0,,
2339,note_on,75,0,1,,,,,,,,,,,,,,,0,74,88,,
2346,note_on,7,0,1,,,,,,,,,,,,,,,0,50,70,,
2387,note_on,41,0,1,,,,,,,,,,,,,,,0,50,0,,
2408,note_on,21,0,1,,,,,,,,,,,,,,,0,74,0,,
2444,note_on,36,0,1,,,,,,,,,,,,,,,0,79,88,,
2468,control_change,24,0,1,,,,,,,,,,,,,,,0,,,64,127
2509,note_on,41,0,1,,,,,,,,,,,,,,,0,79,0,,
2550,note_on,41,0,1,,,,,,,,,,,,,,,0,83,80,,
2562,note_on,12,0,1,,,,,,,,,,,,,,,0,62,66,,
2576,note_on,14,0,1,,,,,,,,,,,,,,,0,83,0,,
2619,note_on,43,0,1,,,,,,,,,,,,,,,0,62,0,,
2648,note_on,29,0,1,,,,,,,,,,,,,,,0,86,97,,
2751,note_on,103,0,1,,,,,,,,,,,,,,,0,86,0,,
2754,note_on,3,0,1,,,,,,,,,,,,,,,0,91,97,,
2759,note_on,5,0,1,,,,,,,,,,,,,,,0,74,71,,
2771,note_on,12,0,1,,,,,,,,,,,,,,,0,71,60,,
2819,note_on,48,0,1,,,,,,,,,,,,,,,0,74,0,,
2835,note_on,16,0,1,,,,,,,,,,,,,,,0,71,0,,
2838,control_change,3,0,1,,,,,,,,,,,,,,,0,,,64,0
2855,note_on,17,0,1,,,,,,,,,,,,,,,0,95,88,,
2869,note_on,14,0,1,,,,,,,,,,,,,,,0,91,0,,
2939,note_on,70,0,1,,,,,,,,,,,,,,,0,95,0,,
2955,note_on,16,0,1,,,,,,,,,,,,,,,0,100,92,,
2958,note_on,3,0,1,,,,,,,,,,,,,,,0,62,63,,
3068,note_on,110,0,1,,,,,,,,,,,,,,,0,98,89,,
3083,note_on,15,0,1,,,,,,,,,,,,,,,0,100,0,,
3095,note_on,12,0,1,,,,,,,,,,,,,,,0,62,0,,
3119,note_on,24,0,1,,,,,,,,,,,,,,,0,98,0,,
3162,note_on,43,0,1,,,,,,,,,,,,,,,0,97,89,,
3179,note_on,17,0,1,,,,,,,,,,,,,,,0,72,61,,
3203,note_on,24,0,1,,,,,,,,,,,,,,,0,69,40,,
3251,note_on,48,0,1,,,,,,,,,,,,,,,0,72,0,,
3270,note_on,19,0,1,,,,,,,,,,,,,,,0,96,94,,
3284,note_on,14,0,1,,,,,,,,,,,,,,,0,69,0,,
3284,note_on,0,0,1,,,,,,,,,,,,,,,0,97,0,,
3335,note_on,51,0,1,,,,,,,,,,,,,,,0,96,0,,
3395,note_on,60,0,1,,,,,,,,,,,,,,,0,88,55,,
3404,note_on,9,0,1,,,,,,,,,,,,,,,0,62,22,,
3455,note_on,51,0,1,,,,,,,,,,,,,,,0,88,0,,
3474,note_on,19,0,1,,,,,,,,,,,,,,,0,90,67,,
3483,note_on,9,0,1,,,,,,,,,,,,,,,0,62,0,,
3582,note_on,99,0,1,,,,,,,,,,,,,,,0,90,0,,
3603,note_on,21,0,1,,,,,,,,,,,,,,,0,71,40,,
3606,note_on,3,0,1,,,,,,,,,,,,,,,0,93,59,,
3644,note_on,38,0,1,,,,,,,,,,,,,,,0,67,30,,
3675,note_on,31,0,1,,,,,,,,,,,,,,,0,93,0,,
3692,note_on,17,0,1,,,,,,,,,,,,,,,0,71,0,,
3711,note_on,19,0,1,,,,,,,,,,,,,,,0,67,0,,
3714,control_change,3,0,1,,,,,,,,,,,,,,,0,,,64,127
3726,note_on,12,0,1,,,,,,,,,,,,,,,0,91,53,,
3803,note_on,77,0,1,,,,,,,,,,,,,,,0,91,0,,
3831,note_on,28,0,1,,,,,,,,,,,,,,,0,86,63,,
3903,note_on,72,0,1,,,,,,,,,,,,,,,0,86,0,,
3949,note_on,46,0,1,,,,,,,,,,,,,,,0,83,44,,
3995,note_on,46,0,1,,,,,,,,,,,,,,,0,83,0,,
4119,note_on,124,0,1,,,,,,,,,,,,,,,0,74,89,,
4141,note_on,22,0,1,,,,,,,,,,,,,,,0,43,32,,
4158,note_on,17,0,1,,,,,,,,,,,,,,,0,74,0,,
4199,note_on,41,0,1,,,,,,,,,,,,,,,0,76,89,,
4203,note_on,4,0,1,,,,,,,,,,,,,,,0,43,0,,
4244,note_on,41,0,1,,,,,,,,,,,,,,,0,76,0,,
4280,note_on,36,0,1,,,,,,,,,,,,,,,0,74,71,,
4311,control_change,31,0,1,,,,,,,,,,,,,,,0,,,64,0
4323,note_on,12,0,1,,,,,,,,,,,,,,,0,74,0,,
4338,note_on,15,0,1,,,,,,,,,,,,,,,0,83,85,,
4345,note_on,7,0,1,,,,,,,,,,,,,,,0,50,60,,
4352,note_on,7,0,1,,,,,,,,,,,,,,,0,59,38,,
4369,note_on,17,0,1,,,,,,,,,,,,,,,0,83,0,,
4393,note_on,24,0,1,,,,,,,,,,,,,,,0,50,0,,
4400,note_on,7,0,1,,,,,,,,,,,,,,,0,59,0,,
4520,note_on,120,0,1,,,,,,,,,,,,,,,0,72,97,,
4532,note_on,12,0,1,,,,,,,,,,,,,,,0,51,69,,
4556,note_on,24,0,1,,,,,,,,,,,,,,,0,72,0,,
4585,note_on,29,0,1,,,,,,,,,,,,,,,0,74,71,,
4626,note_on,41,0,1,,,,,,,,,,,,,,,0,74,0,,
4650,control_change,24,0,1,,,,,,,,,,,,,,,0,,,64,127
4657,note_on,7,0,1,,,,,,,,,,,,,,,0,72,65,,
4712,control_change,55,0,1,,,,,,,,,,,,,,,0,,,64,0
4715,note_on,3,0,1,,,,,,,,,,,,,,,0,60,69,,
4717,note_on,2,0,1,,,,,,,,,,,,,,,0,72,0,,
4717,note_on,0,0,1,,,,,,,,,,,,,,,0,54,66,,
4722,note_on,5,0,1,,,,,,,,,,,,,,,0,81,91,,
4758,note_on,36,0,1,,,,,,,,,,,,,,,0,81,0,,
4777,note_on,19,0,1,,,,,,,,,,,,,,,0,54,0,,
4777,note_on,0,0,1,,,,,,,,,,,,,,,0,60,0,,
4868,note_on,91,0,1,,,,,,,,,,,,,,,0,51,0,,
4919,note_on,51,0,1,,,,,,,,,,,,,,,0,52,84,,
4919,note_on,0,0,1,,,,,,,,,,,,,,,0,71,76,,
4959,note_on,40,0,1,,,,,,,,,,,,,,,0,71,0,,
4976,note_on,17,0,1,,,,,,,,,,,,,,,0,72,86,,
5019,note_on,43,0,1,,,,,,,,,,,,,,,0,72,0,,
5055,note_on,36,0,1,,,,,,,,,,,,,,,0,71,60,,
5132,note_on,77,0,1,,,,,,,,,,,,,,,0,79,89,,
5135,note_on,3,0,1,,,,,,,,,,,,,,,0,59,46,,
5142,note_on,7,0,1,,,,,,,,,,,,,,,0,71,0,,
5142,note_on,0,0,1,,,,,,,,,,,,,,,0,55,61,,
5163,note_on,21,0,1,,,,,,,,,,,,,,,0,52,0,,
5166,note_on,3,0,1,,,,,,,,,,,,,,,0,79,0,,
5214,note_on,48,0,1,,,,,,,,,,,,,,,0,55,0,,
5235,note_on,21,0,1,,,,,,,,,,,,,,,0,59,0,,
5322,note_on,87,0,1,,,,,,,,,,,,,,,0,69,88,,
5331,note_on,9,0,1,,,,,,,,,,,,,,,0,48,66,,
5375,note_on,44,0,1,,,,,,,,,,,,,,,0,48,0,,
5408,note_on,33,0,1,,,,,,,,,,,,,,,0,69,0,,
5418,note_on,10,0,1,,,,,,,,,,,,,,,0,76,79,,
5435,control_change,17,0,1,,,,,,,,,,,,,,,0,,,64,127
5468,note_on,33,0,1,,,,,,,,,,,,,,,0,76,0,,
5507,note_on,39,0,1,,,,,,,,,,,,,,,0,81,84,,
5531,note_on,24,0,1,,,,,,,,,,,,,,,0,64,59,,
5543,note_on,12,0,1,,,,,,,,,,,,,,,0,81,0,,
5550,note_on,7,0,1,,,,,,,,,,,,,,,0,57,38,,
5576,note_on,26,0,1,,,,,,,,,,,,,,,0,64,0,,
5615,note_on,39,0,1,,,,,,,,,,,,,,,0,57,0,,
5631,note_on,16,0,1,,,,,,,,,,,,,,,0,88,85,,
5665,note_on,34,0,1,,,,,,,,,,,,,,,0,88,0,,
5679,control_change,14,0,1,,,,,,,,,,,,,,,0,,,64,0
5727,note_on,48,0,1,,,,,,,,,,,,,,,0,50,72,,
5730,note_on,3,0,1,,,,,,,,,,,,,,,0,74,98,,
5768,note_on,38,0,1,,,,,,,,,,,,,,,0,50,0,,
5831,note_on,63,0,1,,,,,,,,,,,,,,,0,74,0,,
5831,note_on,0,0,1,,,,,,,,,,,,,,,0,79,97,,
5850,control_change,19,0,1,,,,,,,,,,,,,,,0,,,64,127
5924,note_on,74,0,1,,,,,,,,,,,,,,,0,79,0,,
5927,note_on,3,0,1,,,,,,,,,,,,,,,0,83,79,,
5931,note_on,4,0,1,,,,,,,,,,,,,,,0,62,77,,
5955,note_on,24,0,1,,,,,,,,,,,,,,,0,83,0,,
5984,note_on,29,0,1,,,,,,,,,,,,,,,0,62,0,,
6020,note_on,36,0,1,,,,,,,,,,,,,,,0,86,98,,
6109,control_change,89,0,1,,,,,,,,,,,,,,,0,,,64,0
6121,note_on,12,0,1,,,,,,,,,,,,,,,0,86,0,,
6128,note_on,7,0,1,,,,,,,,,,,,,,,0,91,101,,
6133,note_on,5,0,1,,,,,,,,,,,,,,,0,74,71,,
6140,note_on,7,0,1,,,,,,,,,,,,,,,0,71,60,,
6186,note_on,46,0,1,,,,,,,,,,,,,,,0,71,0,,
6186,note_on,0,0,1,,,,,,,,,,,,,,,0,74,0,,
6236,note_on,50,0,1,,,,,,,,,,,,,,,0,95,92,,
6258,note_on,22,0,1,,,,,,,,,,,,,,,0,91,0,,
6332,note_on,74,0,1,,,,,,,,,,,,,,,0,100,75,,
6335,note_on,3,0,1,,,,,,,,,,,,,,,0,95,0,,
6349,note_on,14,0,1,,,,,,,,,,,,,,,0,62,63,,
6409,note_on,60,0,1,,,,,,,,,,,,,,,0,62,0,,
6457,note_on,48,0,1,,,,,,,,,,,,,,,0,98,74,,
6476,note_on,19,0,1,,,,,,,,,,,,,,,0,100,0,,
6560,note_on,84,0,1,,,,,,,,,,,,,,,0,96,72,,
6567,note_on,7,0,1,,,,,,,,,,,,,,,0,98,0,,
6570,note_on,3,0,1,,,,,,,,,,,,,,,0,72,64,,
6591,note_on,21,0,1,,,,,,,,,,,,,,,0,69,40,,
6618,note_on,27,0,1,,,,,,,,,,,,,,,0,72,0,,
6647,note_on,29,0,1,,,,,,,,,,,,,,,0,69,0,,
6675,note_on,28,0,1,,,,,,,,,,,,,,,0,93,73,,
6678,note_on,3,0,1,,,,,,,,,,,,,,,0,96,0,,
6723,note_on,45,0,1,,,,,,,,,,,,,,,0,93,0,,
6788,note_on,65,0,1,,,,,,,,,,,,,,,0,62,35,,
6795,note_on,7,0,1,,,,,,,,,,,,,,,0,88,59,,
6855,note_on,60,0,1,,,,,,,,,,,,,,,0,88,0,,
6855,note_on,0,0,1,,,,,,,,,,,,,,,0,62,0,,
6889,note_on,34,0,1,,,,,,,,,,,,,,,0,90,66,,
6942,note_on,53,0,1,,,,,,,,,,,,,,,0,90,0,,
7062,note_on,120,0,1,,,,,,,,,,,,,,,0,91,74,,
7091,note_on,29,0,1,,,,,,,,,,,,,,,0,71,34,,
7119,note_on,28,0,1,,,,,,,,,,,,,,,0,67,23,,
7143,note_on,24,0,1,,,,,,,,,,,,,,,0,91,0,,
7155,control_change,12,0,1,,,,,,,,,,,,,,,0,,,64,127
7165,note_on,10,0,1,,,,,,,,,,,,,,,0,71,0,,
7211,note_on,46,0,1,,,,,,,,,,,,,,,0,67,0,,
7395,note_on,184,0,1,,,,,,,,,,,,,,,0,71,59,,
7448,note_on,53,0,1,,,,,,,,,,,,,,,0,71,0,,
7494,control_change,46,0,1,,,,,,,,,,,,,,,0,,,64,0
7520,note_on,26,0,1,,,,,,,,,,,,,,,0,72,84,,
7587,note_on,67,0,1,,,,,,,,,,,,,,,0,72,0,,
7674,note_on,87,0,1,,,,,,,,,,,,,,,0,74,84,,
7681,note_on,7,0,1,,,,,,,,,,,,,,,0,43,46,,
7727,note_on,46,0,1,,,,,,,,,,,,,,,0,74,0,,
7739,control_change,12,0,1,,,,,,,,,,,,,,,0,,,64,127
7743,note_on,4,0,1,,,,,,,,,,,,,,,0,43,0,,
7772,note_on,29,0,1,,,,,,,,,,,,,,,0,76,86,,
7820,note_on,48,0,1,,,,,,,,,,,,,,,0,76,0,,
7861,note_on,41,0,1,,,,,,,,,,,,,,,0,74,67,,
7904,note_on,43,0,1,,,,,,,,,,,,,,,0,74,0,,
7907,note_on,3,0,1,,,,,,,,,,,,,,,0,50,55,,
7907,note_on,0,0,1,,,,,,,,,,,,,,,0,59,36,,
7935,note_on,28,0,1,,,,,,,,,,,,,,,0,83,62,,
7974,note_on,39,0,1,,,,,,,,,,,,,,,0,83,0,,
8024,note_on,50,0,1,,,,,,,,,,,,,,,0,59,0,,
8135,note_on,111,0,1,,,,,,,,,,,,,,,0,72,86,,
8139,control_change,4,0,1,,,,,,,,,,,,,,,0,,,64,0
8144,note_on,5,0,1,,,,,,,,,,,,,,,0,51,81,,
8151,note_on,7,0,1,,,,,,,,,,,,,,,0,50,0,,
8180,note_on,29,0,1,,,,,,,,,,,,,,,0,72,0,,
8204,note_on,24,0,1,,,,,,,,,,,,,,,0,74,73,,
8250,note_on,46,0,1,,,,,,,,,,,,,,,0,74,0,,
8279,note_on,29,0,1,,,,,,,,,,,,,,,0,72,65,,
8343,note_on,64,0,1,,,,,,,,,,,,,,,0,72,0,,
8343,note_on,0,0,1,,,,,,,,,,,,,,,0,60,62,,
8348,note_on,5,0,1,,,,,,,,,,,,,,,0,54,61,,
8360,note_on,12,0,1,,,,,,,,,,,,,,,0,81,80,,
8399,note_on,39,0,1,,,,,,,,,,,,,,,0,81,0,,
8447,note_on,48,0,1,,,,,,,,,,,,,,,0,60,0,,
8499,note_on,52,0,1,,,,,,,,,,,,,,,0,54,0,,
8564,note_on,65,0,1,,,,,,,,,,,,,,,0,71,70,,
8571,note_on,7,0,1,,,,,,,,,,,,,,,0,52,83,,
8591,note_on,20,0,1,,,,,,,,,,,,,,,0,51,0,,
8605,note_on,14,0,1,,,,,,,,,,,,,,,0,71,0,,
8631,note_on,26,0,1,,,,,,,,,,,,,,,0,72,77,,
8675,note_on,44,0,1,,,,,,,,,,,,,,,0,72,0,,
8723,note_on,48,0,1,,,,,,,,,,,,,,,0,71,51,,
8783,note_on,60,0,1,,,,,,,,,,,,,,,0,71,0,,
8797,note_on,14,0,1,,,,,,,,,,,,,,,0,79,78,,
8814,control_change,17,0,1,,,,,,,,,,,,,,,0,,,64,127
8826,note_on,12,0,1,,,,,,,,,,,,,,,0,59,39,,
8833,note_on,7,0,1,,,,,,,,,,,,,,,0,79,0,,
8843,note_on,10,0,1,,,,,,,,,,,,,,,0,55,47,,
8907,control_change,64,0,1,,,,,,,,,,,,,,,0,,,64,0
8919,note_on,12,0,1,,,,,,,,,,,,,,,0,59,0,,
8929,note_on,10,0,1,,,,,,,,,,,,,,,0,55,0,,
8977,note_on,48,0,1,,,,,,,,,,,,,,,0,52,0,,
9001,note_on,24,0,1,,,,,,,,,,,,,,,0,69,67,,
9011,note_on,10,0,1,,,,,,,,,,,,,,,0,48,80,,
9054,note_on,43,0,1,,,,,,,,,,,,,,,0,48,0,,
9071,note_on,17,0,1,,,,,,,,,,,,,,,0,69,0,,
9092,control_change,21,0,1,,,,,,,,,,,,,,,0,,,64,127
9104,note_on,12,0,1,,,,,,,,,,,,,,,0,76,72,,
9152,note_on,48,0,1,,,,,,,,,,,,,,,0,76,0,,
9196,note_on,44,0,1,,,,,,,,,,,,,,,0,81,84,,
9224,note_on,28,0,1,,,,,,,,,,,,,,,0,64,45,,
9229,note_on,5,0,1,,,,,,,,,,,,,,,0,81,0,,
9234,note_on,5,0,1,,,,,,,,,,,,,,,0,57,45,,
9275,note_on,41,0,1,,,,,,,,,,,,,,,0,64,0,,
9296,note_on,21,0,1,,,,,,,,,,,,,,,0,57,0,,
9332,note_on,36,0,1,,,,,,,,,,,,,,,0,88,60,,
9337,control_change,5,0,1,,,,,,,,,,,,,,,0,,,64,0
9382,note_on,45,0,1,,,,,,,,,,,,,,,0,88,0,,
9411,note_on,29,0,1,,,,,,,,,,,,,,,0,74,91,,
9414,note_on,3,0,1,,,,,,,,,,,,,,,0,50,56,,
9462,note_on,48,0,1,,,,,,,,,,,,,,,0,50,0,,
9505,note_on,43,0,1,,,,,,,,,,,,,,,0,74,0,,
9507,control_change,2,0,1,,,,,,,,,,,,,,,0,,,64,127
9515,note_on,8,0,1,,,,,,,,,,,,,,,0,79,93,,
9582,note_on,67,0,1,,,,,,,,,,,,,,,0,79,0,,
9623,note_on,41,0,1,,,,,,,,,,,,,,,0,83,76,,
9625,note_on,2,0,1,,,,,,,,,,,,,,,0,62,69,,
9651,note_on,26,0,1,,,,,,,,,,,,,,,0,83,0,,
9687,note_on,36,0,1,,,,,,,,,,,,,,,0,62,0,,
9714,note_on,27,0,1,,,,,,,,,,,,,,,0,86,96,,
9810,note_on,96,0,1,,,,,,,,,,,,,,,0,86,0,,
9817,note_on,7,0,1,,,,,,,,,,,,,,,0,91,101,,
9824,note_on,7,0,1,,,,,,,,,,,,,,,0,74,76,,
9836,note_on,12,0,1,,,,,,,,,,,,,,,0,71,62,,
9877,note_on,41,0,1,,,,,,,,,,,,,,,0,74,0,,
9887,note_on,10,0,1,,,,,,,,,,,,,,,0,71,0,,
9925,note_on,38,0,1,,,,,,,,,,,,,,,0,95,92,,
9937,control_change,12,0,1,,,,,,,,,,,,,,,0,,,64,0
9939,note_on,2,0,1,,,,,,,,,,,,,,,0,91,0,,
10007,note_on,68,0,1,,,,,,,,,,,,,,,0,95,0,,
10028,note_on,21,0,1,,,,,,,,,,,,,,,0,100,92,,
10031,note_on,3,0,1,,,,,,,,,,,,,,,0,62,74,,
10143,note_on,112,0,1,,,,,,,,,,,,,,,0,98,89,,
10160,note_on,17,0,1,,,,,,,,,,,,,,,0,100,0,,
10187,note_on,27,0,1,,,,,,,,,,,,,,,0,62,0,,
10208,note_on,21,0,1,,,,,,,,,,,,,,,0,98,0,,
10235,note_on,27,0,1,,,,,,,,,,,,,,,0,97,88,,
10251,note_on,16,0,1,,,,,,,,,,,,,,,0,72,71,,
10263,note_on,12,0,1,,,,,,,,,,,,,,,0,69,55,,
10309,note_on,46,0,1,,,,,,,,,,,,,,,0,72,0,,
10328,note_on,19,0,1,,,,,,,,,,,,,,,0,69,0,,
10352,note_on,24,0,1,,,,,,,,,,,,,,,0,96,87,,
10364,note_on,12,0,1,,,,,,,,,,,,,,,0,97,0,,
10398,note_on,34,0,1,,,,,,,,,,,,,,,0,96,0,,
10441,note_on,43,0,1,,,,,,,,,,,,,,,0,62,50,,
10455,note_on,14,0,1,,,,,,,,,,,,,,,0,88,67,,
10499,note_on,44,0,1,,,,,,,,,,,,,,,0,62,0,,
10503,note_on,4,0,1,,,,,,,,,,,,,,,0,88,0,,
10542,note_on,39,0,1,,,,,,,,,,,,,,,0,90,56,,
10643,note_on,101,0,1,,,,,,,,,,,,,,,0,90,0,,
10667,note_on,24,0,1,,,,,,,,,,,,,,,0,71,46,,
10669,note_on,2,0,1,,,,,,,,,,,,,,,0,93,50,,
10674,note_on,5,0,1,,,,,,,,,,,,,,,0,67,41,,
10727,note_on,53,0,1,,,,,,,,,,,,,,,0,93,0,,
10743,note_on,16,0,1,,,,,,,,,,,,,,,0,71,0,,
10765,note_on,22,0,1,,,,,,,,,,,,,,,0,91,69,,
10767,note_on,2,0,1,,,,,,,,,,,,,,,0,67,0,,
10767,control_change,0,0,1,,,,,,,,,,,,,,,0,,,64,127
10873,note_on,106,0,1,,,,,,,,,,,,,,,0,91,0,,
10897,note_on,24,0,1,,,,,,,,,,,,,,,0,86,60,,
11007,note_on,110,0,1,,,,,,,,,,,,,,,0,86,0,,
11007,note_on,0,0,1,,,,,,,,,,,,,,,0,83,60,,
11043,note_on,36,0,1,,,,,,,,,,,,,,,0,83,0,,
11195,note_on,152,0,1,,,,,,,,,,,,,,,0,43,45,,
11204,note_on,9,0,1,,,,,,,,,,,,,,,0,74,67,,
11243,note_on,39,0,1,,,,,,,,,,,,,,,0,43,0,,
11255,note_on,12,0,1,,,,,,,,,,,,,,,0,74,0,,
11279,note_on,24,0,1,,,,,,,,,,,,,,,0,76,79,,
11327,note_on,48,0,1,,,,,,,,,,,,,,,0,76,0,,
11348,note_on,21,0,1,,,,,,,,,,,,,,,0,74,68,,
11401,note_on,53,0,1,,,,,,,,,,,,,,,0,74,0,,
11427,note_on,26,0,1,,,,,,,,,,,,,,,0,59,44,,
11432,note_on,5,0,1,,,,,,,,,,,,,,,0,83,69,,
11435,note_on,3,0,1,,,,,,,,,,,,,,,0,50,61,,
11466,note_on,31,0,1,,,,,,,,,,,,,,,0,83,0,,
11478,note_on,12,0,1,,,,,,,,,,,,,,,0,59,0,,
11480,note_on,2,0,1,,,,,,,,,,,,,,,0,50,0,,
11504,control_change,24,0,1,,,,,,,,,,,,,,,0,,,64,0
11622,note_on,118,0,1,,,,,,,,,,,,,,,0,72,94,,
11646,note_on,24,0,1,,,,,,,,,,,,,,,0,51,67,,
11663,note_on,17,0,1,,,,,,,,,,,,,,,0,72,0,,
11696,note_on,33,0,1,,,,,,,,,,,,,,,0,74,74,,
11739,note_on,43,0,1,,,,,,,,,,,,,,,0,74,0,,
11785,note_on,46,0,1,,,,,,,,,,,,,,,0,72,57,,
11826,note_on,41,0,1,,,,,,,,,,,,,,,0,54,64,,
11835,note_on,9,0,1,,,,,,,,,,,,,,,0,60,58,,
11838,note_on,3,0,1,,,,,,,,,,,,,,,0,72,0,,
11843,note_on,5,0,1,,,,,,,,,,,,,,,0,81,86,,
11883,note_on,40,0,1,,,,,,,,,,,,,,,0,81,0,,
11886,note_on,3,0,1,,,,,,,,,,,,,,,0,54,0,,
11888,control_change,2,0,1,,,,,,,,,,,,,,,0,,,64,127
11895,note_on,7,0,1,,,,,,,,,,,,,,,0,60,0,,
11919,control_change,24,0,1,,,,,,,,,,,,,,,0,,,64,0
12035,note_on,116,0,1,,,,,,,,,,,,,,,0,51,0,,
12054,note_on,19,0,1,,,,,,,,,,,,,,,0,71,63,,
12063,note_on,9,0,1,,,,,,,,,,,,,,,0,52,48,,
12097,note_on,34,0,1,,,,,,,,,,,,,,,0,71,0,,
12111,note_on,14,0,1,,,,,,,,,,,,,,,0,72,73,,
12155,note_on,44,0,1,,,,,,,,,,,,,,,0,72,0,,
12198,note_on,43,0,1,,,,,,,,,,,,,,,0,71,42,,
12248,note_on,50,0,1,,,,,,,,,,,,,,,0,71,0,,
12258,note_on,10,0,1,,,,,,,,,,,,,,,0,79,73,,
12270,control_change,12,0,1,,,,,,,,,,,,,,,0,,,64,127
12270,note_on,0,0,1,,,,,,,,,,,,,,,0,59,39,,
12296,note_on,26,0,1,,,,,,,,,,,,,,,0,55,51,,
12306,note_on,10,0,1,,,,,,,,,,,,,,,0,79,0,,
12337,note_on,31,0,1,,,,,,,,,,,,,,,0,59,0,,
12356,note_on,19,0,1,,,,,,,,,,,,,,,0,55,0,,
12378,control_change,22,0,1,,,,,,,,,,,,,,,0,,,64,0
12428,note_on,50,0,1,,,,,,,,,,,,,,,0,52,0,,
12452,note_on,24,0,1,,,,,,,,,,,,,,,0,69,81,,
12469,note_on,17,0,1,,,,,,,,,,,,,,,0,48,66,,
12512,note_on,43,0,1,,,,,,,,,,,,,,,0,48,0,,
12524,note_on,12,0,1,,,,,,,,,,,,,,,0,69,0,,
12558,note_on,34,0,1,,,,,,,,,,,,,,,0,76,68,,
12577,control_change,19,0,1,,,,,,,,,,,,,,,0,,,64,127
12635,note_on,58,0,1,,,,,,,,,,,,,,,0,76,0,,
12654,note_on,19,0,1,,,,,,,,,,,,,,,0,81,85,,
12680,note_on,26,0,1,,,,,,,,,,,,,,,0,64,47,,
12690,note_on,10,0,1,,,,,,,,,,,,,,,0,81,0,,
12702,note_on,12,0,1,,,,,,,,,,,,,,,0,57,44,,
12731,note_on,29,0,1,,,,,,,,,,,,,,,0,64,0,,
12771,note_on,40,0,1,,,,,,,,,,,,,,,0,57,0,,
12781,note_on,10,0,1,,,,,,,,,,,,,,,0,88,66,,
12807,control_change,26,0,1,,,,,,,,,,,,,,,0,,,64,0
12824,note_on,17,0,1,,,,,,,,,,,,,,,0,88,0,,
12875,note_on,51,0,1,,,,,,,,,,,,,,,0,50,67,,
12875,note_on,0,0,1,,,,,,,,,,,,,,,0,74,88,,
12913,note_on,38,0,1,,,,,,,,,,,,,,,0,50,0,,
12961,control_change,48,0,1,,,,,,,,,,,,,,,0,,,64,127
12971,note_on,10,0,1,,,,,,,,,,,,,,,0,74,0,,
12985,note_on,14,0,1,,,,,,,,,,,,,,,0,79,85,,
13047,note_on,62,0,1,,,,,,,,,,,,,,,0,79,0,,
13095,note_on,48,0,1,,,,,,,,,,,,,,,0,83,76,,
13110,note_on,15,0,1,,,,,,,,,,,,,,,0,62,69,,
13124,note_on,14,0,1,,,,,,,,,,,,,,,0,83,0,,
13199,note_on,75,0,1,,,,,,,,,,,,,,,0,86,91,,
13215,note_on,16,0,1,,,,,,,,,,,,,,,0,62,0,,
13285,note_on,70,0,1,,,,,,,,,,,,,,,0,86,0,,
13311,note_on,26,0,1,,,,,,,,,,,,,,,0,74,80,,
13314,note_on,3,0,1,,,,,,,,,,,,,,,0,91,97,,
13321,note_on,7,0,1,,,,,,,,,,,,,,,0,71,69,,
13412,note_on,91,0,1,,,,,,,,,,,,,,,0,74,0,,
13415,note_on,3,0,1,,,,,,,,,,,,,,,0,71,0,,
13427,note_on,12,0,1,,,,,,,,,,,,,,,0,95,81,,
13446,note_on,19,0,1,,,,,,,,,,,,,,,0,91,0,,
13506,note_on,60,0,1,,,,,,,,,,,,,,,0,62,72,,
13508,note_on,2,0,1,,,,,,,,,,,,,,,0,95,0,,
13525,note_on,17,0,1,,,,,,,,,,,,,,,0,100,89,,
13530,control_change,5,0,1,,,,,,,,,,,,,,,0,,,64,0
13640,note_on,110,0,1,,,,,,,,,,,,,,,0,100,0,,
13643,note_on,3,0,1,,,,,,,,,,,,,,,0,98,91,,
13669,note_on,26,0,1,,,,,,,,,,,,,,,0,62,0,,
13741,note_on,72,0,1,,,,,,,,,,,,,,,0,72,62,,
13751,note_on,10,0,1,,,,,,,,,,,,,,,0,96,85,,
13755,note_on,4,0,1,,,,,,,,,,,,,,,0,98,0,,
13755,note_on,0,0,1,,,,,,,,,,,,,,,0,69,49,,
13839,note_on,84,0,1,,,,,,,,,,,,,,,0,96,0,,
13842,note_on,3,0,1,,,,,,,,,,,,,,,0,72,0,,
13868,note_on,26,0,1,,,,,,,,,,,,,,,0,93,84,,
13919,note_on,51,0,1,,,,,,,,,,,,,,,0,93,0,,
13923,note_on,4,0,1,,,,,,,,,,,,,,,0,69,0,,
13959,note_on,36,0,1,,,,,,,,,,,,,,,0,62,49,,
13995,note_on,36,0,1,,,,,,,,,,,,,,,0,88,59,,
14024,note_on,29,0,1,,,,,,,,,,,,,,,0,62,0,,
14053,note_on,29,0,1,,,,,,,,,,,,,,,0,88,0,,
14089,note_on,36,0,1,,,,,,,,,,,,,,,0,90,57,,
14204,note_on,115,0,1,,,,,,,,,,,,,,,0,90,0,,
14257,note_on,53,0,1,,,,,,,,,,,,,,,0,67,47,,
14262,note_on,5,0,1,,,,,,,,,,,,,,,0,91,73,,
14264,note_on,2,0,1,,,,,,,,,,,,,,,0,71,30,,
14339,note_on,75,0,1,,,,,,,,,,,,,,,0,91,0,,
14365,note_on,26,0,1,,,,,,,,,,,,,,,0,71,0,,
14377,control_change,12,0,1,,,,,,,,,,,,,,,0,,,64,127
14415,note_on,38,0,1,,,,,,,,,,,,,,,0,67,0,,
14603,note_on,188,0,1,,,,,,,,,,,,,,,0,71,78,,
14749,note_on,146,0,1,,,,,,,,,,,,,,,0,71,0,,
14879,note_on,130,0,1,,,,,,,,,,,,,,,0,47,76,,
14895,note_on,16,0,1,,,,,,,,,,,,,,,0,83,93,,
14895,note_on,0,0,1,,,,,,,,,,,,,,,0,78,83,,
14898,note_on,3,0,1,,,,,,,,,,,,,,,0,71,76,,
14903,note_on,5,0,1,,,,,,,,,,,,,,,0,75,72,,
14963,note_on,60,0,1,,,,,,,,,,,,,,,0,47,0,,
15001,note_on,38,0,1,,,,,,,,,,,,,,,0,59,80,,
15061,note_on,60,0,1,,,,,,,,,,,,,,,0,59,0,,
15119,note_on,58,0,1,,,,,,,,,,,,,,,0,46,95,,
15229,note_on,110,0,1,,,,,,,,,,,,,,,0,71,0,,
15239,note_on,10,0,1,,,,,,,,,,,,,,,0,47,76,,
15248,note_on,9,0,1,,,,,,,,,,,,,,,0,78,0,,
15253,note_on,5,0,1,,,,,,,,,,,,,,,0,75,0,,
15272,note_on,19,0,1,,,,,,,,,,,,,,,0,83,0,,
15299,note_on,27,0,1,,,,,,,,,,,,,,,0,46,0,,
15392,note_on,93,0,1,,,,,,,,,,,,,,,0,49,81,,
15397,note_on,5,0,1,,,,,,,,,,,,,,,0,82,109,,
15399,note_on,2,0,1,,,,,,,,,,,,,,,0,70,98,,
15402,note_on,3,0,1,,,,,,,,,,,,,,,0,76,92,,
15407,control_change,5,0,1,,,,,,,,,,,,,,,0,,,64,0
15407,note_on,0,0,1,,,,,,,,,,,,,,,0,78,81,,
15409,note_on,2,0,1,,,,,,,,,,,,,,,0,47,0,,
15517,note_on,108,0,1,,,,,,,,,,,,,,,0,61,83,,
15522,note_on,5,0,1,,,,,,,,,,,,,,,0,49,0,,
15606,control_change,84,0,1,,,,,,,,,,,,,,,0,,,64,127
15615,note_on,9,0,1,,,,,,,,,,,,,,,0,61,0,,
15637,note_on,22,0,1,,,,,,,,,,,,,,,0,48,95,,
15639,note_on,2,0,1,,,,,,,,,,,,,,,0,78,0,,
15642,note_on,3,0,1,,,,,,,,,,,,,,,0,76,0,,
15707,note_on,65,0,1,,,,,,,,,,,,,,,0,70,0,,
15721,note_on,14,0,1,,,,,,,,,,,,,,,0,49,86,,
15738,note_on,17,0,1,,,,,,,,,,,,,,,0,82,0,,
15767,note_on,29,0,1,,,,,,,,,,,,,,,0,48,0,,
15805,control_change,38,0,1,,,,,,,,,,,,,,,0,,,64,0
15836,note_on,31,0,1,,,,,,,,,,,,,,,0,81,108,,
15841,note_on,5,0,1,,,,,,,,,,,,,,,0,51,85,,
15841,note_on,0,0,1,,,,,,,,,,,,,,,0,71,73,,
15841,note_on,0,0,1,,,,,,,,,,,,,,,0,78,79,,
15843,note_on,2,0,1,,,,,,,,,,,,,,,0,69,97,,
15870,note_on,27,0,1,,,,,,,,,,,,,,,0,49,0,,
15906,note_on,36,0,1,,,,,,,,,,,,,,,0,51,0,,
15956,note_on,50,0,1,,,,,,,,,,,,,,,0,63,90,,
15990,control_change,34,0,1,,,,,,,,,,,,,,,0,,,64,127
16009,note_on,19,0,1,,,,,,,,,,,,,,,0,63,0,,
16040,note_on,31,0,1,,,,,,,,,,,,,,,0,49,83,,
16074,note_on,34,0,1,,,,,,,,,,,,,,,0,78,0,,
16093,note_on,19,0,1,,,,,,,,,,,,,,,0,81,0,,
16129,note_on,36,0,1,,,,,,,,,,,,,,,0,69,0,,
16134,note_on,5,0,1,,,,,,,,,,,,,,,0,71,0,,
16143,note_on,9,0,1,,,,,,,,,,,,,,,0,51,88,,
16203,note_on,60,0,1,,,,,,,,,,,,,,,0,49,0,,
16220,control_change,17,0,1,,,,,,,,,,,,,,,0,,,64,0
16249,note_on,29,0,1,,,,,,,,,,,,,,,0,71,59,,
16254,note_on,5,0,1,,,,,,,,,,,,,,,0,79,103,,
16259,note_on,5,0,1,,,,,,,,,,,,,,,0,67,85,,
16261,note_on,2,0,1,,,,,,,,,,,,,,,0,76,89,,
16263,note_on,2,0,1,,,,,,,,,,,,,,,0,52,88,,
16311,note_on,48,0,1,,,,,,,,,,,,,,,0,51,0,,
16323,note_on,12,0,1,,,,,,,,,,,,,,,0,52,0,,
16391,note_on,68,0,1,,,,,,,,,,,,,,,0,64,92,,
16419,control_change,28,0,1,,,,,,,,,,,,,,,0,,,64,127
16455,note_on,36,0,1,,,,,,,,,,,,,,,0,64,0,,
16470,note_on,15,0,1,,,,,,,,,,,,,,,0,51,85,,
16479,note_on,9,0,1,,,,,,,,,,,,,,,0,76,0,,
16513,note_on,34,0,1,,,,,,,,,,,,,,,0,79,0,,
16515,note_on,2,0,1,,,,,,,,,,,,,,,0,71,0,,
16520,note_on,5,0,1,,,,,,,,,,,,,,,0,67,0,,
16568,note_on,48,0,1,,,,,,,,,,,,,,,0,52,91,,
16626,note_on,58,0,1,,,,,,,,,,,,,,,0,51,0,,
16635,control_change,9,0,1,,,,,,,,,,,,,,,0,,,64,0
16662,note_on,27,0,1,,,,,,,,,,,,,,,0,78,95,,
16674,note_on,12,0,1,,,,,,,,,,,,,,,0,75,79,,
16679,note_on,5,0,1,,,,,,,,,,,,,,,0,69,87,,
16691,note_on,12,0,1,,,,,,,,,,,,,,,0,54,77,,
16693,note_on,2,0,1,,,,,,,,,,,,,,,0,71,70,,
16710,note_on,17,0,1,,,,,,,,,,,,,,,0,52,0,,
16799,note_on,89,0,1,,,,,,,,,,,,,,,0,54,0,,
16808,note_on,9,0,1,,,,,,,,,,,,,,,0,66,86,,
16863,note_on,55,0,1,,,,,,,,,,,,,,,0,66,0,,
16866,control_change,3,0,1,,,,,,,,,,,,,,,0,,,64,127
16899,note_on,33,0,1,,,,,,,,,,,,,,,0,69,0,,
16911,note_on,12,0,1,,,,,,,,,,,,,,,0,53,72,,
16916,note_on,5,0,1,,,,,,,,,,,,,,,0,71,0,,
16993,note_on,77,0,1,,,,,,,,,,,,,,,0,54,77,,
16998,note_on,5,0,1,,,,,,,,,,,,,,,0,78,0,,
17036,note_on,38,0,1,,,,,,,,,,,,,,,0,53,0,,
17065,control_change,29,0,1,,,,,,,,,,,,,,,0,,,64,0
17118,note_on,53,0,1,,,,,,,,,,,,,,,0,76,98,,
17123,note_on,5,0,1,,,,,,,,,,,,,,,0,67,74,,
17127,note_on,4,0,1,,,,,,,,,,,,,,,0,71,53,,
17135,note_on,8,0,1,,,,,,,,,,,,,,,0,55,77,,
17151,note_on,16,0,1,,,,,,,,,,,,,,,0,75,0,,
17171,note_on,20,0,1,,,,,,,,,,,,,,,0,67,0,,
17175,note_on,4,0,1,,,,,,,,,,,,,,,0,54,0,,
17178,note_on,3,0,1,,,,,,,,,,,,,,,0,55,0,,
17247,note_on,69,0,1,,,,,,,,,,,,,,,0,71,0,,
17247,note_on,0,0,1,,,,,,,,,,,,,,,0,67,89,,
17295,control_change,48,0,1,,,,,,,,,,,,,,,0,,,64,127
17298,note_on,3,0,1,,,,,,,,,,,,,,,0,67,0,,
17372,note_on,74,0,1,,,,,,,,,,,,,,,0,54,84,,
17389,control_change,17,0,1,,,,,,,,,,,,,,,0,,,64,0
17473,note_on,84,0,1,,,,,,,,,,,,,,,0,54,0,,
17492,note_on,19,0,1,,,,,,,,,,,,,,,0,55,67,,
17631,note_on,139,0,1,,,,,,,,,,,,,,,0,55,0,,
17639,note_on,8,0,1,,,,,,,,,,,,,,,0,70,82,,
17641,note_on,2,0,1,,,,,,,,,,,,,,,0,66,50,,
17646,note_on,5,0,1,,,,,,,,,,,,,,,0,64,45,,
17651,note_on,5,0,1,,,,,,,,,,,,,,,0,76,0,,
17660,note_on,9,0,1,,,,,,,,,,,,,,,0,60,59,,
17857,note_on,197,0,1,,,,,,,,,,,,,,,0,60,0,,
17922,note_on,65,0,1,,,,,,,,,,,,,,,0,62,48,,
17946,note_on,24,0,1,,,,,,,,,,,,,,,0,64,0,,
17951,note_on,5,0,1,,,,,,,,,,,,,,,0,66,0,,
17958,control_change,7,0,1,,,,,,,,,,,,,,,0,,,64,127
17984,note_on,26,0,1,,,,,,,,,,,,,,,0,62,0,,
18085,note_on,101,0,1,,,,,,,,,,,,,,,0,60,48,,
18143,note_on,58,0,1,,,,,,,,,,,,,,,0,60,0,,
18248,note_on,105,0,1,,,,,,,,,,,,,,,0,59,44,,
18270,note_on,22,0,1,,,,,,,,,,,,,,,0,66,21,,
18275,note_on,5,0,1,,,,,,,,,,,,,,,0,70,0,,
18276,note_on,1,0,1,,,,,,,,,,,,,,,0,71,33,,
18277,note_on,1,0,1,,,,,,,,,,,,,,,0,63,32,,
18279,control_change,2,0,1,,,,,,,,,,,,,,,0,,,64,0
18462,note_on,183,0,1,,,,,,,,,,,,,,,0,54,48,,
18546,note_on,84,0,1,,,,,,,,,,,,,,,0,59,0,,
18555,control_change,9,0,1,,,,,,,,,,,,,,,0,,,64,127
18599,note_on,44,0,1,,,,,,,,,,,,,,,0,63,0,,
18642,note_on,43,0,1,,,,,,,,,,,,,,,0,54,0,,
18647,note_on,5,0,1,,,,,,,,,,,,,,,0,51,57,,
18652,note_on,5,0,1,,,,,,,,,,,,,,,0,66,0,,
18716,note_on,64,0,1,,,,,,,,,,,,,,,0,51,0,,
18744,note_on,28,0,1,,,,,,,,,,,,,,,0,71,0,,
18841,note_on,97,0,1,,,,,,,,,,,,,,,0,47,40,,
18959,note_on,118,0,1,,,,,,,,,,,,,,,0,47,0,,
19064,control_change,105,0,1,,,,,,,,,,,,,,,0,,,64,0
19076,note_on,12,0,1,,,,,,,,,,,,,,,0,43,51,,
19091,note_on,15,0,1,,,,,,,,,,,,,,,0,74,63,,
19136,note_on,45,0,1,,,,,,,,,,,,,,,0,74,0,,
19151,note_on,15,0,1,,,,,,,,,,,,,,,0,76,80,,
19194,note_on,43,0,1,,,,,,,,,,,,,,,0,43,0,,
19203,note_on,9,0,1,,,,,,,,,,,,,,,0,76,0,,
19232,control_change,29,0,1,,,,,,,,,,,,,,,0,,,64,127
19239,note_on,7,0,1,,,,,,,,,,,,,,,0,74,48,,
19311,note_on,72,0,1,,,,,,,,,,,,,,,0,59,42,,
19314,note_on,3,0,1,,,,,,,,,,,,,,,0,83,65,,
19316,note_on,2,0,1,,,,,,,,,,,,,,,0,74,0,,
19323,note_on,7,0,1,,,,,,,,,,,,,,,0,50,50,,
19357,note_on,34,0,1,,,,,,,,,,,,,,,0,83,0,,
19446,note_on,89,0,1,,,,,,,,,,,,,,,0,59,0,,
19494,control_change,48,0,1,,,,,,,,,,,,,,,0,,,64,0
19527,note_on,33,0,1,,,,,,,,,,,,,,,0,50,0,,
19544,note_on,17,0,1,,,,,,,,,,,,,,,0,51,63,,
19554,note_on,10,0,1,,,,,,,,,,,,,,,0,72,79,,
19597,note_on,43,0,1,,,,,,,,,,,,,,,0,72,0,,
19619,note_on,22,0,1,,,,,,,,,,,,,,,0,74,61,,
19674,note_on,55,0,1,,,,,,,,,,,,,,,0,74,0,,
19686,note_on,12,0,1,,,,,,,,,,,,,,,0,72,62,,
19758,note_on,72,0,1,,,,,,,,,,,,,,,0,72,0,,
19758,note_on,0,0,1,,,,,,,,,,,,,,,0,81,80,,
19767,note_on,9,0,1,,,,,,,,,,,,,,,0,54,44,,
19772,note_on,5,0,1,,,,,,,,,,,,,,,0,60,40,,
19818,note_on,46,0,1,,,,,,,,,,,,,,,0,81,0,,
19892,note_on,74,0,1,,,,,,,,,,,,,,,0,60,0,,
19943,note_on,51,0,1,,,,,,,,,,,,,,,0,54,0,,
19967,note_on,24,0,1,,,,,,,,,,,,,,,0,51,0,,
19967,note_on,0,0,1,,,,,,,,,,,,,,,0,71,67,,
19969,note_on,2,0,1,,,,,,,,,,,,,,,0,52,63,,
20010,note_on,41,0,1,,,,,,,,,,,,,,,0,71,0,,
20031,note_on,21,0,1,,,,,,,,,,,,,,,0,72,73,,
20077,note_on,46,0,1,,,,,,,,,,,,,,,0,72,0,,
20113,note_on,36,0,1,,,,,,,,,,,,,,,0,71,52,,
20190,note_on,77,0,1,,,,,,,,,,,,,,,0,59,42,,
20192,note_on,2,0,1,,,,,,,,,,,,,,,0,55,58,,
20195,note_on,3,0,1,,,,,,,,,,,,,,,0,79,80,,
20209,note_on,14,0,1,,,,,,,,,,,,,,,0,71,0,,
20245,note_on,36,0,1,,,,,,,,,,,,,,,0,79,0,,
20247,control_change,2,0,1,,,,,,,,,,,,,,,0,,,64,127
20276,note_on,29,0,1,,,,,,,,,,,,,,,0,59,0,,
20286,note_on,10,0,1,,,,,,,,,,,,,,,0,55,0,,
20319,note_on,33,0,1,,,,,,,,,,,,,,,0,52,0,,
20324,control_change,5,0,1,,,,,,,,,,,,,,,0,,,64,0
20396,note_on,72,0,1,,,,,,,,,,,,,,,0,69,87,,
20396,note_on,0,0,1,,,,,,,,,,,,,,,0,48,80,,
20447,note_on,51,0,1,,,,,,,,,,,,,,,0,48,0,,
20463,note_on,16,0,1,,,,,,,,,,,,,,,0,69,0,,
20497,note_on,34,0,1,,,,,,,,,,,,,,,0,76,78,,
20523,control_change,26,0,1,,,,,,,,,,,,,,,0,,,64,127
20579,note_on,56,0,1,,,,,,,,,,,,,,,0,76,0,,
20588,note_on,9,0,1,,,,,,,,,,,,,,,0,81,88,,
20603,note_on,15,0,1,,,,,,,,,,,,,,,0,57,49,,
20617,note_on,14,0,1,,,,,,,,,,,,,,,0,64,40,,
20624,note_on,7,0,1,,,,,,,,,,,,,,,0,81,0,,
20672,note_on,48,0,1,,,,,,,,,,,,,,,0,64,0,,
20691,note_on,19,0,1,,,,,,,,,,,,,,,0,57,0,,
20696,note_on,5,0,1,,,,,,,,,,,,,,,0,88,92,,
20730,note_on,34,0,1,,,,,,,,,,,,,,,0,88,0,,
20739,control_change,9,0,1,,,,,,,,,,,,,,,0,,,64,0
20797,note_on,58,0,1,,,,,,,,,,,,,,,0,50,74,,
20807,note_on,10,0,1,,,,,,,,,,,,,,,0,74,92,,
20835,note_on,28,0,1,,,,,,,,,,,,,,,0,50,0,,
20910,note_on,75,0,1,,,,,,,,,,,,,,,0,79,95,,
20915,note_on,5,0,1,,,,,,,,,,,,,,,0,74,0,,
20922,control_change,7,0,1,,,,,,,,,,,,,,,0,,,64,127
21011,note_on,89,0,1,,,,,,,,,,,,,,,0,62,47,,
21018,note_on,7,0,1,,,,,,,,,,,,,,,0,79,0,,
21018,note_on,0,0,1,,,,,,,,,,,,,,,0,83,75,,
21047,note_on,29,0,1,,,,,,,,,,,,,,,0,83,0,,
21078,note_on,31,0,1,,,,,,,,,,,,,,,0,62,0,,
21116,note_on,38,0,1,,,,,,,,,,,,,,,0,86,91,,
21227,note_on,111,0,1,,,,,,,,,,,,,,,0,91,95,,
21229,note_on,2,0,1,,,,,,,,,,,,,,,0,74,70,,
21236,note_on,7,0,1,,,,,,,,,,,,,,,0,71,57,,
21241,note_on,5,0,1,,,,,,,,,,,,,,,0,86,0,,
21260,control_change,19,0,1,,,,,,,,,,,,,,,0,,,64,0
21306,note_on,46,0,1,,,,,,,,,,,,,,,0,71,0,,
21320,note_on,14,0,1,,,,,,,,,,,,,,,0,74,0,,
21335,note_on,15,0,1,,,,,,,,,,,,,,,0,95,86,,
21351,note_on,16,0,1,,,,,,,,,,,,,,,0,91,0,,
21428,note_on,77,0,1,,,,,,,,,,,,,,,0,100,89,,
21435,note_on,7,0,1,,,,,,,,,,,,,,,0,95,0,,
21440,note_on,5,0,1,,,,,,,,,,,,,,,0,62,61,,
21500,note_on,60,0,1,,,,,,,,,,,,,,,0,62,0,,
21558,note_on,58,0,1,,,,,,,,,,,,,,,0,98,81,,
21572,note_on,14,0,1,,,,,,,,,,,,,,,0,100,0,,
21663,note_on,91,0,1,,,,,,,,,,,,,,,0,72,61,,
21663,note_on,0,0,1,,,,,,,,,,,,,,,0,96,77,,
21673,note_on,10,0,1,,,,,,,,,,,,,,,0,69,48,,
21680,note_on,7,0,1,,,,,,,,,,,,,,,0,98,0,,
21716,note_on,36,0,1,,,,,,,,,,,,,,,0,72,0,,
21731,note_on,15,0,1,,,,,,,,,,,,,,,0,69,0,,
21759,note_on,28,0,1,,,,,,,,,,,,,,,0,96,0,,
21776,note_on,17,0,1,,,,,,,,,,,,,,,0,93,74,,
21819,note_on,43,0,1,,,,,,,,,,,,,,,0,93,0,,
21872,note_on,53,0,1,,,,,,,,,,,,,,,0,62,46,,
21896,note_on,24,0,1,,,,,,,,,,,,,,,0,88,56,,
21935,note_on,39,0,1,,,,,,,,,,,,,,,0,62,0,,
21959,note_on,24,0,1,,,,,,,,,,,,,,,0,88,0,,
21985,note_on,26,0,1,,,,,,,,,,,,,,,0,90,55,,
22043,note_on,58,0,1,,,,,,,,,,,,,,,0,90,0,,
22160,note_on,117,0,1,,,,,,,,,,,,,,,0,91,66,,
22167,note_on,7,0,1,,,,,,,,,,,,,,,0,71,38,,
22184,note_on,17,0,1,,,,,,,,,,,,,,,0,67,45,,
22249,note_on,65,0,1,,,,,,,,,,,,,,,0,91,0,,
22256,note_on,7,0,1,,,,,,,,,,,,,,,0,71,0,,
22261,control_change,5,0,1,,,,,,,,,,,,,,,0,,,64,127
22321,note_on,60,0,1,,,,,,,,,,,,,,,0,67,0,,
22501,note_on,180,0,1,,,,,,,,,,,,,,,0,71,78,,
22520,control_change,19,0,1,,,,,,,,,,,,,,,0,,,64,0
22688,note_on,168,0,1,,,,,,,,,,,,,,,0,71,0,,
22775,note_on,87,0,1,,,,,,,,,,,,,,,0,83,101,,
22777,note_on,2,0,1,,,,,,,,,,,,,,,0,71,74,,
22782,note_on,5,0,1,,,,,,,,,,,,,,,0,78,85,,
22784,note_on,2,0,1,,,,,,,,,,,,,,,0,75,79,,
22784,note_on,0,0,1,,,,,,,,,,,,,,,0,47,78,,
22813,control_change,29,0,1,,,,,,,,,,,,,,,0,,,64,127
22832,note_on,19,0,1,,,,,,,,,,,,,,,0,47,0,,
22892,note_on,60,0,1,,,,,,,,,,,,,,,0,59,79,,
22938,note_on,46,0,1,,,,,,,,,,,,,,,0,59,0,,
23015,note_on,77,0,1,,,,,,,,,,,,,,,0,46,98,,
23046,note_on,31,0,1,,,,,,,,,,,,,,,0,71,0,,
23063,note_on,17,0,1,,,,,,,,,,,,,,,0,75,0,,
23065,note_on,2,0,1,,,,,,,,,,,,,,,0,78,0,,
23075,note_on,10,0,1,,,,,,,,,,,,,,,0,83,0,,
23120,note_on,45,0,1,,,,,,,,,,,,,,,0,47,70,,
23123,note_on,3,0,1,,,,,,,,,,,,,,,0,46,0,,
23166,control_change,43,0,1,,,,,,,,,,,,,,,0,,,64,0
23226,note_on,60,0,1,,,,,,,,,,,,,,,0,82,110,,
23231,note_on,5,0,1,,,,,,,,,,,,,,,0,76,97,,
23231,note_on,0,0,1,,,,,,,,,,,,,,,0,70,100,,
23233,note_on,2,0,1,,,,,,,,,,,,,,,0,78,85,,
23252,note_on,19,0,1,,,,,,,,,,,,,,,0,49,82,,
23264,note_on,12,0,1,,,,,,,,,,,,,,,0,47,0,,
23353,note_on,89,0,1,,,,,,,,,,,,,,,0,61,88,,
23360,note_on,7,0,1,,,,,,,,,,,,,,,0,49,0,,
23413,control_change,53,0,1,,,,,,,,,,,,,,,0,,,64,127
23420,note_on,7,0,1,,,,,,,,,,,,,,,0,61,0,,
23459,note_on,39,0,1,,,,,,,,,,,,,,,0,48,95,,
23468,note_on,9,0,1,,,,,,,,,,,,,,,0,78,0,,
23468,note_on,0,0,1,,,,,,,,,,,,,,,0,76,0,,
23533,note_on,65,0,1,,,,,,,,,,,,,,,0,70,0,,
23559,note_on,26,0,1,,,,,,,,,,,,,,,0,49,88,,
23576,note_on,17,0,1,,,,,,,,,,,,,,,0,48,0,,
23581,note_on,5,0,1,,,,,,,,,,,,,,,0,82,0,,
23598,control_change,17,0,1,,,,,,,,,,,,,,,0,,,64,0
23663,note_on,65,0,1,,,,,,,,,,,,,,,0,81,109,,
23670,note_on,7,0,1,,,,,,,,,,,,,,,0,71,79,,
23670,note_on,0,0,1,,,,,,,,,,,,,,,0,69,95,,
23672,note_on,2,0,1,,,,,,,,,,,,,,,0,78,79,,
23694,note_on,22,0,1,,,,,,,,,,,,,,,0,51,74,,
23706,note_on,12,0,1,,,,,,,,,,,,,,,0,49,0,,
23744,note_on,38,0,1,,,,,,,,,,,,,,,0,51,0,,
23804,note_on,60,0,1,,,,,,,,,,,,,,,0,63,84,,
23857,control_change,53,0,1,,,,,,,,,,,,,,,0,,,64,127
23859,note_on,2,0,1,,,,,,,,,,,,,,,0,63,0,,
23910,note_on,51,0,1,,,,,,,,,,,,,,,0,78,0,,
23912,note_on,2,0,1,,,,,,,,,,,,,,,0,49,86,,
23929,note_on,17,0,1,,,,,,,,,,,,,,,0,81,0,,
23963,note_on,34,0,1,,,,,,,,,,,,,,,0,69,0,,
23970,note_on,7,0,1,,,,,,,,,,,,,,,0,71,0,,
24027,note_on,57,0,1,,,,,,,,,,,,,,,0,51,83,,
24042,control_change,15,0,1,,,,,,,,,,,,,,,0,,,64,0
24071,note_on,29,0,1,,,,,,,,,,,,,,,0,49,0,,
24126,note_on,55,0,1,,,,,,,,,,,,,,,0,79,97,,
24133,note_on,7,0,1,,,,,,,,,,,,,,,0,52,87,,
24135,note_on,2,0,1,,,,,,,,,,,,,,,0,67,84,,
24140,note_on,5,0,1,,,,,,,,,,,,,,,0,76,80,,
24150,note_on,10,0,1,,,,,,,,,,,,,,,0,71,59,,
24176,note_on,26,0,1,,,,,,,,,,,,,,,0,51,0,,
24191,note_on,15,0,1,,,,,,,,,,,,,,,0,52,0,,
24270,note_on,79,0,1,,,,,,,,,,,,,,,0,64,83,,
24311,note_on,41,0,1,,,,,,,,,,,,,,,0,64,0,,
24347,note_on,36,0,1,,,,,,,,,,,,,,,0,51,90,,
24349,control_change,2,0,1,,,,,,,,,,,,,,,0,,,64,127
24373,note_on,24,0,1,,,,,,,,,,,,,,,0,76,0,,
24373,note_on,0,0,1,,,,,,,,,,,,,,,0,71,0,,
24397,note_on,24,0,1,,,,,,,,,,,,,,,0,67,0,,
24416,note_on,19,0,1,,,,,,,,,,,,,,,0,79,0,,
24462,note_on,46,0,1,,,,,,,,,,,,,,,0,52,83,,
24476,note_on,14,0,1,,,,,,,,,,,,,,,0,51,0,,
24503,control_change,27,0,1,,,,,,,,,,,,,,,0,,,64,0
24541,note_on,38,0,1,,,,,,,,,,,,,,,0,78,95,,
24548,note_on,7,0,1,,,,,,,,,,,,,,,0,75,81,,
24553,note_on,5,0,1,,,,,,,,,,,,,,,0,69,89,,
24553,note_on,0,0,1,,,,,,,,,,,,,,,0,71,65,,
24575,note_on,22,0,1,,,,,,,,,,,,,,,0,54,81,,
24591,note_on,16,0,1,,,,,,,,,,,,,,,0,52,0,,
24649,note_on,58,0,1,,,,,,,,,,,,,,,0,69,0,,
24654,note_on,5,0,1,,,,,,,,,,,,,,,0,54,0,,
24695,note_on,41,0,1,,,,,,,,,,,,,,,0,66,90,,
24704,note_on,9,0,1,,,,,,,,,,,,,,,0,71,0,,
24764,note_on,60,0,1,,,,,,,,,,,,,,,0,66,0,,
24767,control_change,3,0,1,,,,,,,,,,,,,,,0,,,64,127
24807,note_on,40,0,1,,,,,,,,,,,,,,,0,53,92,,
24887,note_on,80,0,1,,,,,,,,,,,,,,,0,54,87,,
24896,note_on,9,0,1,,,,,,,,,,,,,,,0,78,0,,
24913,note_on,17,0,1,,,,,,,,,,,,,,,0,53,0,,
24966,control_change,53,0,1,,,,,,,,,,,,,,,0,,,64,0
25023,note_on,57,0,1,,,,,,,,,,,,,,,0,55,81,,
25028,note_on,5,0,1,,,,,,,,,,,,,,,0,76,100,,
25033,note_on,5,0,1,,,,,,,,,,,,,,,0,67,70,,
25040,note_on,7,0,1,,,,,,,,,,,,,,,0,71,60,,
25047,note_on,7,0,1,,,,,,,,,,,,,,,0,54,0,,
25059,note_on,12,0,1,,,,,,,,,,,,,,,0,55,0,,
25062,note_on,3,0,1,,,,,,,,,,,,,,,0,75,0,,
25076,note_on,14,0,1,,,,,,,,,,,,,,,0,67,0,,
25098,note_on,22,0,1,,,,,,,,,,,,,,,0,71,0,,
25136,note_on,38,0,1,,,,,,,,,,,,,,,0,67,94,,
25220,note_on,84,0,1,,,,,,,,,,,,,,,0,67,0,,
25261,note_on,41,0,1,,,,,,,,,,,,,,,0,54,78,,
25403,note_on,142,0,1,,,,,,,,,,,,,,,0,54,0,,
25407,note_on,4,0,1,,,,,,,,,,,,,,,0,55,76,,
25554,note_on,147,0,1,,,,,,,,,,,,,,,0,55,0,,
25556,note_on,2,0,1,,,,,,,,,,,,,,,0,64,64,,
25559,note_on,3,0,1,,,,,,,,,,,,,,,0,70,91,,
25561,note_on,2,0,1,,,,,,,,,,,,,,,0,66,50,,
25571,note_on,10,0,1,,,,,,,,,,,,,,,0,76,0,,
25587,note_on,16,0,1,,,,,,,,,,,,,,,0,60,63,,
25820,note_on,233,0,1,,,,,,,,,,,,,,,0,60,0,,
25839,note_on,19,0,1,,,,,,,,,,,,,,,0,64,0,,
25866,note_on,27,0,1,,,,,,,,,,,,,,,0,62,56,,
25887,control_change,21,0,1,,,,,,,,,,,,,,,0,,,64,127
25902,note_on,15,0,1,,,,,,,,,,,,,,,0,66,0,,
25923,note_on,21,0,1,,,,,,,,,,,,,,,0,62,0,,
26005,note_on,82,0,1,,,,,,,,,,,,,,,0,60,59,,
26053,note_on,48,0,1,,,,,,,,,,,,,,,0,60,0,,
26159,note_on,106,0,1,,,,,,,,,,,,,,,0,59,33,,
26163,control_change,4,0,1,,,,,,,,,,,,,,,0,,,64,0
26197,note_on,34,0,1,,,,,,,,,,,,,,,0,63,31,,
26214,note_on,17,0,1,,,,,,,,,,,,,,,0,70,0,,
26216,note_on,2,0,1,,,,,,,,,,,,,,,0,71,39,,
26257,note_on,41,0,1,,,,,,,,,,,,,,,0,66,20,,
26331,note_on,74,0,1,,,,,,,,,,,,,,,0,54,54,,
26456,note_on,125,0,1,,,,,,,,,,,,,,,0,59,0,,
26504,note_on,48,0,1,,,,,,,,,,,,,,,0,54,0,,
26516,control_change,12,0,1,,,,,,,,,,,,,,,0,,,64,127
26526,note_on,10,0,1,,,,,,,,,,,,,,,0,51,53,,
26593,note_on,67,0,1,,,,,,,,,,,,,,,0,51,0,,
26607,note_on,14,0,1,,,,,,,,,,,,,,,0,63,0,,
26687,note_on,80,0,1,,,,,,,,,,,,,,,0,66,0,,
26737,note_on,50,0,1,,,,,,,,,,,,,,,0,47,50,,
26763,note_on,26,0,1,,,,,,,,,,,,,,,0,71,0,,
26958,note_on,195,0,1,,,,,,,,,,,,,,,0,47,0,,
26977,control_change,19,0,1,,,,,,,,,,,,,,,0,,,64,0
27027,note_on,50,0,1,,,,,,,,,,,,,,,0,43,55,,
27037,note_on,10,0,1,,,,,,,,,,,,,,,0,74,57,,
27083,note_on,46,0,1,,,,,,,,,,,,,,,0,74,0,,
27085,note_on,2,0,1,,,,,,,,,,,,,,,0,76,70,,
27128,note_on,43,0,1,,,,,,,,,,,,,,,0,43,0,,
27133,note_on,5,0,1,,,,,,,,,,,,,,,0,76,0,,
27162,control_change,29,0,1,,,,,,,,,,,,,,,0,,,64,127
27171,note_on,9,0,1,,,,,,,,,,,,,,,0,74,68,,
27224,note_on,53,0,1,,,,,,,,,,,,,,,0,74,0,,
27239,control_change,15,0,1,,,,,,,,,,,,,,,0,,,64,0
27246,note_on,7,0,1,,,,,,,,,,,,,,,0,83,66,,
27263,note_on,17,0,1,,,,,,,,,,,,,,,0,59,44,,
27265,note_on,2,0,1,,,,,,,,,,,,,,,0,50,52,,
27284,note_on,19,0,1,,,,,,,,,,,,,,,0,83,0,,
27359,note_on,75,0,1,,,,,,,,,,,,,,,0,59,0,,
27457,note_on,98,0,1,,,,,,,,,,,,,,,0,50,0,,
27459,note_on,2,0,1,,,,,,,,,,,,,,,0,51,58,,
27467,note_on,8,0,1,,,,,,,,,,,,,,,0,72,78,,
27510,note_on,43,0,1,,,,,,,,,,,,,,,0,72,0,,
27529,note_on,19,0,1,,,,,,,,,,,,,,,0,74,61,,
27579,note_on,50,0,1,,,,,,,,,,,,,,,0,74,0,,
27599,note_on,20,0,1,,,,,,,,,,,,,,,0,72,65,,
27668,note_on,69,0,1,,,,,,,,,,,,,,,0,81,85,,
27673,note_on,5,0,1,,,,,,,,,,,,,,,0,72,0,,
27683,note_on,10,0,1,,,,,,,,,,,,,,,0,54,50,,
27690,note_on,7,0,1,,,,,,,,,,,,,,,0,60,46,,
27762,note_on,72,0,1,,,,,,,,,,,,,,,0,81,0,,
27817,note_on,55,0,1,,,,,,,,,,,,,,,0,60,0,,
27846,note_on,29,0,1,,,,,,,,,,,,,,,0,54,0,,
27879,note_on,33,0,1,,,,,,,,,,,,,,,0,71,67,,
27891,note_on,12,0,1,,,,,,,,,,,,,,,0,52,58,,
27899,note_on,8,0,1,,,,,,,,,,,,,,,0,51,0,,
27918,note_on,19,0,1,,,,,,,,,,,,,,,0,71,0,,
27944,note_on,26,0,1,,,,,,,,,,,,,,,0,72,65,,
27992,note_on,48,0,1,,,,,,,,,,,,,,,0,72,0,,
28023,note_on,31,0,1,,,,,,,,,,,,,,,0,71,41,,
28091,note_on,68,0,1,,,,,,,,,,,,,,,0,79,85,,
28095,note_on,4,0,1,,,,,,,,,,,,,,,0,59,42,,
28103,note_on,8,0,1,,,,,,,,,,,,,,,0,71,0,,
28112,note_on,9,0,1,,,,,,,,,,,,,,,0,55,48,,
28179,note_on,67,0,1,,,,,,,,,,,,,,,0,59,0,,
28184,note_on,5,0,1,,,,,,,,,,,,,,,0,55,0,,
28215,note_on,31,0,1,,,,,,,,,,,,,,,0,79,0,,
28220,note_on,5,0,1,,,,,,,,,,,,,,,0,52,0,,
28223,control_change,3,0,1,,,,,,,,,,,,,,,0,,,64,127
28292,note_on,69,0,1,,,,,,,,,,,,,,,0,69,84,,
28302,note_on,10,0,1,,,,,,,,,,,,,,,0,48,55,,
28350,note_on,48,0,1,,,,,,,,,,,,,,,0,48,0,,
28352,note_on,2,0,1,,,,,,,,,,,,,,,0,69,0,,
28383,note_on,31,0,1,,,,,,,,,,,,,,,0,76,84,,
28434,note_on,51,0,1,,,,,,,,,,,,,,,0,76,0,,
28467,note_on,33,0,1,,,,,,,,,,,,,,,0,81,85,,
28508,note_on,41,0,1,,,,,,,,,,,,,,,0,81,0,,
28511,note_on,3,0,1,,,,,,,,,,,,,,,0,64,29,,
28535,note_on,24,0,1,,,,,,,,,,,,,,,0,57,45,,
28571,note_on,36,0,1,,,,,,,,,,,,,,,0,64,0,,
28595,note_on,24,0,1,,,,,,,,,,,,,,,0,88,76,,
28609,note_on,14,0,1,,,,,,,,,,,,,,,0,57,0,,
28623,control_change,14,0,1,,,,,,,,,,,,,,,0,,,64,0
28631,note_on,8,0,1,,,,,,,,,,,,,,,0,88,0,,
28686,note_on,55,0,1,,,,,,,,,,,,,,,0,50,72,,
28695,note_on,9,0,1,,,,,,,,,,,,,,,0,74,95,,
28724,note_on,29,0,1,,,,,,,,,,,,,,,0,50,0,,
28794,note_on,70,0,1,,,,,,,,,,,,,,,0,74,0,,
28801,note_on,7,0,1,,,,,,,,,,,,,,,0,79,95,,
28806,control_change,5,0,1,,,,,,,,,,,,,,,0,,,64,127
28899,note_on,93,0,1,,,,,,,,,,,,,,,0,62,72,,
28899,note_on,0,0,1,,,,,,,,,,,,,,,0,83,81,,
28902,note_on,3,0,1,,,,,,,,,,,,,,,0,79,0,,
28931,note_on,29,0,1,,,,,,,,,,,,,,,0,83,0,,
28981,note_on,50,0,1,,,,,,,,,,,,,,,0,62,0,,
29005,note_on,24,0,1,,,,,,,,,,,,,,,0,86,94,,
29111,note_on,106,0,1,,,,,,,,,,,,,,,0,91,99,,
29125,note_on,14,0,1,,,,,,,,,,,,,,,0,86,0,,
29125,note_on,0,0,1,,,,,,,,,,,,,,,0,74,69,,
29135,note_on,10,0,1,,,,,,,,,,,,,,,0,71,58,,
29144,control_change,9,0,1,,,,,,,,,,,,,,,0,,,64,0
29183,note_on,39,0,1,,,,,,,,,,,,,,,0,74,0,,
29185,note_on,2,0,1,,,,,,,,,,,,,,,0,71,0,,
29219,note_on,34,0,1,,,,,,,,,,,,,,,0,95,84,,
29231,note_on,12,0,1,,,,,,,,,,,,,,,0,91,0,,
29303,note_on,72,0,1,,,,,,,,,,,,,,,0,95,0,,
29315,note_on,12,0,1,,,,,,,,,,,,,,,0,100,89,,
29343,note_on,28,0,1,,,,,,,,,,,,,,,0,62,67,,
29406,note_on,63,0,1,,,,,,,,,,,,,,,0,62,0,,
29451,note_on,45,0,1,,,,,,,,,,,,,,,0,98,83,,
29471,note_on,20,0,1,,,,,,,,,,,,,,,0,100,0,,
29574,note_on,103,0,1,,,,,,,,,,,,,,,0,96,85,,
29579,note_on,5,0,1,,,,,,,,,,,,,,,0,72,63,,
29591,note_on,12,0,1,,,,,,,,,,,,,,,0,69,55,,
29593,note_on,2,0,1,,,,,,,,,,,,,,,0,98,0,,
29655,note_on,62,0,1,,,,,,,,,,,,,,,0,69,0,,
29699,note_on,44,0,1,,,,,,,,,,,,,,,0,96,0,,
29703,note_on,4,0,1,,,,,,,,,,,,,,,0,93,83,,
29727,note_on,24,0,1,,,,,,,,,,,,,,,0,72,0,,
29730,control_change,3,0,1,,,,,,,,,,,,,,,0,,,64,127
29809,note_on,79,0,1,,,,,,,,,,,,,,,0,93,0,,
29843,note_on,34,0,1,,,,,,,,,,,,,,,0,62,40,,
29852,note_on,9,0,1,,,,,,,,,,,,,,,0,88,71,,
29917,note_on,65,0,1,,,,,,,,,,,,,,,0,88,0,,
29951,note_on,34,0,1,,,,,,,,,,,,,,,0,62,0,,
29991,note_on,40,0,1,,,,,,,,,,,,,,,0,90,56,,
30066,control_change,75,0,1,,,,,,,,,,,,,,,0,,,64,0
30195,note_on,129,0,1,,,,,,,,,,,,,,,0,90,0,,
30217,note_on,22,0,1,,,,,,,,,,,,,,,0,91,59,,
30236,note_on,19,0,1,,,,,,,,,,,,,,,0,67,31,,
30241,note_on,5,0,1,,,,,,,,,,,,,,,0,71,29,,
30541,note_on,300,0,1,,,,,,,,,,,,,,,0,71,0,,
30594,note_on,53,0,1,,,,,,,,,,,,,,,0,67,0,,
30596,note_on,2,0,1,,,,,,,,,,,,,,,0,91,0,,
30596,end_of_track,0,1,1,,,,,,,,,,,,,,,,,,,
