tick,type,time,meta,track,frame_rate,hours,minutes,seconds,frames,sub_frames,port,data,numerator,denominator,clocks_per_click,notated_32nd_notes_per_beat,key,tempo,control,value,channel,program,note,velocity
0,track_name,0,1,0,,,,,,,,,,,,,,,,,,,,
0,midi_port,0,1,5,,,,,,,0,,,,,,,,,,,,,
0,end_of_track,0,1,4,,,,,,,,,,,,,,,,,,,,
0,track_name,0,1,4,,,,,,,,,,,,,,,,,,,,
0,midi_port,0,1,4,,,,,,,0,,,,,,,,,,,,,
0,end_of_track,0,1,3,,,,,,,,,,,,,,,,,,,,
0,track_name,0,1,3,,,,,,,,,,,,,,,,,,,,
0,midi_port,0,1,3,,,,,,,0,,,,,,,,,,,,,
0,end_of_track,0,1,2,,,,,,,,,,,,,,,,,,,,
0,track_name,0,1,2,,,,,,,,,,,,,,,,,,,,
0,midi_port,0,1,2,,,,,,,0,,,,,,,,,,,,,
0,track_name,0,1,5,,,,,,,,,,,,,,,,,,,,
0,track_name,0,1,1,,,,,,,,,,,,,,,,,,,,
0,midi_port,0,1,1,,,,,,,0,,,,,,,,,,,,,
0,end_of_track,0,1,5,,,,,,,,,,,,,,,,,,,,
0,set_tempo,0,1,0,,,,,,,,,,,,,,250000,,,,,,
0,smpte_offset,0,1,0,25,32,0,3,0,0,,,,,,,,,,,,,,
0,midi_port,0,1,0,,,,,,,0,,,,,,,,,,,,,
0,midi_port,0,1,0,,,,,,,0,,,,,,,,,,,,,
0,midi_port,0,1,0,,,,,,,0,,,,,,,,,,,,,
0,sysex,0,0,0,,,,,,,,"(65, 16, 66, 18, 64, 0, 127, 0, 65)",,,,,,,,,,,,
0,sysex,0,0,0,,,,,,,,"(65, 16, 66, 18, 64, 1, 48, 3, 12)",,,,,,,,,,,,
0,time_signature,0,1,0,,,,,,,,,6,4,24,8,,,,,,,,
0,key_signature,0,1,0,,,,,,,,,,,,,Gb,,,,,,,
120,control_change,120,0,1,,,,,,,,,,,,,,,0,0,0,,,
120,control_change,0,0,1,,,,,,,,,,,,,,,93,20,0,,,
120,control_change,0,0,1,,,,,,,,,,,,,,,0,0,0,,,
120,control_change,0,0,1,,,,,,,,,,,,,,,91,64,0,,,
122,program_change,2,0,1,,,,,,,,,,,,,,,,,0,0,,
123,control_change,1,0,1,,,,,,,,,,,,,,,7,127,0,,,
1300,set_tempo,1300,1,0,,,,,,,,,,,,,,576923,,,,,,
1320,note_on,1197,0,1,,,,,,,,,,,,,,,,,0,,66,58
1433,note_on,113,0,1,,,,,,,,,,,,,,,,,0,,66,0
1440,note_on,7,0,1,,,,,,,,,,,,,,,,,0,,51,56
1441,note_on,0,0,1,,,,,,,,,,,,,,,,,0,,58,34
1441,note_on,1,0,1,,,,,,,,,,,,,,,,,0,,66,57
1460,control_change,19,0,1,,,,,,,,,,,,,,,64,127,0,,,
1501,note_on,41,0,1,,,,,,,,,,,,,,,,,0,,59,36
1510,note_on,9,0,1,,,,,,,,,,,,,,,,,0,,58,0
1561,note_on,51,0,1,,,,,,,,,,,,,,,,,0,,57,35
1569,note_on,8,0,1,,,,,,,,,,,,,,,,,0,,59,0
1621,note_on,52,0,1,,,,,,,,,,,,,,,,,0,,59,34
1631,note_on,10,0,1,,,,,,,,,,,,,,,,,0,,57,0
1681,note_on,50,0,1,,,,,,,,,,,,,,,,,0,,58,35
1683,control_change,2,0,1,,,,,,,,,,,,,,,64,0,0,,,
1692,note_on,9,0,1,,,,,,,,,,,,,,,,,0,,59,0
1739,note_on,47,0,1,,,,,,,,,,,,,,,,,0,,54,34
1745,note_on,6,0,1,,,,,,,,,,,,,,,,,0,,58,0
1799,note_on,54,0,1,,,,,,,,,,,,,,,,,0,,58,33
1809,note_on,10,0,1,,,,,,,,,,,,,,,,,0,,54,0
1859,note_on,50,0,1,,,,,,,,,,,,,,,,,0,,59,32
1867,note_on,8,0,1,,,,,,,,,,,,,,,,,0,,58,0
1921,note_on,54,0,1,,,,,,,,,,,,,,,,,0,,57,33
1926,note_on,5,0,1,,,,,,,,,,,,,,,,,0,,59,0
1980,note_on,54,0,1,,,,,,,,,,,,,,,,,0,,59,33
1992,note_on,12,0,1,,,,,,,,,,,,,,,,,0,,57,0
2039,note_on,47,0,1,,,,,,,,,,,,,,,,,0,,58,36
2041,note_on,2,0,1,,,,,,,,,,,,,,,,,0,,65,58
2044,note_on,3,0,1,,,,,,,,,,,,,,,,,0,,59,0
2054,note_on,10,0,1,,,,,,,,,,,,,,,,,0,,66,0
2101,note_on,47,0,1,,,,,,,,,,,,,,,,,0,,63,57
2110,note_on,9,0,1,,,,,,,,,,,,,,,,,0,,65,0
2118,note_on,8,0,1,,,,,,,,,,,,,,,,,0,,58,0
2122,note_on,4,0,1,,,,,,,,,,,,,,,,,0,,51,0
2159,note_on,37,0,1,,,,,,,,,,,,,,,,,0,,53,58
2161,note_on,2,0,1,,,,,,,,,,,,,,,,,0,,70,63
2161,note_on,0,0,1,,,,,,,,,,,,,,,,,0,,59,33
2165,control_change,4,0,1,,,,,,,,,,,,,,,64,127,0,,,
2221,note_on,56,0,1,,,,,,,,,,,,,,,,,0,,61,37
2234,note_on,13,0,1,,,,,,,,,,,,,,,,,0,,59,0
2277,note_on,43,0,1,,,,,,,,,,,,,,,,,0,,61,0
2281,note_on,4,0,1,,,,,,,,,,,,,,,,,0,,58,34
2287,control_change,6,0,1,,,,,,,,,,,,,,,64,0,0,,,
2339,note_on,52,0,1,,,,,,,,,,,,,,,,,0,,61,31
2350,note_on,11,0,1,,,,,,,,,,,,,,,,,0,,58,0
2399,note_on,49,0,1,,,,,,,,,,,,,,,,,0,,59,29
2412,note_on,13,0,1,,,,,,,,,,,,,,,,,0,,61,0
2459,note_on,47,0,1,,,,,,,,,,,,,,,,,0,,56,32
2470,note_on,11,0,1,,,,,,,,,,,,,,,,,0,,59,0
2509,note_on,39,0,1,,,,,,,,,,,,,,,,,0,,70,0
2521,note_on,0,0,1,,,,,,,,,,,,,,,,,0,,59,32
2521,note_on,12,0,1,,,,,,,,,,,,,,,,,0,,68,60
2536,note_on,15,0,1,,,,,,,,,,,,,,,,,0,,56,0
2581,note_on,45,0,1,,,,,,,,,,,,,,,,,0,,61,31
2602,note_on,21,0,1,,,,,,,,,,,,,,,,,0,,59,0
2638,note_on,36,0,1,,,,,,,,,,,,,,,,,0,,61,0
2640,note_on,2,0,1,,,,,,,,,,,,,,,,,0,,58,33
2699,note_on,59,0,1,,,,,,,,,,,,,,,,,0,,61,36
2707,note_on,8,0,1,,,,,,,,,,,,,,,,,0,,58,0
2759,note_on,52,0,1,,,,,,,,,,,,,,,,,0,,59,34
2773,note_on,14,0,1,,,,,,,,,,,,,,,,,0,,61,0
2813,note_on,40,0,1,,,,,,,,,,,,,,,,,0,,63,0
2814,control_change,1,0,1,,,,,,,,,,,,,,,64,127,0,,,
2819,note_on,0,0,1,,,,,,,,,,,,,,,,,0,,56,32
2819,note_on,5,0,1,,,,,,,,,,,,,,,,,0,,65,58
2821,note_on,0,0,1,,,,,,,,,,,,,,,,,0,,59,0
2821,note_on,2,0,1,,,,,,,,,,,,,,,,,0,,68,0
2846,note_on,25,0,1,,,,,,,,,,,,,,,,,0,,53,0
2879,note_on,0,0,1,,,,,,,,,,,,,,,,,0,,50,59
2879,note_on,33,0,1,,,,,,,,,,,,,,,,,0,,71,56
2939,note_on,60,0,1,,,,,,,,,,,,,,,,,0,,58,30
2947,note_on,8,0,1,,,,,,,,,,,,,,,,,0,,56,0
2999,note_on,52,0,1,,,,,,,,,,,,,,,,,0,,55,31
3009,note_on,10,0,1,,,,,,,,,,,,,,,,,0,,58,0
3059,note_on,50,0,1,,,,,,,,,,,,,,,,,0,,58,34
3071,note_on,12,0,1,,,,,,,,,,,,,,,,,0,,55,0
3119,note_on,48,0,1,,,,,,,,,,,,,,,,,0,,56,33
3120,control_change,1,0,1,,,,,,,,,,,,,,,64,0,0,,,
3145,note_on,25,0,1,,,,,,,,,,,,,,,,,0,,58,0
3179,note_on,34,0,1,,,,,,,,,,,,,,,,,0,,53,30
3180,note_on,1,0,1,,,,,,,,,,,,,,,,,0,,56,0
3239,note_on,59,0,1,,,,,,,,,,,,,,,,,0,,56,32
3260,note_on,21,0,1,,,,,,,,,,,,,,,,,0,,53,0
3299,note_on,39,0,1,,,,,,,,,,,,,,,,,0,,58,35
3305,note_on,6,0,1,,,,,,,,,,,,,,,,,0,,56,0
3358,note_on,53,0,1,,,,,,,,,,,,,,,,,0,,58,0
3359,note_on,1,0,1,,,,,,,,,,,,,,,,,0,,55,37
3419,note_on,60,0,1,,,,,,,,,,,,,,,,,0,,58,35
3435,note_on,16,0,1,,,,,,,,,,,,,,,,,0,,55,0
3479,note_on,0,0,1,,,,,,,,,,,,,,,,,0,,56,33
3479,note_on,44,0,1,,,,,,,,,,,,,,,,,0,,70,59
3481,control_change,2,0,1,,,,,,,,,,,,,,,64,127,0,,,
3492,note_on,11,0,1,,,,,,,,,,,,,,,,,0,,58,0
3505,note_on,13,0,1,,,,,,,,,,,,,,,,,0,,71,0
3507,note_on,2,0,1,,,,,,,,,,,,,,,,,0,,65,0
3539,note_on,32,0,1,,,,,,,,,,,,,,,,,0,,65,59
3542,note_on,3,0,1,,,,,,,,,,,,,,,,,0,,56,0
3545,note_on,3,0,1,,,,,,,,,,,,,,,,,0,,70,0
3569,note_on,24,0,1,,,,,,,,,,,,,,,,,0,,50,0
3573,control_change,4,0,1,,,,,,,,,,,,,,,64,0,0,,,
3597,control_change,24,0,1,,,,,,,,,,,,,,,64,127,0,,,
3599,note_on,2,0,1,,,,,,,,,,,,,,,,,0,,49,66
3600,note_on,1,0,1,,,,,,,,,,,,,,,,,0,,64,50
3601,note_on,1,0,1,,,,,,,,,,,,,,,,,0,,65,0
3601,note_on,0,0,1,,,,,,,,,,,,,,,,,0,,70,64
3601,note_on,0,0,1,,,,,,,,,,,,,,,,,0,,55,33
3661,note_on,60,0,1,,,,,,,,,,,,,,,,,0,,56,31
3677,note_on,16,0,1,,,,,,,,,,,,,,,,,0,,55,0
3721,note_on,44,0,1,,,,,,,,,,,,,,,,,0,,54,34
3725,control_change,4,0,1,,,,,,,,,,,,,,,64,0,0,,,
3734,note_on,9,0,1,,,,,,,,,,,,,,,,,0,,56,0
3781,note_on,47,0,1,,,,,,,,,,,,,,,,,0,,56,35
3794,note_on,13,0,1,,,,,,,,,,,,,,,,,0,,54,0
3841,note_on,47,0,1,,,,,,,,,,,,,,,,,0,,55,34
3876,note_on,35,0,1,,,,,,,,,,,,,,,,,0,,56,0
3901,note_on,25,0,1,,,,,,,,,,,,,,,,,0,,52,33
3903,note_on,2,0,1,,,,,,,,,,,,,,,,,0,,55,0
3961,note_on,58,0,1,,,,,,,,,,,,,,,,,0,,55,34
3990,note_on,29,0,1,,,,,,,,,,,,,,,,,0,,52,0
4021,note_on,31,0,1,,,,,,,,,,,,,,,,,0,,56,32
4037,note_on,16,0,1,,,,,,,,,,,,,,,,,0,,55,0
4081,note_on,44,0,1,,,,,,,,,,,,,,,,,0,,54,39
4094,note_on,13,0,1,,,,,,,,,,,,,,,,,0,,56,0
4141,note_on,47,0,1,,,,,,,,,,,,,,,,,0,,56,38
4153,note_on,12,0,1,,,,,,,,,,,,,,,,,0,,54,0
4201,note_on,48,0,1,,,,,,,,,,,,,,,,,0,,55,37
4202,control_change,1,0,1,,,,,,,,,,,,,,,64,127,0,,,
4222,note_on,20,0,1,,,,,,,,,,,,,,,,,0,,56,0
4259,note_on,37,0,1,,,,,,,,,,,,,,,,,0,,63,69
4267,note_on,8,0,1,,,,,,,,,,,,,,,,,0,,64,0
4290,note_on,23,0,1,,,,,,,,,,,,,,,,,0,,70,0
4300,control_change,10,0,1,,,,,,,,,,,,,,,64,0,0,,,
4302,note_on,2,0,1,,,,,,,,,,,,,,,,,0,,49,0
4319,note_on,17,0,1,,,,,,,,,,,,,,,,,0,,47,77
4321,note_on,2,0,1,,,,,,,,,,,,,,,,,0,,75,82
4323,control_change,2,0,1,,,,,,,,,,,,,,,64,127,0,,,
4366,note_on,43,0,1,,,,,,,,,,,,,,,,,0,,55,0
4381,note_on,15,0,1,,,,,,,,,,,,,,,,,0,,56,34
4441,note_on,60,0,1,,,,,,,,,,,,,,,,,0,,54,38
4442,note_on,1,0,1,,,,,,,,,,,,,,,,,0,,56,0
4450,control_change,8,0,1,,,,,,,,,,,,,,,64,0,0,,,
4501,note_on,51,0,1,,,,,,,,,,,,,,,,,0,,56,39
4502,note_on,1,0,1,,,,,,,,,,,,,,,,,0,,54,0
4560,note_on,58,0,1,,,,,,,,,,,,,,,,,0,,55,41
4572,note_on,12,0,1,,,,,,,,,,,,,,,,,0,,56,0
4614,note_on,42,0,1,,,,,,,,,,,,,,,,,0,,55,0
4619,note_on,5,0,1,,,,,,,,,,,,,,,,,0,,51,41
4679,note_on,60,0,1,,,,,,,,,,,,,,,,,0,,56,40
4681,control_change,2,0,1,,,,,,,,,,,,,,,64,127,0,,,
4693,note_on,12,0,1,,,,,,,,,,,,,,,,,0,,51,0
4739,note_on,46,0,1,,,,,,,,,,,,,,,,,0,,58,37
4749,note_on,10,0,1,,,,,,,,,,,,,,,,,0,,56,0
4798,control_change,49,0,1,,,,,,,,,,,,,,,64,0,0,,,
4799,note_on,1,0,1,,,,,,,,,,,,,,,,,0,,55,44
4801,note_on,2,0,1,,,,,,,,,,,,,,,,,0,,73,77
4803,note_on,2,0,1,,,,,,,,,,,,,,,,,0,,58,0
4804,note_on,1,0,1,,,,,,,,,,,,,,,,,0,,75,0
4859,note_on,55,0,1,,,,,,,,,,,,,,,,,0,,58,44
4861,note_on,2,0,1,,,,,,,,,,,,,,,,,0,,71,76
4866,note_on,5,0,1,,,,,,,,,,,,,,,,,0,,55,0
4891,note_on,25,0,1,,,,,,,,,,,,,,,,,0,,73,0
4916,control_change,25,0,1,,,,,,,,,,,,,,,64,127,0,,,
4919,note_on,3,0,1,,,,,,,,,,,,,,,,,0,,56,42
4920,note_on,1,0,1,,,,,,,,,,,,,,,,,0,,68,73
4928,note_on,8,0,1,,,,,,,,,,,,,,,,,0,,63,0
4930,note_on,2,0,1,,,,,,,,,,,,,,,,,0,,58,0
4937,note_on,7,0,1,,,,,,,,,,,,,,,,,0,,71,0
4979,note_on,42,0,1,,,,,,,,,,,,,,,,,0,,63,70
4986,note_on,7,0,1,,,,,,,,,,,,,,,,,0,,47,0
4990,note_on,4,0,1,,,,,,,,,,,,,,,,,0,,68,0
5019,control_change,29,0,1,,,,,,,,,,,,,,,64,0,0,,,
5039,note_on,20,0,1,,,,,,,,,,,,,,,,,0,,46,70
5041,note_on,0,0,1,,,,,,,,,,,,,,,,,0,,62,49
5041,note_on,2,0,1,,,,,,,,,,,,,,,,,0,,66,69
5059,note_on,18,0,1,,,,,,,,,,,,,,,,,0,,63,0
5097,note_on,38,0,1,,,,,,,,,,,,,,,,,0,,56,0
5099,note_on,2,0,1,,,,,,,,,,,,,,,,,0,,58,44
5158,note_on,59,0,1,,,,,,,,,,,,,,,,,0,,58,0
5159,note_on,1,0,1,,,,,,,,,,,,,,,,,0,,55,44
5219,note_on,60,0,1,,,,,,,,,,,,,,,,,0,,58,41
5226,note_on,7,0,1,,,,,,,,,,,,,,,,,0,,55,0
5279,note_on,53,0,1,,,,,,,,,,,,,,,,,0,,56,45
5287,control_change,8,0,1,,,,,,,,,,,,,,,64,127,0,,,
5309,note_on,22,0,1,,,,,,,,,,,,,,,,,0,,58,0
5339,note_on,0,0,1,,,,,,,,,,,,,,,,,0,,65,63
5339,note_on,0,0,1,,,,,,,,,,,,,,,,,0,,53,35
5339,note_on,30,0,1,,,,,,,,,,,,,,,,,0,,62,0
5345,note_on,6,0,1,,,,,,,,,,,,,,,,,0,,56,0
5349,note_on,4,0,1,,,,,,,,,,,,,,,,,0,,66,0
5387,note_on,38,0,1,,,,,,,,,,,,,,,,,0,,46,0
5399,note_on,0,0,1,,,,,,,,,,,,,,,,,0,,54,43
5399,note_on,12,0,1,,,,,,,,,,,,,,,,,0,,63,54
5401,note_on,2,0,1,,,,,,,,,,,,,,,,,0,,47,51
5402,control_change,1,0,1,,,,,,,,,,,,,,,64,0,0,,,
5404,note_on,2,0,1,,,,,,,,,,,,,,,,,0,,65,0
5417,note_on,13,0,1,,,,,,,,,,,,,,,,,0,,53,0
5459,note_on,42,0,1,,,,,,,,,,,,,,,,,0,,56,41
5474,note_on,15,0,1,,,,,,,,,,,,,,,,,0,,54,0
5519,note_on,45,0,1,,,,,,,,,,,,,,,,,0,,53,41
5523,note_on,4,0,1,,,,,,,,,,,,,,,,,0,,56,0
5579,note_on,56,0,1,,,,,,,,,,,,,,,,,0,,56,41
5592,note_on,13,0,1,,,,,,,,,,,,,,,,,0,,53,0
5639,note_on,47,0,1,,,,,,,,,,,,,,,,,0,,54,39
5640,control_change,1,0,1,,,,,,,,,,,,,,,64,127,0,,,
5665,note_on,25,0,1,,,,,,,,,,,,,,,,,0,,56,0
5699,note_on,34,0,1,,,,,,,,,,,,,,,,,0,,54,0
5699,note_on,0,0,1,,,,,,,,,,,,,,,,,0,,51,37
5706,note_on,7,0,1,,,,,,,,,,,,,,,,,0,,63,0
5738,note_on,32,0,1,,,,,,,,,,,,,,,,,0,,47,0
5756,control_change,18,0,1,,,,,,,,,,,,,,,64,0,0,,,
5759,note_on,0,0,1,,,,,,,,,,,,,,,,,0,,56,49
5759,note_on,3,0,1,,,,,,,,,,,,,,,,,0,,64,65
5761,note_on,2,0,1,,,,,,,,,,,,,,,,,0,,59,44
5761,note_on,0,0,1,,,,,,,,,,,,,,,,,0,,44,66
5764,note_on,3,0,1,,,,,,,,,,,,,,,,,0,,51,0
5819,note_on,55,0,1,,,,,,,,,,,,,,,,,0,,58,46
5825,note_on,6,0,1,,,,,,,,,,,,,,,,,0,,56,0
5879,note_on,54,0,1,,,,,,,,,,,,,,,,,0,,55,48
5886,note_on,7,0,1,,,,,,,,,,,,,,,,,0,,58,0
5939,note_on,53,0,1,,,,,,,,,,,,,,,,,0,,58,49
5948,note_on,9,0,1,,,,,,,,,,,,,,,,,0,,55,0
5999,note_on,51,0,1,,,,,,,,,,,,,,,,,0,,56,49
5999,control_change,0,0,1,,,,,,,,,,,,,,,64,127,0,,,
6042,note_on,43,0,1,,,,,,,,,,,,,,,,,0,,58,0
6059,note_on,17,0,1,,,,,,,,,,,,,,,,,0,,52,45
6071,note_on,12,0,1,,,,,,,,,,,,,,,,,0,,56,0
6093,note_on,22,0,1,,,,,,,,,,,,,,,,,0,,44,0
6119,note_on,26,0,1,,,,,,,,,,,,,,,,,0,,54,49
6119,note_on,0,0,1,,,,,,,,,,,,,,,,,0,,45,64
6120,control_change,1,0,1,,,,,,,,,,,,,,,64,0,0,,,
6121,note_on,0,0,1,,,,,,,,,,,,,,,,,0,,60,45
6121,note_on,1,0,1,,,,,,,,,,,,,,,,,0,,63,67
6137,note_on,0,0,1,,,,,,,,,,,,,,,,,0,,59,0
6137,note_on,16,0,1,,,,,,,,,,,,,,,,,0,,64,0
6145,note_on,8,0,1,,,,,,,,,,,,,,,,,0,,52,0
6179,note_on,34,0,1,,,,,,,,,,,,,,,,,0,,56,46
6194,note_on,15,0,1,,,,,,,,,,,,,,,,,0,,54,0
6239,note_on,45,0,1,,,,,,,,,,,,,,,,,0,,53,44
6247,note_on,8,0,1,,,,,,,,,,,,,,,,,0,,56,0
6299,note_on,52,0,1,,,,,,,,,,,,,,,,,0,,56,46
6319,note_on,20,0,1,,,,,,,,,,,,,,,,,0,,53,0
6351,control_change,32,0,1,,,,,,,,,,,,,,,64,127,0,,,
6360,note_on,9,0,1,,,,,,,,,,,,,,,,,0,,54,48
6397,note_on,37,0,1,,,,,,,,,,,,,,,,,0,,56,0
6414,note_on,17,0,1,,,,,,,,,,,,,,,,,0,,63,0
6420,note_on,6,0,1,,,,,,,,,,,,,,,,,0,,59,48
6423,note_on,3,0,1,,,,,,,,,,,,,,,,,0,,60,0
6462,note_on,39,0,1,,,,,,,,,,,,,,,,,0,,45,0
6476,control_change,14,0,1,,,,,,,,,,,,,,,64,0,0,,,
6479,note_on,0,0,1,,,,,,,,,,,,,,,,,0,,46,61
6479,note_on,0,0,1,,,,,,,,,,,,,,,,,0,,63,55
6479,note_on,3,0,1,,,,,,,,,,,,,,,,,0,,58,48
6480,note_on,1,0,1,,,,,,,,,,,,,,,,,0,,54,0
6481,note_on,1,0,1,,,,,,,,,,,,,,,,,0,,53,40
6487,note_on,6,0,1,,,,,,,,,,,,,,,,,0,,59,0
6512,note_on,25,0,1,,,,,,,,,,,,,,,,,0,,62,56
6525,note_on,13,0,1,,,,,,,,,,,,,,,,,0,,63,0
6541,note_on,16,0,1,,,,,,,,,,,,,,,,,0,,54,41
6550,note_on,9,0,1,,,,,,,,,,,,,,,,,0,,53,0
6599,note_on,49,0,1,,,,,,,,,,,,,,,,,0,,52,41
6601,note_on,2,0,1,,,,,,,,,,,,,,,,,0,,54,0
6659,note_on,58,0,1,,,,,,,,,,,,,,,,,0,,54,38
6669,note_on,10,0,1,,,,,,,,,,,,,,,,,0,,52,0
6719,note_on,50,0,1,,,,,,,,,,,,,,,,,0,,53,40
6736,note_on,17,0,1,,,,,,,,,,,,,,,,,0,,54,0
6779,note_on,43,0,1,,,,,,,,,,,,,,,,,0,,53,0
6781,note_on,2,0,1,,,,,,,,,,,,,,,,,0,,56,35
6814,note_on,33,0,1,,,,,,,,,,,,,,,,,0,,58,0
6817,note_on,3,0,1,,,,,,,,,,,,,,,,,0,,62,0
6823,control_change,6,0,1,,,,,,,,,,,,,,,64,127,0,,,
6839,note_on,16,0,1,,,,,,,,,,,,,,,,,0,,56,0
6839,note_on,0,0,1,,,,,,,,,,,,,,,,,0,,54,41
6841,note_on,0,0,1,,,,,,,,,,,,,,,,,0,,63,53
6841,note_on,2,0,1,,,,,,,,,,,,,,,,,0,,59,43
6899,note_on,58,0,1,,,,,,,,,,,,,,,,,0,,57,37
6907,note_on,8,0,1,,,,,,,,,,,,,,,,,0,,54,0
6921,control_change,14,0,1,,,,,,,,,,,,,,,64,0,0,,,
6953,control_change,32,0,1,,,,,,,,,,,,,,,64,127,0,,,
6955,note_on,2,0,1,,,,,,,,,,,,,,,,,0,,63,0
6959,note_on,4,0,1,,,,,,,,,,,,,,,,,0,,60,45
6959,note_on,0,0,1,,,,,,,,,,,,,,,,,0,,55,44
6959,note_on,0,0,1,,,,,,,,,,,,,,,,,0,,64,55
6962,note_on,3,0,1,,,,,,,,,,,,,,,,,0,,57,0
6990,note_on,28,0,1,,,,,,,,,,,,,,,,,0,,59,0
7019,note_on,29,0,1,,,,,,,,,,,,,,,,,0,,58,37
7020,note_on,1,0,1,,,,,,,,,,,,,,,,,0,,55,0
7075,control_change,55,0,1,,,,,,,,,,,,,,,64,0,0,,,
7079,note_on,0,0,1,,,,,,,,,,,,,,,,,0,,56,40
7079,note_on,4,0,1,,,,,,,,,,,,,,,,,0,,61,46
7080,note_on,1,0,1,,,,,,,,,,,,,,,,,0,,65,58
7089,note_on,9,0,1,,,,,,,,,,,,,,,,,0,,58,0
7093,note_on,4,0,1,,,,,,,,,,,,,,,,,0,,60,0
7104,note_on,11,0,1,,,,,,,,,,,,,,,,,0,,64,0
7139,note_on,35,0,1,,,,,,,,,,,,,,,,,0,,46,0
7139,note_on,0,0,1,,,,,,,,,,,,,,,,,0,,59,34
7141,note_on,2,0,1,,,,,,,,,,,,,,,,,0,,62,46
7141,control_change,0,0,1,,,,,,,,,,,,,,,64,127,0,,,
7147,note_on,6,0,1,,,,,,,,,,,,,,,,,0,,61,0
7153,note_on,6,0,1,,,,,,,,,,,,,,,,,0,,56,0
7176,note_on,23,0,1,,,,,,,,,,,,,,,,,0,,59,0
7182,note_on,6,0,1,,,,,,,,,,,,,,,,,0,,65,0
7197,control_change,15,0,1,,,,,,,,,,,,,,,64,0,0,,,
7199,note_on,2,0,1,,,,,,,,,,,,,,,,,0,,58,44
7201,note_on,2,0,1,,,,,,,,,,,,,,,,,0,,63,48
7201,note_on,0,0,1,,,,,,,,,,,,,,,,,0,,66,58
7201,note_on,0,0,1,,,,,,,,,,,,,,,,,0,,51,55
7215,control_change,14,0,1,,,,,,,,,,,,,,,64,127,0,,,
7222,note_on,7,0,1,,,,,,,,,,,,,,,,,0,,62,0
7259,note_on,37,0,1,,,,,,,,,,,,,,,,,0,,59,35
7277,note_on,18,0,1,,,,,,,,,,,,,,,,,0,,58,0
7319,note_on,42,0,1,,,,,,,,,,,,,,,,,0,,57,36
7323,note_on,4,0,1,,,,,,,,,,,,,,,,,0,,59,0
7379,note_on,56,0,1,,,,,,,,,,,,,,,,,0,,59,37
7380,note_on,1,0,1,,,,,,,,,,,,,,,,,0,,57,0
7439,note_on,59,0,1,,,,,,,,,,,,,,,,,0,,58,35
7445,control_change,6,0,1,,,,,,,,,,,,,,,64,0,0,,,
7456,note_on,11,0,1,,,,,,,,,,,,,,,,,0,,59,0
7499,note_on,43,0,1,,,,,,,,,,,,,,,,,0,,54,33
7506,note_on,7,0,1,,,,,,,,,,,,,,,,,0,,58,0
7541,note_on,35,0,1,,,,,,,,,,,,,,,,,0,,63,0
7559,note_on,18,0,1,,,,,,,,,,,,,,,,,0,,58,28
7578,note_on,19,0,1,,,,,,,,,,,,,,,,,0,,54,0
7619,note_on,41,0,1,,,,,,,,,,,,,,,,,0,,59,33
7638,note_on,19,0,1,,,,,,,,,,,,,,,,,0,,58,0
7679,note_on,41,0,1,,,,,,,,,,,,,,,,,0,,57,30
7682,note_on,3,0,1,,,,,,,,,,,,,,,,,0,,59,0
7739,note_on,57,0,1,,,,,,,,,,,,,,,,,0,,59,35
7748,note_on,9,0,1,,,,,,,,,,,,,,,,,0,,57,0
7799,note_on,51,0,1,,,,,,,,,,,,,,,,,0,,58,34
7801,note_on,2,0,1,,,,,,,,,,,,,,,,,0,,65,52
7818,note_on,17,0,1,,,,,,,,,,,,,,,,,0,,66,0
7828,note_on,10,0,1,,,,,,,,,,,,,,,,,0,,59,0
7861,note_on,33,0,1,,,,,,,,,,,,,,,,,0,,63,59
7867,note_on,6,0,1,,,,,,,,,,,,,,,,,0,,51,0
7868,note_on,1,0,1,,,,,,,,,,,,,,,,,0,,65,0
7879,note_on,11,0,1,,,,,,,,,,,,,,,,,0,,58,0
7917,control_change,38,0,1,,,,,,,,,,,,,,,64,127,0,,,
7921,note_on,0,0,1,,,,,,,,,,,,,,,,,0,,59,33
7921,note_on,0,0,1,,,,,,,,,,,,,,,,,0,,53,57
7921,note_on,4,0,1,,,,,,,,,,,,,,,,,0,,70,65
7979,note_on,58,0,1,,,,,,,,,,,,,,,,,0,,61,36
7990,note_on,11,0,1,,,,,,,,,,,,,,,,,0,,59,0
8034,control_change,44,0,1,,,,,,,,,,,,,,,64,0,0,,,
8039,note_on,5,0,1,,,,,,,,,,,,,,,,,0,,61,0
8039,note_on,0,0,1,,,,,,,,,,,,,,,,,0,,58,33
8100,note_on,61,0,1,,,,,,,,,,,,,,,,,0,,61,38
8111,note_on,11,0,1,,,,,,,,,,,,,,,,,0,,58,0
8160,note_on,49,0,1,,,,,,,,,,,,,,,,,0,,59,36
8175,note_on,15,0,1,,,,,,,,,,,,,,,,,0,,61,0
8221,note_on,0,0,1,,,,,,,,,,,,,,,,,0,,56,35
8221,note_on,46,0,1,,,,,,,,,,,,,,,,,0,,59,0
8281,note_on,0,0,1,,,,,,,,,,,,,,,,,0,,59,33
8281,note_on,60,0,1,,,,,,,,,,,,,,,,,0,,68,60
8291,note_on,10,0,1,,,,,,,,,,,,,,,,,0,,56,0
8293,note_on,2,0,1,,,,,,,,,,,,,,,,,0,,70,0
8341,note_on,48,0,1,,,,,,,,,,,,,,,,,0,,61,34
8358,note_on,17,0,1,,,,,,,,,,,,,,,,,0,,59,0
8391,note_on,33,0,1,,,,,,,,,,,,,,,,,0,,61,0
8399,note_on,8,0,1,,,,,,,,,,,,,,,,,0,,58,34
8460,note_on,61,0,1,,,,,,,,,,,,,,,,,0,,61,36
8473,note_on,13,0,1,,,,,,,,,,,,,,,,,0,,58,0
8519,note_on,46,0,1,,,,,,,,,,,,,,,,,0,,59,33
8530,note_on,11,0,1,,,,,,,,,,,,,,,,,0,,61,0
8579,note_on,49,0,1,,,,,,,,,,,,,,,,,0,,65,58
8579,note_on,0,0,1,,,,,,,,,,,,,,,,,0,,56,37
8581,note_on,2,0,1,,,,,,,,,,,,,,,,,0,,59,0
8581,control_change,0,0,1,,,,,,,,,,,,,,,64,127,0,,,
8586,note_on,5,0,1,,,,,,,,,,,,,,,,,0,,63,0
8586,note_on,0,0,1,,,,,,,,,,,,,,,,,0,,68,0
8629,note_on,43,0,1,,,,,,,,,,,,,,,,,0,,53,0
8639,note_on,10,0,1,,,,,,,,,,,,,,,,,0,,71,60
8641,note_on,2,0,1,,,,,,,,,,,,,,,,,0,,50,57
8699,note_on,58,0,1,,,,,,,,,,,,,,,,,0,,58,37
8706,note_on,7,0,1,,,,,,,,,,,,,,,,,0,,56,0
8759,note_on,53,0,1,,,,,,,,,,,,,,,,,0,,55,37
8773,note_on,14,0,1,,,,,,,,,,,,,,,,,0,,58,0
8819,note_on,46,0,1,,,,,,,,,,,,,,,,,0,,58,36
8833,note_on,14,0,1,,,,,,,,,,,,,,,,,0,,55,0
8877,control_change,44,0,1,,,,,,,,,,,,,,,64,0,0,,,
8879,note_on,2,0,1,,,,,,,,,,,,,,,,,0,,56,34
8904,note_on,25,0,1,,,,,,,,,,,,,,,,,0,,58,0
8939,note_on,35,0,1,,,,,,,,,,,,,,,,,0,,53,35
8948,note_on,9,0,1,,,,,,,,,,,,,,,,,0,,56,0
8999,note_on,51,0,1,,,,,,,,,,,,,,,,,0,,56,34
9017,note_on,18,0,1,,,,,,,,,,,,,,,,,0,,53,0
9059,note_on,42,0,1,,,,,,,,,,,,,,,,,0,,58,37
9075,note_on,16,0,1,,,,,,,,,,,,,,,,,0,,56,0
9119,note_on,44,0,1,,,,,,,,,,,,,,,,,0,,55,34
9129,note_on,10,0,1,,,,,,,,,,,,,,,,,0,,58,0
9179,note_on,50,0,1,,,,,,,,,,,,,,,,,0,,58,37
9204,note_on,25,0,1,,,,,,,,,,,,,,,,,0,,55,0
9230,control_change,26,0,1,,,,,,,,,,,,,,,64,127,0,,,
9239,note_on,9,0,1,,,,,,,,,,,,,,,,,0,,56,39
9241,note_on,2,0,1,,,,,,,,,,,,,,,,,0,,70,56
9255,note_on,14,0,1,,,,,,,,,,,,,,,,,0,,71,0
9260,note_on,5,0,1,,,,,,,,,,,,,,,,,0,,58,0
9267,note_on,7,0,1,,,,,,,,,,,,,,,,,0,,65,0
9299,note_on,32,0,1,,,,,,,,,,,,,,,,,0,,65,65
9313,note_on,14,0,1,,,,,,,,,,,,,,,,,0,,56,0
9318,control_change,5,0,1,,,,,,,,,,,,,,,64,0,0,,,
9322,note_on,4,0,1,,,,,,,,,,,,,,,,,0,,70,0
9352,control_change,30,0,1,,,,,,,,,,,,,,,64,127,0,,,
9358,note_on,6,0,1,,,,,,,,,,,,,,,,,0,,50,0
9359,note_on,1,0,1,,,,,,,,,,,,,,,,,0,,49,58
9361,note_on,0,0,1,,,,,,,,,,,,,,,,,0,,70,69
9361,note_on,0,0,1,,,,,,,,,,,,,,,,,0,,55,36
9361,note_on,2,0,1,,,,,,,,,,,,,,,,,0,,64,50
9378,note_on,17,0,1,,,,,,,,,,,,,,,,,0,,65,0
9421,note_on,43,0,1,,,,,,,,,,,,,,,,,0,,56,33
9422,note_on,1,0,1,,,,,,,,,,,,,,,,,0,,55,0
9478,control_change,56,0,1,,,,,,,,,,,,,,,64,0,0,,,
9481,note_on,3,0,1,,,,,,,,,,,,,,,,,0,,54,34
9492,note_on,11,0,1,,,,,,,,,,,,,,,,,0,,56,0
9541,note_on,49,0,1,,,,,,,,,,,,,,,,,0,,56,36
9542,note_on,1,0,1,,,,,,,,,,,,,,,,,0,,54,0
9601,note_on,59,0,1,,,,,,,,,,,,,,,,,0,,55,33
9614,note_on,13,0,1,,,,,,,,,,,,,,,,,0,,56,0
9661,note_on,47,0,1,,,,,,,,,,,,,,,,,0,,52,32
9662,note_on,1,0,1,,,,,,,,,,,,,,,,,0,,55,0
9722,note_on,60,0,1,,,,,,,,,,,,,,,,,0,,55,36
9729,note_on,7,0,1,,,,,,,,,,,,,,,,,0,,52,0
9776,note_on,47,0,1,,,,,,,,,,,,,,,,,0,,55,0
9781,note_on,5,0,1,,,,,,,,,,,,,,,,,0,,56,37
9841,note_on,60,0,1,,,,,,,,,,,,,,,,,0,,54,38
9844,note_on,3,0,1,,,,,,,,,,,,,,,,,0,,56,0
9899,note_on,55,0,1,,,,,,,,,,,,,,,,,0,,56,39
9904,note_on,5,0,1,,,,,,,,,,,,,,,,,0,,54,0
9951,control_change,47,0,1,,,,,,,,,,,,,,,64,127,0,,,
9961,note_on,10,0,1,,,,,,,,,,,,,,,,,0,,55,37
9967,note_on,6,0,1,,,,,,,,,,,,,,,,,0,,56,0
10016,note_on,49,0,1,,,,,,,,,,,,,,,,,0,,70,0
10017,note_on,1,0,1,,,,,,,,,,,,,,,,,0,,64,0
10019,note_on,2,0,1,,,,,,,,,,,,,,,,,0,,63,73
10049,control_change,30,0,1,,,,,,,,,,,,,,,64,0,0,,,
10075,control_change,26,0,1,,,,,,,,,,,,,,,64,127,0,,,
10081,note_on,0,0,1,,,,,,,,,,,,,,,,,0,,47,67
10081,note_on,6,0,1,,,,,,,,,,,,,,,,,0,,75,78
10090,note_on,9,0,1,,,,,,,,,,,,,,,,,0,,49,0
10133,note_on,43,0,1,,,,,,,,,,,,,,,,,0,,55,0
10139,note_on,6,0,1,,,,,,,,,,,,,,,,,0,,56,49
10195,control_change,56,0,1,,,,,,,,,,,,,,,64,0,0,,,
10199,note_on,4,0,1,,,,,,,,,,,,,,,,,0,,54,41
10208,note_on,9,0,1,,,,,,,,,,,,,,,,,0,,56,0
10259,note_on,51,0,1,,,,,,,,,,,,,,,,,0,,56,45
10270,note_on,11,0,1,,,,,,,,,,,,,,,,,0,,54,0
10320,note_on,50,0,1,,,,,,,,,,,,,,,,,0,,55,43
10340,note_on,20,0,1,,,,,,,,,,,,,,,,,0,,56,0
10378,note_on,38,0,1,,,,,,,,,,,,,,,,,0,,55,0
10381,note_on,3,0,1,,,,,,,,,,,,,,,,,0,,51,44
10427,control_change,46,0,1,,,,,,,,,,,,,,,64,127,0,,,
10441,note_on,14,0,1,,,,,,,,,,,,,,,,,0,,56,47
10453,note_on,12,0,1,,,,,,,,,,,,,,,,,0,,51,0
10501,note_on,48,0,1,,,,,,,,,,,,,,,,,0,,58,47
10505,note_on,4,0,1,,,,,,,,,,,,,,,,,0,,56,0
10548,note_on,43,0,1,,,,,,,,,,,,,,,,,0,,75,0
10561,note_on,0,0,1,,,,,,,,,,,,,,,,,0,,55,48
10561,note_on,13,0,1,,,,,,,,,,,,,,,,,0,,73,79
10564,control_change,3,0,1,,,,,,,,,,,,,,,64,0,0,,,
10571,note_on,7,0,1,,,,,,,,,,,,,,,,,0,,58,0
10619,note_on,48,0,1,,,,,,,,,,,,,,,,,0,,58,46
10620,note_on,1,0,1,,,,,,,,,,,,,,,,,0,,55,0
10621,note_on,1,0,1,,,,,,,,,,,,,,,,,0,,71,79
10631,note_on,10,0,1,,,,,,,,,,,,,,,,,0,,73,0
10680,control_change,49,0,1,,,,,,,,,,,,,,,64,127,0,,,
10681,note_on,1,0,1,,,,,,,,,,,,,,,,,0,,68,76
10681,note_on,0,0,1,,,,,,,,,,,,,,,,,0,,56,46
10688,note_on,7,0,1,,,,,,,,,,,,,,,,,0,,71,0
10692,note_on,4,0,1,,,,,,,,,,,,,,,,,0,,58,0
10738,note_on,46,0,1,,,,,,,,,,,,,,,,,0,,63,0
10740,note_on,2,0,1,,,,,,,,,,,,,,,,,0,,63,74
10754,note_on,14,0,1,,,,,,,,,,,,,,,,,0,,68,0
10790,note_on,36,0,1,,,,,,,,,,,,,,,,,0,,47,0
10801,note_on,11,0,1,,,,,,,,,,,,,,,,,0,,62,49
10801,note_on,0,0,1,,,,,,,,,,,,,,,,,0,,46,63
10801,note_on,0,0,1,,,,,,,,,,,,,,,,,0,,66,69
10809,note_on,8,0,1,,,,,,,,,,,,,,,,,0,,63,0
10823,control_change,14,0,1,,,,,,,,,,,,,,,64,0,0,,,
10835,note_on,12,0,1,,,,,,,,,,,,,,,,,0,,56,0
10861,note_on,26,0,1,,,,,,,,,,,,,,,,,0,,58,50
10921,note_on,60,0,1,,,,,,,,,,,,,,,,,0,,55,45
10927,note_on,6,0,1,,,,,,,,,,,,,,,,,0,,58,0
10980,note_on,53,0,1,,,,,,,,,,,,,,,,,0,,55,0
10981,note_on,1,0,1,,,,,,,,,,,,,,,,,0,,58,47
11041,note_on,60,0,1,,,,,,,,,,,,,,,,,0,,56,42
11050,control_change,9,0,1,,,,,,,,,,,,,,,64,127,0,,,
11065,note_on,15,0,1,,,,,,,,,,,,,,,,,0,,58,0
11101,note_on,0,0,1,,,,,,,,,,,,,,,,,0,,53,38
11101,note_on,36,0,1,,,,,,,,,,,,,,,,,0,,65,58
11102,note_on,1,0,1,,,,,,,,,,,,,,,,,0,,56,0
11129,note_on,27,0,1,,,,,,,,,,,,,,,,,0,,62,0
11134,note_on,5,0,1,,,,,,,,,,,,,,,,,0,,66,0
11149,note_on,15,0,1,,,,,,,,,,,,,,,,,0,,46,0
11161,note_on,12,0,1,,,,,,,,,,,,,,,,,0,,63,51
11161,note_on,0,0,1,,,,,,,,,,,,,,,,,0,,54,47
11161,note_on,0,0,1,,,,,,,,,,,,,,,,,0,,47,51
11163,control_change,2,0,1,,,,,,,,,,,,,,,64,0,0,,,
11172,note_on,9,0,1,,,,,,,,,,,,,,,,,0,,53,0
11180,note_on,8,0,1,,,,,,,,,,,,,,,,,0,,65,0
11219,note_on,39,0,1,,,,,,,,,,,,,,,,,0,,56,36
11220,note_on,1,0,1,,,,,,,,,,,,,,,,,0,,54,0
11281,note_on,61,0,1,,,,,,,,,,,,,,,,,0,,53,36
11292,note_on,11,0,1,,,,,,,,,,,,,,,,,0,,56,0
11341,note_on,49,0,1,,,,,,,,,,,,,,,,,0,,56,39
11343,note_on,2,0,1,,,,,,,,,,,,,,,,,0,,53,0
11401,control_change,0,0,1,,,,,,,,,,,,,,,64,127,0,,,
11401,note_on,58,0,1,,,,,,,,,,,,,,,,,0,,54,39
11423,note_on,22,0,1,,,,,,,,,,,,,,,,,0,,56,0
11461,note_on,0,0,1,,,,,,,,,,,,,,,,,0,,51,37
11461,note_on,38,0,1,,,,,,,,,,,,,,,,,0,,54,0
11492,note_on,31,0,1,,,,,,,,,,,,,,,,,0,,63,0
11505,note_on,13,0,1,,,,,,,,,,,,,,,,,0,,51,0
11521,note_on,16,0,1,,,,,,,,,,,,,,,,,0,,47,0
11521,note_on,0,0,1,,,,,,,,,,,,,,,,,0,,59,52
11521,note_on,0,0,1,,,,,,,,,,,,,,,,,0,,56,34
11521,note_on,0,0,1,,,,,,,,,,,,,,,,,0,,44,59
11521,control_change,0,0,1,,,,,,,,,,,,,,,64,0,0,,,
11521,note_on,0,0,1,,,,,,,,,,,,,,,,,0,,64,69
11579,note_on,58,0,1,,,,,,,,,,,,,,,,,0,,58,44
11586,note_on,7,0,1,,,,,,,,,,,,,,,,,0,,56,0
11640,note_on,54,0,1,,,,,,,,,,,,,,,,,0,,55,44
11650,note_on,10,0,1,,,,,,,,,,,,,,,,,0,,58,0
11699,note_on,49,0,1,,,,,,,,,,,,,,,,,0,,58,47
11707,note_on,8,0,1,,,,,,,,,,,,,,,,,0,,55,0
11759,note_on,52,0,1,,,,,,,,,,,,,,,,,0,,56,42
11760,note_on,1,0,1,,,,,,,,,,,,,,,,,0,,58,0
11765,control_change,5,0,1,,,,,,,,,,,,,,,64,127,0,,,
11819,note_on,54,0,1,,,,,,,,,,,,,,,,,0,,52,46
11822,note_on,3,0,1,,,,,,,,,,,,,,,,,0,,56,0
11867,note_on,45,0,1,,,,,,,,,,,,,,,,,0,,52,0
11877,control_change,10,0,1,,,,,,,,,,,,,,,64,0,0,,,
11879,note_on,2,0,1,,,,,,,,,,,,,,,,,0,,53,43
11879,note_on,0,0,1,,,,,,,,,,,,,,,,,0,,46,60
11880,note_on,0,0,1,,,,,,,,,,,,,,,,,0,,56,50
11880,note_on,1,0,1,,,,,,,,,,,,,,,,,0,,64,0
11881,note_on,1,0,1,,,,,,,,,,,,,,,,,0,,44,0
11881,note_on,0,0,1,,,,,,,,,,,,,,,,,0,,62,67
11882,note_on,1,0,1,,,,,,,,,,,,,,,,,0,,59,0
11939,note_on,57,0,1,,,,,,,,,,,,,,,,,0,,54,48
11945,note_on,6,0,1,,,,,,,,,,,,,,,,,0,,53,0
11999,note_on,54,0,1,,,,,,,,,,,,,,,,,0,,52,46
12010,note_on,11,0,1,,,,,,,,,,,,,,,,,0,,54,0
12061,note_on,51,0,1,,,,,,,,,,,,,,,,,0,,54,44
12071,note_on,10,0,1,,,,,,,,,,,,,,,,,0,,52,0
12121,note_on,50,0,1,,,,,,,,,,,,,,,,,0,,53,40
12125,control_change,4,0,1,,,,,,,,,,,,,,,64,127,0,,,
12155,note_on,30,0,1,,,,,,,,,,,,,,,,,0,,54,0
12171,note_on,16,0,1,,,,,,,,,,,,,,,,,0,,46,0
12179,note_on,8,0,1,,,,,,,,,,,,,,,,,0,,53,0
12181,note_on,2,0,1,,,,,,,,,,,,,,,,,0,,63,61
12181,note_on,0,0,1,,,,,,,,,,,,,,,,,0,,46,50
12200,note_on,19,0,1,,,,,,,,,,,,,,,,,0,,62,0
12210,note_on,10,0,1,,,,,,,,,,,,,,,,,0,,56,0
12225,note_on,15,0,1,,,,,,,,,,,,,,,,,0,,63,0
12242,note_on,17,0,1,,,,,,,,,,,,,,,,,0,,63,60
12242,note_on,0,0,1,,,,,,,,,,,,,,,,,0,,39,52
12242,note_on,0,0,1,,,,,,,,,,,,,,,,,0,,54,50
12245,control_change,3,0,1,,,,,,,,,,,,,,,64,0,0,,,
12266,control_change,21,0,1,,,,,,,,,,,,,,,64,127,0,,,
12276,note_on,10,0,1,,,,,,,,,,,,,,,,,0,,46,0
12301,note_on,25,0,1,,,,,,,,,,,,,,,,,0,,48,41
12361,note_on,60,0,1,,,,,,,,,,,,,,,,,0,,45,41
12369,note_on,8,0,1,,,,,,,,,,,,,,,,,0,,48,0
12382,control_change,13,0,1,,,,,,,,,,,,,,,64,0,0,,,
12421,note_on,39,0,1,,,,,,,,,,,,,,,,,0,,48,41
12431,note_on,10,0,1,,,,,,,,,,,,,,,,,0,,45,0
12481,note_on,50,0,1,,,,,,,,,,,,,,,,,0,,46,41
12510,note_on,29,0,1,,,,,,,,,,,,,,,,,0,,48,0
12541,note_on,31,0,1,,,,,,,,,,,,,,,,,0,,42,41
12544,note_on,3,0,1,,,,,,,,,,,,,,,,,0,,46,0
12578,note_on,34,0,1,,,,,,,,,,,,,,,,,0,,63,0
12579,note_on,0,0,1,,,,,,,,,,,,,,,,,0,,54,0
12579,note_on,1,0,1,,,,,,,,,,,,,,,,,0,,39,0
12592,note_on,13,0,1,,,,,,,,,,,,,,,,,0,,42,0
12601,note_on,9,0,1,,,,,,,,,,,,,,,,,0,,39,52
12661,note_on,60,0,1,,,,,,,,,,,,,,,,,0,,41,54
12676,note_on,15,0,1,,,,,,,,,,,,,,,,,0,,39,0
12721,note_on,45,0,1,,,,,,,,,,,,,,,,,0,,38,52
12722,note_on,1,0,1,,,,,,,,,,,,,,,,,0,,41,0
12779,note_on,57,0,1,,,,,,,,,,,,,,,,,0,,41,51
12788,note_on,9,0,1,,,,,,,,,,,,,,,,,0,,38,0
12841,note_on,53,0,1,,,,,,,,,,,,,,,,,0,,39,50
12844,note_on,3,0,1,,,,,,,,,,,,,,,,,0,,41,0
12899,note_on,55,0,1,,,,,,,,,,,,,,,,,0,,35,49
12901,note_on,2,0,1,,,,,,,,,,,,,,,,,0,,39,0
12941,note_on,40,0,1,,,,,,,,,,,,,,,,,0,,35,0
12961,note_on,0,0,1,,,,,,,,,,,,,,,,,0,,63,48
12961,note_on,0,0,1,,,,,,,,,,,,,,,,,0,,58,41
12961,note_on,0,0,1,,,,,,,,,,,,,,,,,0,,46,57
12961,note_on,0,0,1,,,,,,,,,,,,,,,,,0,,34,56
12961,note_on,20,0,1,,,,,,,,,,,,,,,,,0,,65,58
12974,control_change,13,0,1,,,,,,,,,,,,,,,64,127,0,,,
13019,note_on,45,0,1,,,,,,,,,,,,,,,,,0,,59,35
13029,note_on,10,0,1,,,,,,,,,,,,,,,,,0,,58,0
13081,note_on,52,0,1,,,,,,,,,,,,,,,,,0,,57,38
13083,control_change,2,0,1,,,,,,,,,,,,,,,64,0,0,,,
13086,note_on,3,0,1,,,,,,,,,,,,,,,,,0,,59,0
13136,note_on,50,0,1,,,,,,,,,,,,,,,,,0,,57,0
13139,note_on,3,0,1,,,,,,,,,,,,,,,,,0,,59,39
13199,control_change,0,0,1,,,,,,,,,,,,,,,64,127,0,,,
13199,note_on,60,0,1,,,,,,,,,,,,,,,,,0,,58,40
13225,note_on,26,0,1,,,,,,,,,,,,,,,,,0,,59,0
13261,note_on,36,0,1,,,,,,,,,,,,,,,,,0,,53,40
13270,note_on,9,0,1,,,,,,,,,,,,,,,,,0,,58,0
13283,note_on,13,0,1,,,,,,,,,,,,,,,,,0,,46,0
13286,note_on,3,0,1,,,,,,,,,,,,,,,,,0,,34,0
13288,note_on,2,0,1,,,,,,,,,,,,,,,,,0,,63,0
13294,note_on,6,0,1,,,,,,,,,,,,,,,,,0,,65,0
13295,control_change,1,0,1,,,,,,,,,,,,,,,64,0,0,,,
13319,note_on,24,0,1,,,,,,,,,,,,,,,,,0,,46,57
13319,control_change,0,0,1,,,,,,,,,,,,,,,64,127,0,,,
13321,note_on,2,0,1,,,,,,,,,,,,,,,,,0,,58,37
13322,note_on,1,0,1,,,,,,,,,,,,,,,,,0,,65,55
13322,note_on,0,0,1,,,,,,,,,,,,,,,,,0,,62,45
13335,note_on,13,0,1,,,,,,,,,,,,,,,,,0,,53,0
13379,note_on,44,0,1,,,,,,,,,,,,,,,,,0,,59,41
13389,note_on,10,0,1,,,,,,,,,,,,,,,,,0,,58,0
13441,note_on,52,0,1,,,,,,,,,,,,,,,,,0,,57,40
13449,note_on,8,0,1,,,,,,,,,,,,,,,,,0,,59,0
13497,note_on,48,0,1,,,,,,,,,,,,,,,,,0,,57,0
13499,note_on,2,0,1,,,,,,,,,,,,,,,,,0,,59,41
13514,control_change,15,0,1,,,,,,,,,,,,,,,64,0,0,,,
13546,control_change,0,0,1,,,,,,,,,,,,,,,64,127,0,,,
13546,note_on,32,0,1,,,,,,,,,,,,,,,,,0,,62,0
13559,note_on,13,0,1,,,,,,,,,,,,,,,,,0,,65,0
13559,note_on,0,0,1,,,,,,,,,,,,,,,,,0,,58,42
13561,note_on,0,0,1,,,,,,,,,,,,,,,,,0,,67,60
13561,note_on,2,0,1,,,,,,,,,,,,,,,,,0,,61,50
13565,note_on,4,0,1,,,,,,,,,,,,,,,,,0,,59,0
13615,note_on,50,0,1,,,,,,,,,,,,,,,,,0,,46,0
13619,note_on,4,0,1,,,,,,,,,,,,,,,,,0,,53,41
13623,note_on,4,0,1,,,,,,,,,,,,,,,,,0,,58,0
13635,note_on,12,0,1,,,,,,,,,,,,,,,,,0,,61,0
13637,note_on,2,0,1,,,,,,,,,,,,,,,,,0,,67,0
13648,control_change,11,0,1,,,,,,,,,,,,,,,64,0,0,,,
13674,control_change,26,0,1,,,,,,,,,,,,,,,64,127,0,,,
13679,note_on,5,0,1,,,,,,,,,,,,,,,,,0,,41,55
13681,note_on,2,0,1,,,,,,,,,,,,,,,,,0,,68,64
13681,note_on,0,0,1,,,,,,,,,,,,,,,,,0,,56,52
13681,note_on,0,0,1,,,,,,,,,,,,,,,,,0,,67,39
13681,note_on,0,0,1,,,,,,,,,,,,,,,,,0,,60,51
13740,note_on,59,0,1,,,,,,,,,,,,,,,,,0,,55,44
13741,note_on,1,0,1,,,,,,,,,,,,,,,,,0,,53,0
13799,note_on,58,0,1,,,,,,,,,,,,,,,,,0,,52,45
13803,note_on,4,0,1,,,,,,,,,,,,,,,,,0,,55,0
13859,note_on,56,0,1,,,,,,,,,,,,,,,,,0,,55,45
13874,note_on,15,0,1,,,,,,,,,,,,,,,,,0,,52,0
13914,control_change,40,0,1,,,,,,,,,,,,,,,64,0,0,,,
13919,note_on,5,0,1,,,,,,,,,,,,,,,,,0,,53,44
13940,note_on,21,0,1,,,,,,,,,,,,,,,,,0,,55,0
13979,note_on,39,0,1,,,,,,,,,,,,,,,,,0,,48,43
13983,note_on,4,0,1,,,,,,,,,,,,,,,,,0,,53,0
13999,note_on,16,0,1,,,,,,,,,,,,,,,,,0,,60,0
14001,note_on,2,0,1,,,,,,,,,,,,,,,,,0,,67,0
14003,note_on,2,0,1,,,,,,,,,,,,,,,,,0,,56,0
14008,note_on,5,0,1,,,,,,,,,,,,,,,,,0,,68,0
14023,note_on,15,0,1,,,,,,,,,,,,,,,,,0,,41,0
14037,note_on,14,0,1,,,,,,,,,,,,,,,,,0,,48,0
14040,note_on,3,0,1,,,,,,,,,,,,,,,,,0,,47,44
14041,note_on,1,0,1,,,,,,,,,,,,,,,,,0,,68,62
14041,note_on,0,0,1,,,,,,,,,,,,,,,,,0,,65,50
14041,note_on,0,0,1,,,,,,,,,,,,,,,,,0,,62,44
14041,note_on,0,0,1,,,,,,,,,,,,,,,,,0,,56,57
14099,note_on,58,0,1,,,,,,,,,,,,,,,,,0,,48,42
14104,note_on,5,0,1,,,,,,,,,,,,,,,,,0,,47,0
14161,note_on,57,0,1,,,,,,,,,,,,,,,,,0,,46,41
14176,note_on,15,0,1,,,,,,,,,,,,,,,,,0,,48,0
14221,note_on,45,0,1,,,,,,,,,,,,,,,,,0,,48,42
14228,note_on,7,0,1,,,,,,,,,,,,,,,,,0,,46,0
14281,note_on,53,0,1,,,,,,,,,,,,,,,,,0,,47,43
14292,note_on,11,0,1,,,,,,,,,,,,,,,,,0,,48,0
14341,note_on,49,0,1,,,,,,,,,,,,,,,,,0,,35,40
14345,note_on,4,0,1,,,,,,,,,,,,,,,,,0,,47,0
14363,control_change,18,0,1,,,,,,,,,,,,,,,64,127,0,,,
14379,note_on,0,0,1,,,,,,,,,,,,,,,,,0,,65,0
14379,note_on,16,0,1,,,,,,,,,,,,,,,,,0,,62,0
14385,note_on,6,0,1,,,,,,,,,,,,,,,,,0,,68,0
14386,note_on,1,0,1,,,,,,,,,,,,,,,,,0,,56,0
14387,note_on,1,0,1,,,,,,,,,,,,,,,,,0,,35,0
14401,note_on,0,0,1,,,,,,,,,,,,,,,,,0,,36,56
14401,note_on,14,0,1,,,,,,,,,,,,,,,,,0,,65,46
14401,note_on,0,0,1,,,,,,,,,,,,,,,,,0,,62,36
14401,note_on,0,0,1,,,,,,,,,,,,,,,,,0,,67,56
14413,control_change,12,0,1,,,,,,,,,,,,,,,64,0,0,,,
14438,control_change,25,0,1,,,,,,,,,,,,,,,64,127,0,,,
14458,note_on,20,0,1,,,,,,,,,,,,,,,,,0,,62,0
14461,note_on,3,0,1,,,,,,,,,,,,,,,,,0,,63,35
14521,note_on,60,0,1,,,,,,,,,,,,,,,,,0,,61,32
14526,control_change,5,0,1,,,,,,,,,,,,,,,64,0,0,,,
14530,note_on,4,0,1,,,,,,,,,,,,,,,,,0,,63,0
14580,note_on,50,0,1,,,,,,,,,,,,,,,,,0,,63,36
14585,note_on,5,0,1,,,,,,,,,,,,,,,,,0,,61,0
14637,control_change,52,0,1,,,,,,,,,,,,,,,64,127,0,,,
14641,note_on,4,0,1,,,,,,,,,,,,,,,,,0,,62,34
14651,note_on,10,0,1,,,,,,,,,,,,,,,,,0,,63,0
14700,note_on,49,0,1,,,,,,,,,,,,,,,,,0,,55,34
14701,note_on,1,0,1,,,,,,,,,,,,,,,,,0,,62,0
14714,control_change,13,0,1,,,,,,,,,,,,,,,64,0,0,,,
14722,note_on,8,0,1,,,,,,,,,,,,,,,,,0,,65,0
14725,note_on,3,0,1,,,,,,,,,,,,,,,,,0,,36,0
14732,note_on,7,0,1,,,,,,,,,,,,,,,,,0,,67,0
14750,note_on,18,0,1,,,,,,,,,,,,,,,,,0,,55,0
14755,control_change,5,0,1,,,,,,,,,,,,,,,64,127,0,,,
14759,note_on,4,0,1,,,,,,,,,,,,,,,,,0,,67,61
14759,note_on,0,0,1,,,,,,,,,,,,,,,,,0,,64,51
14761,note_on,0,0,1,,,,,,,,,,,,,,,,,0,,48,56
14761,note_on,2,0,1,,,,,,,,,,,,,,,,,0,,60,44
14821,note_on,60,0,1,,,,,,,,,,,,,,,,,0,,62,41
14828,note_on,7,0,1,,,,,,,,,,,,,,,,,0,,60,0
14881,note_on,53,0,1,,,,,,,,,,,,,,,,,0,,59,41
14889,note_on,8,0,1,,,,,,,,,,,,,,,,,0,,62,0
14941,note_on,52,0,1,,,,,,,,,,,,,,,,,0,,62,42
14948,note_on,7,0,1,,,,,,,,,,,,,,,,,0,,59,0
15001,note_on,0,0,1,,,,,,,,,,,,,,,,,0,,63,52
15001,note_on,0,0,1,,,,,,,,,,,,,,,,,0,,60,50
15001,note_on,53,0,1,,,,,,,,,,,,,,,,,0,,69,62
15004,note_on,3,0,1,,,,,,,,,,,,,,,,,0,,64,0
15005,note_on,1,0,1,,,,,,,,,,,,,,,,,0,,62,0
15015,note_on,10,0,1,,,,,,,,,,,,,,,,,0,,67,0
15022,control_change,7,0,1,,,,,,,,,,,,,,,64,0,0,,,
15048,control_change,26,0,1,,,,,,,,,,,,,,,64,127,0,,,
15057,note_on,9,0,1,,,,,,,,,,,,,,,,,0,,60,0
15061,note_on,4,0,1,,,,,,,,,,,,,,,,,0,,55,42
15070,note_on,0,0,1,,,,,,,,,,,,,,,,,0,,63,0
15070,note_on,9,0,1,,,,,,,,,,,,,,,,,0,,69,0
15085,note_on,15,0,1,,,,,,,,,,,,,,,,,0,,48,0
15088,control_change,3,0,1,,,,,,,,,,,,,,,64,0,0,,,
15120,control_change,32,0,1,,,,,,,,,,,,,,,64,127,0,,,
15121,note_on,0,0,1,,,,,,,,,,,,,,,,,0,,43,58
15121,note_on,0,0,1,,,,,,,,,,,,,,,,,0,,69,44
15121,note_on,1,0,1,,,,,,,,,,,,,,,,,0,,70,67
15122,note_on,1,0,1,,,,,,,,,,,,,,,,,0,,58,64
15122,note_on,0,0,1,,,,,,,,,,,,,,,,,0,,62,51
15162,note_on,40,0,1,,,,,,,,,,,,,,,,,0,,55,0
15182,note_on,20,0,1,,,,,,,,,,,,,,,,,0,,57,41
15241,note_on,59,0,1,,,,,,,,,,,,,,,,,0,,54,40
15247,note_on,6,0,1,,,,,,,,,,,,,,,,,0,,57,0
15301,note_on,54,0,1,,,,,,,,,,,,,,,,,0,,57,38
15312,note_on,11,0,1,,,,,,,,,,,,,,,,,0,,54,0
15358,control_change,46,0,1,,,,,,,,,,,,,,,64,0,0,,,
15361,note_on,3,0,1,,,,,,,,,,,,,,,,,0,,55,43
15369,note_on,8,0,1,,,,,,,,,,,,,,,,,0,,57,0
15421,note_on,52,0,1,,,,,,,,,,,,,,,,,0,,50,43
15424,note_on,3,0,1,,,,,,,,,,,,,,,,,0,,55,0
15441,note_on,17,0,1,,,,,,,,,,,,,,,,,0,,62,0
15445,note_on,4,0,1,,,,,,,,,,,,,,,,,0,,58,0
15448,note_on,3,0,1,,,,,,,,,,,,,,,,,0,,69,0
15453,note_on,5,0,1,,,,,,,,,,,,,,,,,0,,70,0
15459,note_on,6,0,1,,,,,,,,,,,,,,,,,0,,43,0
15477,note_on,18,0,1,,,,,,,,,,,,,,,,,0,,50,0
15481,note_on,4,0,1,,,,,,,,,,,,,,,,,0,,58,58
15482,note_on,0,0,1,,,,,,,,,,,,,,,,,0,,49,53
15482,note_on,0,0,1,,,,,,,,,,,,,,,,,0,,64,48
15482,note_on,0,0,1,,,,,,,,,,,,,,,,,0,,67,45
15482,note_on,1,0,1,,,,,,,,,,,,,,,,,0,,70,58
15541,note_on,59,0,1,,,,,,,,,,,,,,,,,0,,50,53
15552,note_on,11,0,1,,,,,,,,,,,,,,,,,0,,49,0
15602,note_on,50,0,1,,,,,,,,,,,,,,,,,0,,48,51
15606,note_on,4,0,1,,,,,,,,,,,,,,,,,0,,50,0
15661,note_on,55,0,1,,,,,,,,,,,,,,,,,0,,50,50
15662,note_on,1,0,1,,,,,,,,,,,,,,,,,0,,48,0
15688,note_on,0,0,1,,,,,,,,,,,,,,,,,0,,58,0
15688,note_on,26,0,1,,,,,,,,,,,,,,,,,0,,70,0
15694,note_on,6,0,1,,,,,,,,,,,,,,,,,0,,67,0
15721,note_on,27,0,1,,,,,,,,,,,,,,,,,0,,49,52
15722,note_on,1,0,1,,,,,,,,,,,,,,,,,0,,58,60
15722,note_on,0,0,1,,,,,,,,,,,,,,,,,0,,70,64
15726,control_change,4,0,1,,,,,,,,,,,,,,,64,127,0,,,
15733,note_on,7,0,1,,,,,,,,,,,,,,,,,0,,50,0
15780,note_on,47,0,1,,,,,,,,,,,,,,,,,0,,70,0
15781,note_on,1,0,1,,,,,,,,,,,,,,,,,0,,43,48
15783,note_on,2,0,1,,,,,,,,,,,,,,,,,0,,64,0
15787,note_on,4,0,1,,,,,,,,,,,,,,,,,0,,58,0
15787,note_on,0,0,1,,,,,,,,,,,,,,,,,0,,49,0
15807,control_change,20,0,1,,,,,,,,,,,,,,,64,0,0,,,
15831,note_on,24,0,1,,,,,,,,,,,,,,,,,0,,43,0
15841,note_on,0,0,1,,,,,,,,,,,,,,,,,0,,44,73
15841,note_on,10,0,1,,,,,,,,,,,,,,,,,0,,59,56
15841,note_on,0,0,1,,,,,,,,,,,,,,,,,0,,64,56
15841,control_change,0,0,1,,,,,,,,,,,,,,,64,127,0,,,
15842,note_on,1,0,1,,,,,,,,,,,,,,,,,0,,71,79
15901,note_on,59,0,1,,,,,,,,,,,,,,,,,0,,66,45
15905,note_on,4,0,1,,,,,,,,,,,,,,,,,0,,64,0
15923,note_on,18,0,1,,,,,,,,,,,,,,,,,0,,59,0
15962,note_on,39,0,1,,,,,,,,,,,,,,,,,0,,63,47
15972,note_on,10,0,1,,,,,,,,,,,,,,,,,0,,66,0
16021,note_on,49,0,1,,,,,,,,,,,,,,,,,0,,66,47
16022,control_change,1,0,1,,,,,,,,,,,,,,,64,0,0,,,
16030,note_on,8,0,1,,,,,,,,,,,,,,,,,0,,63,0
16081,note_on,51,0,1,,,,,,,,,,,,,,,,,0,,64,48
16081,control_change,0,0,1,,,,,,,,,,,,,,,64,127,0,,,
16102,note_on,21,0,1,,,,,,,,,,,,,,,,,0,,66,0
16141,note_on,39,0,1,,,,,,,,,,,,,,,,,0,,59,51
16147,note_on,6,0,1,,,,,,,,,,,,,,,,,0,,64,0
16176,note_on,29,0,1,,,,,,,,,,,,,,,,,0,,44,0
16180,note_on,4,0,1,,,,,,,,,,,,,,,,,0,,71,0
16194,control_change,14,0,1,,,,,,,,,,,,,,,64,0,0,,,
16201,note_on,7,0,1,,,,,,,,,,,,,,,,,0,,69,68
16201,note_on,0,0,1,,,,,,,,,,,,,,,,,0,,49,69
16202,note_on,0,0,1,,,,,,,,,,,,,,,,,0,,37,69
16202,note_on,1,0,1,,,,,,,,,,,,,,,,,0,,64,55
16217,note_on,15,0,1,,,,,,,,,,,,,,,,,0,,59,0
16259,note_on,42,0,1,,,,,,,,,,,,,,,,,0,,64,0
16261,note_on,2,0,1,,,,,,,,,,,,,,,,,0,,66,48
16321,note_on,60,0,1,,,,,,,,,,,,,,,,,0,,63,47
16329,note_on,8,0,1,,,,,,,,,,,,,,,,,0,,66,0
16380,note_on,51,0,1,,,,,,,,,,,,,,,,,0,,63,0
16381,note_on,1,0,1,,,,,,,,,,,,,,,,,0,,66,49
16441,note_on,0,0,1,,,,,,,,,,,,,,,,,0,,64,47
16441,note_on,60,0,1,,,,,,,,,,,,,,,,,0,,68,61
16451,control_change,10,0,1,,,,,,,,,,,,,,,64,127,0,,,
16464,note_on,13,0,1,,,,,,,,,,,,,,,,,0,,66,0
16466,note_on,2,0,1,,,,,,,,,,,,,,,,,0,,69,0
16485,note_on,19,0,1,,,,,,,,,,,,,,,,,0,,37,0
16496,note_on,11,0,1,,,,,,,,,,,,,,,,,0,,49,0
16499,note_on,3,0,1,,,,,,,,,,,,,,,,,0,,59,45
16505,note_on,6,0,1,,,,,,,,,,,,,,,,,0,,64,0
16534,note_on,29,0,1,,,,,,,,,,,,,,,,,0,,68,0
16554,control_change,20,0,1,,,,,,,,,,,,,,,64,0,0,,,
16560,note_on,6,0,1,,,,,,,,,,,,,,,,,0,,61,57
16561,note_on,1,0,1,,,,,,,,,,,,,,,,,0,,68,65
16561,note_on,0,0,1,,,,,,,,,,,,,,,,,0,,42,60
16561,note_on,0,0,1,,,,,,,,,,,,,,,,,0,,30,60
16561,note_on,0,0,1,,,,,,,,,,,,,,,,,0,,64,44
16566,note_on,5,0,1,,,,,,,,,,,,,,,,,0,,59,0
16621,note_on,55,0,1,,,,,,,,,,,,,,,,,0,,63,50
16630,note_on,9,0,1,,,,,,,,,,,,,,,,,0,,61,0
16681,note_on,51,0,1,,,,,,,,,,,,,,,,,0,,60,48
16688,note_on,7,0,1,,,,,,,,,,,,,,,,,0,,63,0
16741,note_on,53,0,1,,,,,,,,,,,,,,,,,0,,63,48
16742,note_on,1,0,1,,,,,,,,,,,,,,,,,0,,60,0
16802,note_on,60,0,1,,,,,,,,,,,,,,,,,0,,61,49
16806,control_change,4,0,1,,,,,,,,,,,,,,,64,127,0,,,
16812,note_on,6,0,1,,,,,,,,,,,,,,,,,0,,63,0
16862,note_on,50,0,1,,,,,,,,,,,,,,,,,0,,57,46
16868,note_on,6,0,1,,,,,,,,,,,,,,,,,0,,61,0
16885,note_on,17,0,1,,,,,,,,,,,,,,,,,0,,30,0
16898,note_on,13,0,1,,,,,,,,,,,,,,,,,0,,64,0
16900,note_on,0,0,1,,,,,,,,,,,,,,,,,0,,42,0
16900,note_on,2,0,1,,,,,,,,,,,,,,,,,0,,68,0
16915,control_change,15,0,1,,,,,,,,,,,,,,,64,0,0,,,
16921,note_on,0,0,1,,,,,,,,,,,,,,,,,0,,66,57
16921,note_on,6,0,1,,,,,,,,,,,,,,,,,0,,64,41
16922,note_on,0,0,1,,,,,,,,,,,,,,,,,0,,32,56
16922,note_on,1,0,1,,,,,,,,,,,,,,,,,0,,61,51
16922,note_on,0,0,1,,,,,,,,,,,,,,,,,0,,44,56
16932,note_on,10,0,1,,,,,,,,,,,,,,,,,0,,57,0
16980,note_on,48,0,1,,,,,,,,,,,,,,,,,0,,61,0
16982,note_on,2,0,1,,,,,,,,,,,,,,,,,0,,63,52
17042,note_on,60,0,1,,,,,,,,,,,,,,,,,0,,60,52
17050,note_on,8,0,1,,,,,,,,,,,,,,,,,0,,63,0
17101,note_on,51,0,1,,,,,,,,,,,,,,,,,0,,60,0
17102,note_on,1,0,1,,,,,,,,,,,,,,,,,0,,63,50
17138,note_on,0,0,1,,,,,,,,,,,,,,,,,0,,44,0
17138,note_on,36,0,1,,,,,,,,,,,,,,,,,0,,32,0
17159,note_on,21,0,1,,,,,,,,,,,,,,,,,0,,64,0
17160,note_on,1,0,1,,,,,,,,,,,,,,,,,0,,66,0
17161,note_on,1,0,1,,,,,,,,,,,,,,,,,0,,45,58
17161,note_on,0,0,1,,,,,,,,,,,,,,,,,0,,33,58
17162,note_on,1,0,1,,,,,,,,,,,,,,,,,0,,61,49
17168,control_change,6,0,1,,,,,,,,,,,,,,,64,127,0,,,
17172,note_on,4,0,1,,,,,,,,,,,,,,,,,0,,63,0
17221,note_on,49,0,1,,,,,,,,,,,,,,,,,0,,54,50
17222,note_on,1,0,1,,,,,,,,,,,,,,,,,0,,61,0
17245,control_change,23,0,1,,,,,,,,,,,,,,,64,0,0,,,
17254,note_on,9,0,1,,,,,,,,,,,,,,,,,0,,33,0
17259,note_on,5,0,1,,,,,,,,,,,,,,,,,0,,45,0
17268,note_on,9,0,1,,,,,,,,,,,,,,,,,0,,54,0
17281,note_on,13,0,1,,,,,,,,,,,,,,,,,0,,64,49
17281,note_on,0,0,1,,,,,,,,,,,,,,,,,0,,69,64
17282,note_on,1,0,1,,,,,,,,,,,,,,,,,0,,61,55
17282,note_on,0,0,1,,,,,,,,,,,,,,,,,0,,47,64
17282,note_on,0,0,1,,,,,,,,,,,,,,,,,0,,35,64
17285,control_change,3,0,1,,,,,,,,,,,,,,,64,127,0,,,
17341,note_on,56,0,1,,,,,,,,,,,,,,,,,0,,63,55
17348,note_on,7,0,1,,,,,,,,,,,,,,,,,0,,61,0
17393,control_change,45,0,1,,,,,,,,,,,,,,,64,0,0,,,
17402,note_on,9,0,1,,,,,,,,,,,,,,,,,0,,60,55
17412,note_on,10,0,1,,,,,,,,,,,,,,,,,0,,63,0
17459,note_on,47,0,1,,,,,,,,,,,,,,,,,0,,60,0
17461,note_on,2,0,1,,,,,,,,,,,,,,,,,0,,63,54
17521,note_on,60,0,1,,,,,,,,,,,,,,,,,0,,61,53
17524,control_change,3,0,1,,,,,,,,,,,,,,,64,127,0,,,
17541,note_on,17,0,1,,,,,,,,,,,,,,,,,0,,63,0
17581,note_on,40,0,1,,,,,,,,,,,,,,,,,0,,54,52
17587,note_on,6,0,1,,,,,,,,,,,,,,,,,0,,61,0
17609,note_on,22,0,1,,,,,,,,,,,,,,,,,0,,47,0
17615,note_on,6,0,1,,,,,,,,,,,,,,,,,0,,64,0
17616,note_on,1,0,1,,,,,,,,,,,,,,,,,0,,69,0
17633,note_on,17,0,1,,,,,,,,,,,,,,,,,0,,54,0
17635,control_change,2,0,1,,,,,,,,,,,,,,,64,0,0,,,
17641,note_on,0,0,1,,,,,,,,,,,,,,,,,0,,68,69
17641,note_on,0,0,1,,,,,,,,,,,,,,,,,0,,59,55
17641,note_on,0,0,1,,,,,,,,,,,,,,,,,0,,47,65
17641,note_on,6,0,1,,,,,,,,,,,,,,,,,0,,63,47
17701,note_on,60,0,1,,,,,,,,,,,,,,,,,0,,61,46
17709,note_on,8,0,1,,,,,,,,,,,,,,,,,0,,59,0
17761,note_on,52,0,1,,,,,,,,,,,,,,,,,0,,57,51
17767,note_on,6,0,1,,,,,,,,,,,,,,,,,0,,61,0
17821,note_on,54,0,1,,,,,,,,,,,,,,,,,0,,57,0
17821,note_on,0,0,1,,,,,,,,,,,,,,,,,0,,61,52
17836,note_on,15,0,1,,,,,,,,,,,,,,,,,0,,47,0
17845,note_on,9,0,1,,,,,,,,,,,,,,,,,0,,68,0
17853,note_on,8,0,1,,,,,,,,,,,,,,,,,0,,63,0
17878,control_change,25,0,1,,,,,,,,,,,,,,,64,127,0,,,
17881,note_on,0,0,1,,,,,,,,,,,,,,,,,0,,47,61
17881,note_on,3,0,1,,,,,,,,,,,,,,,,,0,,63,43
17881,note_on,0,0,1,,,,,,,,,,,,,,,,,0,,66,63
17881,note_on,0,0,1,,,,,,,,,,,,,,,,,0,,59,50
17899,note_on,18,0,1,,,,,,,,,,,,,,,,,0,,61,0
17937,note_on,38,0,1,,,,,,,,,,,,,,,,,0,,59,0
17939,note_on,2,0,1,,,,,,,,,,,,,,,,,0,,54,51
17955,note_on,16,0,1,,,,,,,,,,,,,,,,,0,,35,0
17964,note_on,9,0,1,,,,,,,,,,,,,,,,,0,,47,0
17966,control_change,2,0,1,,,,,,,,,,,,,,,64,0,0,,,
17971,note_on,5,0,1,,,,,,,,,,,,,,,,,0,,66,0
17971,note_on,0,0,1,,,,,,,,,,,,,,,,,0,,63,0
17990,note_on,19,0,1,,,,,,,,,,,,,,,,,0,,54,0
17996,control_change,6,0,1,,,,,,,,,,,,,,,64,127,0,,,
18001,note_on,5,0,1,,,,,,,,,,,,,,,,,0,,63,43
18001,note_on,0,0,1,,,,,,,,,,,,,,,,,0,,66,63
18001,note_on,0,0,1,,,,,,,,,,,,,,,,,0,,59,50
18001,note_on,0,0,1,,,,,,,,,,,,,,,,,0,,40,60
18001,note_on,0,0,1,,,,,,,,,,,,,,,,,0,,47,60
18061,note_on,60,0,1,,,,,,,,,,,,,,,,,0,,61,48
18067,note_on,6,0,1,,,,,,,,,,,,,,,,,0,,59,0
18121,note_on,54,0,1,,,,,,,,,,,,,,,,,0,,57,49
18127,note_on,6,0,1,,,,,,,,,,,,,,,,,0,,61,0
18179,note_on,52,0,1,,,,,,,,,,,,,,,,,0,,61,49
18186,note_on,7,0,1,,,,,,,,,,,,,,,,,0,,57,0
18196,control_change,10,0,1,,,,,,,,,,,,,,,64,0,0,,,
18230,control_change,34,0,1,,,,,,,,,,,,,,,64,127,0,,,
18240,note_on,10,0,1,,,,,,,,,,,,,,,,,0,,59,37
18241,note_on,1,0,1,,,,,,,,,,,,,,,,,0,,68,59
18241,note_on,0,0,1,,,,,,,,,,,,,,,,,0,,64,41
18254,note_on,13,0,1,,,,,,,,,,,,,,,,,0,,61,0
18260,note_on,6,0,1,,,,,,,,,,,,,,,,,0,,66,0
18261,note_on,1,0,1,,,,,,,,,,,,,,,,,0,,63,0
18299,note_on,38,0,1,,,,,,,,,,,,,,,,,0,,59,0
18301,note_on,2,0,1,,,,,,,,,,,,,,,,,0,,56,48
18324,note_on,23,0,1,,,,,,,,,,,,,,,,,0,,68,0
18324,note_on,0,0,1,,,,,,,,,,,,,,,,,0,,64,0
18359,note_on,0,0,1,,,,,,,,,,,,,,,,,0,,68,57
18359,note_on,35,0,1,,,,,,,,,,,,,,,,,0,,64,37
18360,note_on,1,0,1,,,,,,,,,,,,,,,,,0,,59,47
18366,note_on,6,0,1,,,,,,,,,,,,,,,,,0,,56,0
18414,note_on,48,0,1,,,,,,,,,,,,,,,,,0,,59,0
18419,note_on,5,0,1,,,,,,,,,,,,,,,,,0,,61,47
18479,note_on,60,0,1,,,,,,,,,,,,,,,,,0,,57,45
18484,control_change,5,0,1,,,,,,,,,,,,,,,64,0,0,,,
18486,note_on,2,0,1,,,,,,,,,,,,,,,,,0,,61,0
18539,note_on,53,0,1,,,,,,,,,,,,,,,,,0,,61,47
18540,note_on,1,0,1,,,,,,,,,,,,,,,,,0,,57,0
18599,note_on,59,0,1,,,,,,,,,,,,,,,,,0,,59,43
18599,control_change,0,0,1,,,,,,,,,,,,,,,64,127,0,,,
18627,note_on,28,0,1,,,,,,,,,,,,,,,,,0,,61,0
18650,note_on,23,0,1,,,,,,,,,,,,,,,,,0,,59,0
18659,note_on,9,0,1,,,,,,,,,,,,,,,,,0,,56,42
18684,note_on,25,0,1,,,,,,,,,,,,,,,,,0,,68,0
18685,note_on,1,0,1,,,,,,,,,,,,,,,,,0,,64,0
18693,note_on,8,0,1,,,,,,,,,,,,,,,,,0,,40,0
18700,note_on,7,0,1,,,,,,,,,,,,,,,,,0,,47,0
18719,note_on,19,0,1,,,,,,,,,,,,,,,,,0,,66,43
18720,note_on,1,0,1,,,,,,,,,,,,,,,,,0,,68,54
18721,note_on,1,0,1,,,,,,,,,,,,,,,,,0,,56,0
18721,note_on,0,0,1,,,,,,,,,,,,,,,,,0,,63,43
18721,note_on,0,0,1,,,,,,,,,,,,,,,,,0,,48,60
18721,note_on,0,0,1,,,,,,,,,,,,,,,,,0,,36,60
18728,control_change,7,0,1,,,,,,,,,,,,,,,64,0,0,,,
18781,note_on,53,0,1,,,,,,,,,,,,,,,,,0,,64,42
18788,note_on,7,0,1,,,,,,,,,,,,,,,,,0,,63,0
18841,note_on,53,0,1,,,,,,,,,,,,,,,,,0,,62,41
18848,note_on,7,0,1,,,,,,,,,,,,,,,,,0,,64,0
18901,note_on,53,0,1,,,,,,,,,,,,,,,,,0,,64,42
18908,note_on,7,0,1,,,,,,,,,,,,,,,,,0,,62,0
18961,control_change,0,0,1,,,,,,,,,,,,,,,64,127,0,,,
18961,note_on,53,0,1,,,,,,,,,,,,,,,,,0,,63,43
18987,note_on,26,0,1,,,,,,,,,,,,,,,,,0,,64,0
19021,note_on,34,0,1,,,,,,,,,,,,,,,,,0,,56,43
19028,note_on,7,0,1,,,,,,,,,,,,,,,,,0,,63,0
19037,note_on,9,0,1,,,,,,,,,,,,,,,,,0,,36,0
19042,note_on,5,0,1,,,,,,,,,,,,,,,,,0,,48,0
19070,note_on,28,0,1,,,,,,,,,,,,,,,,,0,,66,0
19070,note_on,0,0,1,,,,,,,,,,,,,,,,,0,,68,0
19078,control_change,8,0,1,,,,,,,,,,,,,,,64,0,0,,,
19081,note_on,0,0,1,,,,,,,,,,,,,,,,,0,,37,61
19081,note_on,0,0,1,,,,,,,,,,,,,,,,,0,,49,61
19081,note_on,0,0,1,,,,,,,,,,,,,,,,,0,,61,44
19081,note_on,0,0,1,,,,,,,,,,,,,,,,,0,,64,54
19081,note_on,3,0,1,,,,,,,,,,,,,,,,,0,,68,54
19082,note_on,1,0,1,,,,,,,,,,,,,,,,,0,,56,0
19139,note_on,57,0,1,,,,,,,,,,,,,,,,,0,,63,45
19147,note_on,8,0,1,,,,,,,,,,,,,,,,,0,,61,0
19199,note_on,52,0,1,,,,,,,,,,,,,,,,,0,,60,46
19201,note_on,2,0,1,,,,,,,,,,,,,,,,,0,,63,0
19261,note_on,60,0,1,,,,,,,,,,,,,,,,,0,,63,46
19278,note_on,17,0,1,,,,,,,,,,,,,,,,,0,,60,0
19290,note_on,12,0,1,,,,,,,,,,,,,,,,,0,,64,0
19295,note_on,5,0,1,,,,,,,,,,,,,,,,,0,,68,0
19316,control_change,21,0,1,,,,,,,,,,,,,,,64,127,0,,,
19320,note_on,4,0,1,,,,,,,,,,,,,,,,,0,,68,59
19321,note_on,0,0,1,,,,,,,,,,,,,,,,,0,,61,47
19321,note_on,1,0,1,,,,,,,,,,,,,,,,,0,,64,59
19326,note_on,5,0,1,,,,,,,,,,,,,,,,,0,,63,0
19381,note_on,55,0,1,,,,,,,,,,,,,,,,,0,,56,49
19394,note_on,13,0,1,,,,,,,,,,,,,,,,,0,,61,0
19402,control_change,8,0,1,,,,,,,,,,,,,,,64,0,0,,,
19421,note_on,19,0,1,,,,,,,,,,,,,,,,,0,,64,0
19422,note_on,1,0,1,,,,,,,,,,,,,,,,,0,,68,0
19423,note_on,1,0,1,,,,,,,,,,,,,,,,,0,,49,0
19432,note_on,9,0,1,,,,,,,,,,,,,,,,,0,,37,0
19433,control_change,1,0,1,,,,,,,,,,,,,,,64,127,0,,,
19441,note_on,0,0,1,,,,,,,,,,,,,,,,,0,,68,62
19441,note_on,0,0,1,,,,,,,,,,,,,,,,,0,,73,62
19441,note_on,8,0,1,,,,,,,,,,,,,,,,,0,,56,0
19441,note_on,0,0,1,,,,,,,,,,,,,,,,,0,,44,60
19441,note_on,0,0,1,,,,,,,,,,,,,,,,,0,,63,50
19501,note_on,60,0,1,,,,,,,,,,,,,,,,,0,,64,49
19507,note_on,6,0,1,,,,,,,,,,,,,,,,,0,,63,0
19553,control_change,46,0,1,,,,,,,,,,,,,,,64,0,0,,,
19561,note_on,8,0,1,,,,,,,,,,,,,,,,,0,,62,49
19568,note_on,7,0,1,,,,,,,,,,,,,,,,,0,,64,0
19619,note_on,51,0,1,,,,,,,,,,,,,,,,,0,,64,47
19622,note_on,3,0,1,,,,,,,,,,,,,,,,,0,,62,0
19681,note_on,59,0,1,,,,,,,,,,,,,,,,,0,,63,46
19693,control_change,12,0,1,,,,,,,,,,,,,,,64,127,0,,,
19708,note_on,15,0,1,,,,,,,,,,,,,,,,,0,,64,0
19741,note_on,33,0,1,,,,,,,,,,,,,,,,,0,,56,47
19749,note_on,8,0,1,,,,,,,,,,,,,,,,,0,,63,0
19795,note_on,46,0,1,,,,,,,,,,,,,,,,,0,,68,0
19801,note_on,6,0,1,,,,,,,,,,,,,,,,,0,,68,53
19801,note_on,0,0,1,,,,,,,,,,,,,,,,,0,,63,42
19802,note_on,1,0,1,,,,,,,,,,,,,,,,,0,,73,0
19802,note_on,0,0,1,,,,,,,,,,,,,,,,,0,,72,54
19816,control_change,14,0,1,,,,,,,,,,,,,,,64,0,0,,,
19825,note_on,9,0,1,,,,,,,,,,,,,,,,,0,,56,0
19861,note_on,36,0,1,,,,,,,,,,,,,,,,,0,,64,40
19866,note_on,5,0,1,,,,,,,,,,,,,,,,,0,,63,0
19921,note_on,55,0,1,,,,,,,,,,,,,,,,,0,,62,40
19932,note_on,11,0,1,,,,,,,,,,,,,,,,,0,,64,0
19981,note_on,49,0,1,,,,,,,,,,,,,,,,,0,,64,43
19984,note_on,3,0,1,,,,,,,,,,,,,,,,,0,,62,0
20028,note_on,44,0,1,,,,,,,,,,,,,,,,,0,,72,0
20035,note_on,7,0,1,,,,,,,,,,,,,,,,,0,,68,0
20041,note_on,6,0,1,,,,,,,,,,,,,,,,,0,,63,43
20045,control_change,4,0,1,,,,,,,,,,,,,,,64,127,0,,,
20056,note_on,11,0,1,,,,,,,,,,,,,,,,,0,,64,0
20101,note_on,45,0,1,,,,,,,,,,,,,,,,,0,,56,42
20109,note_on,8,0,1,,,,,,,,,,,,,,,,,0,,63,0
20127,note_on,18,0,1,,,,,,,,,,,,,,,,,0,,44,0
20153,note_on,26,0,1,,,,,,,,,,,,,,,,,0,,56,0
20161,note_on,8,0,1,,,,,,,,,,,,,,,,,0,,68,63
20161,note_on,0,0,1,,,,,,,,,,,,,,,,,0,,66,44
20161,note_on,0,0,1,,,,,,,,,,,,,,,,,0,,63,44
20161,note_on,0,0,1,,,,,,,,,,,,,,,,,0,,48,52
20161,note_on,0,0,1,,,,,,,,,,,,,,,,,0,,36,52
20220,note_on,59,0,1,,,,,,,,,,,,,,,,,0,,64,47
20226,note_on,6,0,1,,,,,,,,,,,,,,,,,0,,63,0
20280,note_on,54,0,1,,,,,,,,,,,,,,,,,0,,62,51
20283,note_on,3,0,1,,,,,,,,,,,,,,,,,0,,64,0
20340,note_on,57,0,1,,,,,,,,,,,,,,,,,0,,64,40
20348,note_on,8,0,1,,,,,,,,,,,,,,,,,0,,62,0
20370,control_change,22,0,1,,,,,,,,,,,,,,,64,0,0,,,
20392,control_change,22,0,1,,,,,,,,,,,,,,,64,127,0,,,
20399,note_on,7,0,1,,,,,,,,,,,,,,,,,0,,63,47
20411,note_on,12,0,1,,,,,,,,,,,,,,,,,0,,64,0
20460,note_on,49,0,1,,,,,,,,,,,,,,,,,0,,56,49
20469,note_on,9,0,1,,,,,,,,,,,,,,,,,0,,63,0
20481,note_on,12,0,1,,,,,,,,,,,,,,,,,0,,36,0
20482,note_on,1,0,1,,,,,,,,,,,,,,,,,0,,48,0
20490,note_on,8,0,1,,,,,,,,,,,,,,,,,0,,66,0
20492,note_on,2,0,1,,,,,,,,,,,,,,,,,0,,68,0
20519,note_on,0,0,1,,,,,,,,,,,,,,,,,0,,64,52
20519,note_on,27,0,1,,,,,,,,,,,,,,,,,0,,68,62
20521,note_on,2,0,1,,,,,,,,,,,,,,,,,0,,61,55
20521,note_on,0,0,1,,,,,,,,,,,,,,,,,0,,37,62
20521,control_change,0,0,1,,,,,,,,,,,,,,,64,0,0,,,
20521,note_on,0,0,1,,,,,,,,,,,,,,,,,0,,49,62
20542,note_on,21,0,1,,,,,,,,,,,,,,,,,0,,56,0
20579,note_on,37,0,1,,,,,,,,,,,,,,,,,0,,63,53
20586,note_on,7,0,1,,,,,,,,,,,,,,,,,0,,61,0
20639,note_on,0,0,1,,,,,,,,,,,,,,,,,0,,60,52
20639,note_on,53,0,1,,,,,,,,,,,,,,,,,0,,63,0
20699,note_on,60,0,1,,,,,,,,,,,,,,,,,0,,63,52
20708,note_on,9,0,1,,,,,,,,,,,,,,,,,0,,60,0
20729,note_on,21,0,1,,,,,,,,,,,,,,,,,0,,64,0
20737,note_on,8,0,1,,,,,,,,,,,,,,,,,0,,68,0
20759,note_on,0,0,1,,,,,,,,,,,,,,,,,0,,61,49
20759,note_on,0,0,1,,,,,,,,,,,,,,,,,0,,64,54
20759,control_change,0,0,1,,,,,,,,,,,,,,,64,127,0,,,
20759,note_on,22,0,1,,,,,,,,,,,,,,,,,0,,68,64
20766,note_on,7,0,1,,,,,,,,,,,,,,,,,0,,63,0
20819,note_on,53,0,1,,,,,,,,,,,,,,,,,0,,56,52
20827,note_on,8,0,1,,,,,,,,,,,,,,,,,0,,61,0
20828,note_on,1,0,1,,,,,,,,,,,,,,,,,0,,49,0
20843,note_on,15,0,1,,,,,,,,,,,,,,,,,0,,64,0
20846,note_on,3,0,1,,,,,,,,,,,,,,,,,0,,68,0
20850,note_on,4,0,1,,,,,,,,,,,,,,,,,0,,37,0
20875,control_change,0,0,1,,,,,,,,,,,,,,,64,0,0,,,
20875,note_on,25,0,1,,,,,,,,,,,,,,,,,0,,56,0
20879,note_on,0,0,1,,,,,,,,,,,,,,,,,0,,44,71
20879,note_on,4,0,1,,,,,,,,,,,,,,,,,0,,76,68
20880,note_on,1,0,1,,,,,,,,,,,,,,,,,0,,32,71
20881,note_on,1,0,1,,,,,,,,,,,,,,,,,0,,72,49
20881,note_on,0,0,1,,,,,,,,,,,,,,,,,0,,68,48
20886,control_change,5,0,1,,,,,,,,,,,,,,,64,127,0,,,
20941,note_on,55,0,1,,,,,,,,,,,,,,,,,0,,69,43
20951,note_on,10,0,1,,,,,,,,,,,,,,,,,0,,68,0
21001,note_on,50,0,1,,,,,,,,,,,,,,,,,0,,67,44
21008,note_on,7,0,1,,,,,,,,,,,,,,,,,0,,69,0
21011,control_change,3,0,1,,,,,,,,,,,,,,,64,0,0,,,
21061,note_on,50,0,1,,,,,,,,,,,,,,,,,0,,69,40
21066,note_on,5,0,1,,,,,,,,,,,,,,,,,0,,67,0
21121,note_on,55,0,1,,,,,,,,,,,,,,,,,0,,68,42
21121,control_change,0,0,1,,,,,,,,,,,,,,,64,127,0,,,
21138,note_on,17,0,1,,,,,,,,,,,,,,,,,0,,69,0
21181,note_on,43,0,1,,,,,,,,,,,,,,,,,0,,63,45
21188,note_on,7,0,1,,,,,,,,,,,,,,,,,0,,68,0
21210,note_on,22,0,1,,,,,,,,,,,,,,,,,0,,72,0
21220,note_on,10,0,1,,,,,,,,,,,,,,,,,0,,76,0
21241,note_on,0,0,1,,,,,,,,,,,,,,,,,0,,68,47
21241,note_on,0,0,1,,,,,,,,,,,,,,,,,0,,75,56
21241,note_on,21,0,1,,,,,,,,,,,,,,,,,0,,72,46
21250,control_change,9,0,1,,,,,,,,,,,,,,,64,0,0,,,
21257,note_on,7,0,1,,,,,,,,,,,,,,,,,0,,63,0
21301,note_on,44,0,1,,,,,,,,,,,,,,,,,0,,69,40
21313,note_on,12,0,1,,,,,,,,,,,,,,,,,0,,68,0
21361,note_on,48,0,1,,,,,,,,,,,,,,,,,0,,67,41
21369,note_on,8,0,1,,,,,,,,,,,,,,,,,0,,69,0
21421,note_on,52,0,1,,,,,,,,,,,,,,,,,0,,69,40
21433,note_on,12,0,1,,,,,,,,,,,,,,,,,0,,67,0
21478,control_change,45,0,1,,,,,,,,,,,,,,,64,127,0,,,
21481,note_on,3,0,1,,,,,,,,,,,,,,,,,0,,68,35
21490,note_on,9,0,1,,,,,,,,,,,,,,,,,0,,69,0
21536,note_on,46,0,1,,,,,,,,,,,,,,,,,0,,44,0
21537,note_on,1,0,1,,,,,,,,,,,,,,,,,0,,32,0
21540,note_on,3,0,1,,,,,,,,,,,,,,,,,0,,63,32
21550,note_on,10,0,1,,,,,,,,,,,,,,,,,0,,68,0
21563,note_on,13,0,1,,,,,,,,,,,,,,,,,0,,75,0
21568,note_on,5,0,1,,,,,,,,,,,,,,,,,0,,72,0
21586,note_on,18,0,1,,,,,,,,,,,,,,,,,0,,63,0
21601,note_on,0,0,1,,,,,,,,,,,,,,,,,0,,36,50
21601,note_on,0,0,1,,,,,,,,,,,,,,,,,0,,48,50
21601,note_on,0,0,1,,,,,,,,,,,,,,,,,0,,63,42
21601,note_on,15,0,1,,,,,,,,,,,,,,,,,0,,66,42
21601,note_on,0,0,1,,,,,,,,,,,,,,,,,0,,68,52
21603,control_change,2,0,1,,,,,,,,,,,,,,,64,0,0,,,
21661,note_on,58,0,1,,,,,,,,,,,,,,,,,0,,64,41
21672,note_on,11,0,1,,,,,,,,,,,,,,,,,0,,63,0
21721,note_on,49,0,1,,,,,,,,,,,,,,,,,0,,62,43
21725,note_on,4,0,1,,,,,,,,,,,,,,,,,0,,64,0
21779,note_on,54,0,1,,,,,,,,,,,,,,,,,0,,64,42
21783,note_on,4,0,1,,,,,,,,,,,,,,,,,0,,62,0
21838,control_change,55,0,1,,,,,,,,,,,,,,,64,127,0,,,
21839,note_on,1,0,1,,,,,,,,,,,,,,,,,0,,63,44
21850,note_on,11,0,1,,,,,,,,,,,,,,,,,0,,64,0
21899,note_on,49,0,1,,,,,,,,,,,,,,,,,0,,56,41
21901,note_on,2,0,1,,,,,,,,,,,,,,,,,0,,36,0
21908,note_on,7,0,1,,,,,,,,,,,,,,,,,0,,63,0
21910,note_on,2,0,1,,,,,,,,,,,,,,,,,0,,48,0
21930,note_on,20,0,1,,,,,,,,,,,,,,,,,0,,66,0
21935,note_on,5,0,1,,,,,,,,,,,,,,,,,0,,68,0
21953,control_change,18,0,1,,,,,,,,,,,,,,,64,0,0,,,
21954,note_on,1,0,1,,,,,,,,,,,,,,,,,0,,56,0
21961,note_on,0,0,1,,,,,,,,,,,,,,,,,0,,65,43
21961,note_on,0,0,1,,,,,,,,,,,,,,,,,0,,39,54
21961,note_on,0,0,1,,,,,,,,,,,,,,,,,0,,51,54
21961,note_on,0,0,1,,,,,,,,,,,,,,,,,0,,71,53
21961,note_on,7,0,1,,,,,,,,,,,,,,,,,0,,68,43
22021,note_on,0,0,1,,,,,,,,,,,,,,,,,0,,66,37
22021,note_on,60,0,1,,,,,,,,,,,,,,,,,0,,65,0
22081,note_on,60,0,1,,,,,,,,,,,,,,,,,0,,64,37
22086,note_on,5,0,1,,,,,,,,,,,,,,,,,0,,66,0
22141,note_on,55,0,1,,,,,,,,,,,,,,,,,0,,66,36
22152,note_on,11,0,1,,,,,,,,,,,,,,,,,0,,64,0
22163,note_on,11,0,1,,,,,,,,,,,,,,,,,0,,71,0
22165,note_on,2,0,1,,,,,,,,,,,,,,,,,0,,68,0
22189,control_change,24,0,1,,,,,,,,,,,,,,,64,127,0,,,
22199,note_on,10,0,1,,,,,,,,,,,,,,,,,0,,68,42
22199,note_on,0,0,1,,,,,,,,,,,,,,,,,0,,71,55
22201,note_on,2,0,1,,,,,,,,,,,,,,,,,0,,65,47
22213,note_on,12,0,1,,,,,,,,,,,,,,,,,0,,66,0
22261,note_on,48,0,1,,,,,,,,,,,,,,,,,0,,59,49
22266,note_on,5,0,1,,,,,,,,,,,,,,,,,0,,65,0
22287,note_on,21,0,1,,,,,,,,,,,,,,,,,0,,51,0
22291,note_on,4,0,1,,,,,,,,,,,,,,,,,0,,39,0
22298,note_on,0,0,1,,,,,,,,,,,,,,,,,0,,71,0
22298,note_on,7,0,1,,,,,,,,,,,,,,,,,0,,68,0
22308,note_on,10,0,1,,,,,,,,,,,,,,,,,0,,59,0
22309,control_change,1,0,1,,,,,,,,,,,,,,,64,0,0,,,
22321,note_on,0,0,1,,,,,,,,,,,,,,,,,0,,65,52
22321,note_on,0,0,1,,,,,,,,,,,,,,,,,0,,68,45
22321,note_on,12,0,1,,,,,,,,,,,,,,,,,0,,71,58
22321,note_on,0,0,1,,,,,,,,,,,,,,,,,0,,38,57
22321,note_on,0,0,1,,,,,,,,,,,,,,,,,0,,50,57
22381,note_on,60,0,1,,,,,,,,,,,,,,,,,0,,66,42
22382,note_on,1,0,1,,,,,,,,,,,,,,,,,0,,65,0
22441,note_on,59,0,1,,,,,,,,,,,,,,,,,0,,64,42
22447,note_on,6,0,1,,,,,,,,,,,,,,,,,0,,66,0
22500,note_on,53,0,1,,,,,,,,,,,,,,,,,0,,66,46
22506,note_on,6,0,1,,,,,,,,,,,,,,,,,0,,64,0
22530,note_on,24,0,1,,,,,,,,,,,,,,,,,0,,71,0
22534,note_on,4,0,1,,,,,,,,,,,,,,,,,0,,68,0
22547,control_change,13,0,1,,,,,,,,,,,,,,,64,127,0,,,
22561,note_on,0,0,1,,,,,,,,,,,,,,,,,0,,70,59
22561,note_on,0,0,1,,,,,,,,,,,,,,,,,0,,65,52
22561,note_on,14,0,1,,,,,,,,,,,,,,,,,0,,68,42
22579,note_on,18,0,1,,,,,,,,,,,,,,,,,0,,66,0
22619,note_on,40,0,1,,,,,,,,,,,,,,,,,0,,58,52
22621,note_on,2,0,1,,,,,,,,,,,,,,,,,0,,65,0
22624,note_on,3,0,1,,,,,,,,,,,,,,,,,0,,38,0
22634,note_on,10,0,1,,,,,,,,,,,,,,,,,0,,50,0
22655,note_on,21,0,1,,,,,,,,,,,,,,,,,0,,68,0
22658,note_on,3,0,1,,,,,,,,,,,,,,,,,0,,70,0
22663,control_change,5,0,1,,,,,,,,,,,,,,,64,0,0,,,
22679,note_on,16,0,1,,,,,,,,,,,,,,,,,0,,67,49
22681,note_on,0,0,1,,,,,,,,,,,,,,,,,0,,53,61
22681,note_on,0,0,1,,,,,,,,,,,,,,,,,0,,41,61
22681,note_on,2,0,1,,,,,,,,,,,,,,,,,0,,70,42
22682,note_on,1,0,1,,,,,,,,,,,,,,,,,0,,58,0
22682,note_on,0,0,1,,,,,,,,,,,,,,,,,0,,73,62
22736,note_on,54,0,1,,,,,,,,,,,,,,,,,0,,67,0
22739,note_on,3,0,1,,,,,,,,,,,,,,,,,0,,68,50
22799,note_on,60,0,1,,,,,,,,,,,,,,,,,0,,66,52
22810,note_on,11,0,1,,,,,,,,,,,,,,,,,0,,68,0
22859,note_on,49,0,1,,,,,,,,,,,,,,,,,0,,68,52
22866,note_on,7,0,1,,,,,,,,,,,,,,,,,0,,66,0
22871,note_on,5,0,1,,,,,,,,,,,,,,,,,0,,70,0
22876,note_on,5,0,1,,,,,,,,,,,,,,,,,0,,73,0
22903,control_change,27,0,1,,,,,,,,,,,,,,,64,127,0,,,
22919,note_on,16,0,1,,,,,,,,,,,,,,,,,0,,73,64
22919,note_on,0,0,1,,,,,,,,,,,,,,,,,0,,67,52
22919,note_on,0,0,1,,,,,,,,,,,,,,,,,0,,70,44
22930,note_on,11,0,1,,,,,,,,,,,,,,,,,0,,68,0
22979,note_on,49,0,1,,,,,,,,,,,,,,,,,0,,61,52
22985,note_on,6,0,1,,,,,,,,,,,,,,,,,0,,67,0
22995,note_on,10,0,1,,,,,,,,,,,,,,,,,0,,53,0
22997,note_on,2,0,1,,,,,,,,,,,,,,,,,0,,41,0
23009,note_on,12,0,1,,,,,,,,,,,,,,,,,0,,70,0
23011,note_on,2,0,1,,,,,,,,,,,,,,,,,0,,73,0
23018,control_change,7,0,1,,,,,,,,,,,,,,,64,0,0,,,
23036,note_on,18,0,1,,,,,,,,,,,,,,,,,0,,61,0
23039,note_on,0,0,1,,,,,,,,,,,,,,,,,0,,70,41
23039,note_on,3,0,1,,,,,,,,,,,,,,,,,0,,73,65
23040,note_on,1,0,1,,,,,,,,,,,,,,,,,0,,67,52
23041,note_on,1,0,1,,,,,,,,,,,,,,,,,0,,52,65
23041,note_on,0,0,1,,,,,,,,,,,,,,,,,0,,40,65
23097,note_on,56,0,1,,,,,,,,,,,,,,,,,0,,67,0
23099,note_on,2,0,1,,,,,,,,,,,,,,,,,0,,68,55
23159,note_on,60,0,1,,,,,,,,,,,,,,,,,0,,66,54
23171,note_on,12,0,1,,,,,,,,,,,,,,,,,0,,68,0
23219,note_on,48,0,1,,,,,,,,,,,,,,,,,0,,68,53
23227,note_on,8,0,1,,,,,,,,,,,,,,,,,0,,66,0
23259,note_on,32,0,1,,,,,,,,,,,,,,,,,0,,70,0
23267,note_on,8,0,1,,,,,,,,,,,,,,,,,0,,73,0
23275,control_change,8,0,1,,,,,,,,,,,,,,,64,127,0,,,
23279,note_on,0,0,1,,,,,,,,,,,,,,,,,0,,67,54
23279,note_on,4,0,1,,,,,,,,,,,,,,,,,0,,70,40
23281,note_on,2,0,1,,,,,,,,,,,,,,,,,0,,72,70
23302,note_on,21,0,1,,,,,,,,,,,,,,,,,0,,68,0
23339,note_on,37,0,1,,,,,,,,,,,,,,,,,0,,60,57
23346,note_on,7,0,1,,,,,,,,,,,,,,,,,0,,40,0
23347,note_on,1,0,1,,,,,,,,,,,,,,,,,0,,67,0
23361,note_on,14,0,1,,,,,,,,,,,,,,,,,0,,52,0
23368,note_on,7,0,1,,,,,,,,,,,,,,,,,0,,70,0
23374,note_on,6,0,1,,,,,,,,,,,,,,,,,0,,72,0
23390,control_change,16,0,1,,,,,,,,,,,,,,,64,0,0,,,
23391,note_on,1,0,1,,,,,,,,,,,,,,,,,0,,60,0
23399,note_on,0,0,1,,,,,,,,,,,,,,,,,0,,55,66
23399,note_on,8,0,1,,,,,,,,,,,,,,,,,0,,75,71
23400,note_on,1,0,1,,,,,,,,,,,,,,,,,0,,72,51
23400,note_on,0,0,1,,,,,,,,,,,,,,,,,0,,43,66
23401,note_on,1,0,1,,,,,,,,,,,,,,,,,0,,69,56
23459,note_on,58,0,1,,,,,,,,,,,,,,,,,0,,70,59
23464,note_on,5,0,1,,,,,,,,,,,,,,,,,0,,69,0
23521,note_on,57,0,1,,,,,,,,,,,,,,,,,0,,68,59
23530,note_on,9,0,1,,,,,,,,,,,,,,,,,0,,70,0
23579,note_on,49,0,1,,,,,,,,,,,,,,,,,0,,70,60
23585,note_on,6,0,1,,,,,,,,,,,,,,,,,0,,68,0
23607,note_on,22,0,1,,,,,,,,,,,,,,,,,0,,72,0
23607,note_on,0,0,1,,,,,,,,,,,,,,,,,0,,75,0
23613,note_on,6,0,1,,,,,,,,,,,,,,,,,0,,43,0
23618,note_on,5,0,1,,,,,,,,,,,,,,,,,0,,55,0
23639,note_on,21,0,1,,,,,,,,,,,,,,,,,0,,75,76
23639,note_on,0,0,1,,,,,,,,,,,,,,,,,0,,69,62
23639,note_on,0,0,1,,,,,,,,,,,,,,,,,0,,72,46
23642,note_on,3,0,1,,,,,,,,,,,,,,,,,0,,54,69
23642,note_on,0,0,1,,,,,,,,,,,,,,,,,0,,42,69
23644,control_change,2,0,1,,,,,,,,,,,,,,,64,127,0,,,
23655,note_on,11,0,1,,,,,,,,,,,,,,,,,0,,70,0
23697,note_on,42,0,1,,,,,,,,,,,,,,,,,0,,69,0
23699,note_on,2,0,1,,,,,,,,,,,,,,,,,0,,63,63
23717,note_on,18,0,1,,,,,,,,,,,,,,,,,0,,54,0
23719,control_change,2,0,1,,,,,,,,,,,,,,,64,0,0,,,
23740,note_on,21,0,1,,,,,,,,,,,,,,,,,0,,75,0
23741,note_on,1,0,1,,,,,,,,,,,,,,,,,0,,42,0
23755,note_on,14,0,1,,,,,,,,,,,,,,,,,0,,72,0
23761,note_on,0,0,1,,,,,,,,,,,,,,,,,0,,51,78
23761,note_on,0,0,1,,,,,,,,,,,,,,,,,0,,39,78
23761,note_on,0,0,1,,,,,,,,,,,,,,,,,0,,69,65
23761,note_on,0,0,1,,,,,,,,,,,,,,,,,0,,72,51
23761,note_on,6,0,1,,,,,,,,,,,,,,,,,0,,78,81
23764,control_change,3,0,1,,,,,,,,,,,,,,,64,127,0,,,
23778,note_on,14,0,1,,,,,,,,,,,,,,,,,0,,63,0
23820,note_on,42,0,1,,,,,,,,,,,,,,,,,0,,70,66
23822,note_on,2,0,1,,,,,,,,,,,,,,,,,0,,69,0
23881,note_on,59,0,1,,,,,,,,,,,,,,,,,0,,68,64
23890,note_on,9,0,1,,,,,,,,,,,,,,,,,0,,70,0
23927,control_change,37,0,1,,,,,,,,,,,,,,,64,0,0,,,
23940,note_on,13,0,1,,,,,,,,,,,,,,,,,0,,70,59
23946,note_on,6,0,1,,,,,,,,,,,,,,,,,0,,68,0
23957,control_change,11,0,1,,,,,,,,,,,,,,,64,127,0,,,
24000,note_on,43,0,1,,,,,,,,,,,,,,,,,0,,69,60
24033,note_on,33,0,1,,,,,,,,,,,,,,,,,0,,70,0
24061,note_on,28,0,1,,,,,,,,,,,,,,,,,0,,66,60
24068,note_on,7,0,1,,,,,,,,,,,,,,,,,0,,69,0
24096,note_on,28,0,1,,,,,,,,,,,,,,,,,0,,78,0
24099,note_on,3,0,1,,,,,,,,,,,,,,,,,0,,72,0
24117,note_on,18,0,1,,,,,,,,,,,,,,,,,0,,66,0
24118,control_change,1,0,1,,,,,,,,,,,,,,,64,0,0,,,
24121,note_on,3,0,1,,,,,,,,,,,,,,,,,0,,72,54
24122,note_on,1,0,1,,,,,,,,,,,,,,,,,0,,77,74
24122,note_on,0,0,1,,,,,,,,,,,,,,,,,0,,69,60
24181,note_on,59,0,1,,,,,,,,,,,,,,,,,0,,70,60
24188,note_on,7,0,1,,,,,,,,,,,,,,,,,0,,69,0
24241,note_on,53,0,1,,,,,,,,,,,,,,,,,0,,68,61
24247,note_on,6,0,1,,,,,,,,,,,,,,,,,0,,70,0
24301,note_on,54,0,1,,,,,,,,,,,,,,,,,0,,70,57
24304,note_on,3,0,1,,,,,,,,,,,,,,,,,0,,68,0
24361,note_on,57,0,1,,,,,,,,,,,,,,,,,0,,69,57
24372,control_change,11,0,1,,,,,,,,,,,,,,,64,127,0,,,
24376,note_on,4,0,1,,,,,,,,,,,,,,,,,0,,70,0
24413,note_on,37,0,1,,,,,,,,,,,,,,,,,0,,77,0
24415,note_on,2,0,1,,,,,,,,,,,,,,,,,0,,72,0
24419,note_on,4,0,1,,,,,,,,,,,,,,,,,0,,66,56
24420,note_on,1,0,1,,,,,,,,,,,,,,,,,0,,69,0
24425,note_on,5,0,1,,,,,,,,,,,,,,,,,0,,51,0
24425,note_on,0,0,1,,,,,,,,,,,,,,,,,0,,39,0
24468,note_on,43,0,1,,,,,,,,,,,,,,,,,0,,66,0
24479,note_on,11,0,1,,,,,,,,,,,,,,,,,0,,65,52
24481,control_change,0,0,1,,,,,,,,,,,,,,,64,0,0,,,
24481,note_on,0,0,1,,,,,,,,,,,,,,,,,0,,38,57
24481,note_on,0,0,1,,,,,,,,,,,,,,,,,0,,50,65
24481,note_on,0,0,1,,,,,,,,,,,,,,,,,0,,70,70
24481,note_on,2,0,1,,,,,,,,,,,,,,,,,0,,68,44
24539,note_on,58,0,1,,,,,,,,,,,,,,,,,0,,66,48
24547,note_on,8,0,1,,,,,,,,,,,,,,,,,0,,65,0
24599,note_on,52,0,1,,,,,,,,,,,,,,,,,0,,64,47
24601,note_on,2,0,1,,,,,,,,,,,,,,,,,0,,66,0
24659,note_on,58,0,1,,,,,,,,,,,,,,,,,0,,66,50
24661,note_on,2,0,1,,,,,,,,,,,,,,,,,0,,64,0
24719,note_on,58,0,1,,,,,,,,,,,,,,,,,0,,65,49
24723,control_change,4,0,1,,,,,,,,,,,,,,,64,127,0,,,
24744,note_on,21,0,1,,,,,,,,,,,,,,,,,0,,66,0
24779,note_on,0,0,1,,,,,,,,,,,,,,,,,0,,58,51
24779,note_on,35,0,1,,,,,,,,,,,,,,,,,0,,65,0
24797,note_on,18,0,1,,,,,,,,,,,,,,,,,0,,70,0
24798,note_on,1,0,1,,,,,,,,,,,,,,,,,0,,68,0
24806,note_on,8,0,1,,,,,,,,,,,,,,,,,0,,50,0
24812,note_on,6,0,1,,,,,,,,,,,,,,,,,0,,38,0
24833,control_change,21,0,1,,,,,,,,,,,,,,,64,0,0,,,
24839,note_on,0,0,1,,,,,,,,,,,,,,,,,0,,64,46
24839,note_on,0,0,1,,,,,,,,,,,,,,,,,0,,68,47
24839,note_on,6,0,1,,,,,,,,,,,,,,,,,0,,70,67
24841,note_on,2,0,1,,,,,,,,,,,,,,,,,0,,49,69
24841,note_on,0,0,1,,,,,,,,,,,,,,,,,0,,37,72
24846,note_on,5,0,1,,,,,,,,,,,,,,,,,0,,58,0
24899,note_on,53,0,1,,,,,,,,,,,,,,,,,0,,66,52
24902,note_on,3,0,1,,,,,,,,,,,,,,,,,0,,64,0
24960,note_on,58,0,1,,,,,,,,,,,,,,,,,0,,63,52
24971,note_on,11,0,1,,,,,,,,,,,,,,,,,0,,66,0
25019,note_on,48,0,1,,,,,,,,,,,,,,,,,0,,66,51
25032,note_on,13,0,1,,,,,,,,,,,,,,,,,0,,63,0
25050,note_on,18,0,1,,,,,,,,,,,,,,,,,0,,68,0
25051,note_on,1,0,1,,,,,,,,,,,,,,,,,0,,70,0
25075,control_change,24,0,1,,,,,,,,,,,,,,,64,127,0,,,
25079,note_on,4,0,1,,,,,,,,,,,,,,,,,0,,70,64
25079,note_on,0,0,1,,,,,,,,,,,,,,,,,0,,67,44
25081,note_on,2,0,1,,,,,,,,,,,,,,,,,0,,64,49
25102,note_on,21,0,1,,,,,,,,,,,,,,,,,0,,66,0
25139,note_on,37,0,1,,,,,,,,,,,,,,,,,0,,58,52
25144,note_on,5,0,1,,,,,,,,,,,,,,,,,0,,64,0
25176,note_on,32,0,1,,,,,,,,,,,,,,,,,0,,67,0
25181,note_on,5,0,1,,,,,,,,,,,,,,,,,0,,70,0
25189,control_change,8,0,1,,,,,,,,,,,,,,,64,0,0,,,
25191,note_on,2,0,1,,,,,,,,,,,,,,,,,0,,37,0
25192,note_on,1,0,1,,,,,,,,,,,,,,,,,0,,49,0
25195,note_on,3,0,1,,,,,,,,,,,,,,,,,0,,58,0
25200,note_on,5,0,1,,,,,,,,,,,,,,,,,0,,70,67
25201,note_on,1,0,1,,,,,,,,,,,,,,,,,0,,67,47
25201,note_on,0,0,1,,,,,,,,,,,,,,,,,0,,64,51
25201,note_on,0,0,1,,,,,,,,,,,,,,,,,0,,36,66
25201,note_on,0,0,1,,,,,,,,,,,,,,,,,0,,48,66
25261,note_on,60,0,1,,,,,,,,,,,,,,,,,0,,65,46
25270,note_on,9,0,1,,,,,,,,,,,,,,,,,0,,64,0
25321,note_on,51,0,1,,,,,,,,,,,,,,,,,0,,62,48
25327,note_on,6,0,1,,,,,,,,,,,,,,,,,0,,65,0
25380,note_on,53,0,1,,,,,,,,,,,,,,,,,0,,65,49
25383,note_on,3,0,1,,,,,,,,,,,,,,,,,0,,62,0
25436,control_change,53,0,1,,,,,,,,,,,,,,,64,127,0,,,
25441,note_on,5,0,1,,,,,,,,,,,,,,,,,0,,64,52
25471,note_on,30,0,1,,,,,,,,,,,,,,,,,0,,65,0
25499,note_on,28,0,1,,,,,,,,,,,,,,,,,0,,58,52
25502,note_on,3,0,1,,,,,,,,,,,,,,,,,0,,64,0
25549,note_on,47,0,1,,,,,,,,,,,,,,,,,0,,67,0
25550,control_change,1,0,1,,,,,,,,,,,,,,,64,0,0,,,
25556,note_on,6,0,1,,,,,,,,,,,,,,,,,0,,70,0
25561,note_on,0,0,1,,,,,,,,,,,,,,,,,0,,66,43
25561,note_on,5,0,1,,,,,,,,,,,,,,,,,0,,69,63
25561,note_on,0,0,1,,,,,,,,,,,,,,,,,0,,63,48
25578,note_on,17,0,1,,,,,,,,,,,,,,,,,0,,58,0
25619,note_on,41,0,1,,,,,,,,,,,,,,,,,0,,65,43
25624,note_on,5,0,1,,,,,,,,,,,,,,,,,0,,63,0
25679,note_on,55,0,1,,,,,,,,,,,,,,,,,0,,62,39
25686,note_on,7,0,1,,,,,,,,,,,,,,,,,0,,65,0
25739,note_on,53,0,1,,,,,,,,,,,,,,,,,0,,65,39
25749,note_on,10,0,1,,,,,,,,,,,,,,,,,0,,62,0
25799,note_on,50,0,1,,,,,,,,,,,,,,,,,0,,63,38
25806,control_change,7,0,1,,,,,,,,,,,,,,,64,127,0,,,
25823,note_on,17,0,1,,,,,,,,,,,,,,,,,0,,65,0
25859,note_on,36,0,1,,,,,,,,,,,,,,,,,0,,57,41
25863,note_on,0,0,1,,,,,,,,,,,,,,,,,0,,63,0
25863,note_on,4,0,1,,,,,,,,,,,,,,,,,0,,48,0
25883,note_on,20,0,1,,,,,,,,,,,,,,,,,0,,66,0
25889,note_on,6,0,1,,,,,,,,,,,,,,,,,0,,69,0
25917,note_on,28,0,1,,,,,,,,,,,,,,,,,0,,36,0
25917,control_change,0,0,1,,,,,,,,,,,,,,,64,0,0,,,
25918,note_on,1,0,1,,,,,,,,,,,,,,,,,0,,57,0
25919,note_on,0,0,1,,,,,,,,,,,,,,,,,0,,47,60
25919,note_on,1,0,1,,,,,,,,,,,,,,,,,0,,35,60
25920,note_on,1,0,1,,,,,,,,,,,,,,,,,0,,69,61
25921,note_on,0,0,1,,,,,,,,,,,,,,,,,0,,63,52
25921,note_on,1,0,1,,,,,,,,,,,,,,,,,0,,66,43
25981,note_on,60,0,1,,,,,,,,,,,,,,,,,0,,65,45
25993,note_on,12,0,1,,,,,,,,,,,,,,,,,0,,63,0
26041,note_on,48,0,1,,,,,,,,,,,,,,,,,0,,62,41
26051,note_on,10,0,1,,,,,,,,,,,,,,,,,0,,65,0
26101,note_on,50,0,1,,,,,,,,,,,,,,,,,0,,65,39
26107,note_on,6,0,1,,,,,,,,,,,,,,,,,0,,62,0
26160,control_change,53,0,1,,,,,,,,,,,,,,,64,127,0,,,
26161,note_on,1,0,1,,,,,,,,,,,,,,,,,0,,63,42
26170,note_on,9,0,1,,,,,,,,,,,,,,,,,0,,65,0
26221,note_on,51,0,1,,,,,,,,,,,,,,,,,0,,57,51
26226,note_on,5,0,1,,,,,,,,,,,,,,,,,0,,63,0
26253,note_on,27,0,1,,,,,,,,,,,,,,,,,0,,66,0
26257,note_on,4,0,1,,,,,,,,,,,,,,,,,0,,69,0
26276,control_change,19,0,1,,,,,,,,,,,,,,,64,0,0,,,
26279,note_on,3,0,1,,,,,,,,,,,,,,,,,0,,68,65
26280,note_on,1,0,1,,,,,,,,,,,,,,,,,0,,65,45
26281,note_on,1,0,1,,,,,,,,,,,,,,,,,0,,62,50
26282,note_on,1,0,1,,,,,,,,,,,,,,,,,0,,57,0
26338,note_on,56,0,1,,,,,,,,,,,,,,,,,0,,62,0
26341,note_on,3,0,1,,,,,,,,,,,,,,,,,0,,63,48
26401,note_on,60,0,1,,,,,,,,,,,,,,,,,0,,61,45
26407,note_on,6,0,1,,,,,,,,,,,,,,,,,0,,63,0
26460,note_on,53,0,1,,,,,,,,,,,,,,,,,0,,63,47
26465,note_on,5,0,1,,,,,,,,,,,,,,,,,0,,61,0
26497,note_on,32,0,1,,,,,,,,,,,,,,,,,0,,68,0
26499,note_on,2,0,1,,,,,,,,,,,,,,,,,0,,65,0
26517,control_change,18,0,1,,,,,,,,,,,,,,,64,127,0,,,
26521,note_on,4,0,1,,,,,,,,,,,,,,,,,0,,68,62
26521,note_on,0,0,1,,,,,,,,,,,,,,,,,0,,65,42
26521,note_on,0,0,1,,,,,,,,,,,,,,,,,0,,62,48
26539,note_on,18,0,1,,,,,,,,,,,,,,,,,0,,63,0
26577,note_on,38,0,1,,,,,,,,,,,,,,,,,0,,62,0
26581,note_on,4,0,1,,,,,,,,,,,,,,,,,0,,56,41
26615,note_on,34,0,1,,,,,,,,,,,,,,,,,0,,47,0
26622,note_on,7,0,1,,,,,,,,,,,,,,,,,0,,68,0
26623,note_on,1,0,1,,,,,,,,,,,,,,,,,0,,65,0
26628,control_change,5,0,1,,,,,,,,,,,,,,,64,0,0,,,
26635,note_on,7,0,1,,,,,,,,,,,,,,,,,0,,35,0
26641,note_on,0,0,1,,,,,,,,,,,,,,,,,0,,34,60
26641,note_on,6,0,1,,,,,,,,,,,,,,,,,0,,68,54
26641,note_on,0,0,1,,,,,,,,,,,,,,,,,0,,61,49
26641,note_on,0,0,1,,,,,,,,,,,,,,,,,0,,46,60
26642,note_on,1,0,1,,,,,,,,,,,,,,,,,0,,64,44
26643,note_on,1,0,1,,,,,,,,,,,,,,,,,0,,56,0
26700,note_on,57,0,1,,,,,,,,,,,,,,,,,0,,63,45
26704,note_on,4,0,1,,,,,,,,,,,,,,,,,0,,61,0
26759,note_on,55,0,1,,,,,,,,,,,,,,,,,0,,60,44
26760,note_on,1,0,1,,,,,,,,,,,,,,,,,0,,63,0
26820,note_on,60,0,1,,,,,,,,,,,,,,,,,0,,63,47
26824,note_on,4,0,1,,,,,,,,,,,,,,,,,0,,60,0
26880,note_on,56,0,1,,,,,,,,,,,,,,,,,0,,61,47
26881,control_change,1,0,1,,,,,,,,,,,,,,,64,127,0,,,
26896,note_on,15,0,1,,,,,,,,,,,,,,,,,0,,63,0
26939,note_on,43,0,1,,,,,,,,,,,,,,,,,0,,56,47
26948,note_on,9,0,1,,,,,,,,,,,,,,,,,0,,61,0
26976,note_on,28,0,1,,,,,,,,,,,,,,,,,0,,68,0
26978,note_on,2,0,1,,,,,,,,,,,,,,,,,0,,64,0
26993,control_change,15,0,1,,,,,,,,,,,,,,,64,0,0,,,
26999,note_on,6,0,1,,,,,,,,,,,,,,,,,0,,61,50
27001,note_on,0,0,1,,,,,,,,,,,,,,,,,0,,67,52
27001,note_on,2,0,1,,,,,,,,,,,,,,,,,0,,64,42
27005,note_on,4,0,1,,,,,,,,,,,,,,,,,0,,56,0
27061,note_on,56,0,1,,,,,,,,,,,,,,,,,0,,63,47
27069,note_on,8,0,1,,,,,,,,,,,,,,,,,0,,61,0
27119,note_on,50,0,1,,,,,,,,,,,,,,,,,0,,60,47
27125,note_on,6,0,1,,,,,,,,,,,,,,,,,0,,63,0
27180,note_on,55,0,1,,,,,,,,,,,,,,,,,0,,63,48
27187,note_on,7,0,1,,,,,,,,,,,,,,,,,0,,60,0
27239,control_change,52,0,1,,,,,,,,,,,,,,,64,127,0,,,
27241,note_on,2,0,1,,,,,,,,,,,,,,,,,0,,61,47
27253,note_on,12,0,1,,,,,,,,,,,,,,,,,0,,63,0
27299,note_on,46,0,1,,,,,,,,,,,,,,,,,0,,55,45
27301,note_on,2,0,1,,,,,,,,,,,,,,,,,0,,61,0
27322,note_on,21,0,1,,,,,,,,,,,,,,,,,0,,64,0
27324,note_on,2,0,1,,,,,,,,,,,,,,,,,0,,67,0
27343,note_on,19,0,1,,,,,,,,,,,,,,,,,0,,46,0
27346,control_change,3,0,1,,,,,,,,,,,,,,,64,0,0,,,
27355,note_on,9,0,1,,,,,,,,,,,,,,,,,0,,34,0
27361,note_on,0,0,1,,,,,,,,,,,,,,,,,0,,45,57
27361,note_on,0,0,1,,,,,,,,,,,,,,,,,0,,61,43
27361,note_on,0,0,1,,,,,,,,,,,,,,,,,0,,33,57
27361,note_on,0,0,1,,,,,,,,,,,,,,,,,0,,64,49
27361,note_on,6,0,1,,,,,,,,,,,,,,,,,0,,67,49
27382,note_on,21,0,1,,,,,,,,,,,,,,,,,0,,55,0
27421,note_on,39,0,1,,,,,,,,,,,,,,,,,0,,63,44
27426,note_on,5,0,1,,,,,,,,,,,,,,,,,0,,61,0
27480,note_on,54,0,1,,,,,,,,,,,,,,,,,0,,60,44
27482,note_on,2,0,1,,,,,,,,,,,,,,,,,0,,63,0
27539,note_on,57,0,1,,,,,,,,,,,,,,,,,0,,63,43
27548,note_on,9,0,1,,,,,,,,,,,,,,,,,0,,60,0
27600,note_on,52,0,1,,,,,,,,,,,,,,,,,0,,61,44
27601,control_change,1,0,1,,,,,,,,,,,,,,,64,127,0,,,
27606,note_on,5,0,1,,,,,,,,,,,,,,,,,0,,63,0
27659,note_on,53,0,1,,,,,,,,,,,,,,,,,0,,61,0
27659,note_on,0,0,1,,,,,,,,,,,,,,,,,0,,55,42
27687,note_on,28,0,1,,,,,,,,,,,,,,,,,0,,64,0
27690,note_on,3,0,1,,,,,,,,,,,,,,,,,0,,67,0
27712,note_on,22,0,1,,,,,,,,,,,,,,,,,0,,55,0
27717,control_change,5,0,1,,,,,,,,,,,,,,,64,0,0,,,
27719,note_on,2,0,1,,,,,,,,,,,,,,,,,0,,64,51
27719,note_on,0,0,1,,,,,,,,,,,,,,,,,0,,60,42
27719,note_on,0,0,1,,,,,,,,,,,,,,,,,0,,67,51
27779,note_on,60,0,1,,,,,,,,,,,,,,,,,0,,62,43
27783,note_on,4,0,1,,,,,,,,,,,,,,,,,0,,60,0
27839,note_on,56,0,1,,,,,,,,,,,,,,,,,0,,59,43
27847,note_on,8,0,1,,,,,,,,,,,,,,,,,0,,62,0
27899,note_on,52,0,1,,,,,,,,,,,,,,,,,0,,62,44
27915,note_on,16,0,1,,,,,,,,,,,,,,,,,0,,59,0
27933,note_on,18,0,1,,,,,,,,,,,,,,,,,0,,67,0
27940,note_on,7,0,1,,,,,,,,,,,,,,,,,0,,64,0
27951,control_change,11,0,1,,,,,,,,,,,,,,,64,127,0,,,
27959,note_on,8,0,1,,,,,,,,,,,,,,,,,0,,60,45
27960,note_on,1,0,1,,,,,,,,,,,,,,,,,0,,64,49
27961,note_on,1,0,1,,,,,,,,,,,,,,,,,0,,67,49
27969,note_on,8,0,1,,,,,,,,,,,,,,,,,0,,62,0
28019,note_on,50,0,1,,,,,,,,,,,,,,,,,0,,55,45
28021,note_on,2,0,1,,,,,,,,,,,,,,,,,0,,60,0
28051,note_on,30,0,1,,,,,,,,,,,,,,,,,0,,67,0
28058,note_on,7,0,1,,,,,,,,,,,,,,,,,0,,64,0
28073,control_change,15,0,1,,,,,,,,,,,,,,,64,0,0,,,
28076,note_on,3,0,1,,,,,,,,,,,,,,,,,0,,55,0
28079,set_tempo,26779,1,0,,,,,,,,,,,,,,555556,,,,,,
28081,note_on,5,0,1,,,,,,,,,,,,,,,,,0,,63,49
28081,note_on,0,0,1,,,,,,,,,,,,,,,,,0,,67,49
28081,note_on,0,0,1,,,,,,,,,,,,,,,,,0,,59,45
28141,note_on,60,0,1,,,,,,,,,,,,,,,,,0,,60,40
28146,note_on,5,0,1,,,,,,,,,,,,,,,,,0,,59,0
28201,note_on,55,0,1,,,,,,,,,,,,,,,,,0,,58,41
28204,note_on,3,0,1,,,,,,,,,,,,,,,,,0,,60,0
28261,note_on,57,0,1,,,,,,,,,,,,,,,,,0,,60,39
28276,note_on,15,0,1,,,,,,,,,,,,,,,,,0,,58,0
28321,note_on,45,0,1,,,,,,,,,,,,,,,,,0,,59,41
28325,control_change,4,0,1,,,,,,,,,,,,,,,64,127,0,,,
28330,note_on,5,0,1,,,,,,,,,,,,,,,,,0,,60,0
28379,note_on,49,0,1,,,,,,,,,,,,,,,,,0,,54,41
28380,note_on,1,0,1,,,,,,,,,,,,,,,,,0,,59,0
28415,note_on,35,0,1,,,,,,,,,,,,,,,,,0,,63,0
28434,control_change,19,0,1,,,,,,,,,,,,,,,64,0,0,,,
28441,note_on,0,0,1,,,,,,,,,,,,,,,,,0,,59,39
28441,note_on,0,0,1,,,,,,,,,,,,,,,,,0,,63,53
28441,note_on,7,0,1,,,,,,,,,,,,,,,,,0,,66,53
28449,note_on,8,0,1,,,,,,,,,,,,,,,,,0,,54,0
28462,note_on,13,0,1,,,,,,,,,,,,,,,,,0,,67,0
28495,note_on,33,0,1,,,,,,,,,,,,,,,,,0,,59,0
28499,note_on,4,0,1,,,,,,,,,,,,,,,,,0,,60,41
28535,set_tempo,456,1,0,,,,,,,,,,,,,,560748,,,,,,
28559,note_on,60,0,1,,,,,,,,,,,,,,,,,0,,58,44
28563,note_on,4,0,1,,,,,,,,,,,,,,,,,0,,60,0
28619,note_on,56,0,1,,,,,,,,,,,,,,,,,0,,60,41
28628,note_on,9,0,1,,,,,,,,,,,,,,,,,0,,58,0
28676,control_change,48,0,1,,,,,,,,,,,,,,,64,127,0,,,
28679,note_on,3,0,1,,,,,,,,,,,,,,,,,0,,59,40
28685,note_on,6,0,1,,,,,,,,,,,,,,,,,0,,60,0
28693,note_on,8,0,1,,,,,,,,,,,,,,,,,0,,63,0
28695,note_on,2,0,1,,,,,,,,,,,,,,,,,0,,66,0
28733,note_on,38,0,1,,,,,,,,,,,,,,,,,0,,45,0
28736,note_on,3,0,1,,,,,,,,,,,,,,,,,0,,59,0
28739,note_on,3,0,1,,,,,,,,,,,,,,,,,0,,54,40
28789,control_change,50,0,1,,,,,,,,,,,,,,,64,0,0,,,
28791,note_on,2,0,1,,,,,,,,,,,,,,,,,0,,33,0
28794,note_on,3,0,1,,,,,,,,,,,,,,,,,0,,54,0
28800,note_on,6,0,1,,,,,,,,,,,,,,,,,0,,34,49
28801,note_on,1,0,1,,,,,,,,,,,,,,,,,0,,62,42
28801,note_on,0,0,1,,,,,,,,,,,,,,,,,0,,66,42
28801,note_on,0,0,1,,,,,,,,,,,,,,,,,0,,58,39
28801,note_on,0,0,1,,,,,,,,,,,,,,,,,0,,46,49
28861,note_on,60,0,1,,,,,,,,,,,,,,,,,0,,59,39
28872,note_on,11,0,1,,,,,,,,,,,,,,,,,0,,58,0
28921,note_on,49,0,1,,,,,,,,,,,,,,,,,0,,57,38
28926,note_on,5,0,1,,,,,,,,,,,,,,,,,0,,59,0
28979,note_on,53,0,1,,,,,,,,,,,,,,,,,0,,59,41
28984,note_on,5,0,1,,,,,,,,,,,,,,,,,0,,57,0
28989,set_tempo,454,1,0,,,,,,,,,,,,,,566038,,,,,,
29033,control_change,49,0,1,,,,,,,,,,,,,,,64,127,0,,,
29039,note_on,6,0,1,,,,,,,,,,,,,,,,,0,,58,42
29052,note_on,13,0,1,,,,,,,,,,,,,,,,,0,,59,0
29055,set_tempo,66,1,0,,,,,,,,,,,,,,552995,,,,,,
29099,note_on,47,0,1,,,,,,,,,,,,,,,,,0,,53,41
29100,note_on,1,0,1,,,,,,,,,,,,,,,,,0,,58,0
29132,note_on,32,0,1,,,,,,,,,,,,,,,,,0,,66,0
29136,note_on,4,0,1,,,,,,,,,,,,,,,,,0,,62,0
29144,control_change,8,0,1,,,,,,,,,,,,,,,64,0,0,,,
29145,set_tempo,90,1,0,,,,,,,,,,,,,,555556,,,,,,
29159,note_on,15,0,1,,,,,,,,,,,,,,,,,0,,58,40
29161,note_on,2,0,1,,,,,,,,,,,,,,,,,0,,65,44
29161,note_on,0,0,1,,,,,,,,,,,,,,,,,0,,62,44
29168,note_on,7,0,1,,,,,,,,,,,,,,,,,0,,53,0
29218,note_on,50,0,1,,,,,,,,,,,,,,,,,0,,58,0
29219,note_on,1,0,1,,,,,,,,,,,,,,,,,0,,59,39
29235,set_tempo,90,1,0,,,,,,,,,,,,,,558140,,,,,,
29279,note_on,60,0,1,,,,,,,,,,,,,,,,,0,,57,41
29289,note_on,10,0,1,,,,,,,,,,,,,,,,,0,,59,0
29320,set_tempo,85,1,0,,,,,,,,,,,,,,560748,,,,,,
29339,note_on,50,0,1,,,,,,,,,,,,,,,,,0,,59,39
29344,note_on,5,0,1,,,,,,,,,,,,,,,,,0,,57,0
29364,note_on,20,0,1,,,,,,,,,,,,,,,,,0,,65,0
29365,note_on,1,0,1,,,,,,,,,,,,,,,,,0,,62,0
29399,note_on,34,0,1,,,,,,,,,,,,,,,,,0,,62,43
29399,note_on,0,0,1,,,,,,,,,,,,,,,,,0,,65,43
29399,note_on,0,0,1,,,,,,,,,,,,,,,,,0,,58,39
29402,control_change,3,0,1,,,,,,,,,,,,,,,64,127,0,,,
29408,note_on,6,0,1,,,,,,,,,,,,,,,,,0,,59,0
29410,set_tempo,90,1,0,,,,,,,,,,,,,,563380,,,,,,
29459,note_on,51,0,1,,,,,,,,,,,,,,,,,0,,53,38
29462,note_on,3,0,1,,,,,,,,,,,,,,,,,0,,58,0
29500,set_tempo,90,1,0,,,,,,,,,,,,,,566038,,,,,,
29506,note_on,44,0,1,,,,,,,,,,,,,,,,,0,,65,0
29508,note_on,2,0,1,,,,,,,,,,,,,,,,,0,,62,0
29514,note_on,6,0,1,,,,,,,,,,,,,,,,,0,,53,0
29521,note_on,7,0,1,,,,,,,,,,,,,,,,,0,,65,45
29521,note_on,0,0,1,,,,,,,,,,,,,,,,,0,,60,45
29521,note_on,0,0,1,,,,,,,,,,,,,,,,,0,,57,36
29522,control_change,1,0,1,,,,,,,,,,,,,,,64,0,0,,,
29579,note_on,57,0,1,,,,,,,,,,,,,,,,,0,,58,36
29581,note_on,2,0,1,,,,,,,,,,,,,,,,,0,,57,0
29590,set_tempo,90,1,0,,,,,,,,,,,,,,568720,,,,,,
29639,note_on,58,0,1,,,,,,,,,,,,,,,,,0,,56,37
29646,note_on,7,0,1,,,,,,,,,,,,,,,,,0,,58,0
29675,set_tempo,85,1,0,,,,,,,,,,,,,,571429,,,,,,
29699,note_on,53,0,1,,,,,,,,,,,,,,,,,0,,58,39
29705,note_on,6,0,1,,,,,,,,,,,,,,,,,0,,56,0
29759,note_on,54,0,1,,,,,,,,,,,,,,,,,0,,57,39
29762,control_change,3,0,1,,,,,,,,,,,,,,,64,127,0,,,
29765,set_tempo,90,1,0,,,,,,,,,,,,,,574163,,,,,,
29784,note_on,22,0,1,,,,,,,,,,,,,,,,,0,,58,0
29820,note_on,36,0,1,,,,,,,,,,,,,,,,,0,,57,0
29820,note_on,0,0,1,,,,,,,,,,,,,,,,,0,,53,42
29841,note_on,21,0,1,,,,,,,,,,,,,,,,,0,,65,0
29855,set_tempo,90,1,0,,,,,,,,,,,,,,576923,,,,,,
29879,note_on,38,0,1,,,,,,,,,,,,,,,,,0,,60,0
29879,control_change,0,0,1,,,,,,,,,,,,,,,64,0,0,,,
29880,note_on,1,0,1,,,,,,,,,,,,,,,,,0,,58,38
29881,note_on,0,0,1,,,,,,,,,,,,,,,,,0,,62,45
29881,note_on,1,0,1,,,,,,,,,,,,,,,,,0,,65,45
29892,note_on,11,0,1,,,,,,,,,,,,,,,,,0,,53,0
29939,note_on,47,0,1,,,,,,,,,,,,,,,,,0,,59,39
29940,set_tempo,85,1,0,,,,,,,,,,,,,,579710,,,,,,
29957,note_on,18,0,1,,,,,,,,,,,,,,,,,0,,58,0
29999,note_on,42,0,1,,,,,,,,,,,,,,,,,0,,57,38
30003,note_on,4,0,1,,,,,,,,,,,,,,,,,0,,59,0
30030,set_tempo,90,1,0,,,,,,,,,,,,,,582524,,,,,,
30060,note_on,57,0,1,,,,,,,,,,,,,,,,,0,,59,39
30068,note_on,8,0,1,,,,,,,,,,,,,,,,,0,,57,0
30119,note_on,51,0,1,,,,,,,,,,,,,,,,,0,,58,41
30120,set_tempo,90,1,0,,,,,,,,,,,,,,585366,,,,,,
30126,note_on,7,0,1,,,,,,,,,,,,,,,,,0,,59,0
30128,control_change,2,0,1,,,,,,,,,,,,,,,64,127,0,,,
30166,note_on,38,0,1,,,,,,,,,,,,,,,,,0,,46,0
30172,note_on,6,0,1,,,,,,,,,,,,,,,,,0,,34,0
30179,note_on,7,0,1,,,,,,,,,,,,,,,,,0,,53,39
30192,note_on,13,0,1,,,,,,,,,,,,,,,,,0,,58,0
30205,set_tempo,85,1,0,,,,,,,,,,,,,,588235,,,,,,
30210,control_change,18,0,1,,,,,,,,,,,,,,,64,0,0,,,
30217,note_on,7,0,1,,,,,,,,,,,,,,,,,0,,62,0
30221,note_on,4,0,1,,,,,,,,,,,,,,,,,0,,65,0
30230,end_of_track,0,1,0,,,,,,,,,,,,,,,,,,,,
30230,set_tempo,25,1,0,,,,,,,,,,,,,,576923,,,,,,
30231,note_on,10,0,1,,,,,,,,,,,,,,,,,0,,53,0
30239,note_on,8,0,1,,,,,,,,,,,,,,,,,0,,58,43
30241,note_on,0,0,1,,,,,,,,,,,,,,,,,0,,51,53
30241,note_on,2,0,1,,,,,,,,,,,,,,,,,0,,66,53
30247,control_change,6,0,1,,,,,,,,,,,,,,,64,127,0,,,
30299,note_on,52,0,1,,,,,,,,,,,,,,,,,0,,59,33
30309,note_on,10,0,1,,,,,,,,,,,,,,,,,0,,58,0
30361,note_on,52,0,1,,,,,,,,,,,,,,,,,0,,57,35
30370,note_on,9,0,1,,,,,,,,,,,,,,,,,0,,59,0
30421,note_on,51,0,1,,,,,,,,,,,,,,,,,0,,59,36
30430,note_on,9,0,1,,,,,,,,,,,,,,,,,0,,57,0
30481,note_on,51,0,1,,,,,,,,,,,,,,,,,0,,58,35
30487,control_change,6,0,1,,,,,,,,,,,,,,,64,0,0,,,
30500,note_on,13,0,1,,,,,,,,,,,,,,,,,0,,59,0
30541,note_on,41,0,1,,,,,,,,,,,,,,,,,0,,54,37
30545,note_on,4,0,1,,,,,,,,,,,,,,,,,0,,58,0
30601,note_on,56,0,1,,,,,,,,,,,,,,,,,0,,58,41
30617,note_on,16,0,1,,,,,,,,,,,,,,,,,0,,54,0
30661,note_on,44,0,1,,,,,,,,,,,,,,,,,0,,59,40
30664,note_on,3,0,1,,,,,,,,,,,,,,,,,0,,58,0
30721,note_on,57,0,1,,,,,,,,,,,,,,,,,0,,57,38
30730,note_on,9,0,1,,,,,,,,,,,,,,,,,0,,59,0
30779,note_on,49,0,1,,,,,,,,,,,,,,,,,0,,59,41
30783,note_on,4,0,1,,,,,,,,,,,,,,,,,0,,57,0
30839,note_on,56,0,1,,,,,,,,,,,,,,,,,0,,58,43
30841,note_on,2,0,1,,,,,,,,,,,,,,,,,0,,65,54
30848,note_on,7,0,1,,,,,,,,,,,,,,,,,0,,59,0
30856,note_on,8,0,1,,,,,,,,,,,,,,,,,0,,66,0
30894,note_on,38,0,1,,,,,,,,,,,,,,,,,0,,58,0
30899,note_on,5,0,1,,,,,,,,,,,,,,,,,0,,63,58
30900,note_on,1,0,1,,,,,,,,,,,,,,,,,0,,65,0
30920,note_on,20,0,1,,,,,,,,,,,,,,,,,0,,51,0
30961,note_on,0,0,1,,,,,,,,,,,,,,,,,0,,53,55
30961,note_on,0,0,1,,,,,,,,,,,,,,,,,0,,59,40
30961,note_on,41,0,1,,,,,,,,,,,,,,,,,0,,70,64
30964,control_change,3,0,1,,,,,,,,,,,,,,,64,127,0,,,
31019,note_on,55,0,1,,,,,,,,,,,,,,,,,0,,59,0
31021,note_on,2,0,1,,,,,,,,,,,,,,,,,0,,61,44
31081,note_on,60,0,1,,,,,,,,,,,,,,,,,0,,58,39
31084,control_change,3,0,1,,,,,,,,,,,,,,,64,0,0,,,
31090,note_on,6,0,1,,,,,,,,,,,,,,,,,0,,61,0
31141,note_on,51,0,1,,,,,,,,,,,,,,,,,0,,61,39
31148,note_on,7,0,1,,,,,,,,,,,,,,,,,0,,58,0
31201,note_on,53,0,1,,,,,,,,,,,,,,,,,0,,59,41
31212,note_on,11,0,1,,,,,,,,,,,,,,,,,0,,61,0
31255,note_on,43,0,1,,,,,,,,,,,,,,,,,0,,59,0
31261,note_on,6,0,1,,,,,,,,,,,,,,,,,0,,56,38
31321,note_on,0,0,1,,,,,,,,,,,,,,,,,0,,59,41
31321,note_on,60,0,1,,,,,,,,,,,,,,,,,0,,68,55
31334,note_on,13,0,1,,,,,,,,,,,,,,,,,0,,56,0
31342,note_on,8,0,1,,,,,,,,,,,,,,,,,0,,70,0
31374,note_on,32,0,1,,,,,,,,,,,,,,,,,0,,59,0
31381,note_on,7,0,1,,,,,,,,,,,,,,,,,0,,61,41
31441,note_on,60,0,1,,,,,,,,,,,,,,,,,0,,58,40
31445,note_on,4,0,1,,,,,,,,,,,,,,,,,0,,61,0
31501,note_on,56,0,1,,,,,,,,,,,,,,,,,0,,61,42
31512,note_on,11,0,1,,,,,,,,,,,,,,,,,0,,58,0
31561,note_on,49,0,1,,,,,,,,,,,,,,,,,0,,59,42
31578,note_on,17,0,1,,,,,,,,,,,,,,,,,0,,61,0
31619,note_on,41,0,1,,,,,,,,,,,,,,,,,0,,59,0
31621,note_on,2,0,1,,,,,,,,,,,,,,,,,0,,65,56
31621,note_on,0,0,1,,,,,,,,,,,,,,,,,0,,56,43
31622,control_change,1,0,1,,,,,,,,,,,,,,,64,127,0,,,
31631,note_on,9,0,1,,,,,,,,,,,,,,,,,0,,68,0
31646,note_on,15,0,1,,,,,,,,,,,,,,,,,0,,63,0
31681,note_on,35,0,1,,,,,,,,,,,,,,,,,0,,71,65
31681,note_on,0,0,1,,,,,,,,,,,,,,,,,0,,50,53
31702,note_on,21,0,1,,,,,,,,,,,,,,,,,0,,53,0
31737,note_on,35,0,1,,,,,,,,,,,,,,,,,0,,56,0
31739,note_on,2,0,1,,,,,,,,,,,,,,,,,0,,58,45
31801,note_on,62,0,1,,,,,,,,,,,,,,,,,0,,55,42
31802,note_on,1,0,1,,,,,,,,,,,,,,,,,0,,58,0
31859,note_on,57,0,1,,,,,,,,,,,,,,,,,0,,58,41
31860,note_on,1,0,1,,,,,,,,,,,,,,,,,0,,55,0
31919,note_on,59,0,1,,,,,,,,,,,,,,,,,0,,56,41
31920,control_change,1,0,1,,,,,,,,,,,,,,,64,0,0,,,
31933,note_on,13,0,1,,,,,,,,,,,,,,,,,0,,58,0
31979,note_on,46,0,1,,,,,,,,,,,,,,,,,0,,53,43
31980,note_on,1,0,1,,,,,,,,,,,,,,,,,0,,56,0
32041,note_on,61,0,1,,,,,,,,,,,,,,,,,0,,56,41
32053,note_on,12,0,1,,,,,,,,,,,,,,,,,0,,53,0
32097,note_on,44,0,1,,,,,,,,,,,,,,,,,0,,56,0
32099,note_on,2,0,1,,,,,,,,,,,,,,,,,0,,58,41
32161,note_on,62,0,1,,,,,,,,,,,,,,,,,0,,55,40
32168,note_on,7,0,1,,,,,,,,,,,,,,,,,0,,58,0
32218,note_on,50,0,1,,,,,,,,,,,,,,,,,0,,55,0
32219,note_on,1,0,1,,,,,,,,,,,,,,,,,0,,58,43
32277,note_on,58,0,1,,,,,,,,,,,,,,,,,0,,71,0
32279,note_on,0,0,1,,,,,,,,,,,,,,,,,0,,56,52
32279,note_on,2,0,1,,,,,,,,,,,,,,,,,0,,70,58
32280,note_on,1,0,1,,,,,,,,,,,,,,,,,0,,58,0
32303,control_change,23,0,1,,,,,,,,,,,,,,,64,127,0,,,
32318,note_on,15,0,1,,,,,,,,,,,,,,,,,0,,65,0
32333,note_on,15,0,1,,,,,,,,,,,,,,,,,0,,56,0
32339,note_on,6,0,1,,,,,,,,,,,,,,,,,0,,65,65
32358,note_on,19,0,1,,,,,,,,,,,,,,,,,0,,70,0
32380,control_change,22,0,1,,,,,,,,,,,,,,,64,0,0,,,
32401,note_on,0,0,1,,,,,,,,,,,,,,,,,0,,49,53
32401,note_on,21,0,1,,,,,,,,,,,,,,,,,0,,64,55
32401,note_on,0,0,1,,,,,,,,,,,,,,,,,0,,70,69
32401,note_on,0,0,1,,,,,,,,,,,,,,,,,0,,55,56
32407,note_on,6,0,1,,,,,,,,,,,,,,,,,0,,50,0
32420,note_on,13,0,1,,,,,,,,,,,,,,,,,0,,65,0
32421,control_change,1,0,1,,,,,,,,,,,,,,,64,127,0,,,
32456,note_on,35,0,1,,,,,,,,,,,,,,,,,0,,55,0
32459,note_on,3,0,1,,,,,,,,,,,,,,,,,0,,56,42
32519,note_on,60,0,1,,,,,,,,,,,,,,,,,0,,54,41
32524,note_on,5,0,1,,,,,,,,,,,,,,,,,0,,56,0
32526,control_change,2,0,1,,,,,,,,,,,,,,,64,0,0,,,
32579,note_on,53,0,1,,,,,,,,,,,,,,,,,0,,56,44
32588,note_on,9,0,1,,,,,,,,,,,,,,,,,0,,54,0
32641,note_on,53,0,1,,,,,,,,,,,,,,,,,0,,55,45
32652,note_on,11,0,1,,,,,,,,,,,,,,,,,0,,56,0
32701,note_on,0,0,1,,,,,,,,,,,,,,,,,0,,52,46
32701,note_on,49,0,1,,,,,,,,,,,,,,,,,0,,55,0
32761,note_on,60,0,1,,,,,,,,,,,,,,,,,0,,55,44
32771,note_on,10,0,1,,,,,,,,,,,,,,,,,0,,52,0
32813,note_on,42,0,1,,,,,,,,,,,,,,,,,0,,55,0
32821,note_on,8,0,1,,,,,,,,,,,,,,,,,0,,56,43
32879,note_on,58,0,1,,,,,,,,,,,,,,,,,0,,54,41
32882,note_on,3,0,1,,,,,,,,,,,,,,,,,0,,56,0
32939,note_on,57,0,1,,,,,,,,,,,,,,,,,0,,56,45
32941,note_on,2,0,1,,,,,,,,,,,,,,,,,0,,54,0
32991,control_change,50,0,1,,,,,,,,,,,,,,,64,127,0,,,
32999,note_on,8,0,1,,,,,,,,,,,,,,,,,0,,55,47
33007,note_on,8,0,1,,,,,,,,,,,,,,,,,0,,56,0
33059,note_on,52,0,1,,,,,,,,,,,,,,,,,0,,63,67
33066,note_on,7,0,1,,,,,,,,,,,,,,,,,0,,70,0
33072,note_on,6,0,1,,,,,,,,,,,,,,,,,0,,64,0
33082,control_change,10,0,1,,,,,,,,,,,,,,,64,0,0,,,
33119,control_change,0,0,1,,,,,,,,,,,,,,,64,127,0,,,
33119,note_on,37,0,1,,,,,,,,,,,,,,,,,0,,47,64
33121,note_on,2,0,1,,,,,,,,,,,,,,,,,0,,75,78
33125,note_on,4,0,1,,,,,,,,,,,,,,,,,0,,49,0
33168,note_on,43,0,1,,,,,,,,,,,,,,,,,0,,55,0
33182,note_on,14,0,1,,,,,,,,,,,,,,,,,0,,56,53
33228,control_change,46,0,1,,,,,,,,,,,,,,,64,0,0,,,
33242,note_on,14,0,1,,,,,,,,,,,,,,,,,0,,54,50
33246,note_on,4,0,1,,,,,,,,,,,,,,,,,0,,56,0
33301,note_on,55,0,1,,,,,,,,,,,,,,,,,0,,56,50
33309,note_on,8,0,1,,,,,,,,,,,,,,,,,0,,54,0
33362,note_on,53,0,1,,,,,,,,,,,,,,,,,0,,55,53
33376,note_on,14,0,1,,,,,,,,,,,,,,,,,0,,56,0
33416,note_on,40,0,1,,,,,,,,,,,,,,,,,0,,55,0
33422,note_on,6,0,1,,,,,,,,,,,,,,,,,0,,51,45
33481,note_on,59,0,1,,,,,,,,,,,,,,,,,0,,56,39
33485,control_change,4,0,1,,,,,,,,,,,,,,,64,127,0,,,
33486,note_on,1,0,1,,,,,,,,,,,,,,,,,0,,51,0
33538,note_on,52,0,1,,,,,,,,,,,,,,,,,0,,56,0
33541,note_on,3,0,1,,,,,,,,,,,,,,,,,0,,58,40
33592,note_on,51,0,1,,,,,,,,,,,,,,,,,0,,75,0
33599,control_change,7,0,1,,,,,,,,,,,,,,,64,0,0,,,
33601,note_on,0,0,1,,,,,,,,,,,,,,,,,0,,55,41
33601,note_on,2,0,1,,,,,,,,,,,,,,,,,0,,73,71
33608,note_on,7,0,1,,,,,,,,,,,,,,,,,0,,58,0
33661,note_on,53,0,1,,,,,,,,,,,,,,,,,0,,71,69
33661,note_on,0,0,1,,,,,,,,,,,,,,,,,0,,58,40
33667,note_on,6,0,1,,,,,,,,,,,,,,,,,0,,55,0
33688,note_on,21,0,1,,,,,,,,,,,,,,,,,0,,73,0
33719,control_change,31,0,1,,,,,,,,,,,,,,,64,127,0,,,
33721,note_on,2,0,1,,,,,,,,,,,,,,,,,0,,68,67
33721,note_on,0,0,1,,,,,,,,,,,,,,,,,0,,56,42
33731,note_on,10,0,1,,,,,,,,,,,,,,,,,0,,71,0
33731,note_on,0,0,1,,,,,,,,,,,,,,,,,0,,58,0
33763,note_on,32,0,1,,,,,,,,,,,,,,,,,0,,63,0
33781,note_on,18,0,1,,,,,,,,,,,,,,,,,0,,63,65
33788,note_on,7,0,1,,,,,,,,,,,,,,,,,0,,68,0
33836,control_change,48,0,1,,,,,,,,,,,,,,,64,0,0,,,
33841,note_on,5,0,1,,,,,,,,,,,,,,,,,0,,66,61
33841,note_on,0,0,1,,,,,,,,,,,,,,,,,0,,62,41
33842,note_on,1,0,1,,,,,,,,,,,,,,,,,0,,46,62
33863,note_on,21,0,1,,,,,,,,,,,,,,,,,0,,47,0
33864,note_on,1,0,1,,,,,,,,,,,,,,,,,0,,63,0
33884,note_on,20,0,1,,,,,,,,,,,,,,,,,0,,56,0
33902,note_on,18,0,1,,,,,,,,,,,,,,,,,0,,58,52
33961,note_on,59,0,1,,,,,,,,,,,,,,,,,0,,58,0
33961,note_on,0,0,1,,,,,,,,,,,,,,,,,0,,55,49
34021,note_on,60,0,1,,,,,,,,,,,,,,,,,0,,58,53
34025,note_on,4,0,1,,,,,,,,,,,,,,,,,0,,55,0
34081,note_on,56,0,1,,,,,,,,,,,,,,,,,0,,56,52
34090,note_on,9,0,1,,,,,,,,,,,,,,,,,0,,58,0
34093,control_change,3,0,1,,,,,,,,,,,,,,,64,127,0,,,
34136,note_on,43,0,1,,,,,,,,,,,,,,,,,0,,56,0
34139,note_on,3,0,1,,,,,,,,,,,,,,,,,0,,65,55
34141,note_on,2,0,1,,,,,,,,,,,,,,,,,0,,53,49
34161,note_on,20,0,1,,,,,,,,,,,,,,,,,0,,66,0
34167,note_on,6,0,1,,,,,,,,,,,,,,,,,0,,62,0
34191,note_on,24,0,1,,,,,,,,,,,,,,,,,0,,46,0
34193,control_change,2,0,1,,,,,,,,,,,,,,,64,0,0,,,
34200,note_on,7,0,1,,,,,,,,,,,,,,,,,0,,54,46
34201,note_on,1,0,1,,,,,,,,,,,,,,,,,0,,63,44
34201,note_on,0,0,1,,,,,,,,,,,,,,,,,0,,47,52
34207,note_on,6,0,1,,,,,,,,,,,,,,,,,0,,53,0
34210,note_on,3,0,1,,,,,,,,,,,,,,,,,0,,65,0
34260,note_on,50,0,1,,,,,,,,,,,,,,,,,0,,56,40
34264,note_on,4,0,1,,,,,,,,,,,,,,,,,0,,54,0
34321,note_on,57,0,1,,,,,,,,,,,,,,,,,0,,53,40
34326,note_on,5,0,1,,,,,,,,,,,,,,,,,0,,56,0
34381,note_on,55,0,1,,,,,,,,,,,,,,,,,0,,56,41
34387,note_on,6,0,1,,,,,,,,,,,,,,,,,0,,53,0
34440,control_change,53,0,1,,,,,,,,,,,,,,,64,127,0,,,
34441,note_on,1,0,1,,,,,,,,,,,,,,,,,0,,54,42
34448,note_on,7,0,1,,,,,,,,,,,,,,,,,0,,56,0
34501,note_on,53,0,1,,,,,,,,,,,,,,,,,0,,51,41
34504,note_on,3,0,1,,,,,,,,,,,,,,,,,0,,54,0
34555,control_change,51,0,1,,,,,,,,,,,,,,,64,0,0,,,
34557,note_on,2,0,1,,,,,,,,,,,,,,,,,0,,63,0
34560,note_on,3,0,1,,,,,,,,,,,,,,,,,0,,51,0
34561,note_on,1,0,1,,,,,,,,,,,,,,,,,0,,44,63
34562,note_on,1,0,1,,,,,,,,,,,,,,,,,0,,64,59
34562,note_on,0,0,1,,,,,,,,,,,,,,,,,0,,56,54
34562,note_on,0,0,1,,,,,,,,,,,,,,,,,0,,59,39
34569,note_on,7,0,1,,,,,,,,,,,,,,,,,0,,47,0
34621,note_on,52,0,1,,,,,,,,,,,,,,,,,0,,58,53
34628,note_on,7,0,1,,,,,,,,,,,,,,,,,0,,56,0
34682,note_on,54,0,1,,,,,,,,,,,,,,,,,0,,55,51
34690,note_on,8,0,1,,,,,,,,,,,,,,,,,0,,58,0
34741,note_on,51,0,1,,,,,,,,,,,,,,,,,0,,58,51
34744,note_on,3,0,1,,,,,,,,,,,,,,,,,0,,55,0
34801,note_on,57,0,1,,,,,,,,,,,,,,,,,0,,56,49
34804,control_change,3,0,1,,,,,,,,,,,,,,,64,127,0,,,
34811,note_on,7,0,1,,,,,,,,,,,,,,,,,0,,58,0
34861,note_on,50,0,1,,,,,,,,,,,,,,,,,0,,52,50
34868,note_on,7,0,1,,,,,,,,,,,,,,,,,0,,56,0
34898,note_on,30,0,1,,,,,,,,,,,,,,,,,0,,59,0
34911,note_on,13,0,1,,,,,,,,,,,,,,,,,0,,64,0
34917,note_on,6,0,1,,,,,,,,,,,,,,,,,0,,52,0
34919,control_change,2,0,1,,,,,,,,,,,,,,,64,0,0,,,
34921,note_on,0,0,1,,,,,,,,,,,,,,,,,0,,46,52
34921,note_on,2,0,1,,,,,,,,,,,,,,,,,0,,53,38
34922,note_on,0,0,1,,,,,,,,,,,,,,,,,0,,58,43
34922,note_on,0,0,1,,,,,,,,,,,,,,,,,0,,62,43
34922,note_on,1,0,1,,,,,,,,,,,,,,,,,0,,44,0
34977,note_on,55,0,1,,,,,,,,,,,,,,,,,0,,53,0
34981,note_on,4,0,1,,,,,,,,,,,,,,,,,0,,54,40
35041,note_on,60,0,1,,,,,,,,,,,,,,,,,0,,52,45
35046,note_on,5,0,1,,,,,,,,,,,,,,,,,0,,54,0
35101,note_on,55,0,1,,,,,,,,,,,,,,,,,0,,54,43
35103,note_on,2,0,1,,,,,,,,,,,,,,,,,0,,52,0
35161,note_on,58,0,1,,,,,,,,,,,,,,,,,0,,53,41
35177,note_on,16,0,1,,,,,,,,,,,,,,,,,0,,54,0
35208,control_change,31,0,1,,,,,,,,,,,,,,,64,127,0,,,
35210,note_on,2,0,1,,,,,,,,,,,,,,,,,0,,46,0
35217,note_on,7,0,1,,,,,,,,,,,,,,,,,0,,53,0
35221,note_on,4,0,1,,,,,,,,,,,,,,,,,0,,46,40
35251,note_on,30,0,1,,,,,,,,,,,,,,,,,0,,63,61
35263,note_on,0,0,1,,,,,,,,,,,,,,,,,0,,62,0
35263,note_on,12,0,1,,,,,,,,,,,,,,,,,0,,58,0
35272,control_change,9,0,1,,,,,,,,,,,,,,,64,0,0,,,
35277,note_on,5,0,1,,,,,,,,,,,,,,,,,0,,46,0
35281,note_on,0,0,1,,,,,,,,,,,,,,,,,0,,44,62
35281,note_on,0,0,1,,,,,,,,,,,,,,,,,0,,56,48
35281,note_on,0,0,1,,,,,,,,,,,,,,,,,0,,59,46
35281,note_on,4,0,1,,,,,,,,,,,,,,,,,0,,64,65
35294,note_on,13,0,1,,,,,,,,,,,,,,,,,0,,63,0
35341,note_on,47,0,1,,,,,,,,,,,,,,,,,0,,58,44
35345,note_on,4,0,1,,,,,,,,,,,,,,,,,0,,56,0
35401,note_on,56,0,1,,,,,,,,,,,,,,,,,0,,55,42
35408,note_on,7,0,1,,,,,,,,,,,,,,,,,0,,58,0
35461,note_on,53,0,1,,,,,,,,,,,,,,,,,0,,58,46
35468,note_on,7,0,1,,,,,,,,,,,,,,,,,0,,55,0
35521,note_on,53,0,1,,,,,,,,,,,,,,,,,0,,56,48
35522,control_change,1,0,1,,,,,,,,,,,,,,,64,127,0,,,
35542,note_on,20,0,1,,,,,,,,,,,,,,,,,0,,58,0
35581,note_on,39,0,1,,,,,,,,,,,,,,,,,0,,52,50
35587,note_on,6,0,1,,,,,,,,,,,,,,,,,0,,56,0
35627,note_on,40,0,1,,,,,,,,,,,,,,,,,0,,59,0
35630,control_change,3,0,1,,,,,,,,,,,,,,,64,0,0,,,
35633,note_on,3,0,1,,,,,,,,,,,,,,,,,0,,44,0
35636,note_on,3,0,1,,,,,,,,,,,,,,,,,0,,52,0
35641,note_on,0,0,1,,,,,,,,,,,,,,,,,0,,46,50
35641,note_on,0,0,1,,,,,,,,,,,,,,,,,0,,53,53
35641,note_on,0,0,1,,,,,,,,,,,,,,,,,0,,62,49
35641,note_on,5,0,1,,,,,,,,,,,,,,,,,0,,58,39
35649,note_on,8,0,1,,,,,,,,,,,,,,,,,0,,64,0
35701,note_on,52,0,1,,,,,,,,,,,,,,,,,0,,54,45
35702,note_on,1,0,1,,,,,,,,,,,,,,,,,0,,53,0
35761,note_on,59,0,1,,,,,,,,,,,,,,,,,0,,52,41
35764,note_on,3,0,1,,,,,,,,,,,,,,,,,0,,54,0
35819,note_on,55,0,1,,,,,,,,,,,,,,,,,0,,54,43
35820,note_on,1,0,1,,,,,,,,,,,,,,,,,0,,52,0
35881,note_on,61,0,1,,,,,,,,,,,,,,,,,0,,53,46
35895,note_on,14,0,1,,,,,,,,,,,,,,,,,0,,54,0
35909,control_change,14,0,1,,,,,,,,,,,,,,,64,127,0,,,
35928,note_on,19,0,1,,,,,,,,,,,,,,,,,0,,46,0
35941,note_on,13,0,1,,,,,,,,,,,,,,,,,0,,46,45
35945,note_on,4,0,1,,,,,,,,,,,,,,,,,0,,53,0
35971,note_on,26,0,1,,,,,,,,,,,,,,,,,0,,63,60
35977,note_on,6,0,1,,,,,,,,,,,,,,,,,0,,62,0
35985,note_on,8,0,1,,,,,,,,,,,,,,,,,0,,58,0
36001,note_on,0,0,1,,,,,,,,,,,,,,,,,0,,56,45
36001,note_on,16,0,1,,,,,,,,,,,,,,,,,0,,46,0
36001,note_on,0,0,1,,,,,,,,,,,,,,,,,0,,59,46
36001,note_on,0,0,1,,,,,,,,,,,,,,,,,0,,64,66
36001,note_on,0,0,1,,,,,,,,,,,,,,,,,0,,44,64
36003,control_change,2,0,1,,,,,,,,,,,,,,,64,0,0,,,
36018,note_on,15,0,1,,,,,,,,,,,,,,,,,0,,63,0
36061,note_on,43,0,1,,,,,,,,,,,,,,,,,0,,56,0
36061,note_on,0,0,1,,,,,,,,,,,,,,,,,0,,58,49
36121,note_on,60,0,1,,,,,,,,,,,,,,,,,0,,55,49
36128,note_on,7,0,1,,,,,,,,,,,,,,,,,0,,58,0
36181,note_on,53,0,1,,,,,,,,,,,,,,,,,0,,58,45
36192,note_on,11,0,1,,,,,,,,,,,,,,,,,0,,55,0
36241,note_on,49,0,1,,,,,,,,,,,,,,,,,0,,56,47
36249,control_change,8,0,1,,,,,,,,,,,,,,,64,127,0,,,
36253,note_on,4,0,1,,,,,,,,,,,,,,,,,0,,58,0
36299,note_on,46,0,1,,,,,,,,,,,,,,,,,0,,52,45
36309,note_on,10,0,1,,,,,,,,,,,,,,,,,0,,56,0
36321,note_on,12,0,1,,,,,,,,,,,,,,,,,0,,59,0
36329,note_on,8,0,1,,,,,,,,,,,,,,,,,0,,64,0
36332,control_change,3,0,1,,,,,,,,,,,,,,,64,0,0,,,
36355,note_on,23,0,1,,,,,,,,,,,,,,,,,0,,52,0
36358,control_change,0,0,1,,,,,,,,,,,,,,,64,127,0,,,
36358,note_on,3,0,1,,,,,,,,,,,,,,,,,0,,44,0
36361,note_on,0,0,1,,,,,,,,,,,,,,,,,0,,61,40
36361,note_on,0,0,1,,,,,,,,,,,,,,,,,0,,45,62
36361,note_on,0,0,1,,,,,,,,,,,,,,,,,0,,57,60
36361,note_on,3,0,1,,,,,,,,,,,,,,,,,0,,73,64
36361,note_on,0,0,1,,,,,,,,,,,,,,,,,0,,64,47
36421,note_on,60,0,1,,,,,,,,,,,,,,,,,0,,52,61
36424,note_on,3,0,1,,,,,,,,,,,,,,,,,0,,57,0
36449,note_on,25,0,1,,,,,,,,,,,,,,,,,0,,73,0
36451,note_on,2,0,1,,,,,,,,,,,,,,,,,0,,61,0
36452,note_on,1,0,1,,,,,,,,,,,,,,,,,0,,64,0
36458,control_change,6,0,1,,,,,,,,,,,,,,,64,0,0,,,
36481,control_change,0,0,1,,,,,,,,,,,,,,,64,127,0,,,
36481,note_on,0,0,1,,,,,,,,,,,,,,,,,0,,47,63
36481,note_on,0,0,1,,,,,,,,,,,,,,,,,0,,59,61
36481,note_on,0,0,1,,,,,,,,,,,,,,,,,0,,68,68
36481,note_on,23,0,1,,,,,,,,,,,,,,,,,0,,64,48
36490,note_on,9,0,1,,,,,,,,,,,,,,,,,0,,52,0
36496,note_on,6,0,1,,,,,,,,,,,,,,,,,0,,45,0
36541,note_on,45,0,1,,,,,,,,,,,,,,,,,0,,52,64
36542,note_on,1,0,1,,,,,,,,,,,,,,,,,0,,59,0
36564,note_on,22,0,1,,,,,,,,,,,,,,,,,0,,68,0
36564,control_change,0,0,1,,,,,,,,,,,,,,,64,0,0,,,
36565,note_on,1,0,1,,,,,,,,,,,,,,,,,0,,64,0
36597,control_change,32,0,1,,,,,,,,,,,,,,,64,127,0,,,
36599,note_on,2,0,1,,,,,,,,,,,,,,,,,0,,64,50
36601,note_on,0,0,1,,,,,,,,,,,,,,,,,0,,49,67
36601,note_on,0,0,1,,,,,,,,,,,,,,,,,0,,61,61
36601,note_on,2,0,1,,,,,,,,,,,,,,,,,0,,69,70
36605,note_on,4,0,1,,,,,,,,,,,,,,,,,0,,52,0
36616,note_on,11,0,1,,,,,,,,,,,,,,,,,0,,47,0
36661,note_on,45,0,1,,,,,,,,,,,,,,,,,0,,52,58
36663,note_on,2,0,1,,,,,,,,,,,,,,,,,0,,61,0
36675,control_change,12,0,1,,,,,,,,,,,,,,,64,0,0,,,
36684,note_on,9,0,1,,,,,,,,,,,,,,,,,0,,69,0
36697,note_on,13,0,1,,,,,,,,,,,,,,,,,0,,64,0
36715,control_change,18,0,1,,,,,,,,,,,,,,,64,127,0,,,
36717,note_on,2,0,1,,,,,,,,,,,,,,,,,0,,49,0
36721,note_on,0,0,1,,,,,,,,,,,,,,,,,0,,44,72
36721,note_on,0,0,1,,,,,,,,,,,,,,,,,0,,68,68
36721,note_on,4,0,1,,,,,,,,,,,,,,,,,0,,59,48
36768,note_on,47,0,1,,,,,,,,,,,,,,,,,0,,52,0
36781,note_on,0,0,1,,,,,,,,,,,,,,,,,0,,52,60
36781,note_on,13,0,1,,,,,,,,,,,,,,,,,0,,66,70
36783,control_change,2,0,1,,,,,,,,,,,,,,,64,0,0,,,
36798,note_on,15,0,1,,,,,,,,,,,,,,,,,0,,68,0
36839,note_on,41,0,1,,,,,,,,,,,,,,,,,0,,52,0
36841,note_on,0,0,1,,,,,,,,,,,,,,,,,0,,51,59
36841,note_on,2,0,1,,,,,,,,,,,,,,,,,0,,64,72
36844,control_change,3,0,1,,,,,,,,,,,,,,,64,127,0,,,
36858,note_on,14,0,1,,,,,,,,,,,,,,,,,0,,66,0
36901,note_on,43,0,1,,,,,,,,,,,,,,,,,0,,52,60
36909,control_change,8,0,1,,,,,,,,,,,,,,,64,0,0,,,
36917,note_on,8,0,1,,,,,,,,,,,,,,,,,0,,51,0
36961,note_on,44,0,1,,,,,,,,,,,,,,,,,0,,54,61
36972,note_on,11,0,1,,,,,,,,,,,,,,,,,0,,52,0
37021,note_on,49,0,1,,,,,,,,,,,,,,,,,0,,56,61
37031,note_on,10,0,1,,,,,,,,,,,,,,,,,0,,54,0
37070,note_on,39,0,1,,,,,,,,,,,,,,,,,0,,64,0
37072,note_on,2,0,1,,,,,,,,,,,,,,,,,0,,59,0
37079,note_on,7,0,1,,,,,,,,,,,,,,,,,0,,46,64
37081,note_on,2,0,1,,,,,,,,,,,,,,,,,0,,56,0
37081,note_on,0,0,1,,,,,,,,,,,,,,,,,0,,59,64
37081,note_on,0,0,1,,,,,,,,,,,,,,,,,0,,63,74
37090,control_change,9,0,1,,,,,,,,,,,,,,,64,127,0,,,
37094,note_on,4,0,1,,,,,,,,,,,,,,,,,0,,44,0
37141,note_on,47,0,1,,,,,,,,,,,,,,,,,0,,58,57
37159,control_change,18,0,1,,,,,,,,,,,,,,,64,0,0,,,
37171,note_on,12,0,1,,,,,,,,,,,,,,,,,0,,59,0
37201,note_on,30,0,1,,,,,,,,,,,,,,,,,0,,57,51
37209,control_change,8,0,1,,,,,,,,,,,,,,,64,127,0,,,
37212,note_on,3,0,1,,,,,,,,,,,,,,,,,0,,58,0
37261,note_on,49,0,1,,,,,,,,,,,,,,,,,0,,58,56
37269,note_on,8,0,1,,,,,,,,,,,,,,,,,0,,57,0
37321,note_on,52,0,1,,,,,,,,,,,,,,,,,0,,62,74
37321,note_on,0,0,1,,,,,,,,,,,,,,,,,0,,53,65
37328,note_on,7,0,1,,,,,,,,,,,,,,,,,0,,63,0
37373,control_change,45,0,1,,,,,,,,,,,,,,,64,0,0,,,
37381,note_on,8,0,1,,,,,,,,,,,,,,,,,0,,54,65
37383,note_on,2,0,1,,,,,,,,,,,,,,,,,0,,53,0
37428,note_on,45,0,1,,,,,,,,,,,,,,,,,0,,58,0
37430,note_on,2,0,1,,,,,,,,,,,,,,,,,0,,62,0
37441,note_on,11,0,1,,,,,,,,,,,,,,,,,0,,39,78
37441,note_on,0,0,1,,,,,,,,,,,,,,,,,0,,63,78
37486,note_on,45,0,1,,,,,,,,,,,,,,,,,0,,46,0
37500,note_on,14,0,1,,,,,,,,,,,,,,,,,0,,47,47
37564,note_on,64,0,1,,,,,,,,,,,,,,,,,0,,46,49
37570,note_on,6,0,1,,,,,,,,,,,,,,,,,0,,47,0
37624,note_on,54,0,1,,,,,,,,,,,,,,,,,0,,50,47
37636,note_on,12,0,1,,,,,,,,,,,,,,,,,0,,46,0
37680,note_on,44,0,1,,,,,,,,,,,,,,,,,0,,51,49
37685,note_on,5,0,1,,,,,,,,,,,,,,,,,0,,54,0
37699,note_on,14,0,1,,,,,,,,,,,,,,,,,0,,50,0
37728,note_on,29,0,1,,,,,,,,,,,,,,,,,0,,53,50
37750,note_on,22,0,1,,,,,,,,,,,,,,,,,0,,51,0
37780,note_on,30,0,1,,,,,,,,,,,,,,,,,0,,54,55
37795,note_on,15,0,1,,,,,,,,,,,,,,,,,0,,53,0
37831,note_on,36,0,1,,,,,,,,,,,,,,,,,0,,47,51
37838,note_on,7,0,1,,,,,,,,,,,,,,,,,0,,54,0
37883,note_on,45,0,1,,,,,,,,,,,,,,,,,0,,46,51
37893,note_on,10,0,1,,,,,,,,,,,,,,,,,0,,47,0
37939,note_on,46,0,1,,,,,,,,,,,,,,,,,0,,50,53
37956,note_on,17,0,1,,,,,,,,,,,,,,,,,0,,46,0
37993,note_on,37,0,1,,,,,,,,,,,,,,,,,0,,51,50
38014,note_on,21,0,1,,,,,,,,,,,,,,,,,0,,50,0
38043,note_on,29,0,1,,,,,,,,,,,,,,,,,0,,53,49
38065,note_on,22,0,1,,,,,,,,,,,,,,,,,0,,51,0
38098,note_on,33,0,1,,,,,,,,,,,,,,,,,0,,54,51
38112,note_on,14,0,1,,,,,,,,,,,,,,,,,0,,53,0
38145,note_on,33,0,1,,,,,,,,,,,,,,,,,0,,54,0
38146,note_on,1,0,1,,,,,,,,,,,,,,,,,0,,47,48
38203,note_on,57,0,1,,,,,,,,,,,,,,,,,0,,46,54
38216,note_on,13,0,1,,,,,,,,,,,,,,,,,0,,47,0
38264,note_on,48,0,1,,,,,,,,,,,,,,,,,0,,50,48
38282,note_on,18,0,1,,,,,,,,,,,,,,,,,0,,46,0
38325,note_on,43,0,1,,,,,,,,,,,,,,,,,0,,51,51
38355,note_on,30,0,1,,,,,,,,,,,,,,,,,0,,50,0
38393,note_on,38,0,1,,,,,,,,,,,,,,,,,0,,53,49
38407,note_on,14,0,1,,,,,,,,,,,,,,,,,0,,51,0
38461,note_on,54,0,1,,,,,,,,,,,,,,,,,0,,54,46
38478,note_on,17,0,1,,,,,,,,,,,,,,,,,0,,53,0
38527,note_on,49,0,1,,,,,,,,,,,,,,,,,0,,47,44
38551,note_on,24,0,1,,,,,,,,,,,,,,,,,0,,54,0
38604,note_on,53,0,1,,,,,,,,,,,,,,,,,0,,46,52
38613,note_on,9,0,1,,,,,,,,,,,,,,,,,0,,47,0
38689,note_on,76,0,1,,,,,,,,,,,,,,,,,0,,50,40
38793,note_on,104,0,1,,,,,,,,,,,,,,,,,0,,51,42
38817,note_on,24,0,1,,,,,,,,,,,,,,,,,0,,50,0
38923,note_on,106,0,1,,,,,,,,,,,,,,,,,0,,53,43
38939,note_on,16,0,1,,,,,,,,,,,,,,,,,0,,51,0
39104,note_on,165,0,1,,,,,,,,,,,,,,,,,0,,55,37
39122,note_on,18,0,1,,,,,,,,,,,,,,,,,0,,53,0
39224,control_change,102,0,1,,,,,,,,,,,,,,,64,127,0,,,
40013,note_on,789,0,1,,,,,,,,,,,,,,,,,0,,63,0
40037,note_on,24,0,1,,,,,,,,,,,,,,,,,0,,39,0
40038,note_on,0,0,1,,,,,,,,,,,,,,,,,0,,55,0
40038,note_on,1,0,1,,,,,,,,,,,,,,,,,0,,46,0
40102,control_change,64,0,1,,,,,,,,,,,,,,,64,0,0,,,
40102,end_of_track,0,1,1,,,,,,,,,,,,,,,,,,,,
