tick,type,data,time,meta,track,numerator,denominator,clocks_per_click,notated_32nd_notes_per_beat,key,tempo,port,program,channel,control,value,note,velocity
0,sequencer_specific,"(0, 0, 65)",0,1,0,,,,,,,,,,,,,
0,program_change,,0,0,1,,,,,,,,0,0,,,,
0,control_change,,0,0,1,,,,,,,,,0,7,110,,
0,control_change,,0,0,1,,,,,,,,,0,10,64,,
0,track_name,,0,1,6,,,,,,,,,,,,,
0,midi_port,,0,1,2,,,,,,,0,,,,,,
0,track_name,,0,1,2,,,,,,,,,,,,,
0,end_of_track,,0,1,2,,,,,,,,,,,,,
0,midi_port,,0,1,3,,,,,,,0,,,,,,
0,track_name,,0,1,3,,,,,,,,,,,,,
0,end_of_track,,0,1,3,,,,,,,,,,,,,
0,midi_port,,0,1,4,,,,,,,0,,,,,,
0,track_name,,0,1,4,,,,,,,,,,,,,
0,end_of_track,,0,1,4,,,,,,,,,,,,,
0,midi_port,,0,1,5,,,,,,,0,,,,,,
0,track_name,,0,1,5,,,,,,,,,,,,,
0,end_of_track,,0,1,5,,,,,,,,,,,,,
0,midi_port,,0,1,6,,,,,,,0,,,,,,
0,track_name,,0,1,1,,,,,,,,,,,,,
0,midi_port,,0,1,1,,,,,,,0,,,,,,
0,end_of_track,,0,1,6,,,,,,,,,,,,,
0,sequencer_specific,"(0, 0, 65)",0,1,0,,,,,,,,,,,,,
0,time_signature,,0,1,0,3,4,24,8,,,,,,,,,
0,key_signature,,0,1,0,,,,,A,,,,,,,,
0,set_tempo,,0,1,0,,,,,,368098,,,,,,,
240,note_on,,240,0,1,,,,,,,,,0,,,67,93
248,control_change,,0,0,1,,,,,,,,,0,7,110,,
248,control_change,,0,0,1,,,,,,,,,0,93,5,,
248,control_change,,0,0,1,,,,,,,,,0,91,30,,
248,control_change,,0,0,1,,,,,,,,,0,0,0,,
248,control_change,,8,0,1,,,,,,,,,0,121,0,,
248,program_change,,0,0,1,,,,,,,,0,0,,,,
365,note_on,,0,0,1,,,,,,,,,0,,,48,87
365,note_on,,117,0,1,,,,,,,,,0,,,76,100
368,note_on,,3,0,1,,,,,,,,,0,,,67,0
373,control_change,,5,0,1,,,,,,,,,0,64,127,,
482,note_on,,109,0,1,,,,,,,,,0,,,55,74
483,note_on,,1,0,1,,,,,,,,,0,,,64,84
491,note_on,,8,0,1,,,,,,,,,0,,,55,0
492,note_on,,1,0,1,,,,,,,,,0,,,64,0
533,note_on,,41,0,1,,,,,,,,,0,,,76,0
540,note_on,,7,0,1,,,,,,,,,0,,,75,96
595,note_on,,55,0,1,,,,,,,,,0,,,77,102
600,note_on,,5,0,1,,,,,,,,,0,,,64,89
600,note_on,,0,0,1,,,,,,,,,0,,,75,0
602,note_on,,2,0,1,,,,,,,,,0,,,55,71
604,note_on,,2,0,1,,,,,,,,,0,,,48,0
625,note_on,,21,0,1,,,,,,,,,0,,,64,0
630,control_change,,5,0,1,,,,,,,,,0,64,0,,
637,note_on,,7,0,1,,,,,,,,,0,,,55,0
649,note_on,,12,0,1,,,,,,,,,0,,,76,95
661,note_on,,12,0,1,,,,,,,,,0,,,77,0
705,note_on,,44,0,1,,,,,,,,,0,,,74,104
707,note_on,,0,0,1,,,,,,,,,0,,,76,0
707,note_on,,2,0,1,,,,,,,,,0,,,48,92
715,control_change,,8,0,1,,,,,,,,,0,64,127,,
768,note_on,,53,0,1,,,,,,,,,0,,,73,103
773,note_on,,5,0,1,,,,,,,,,0,,,74,0
820,note_on,,47,0,1,,,,,,,,,0,,,76,103
820,note_on,,0,0,1,,,,,,,,,0,,,57,57
820,note_on,,0,0,1,,,,,,,,,0,,,54,87
820,note_on,,0,0,1,,,,,,,,,0,,,62,93
822,note_on,,2,0,1,,,,,,,,,0,,,73,0
829,note_on,,7,0,1,,,,,,,,,0,,,57,0
837,note_on,,8,0,1,,,,,,,,,0,,,54,0
849,note_on,,12,0,1,,,,,,,,,0,,,62,0
850,control_change,,1,0,1,,,,,,,,,0,64,0,,
934,note_on,,84,0,1,,,,,,,,,0,,,76,0
936,note_on,,0,0,1,,,,,,,,,0,,,62,69
936,note_on,,2,0,1,,,,,,,,,0,,,74,95
939,note_on,,0,0,1,,,,,,,,,0,,,54,77
939,note_on,,3,0,1,,,,,,,,,0,,,57,79
946,note_on,,7,0,1,,,,,,,,,0,,,48,0
965,note_on,,19,0,1,,,,,,,,,0,,,62,0
975,note_on,,10,0,1,,,,,,,,,0,,,57,0
977,note_on,,2,0,1,,,,,,,,,0,,,54,0
1001,note_on,,24,0,1,,,,,,,,,0,,,74,0
1061,note_on,,60,0,1,,,,,,,,,0,,,74,106
1066,note_on,,5,0,1,,,,,,,,,0,,,48,78
1080,control_change,,14,0,1,,,,,,,,,0,64,127,,
1188,note_on,,0,0,1,,,,,,,,,0,,,59,62
1188,note_on,,108,0,1,,,,,,,,,0,,,62,69
1188,note_on,,0,0,1,,,,,,,,,0,,,53,68
1189,note_on,,1,0,1,,,,,,,,,0,,,56,95
1197,note_on,,8,0,1,,,,,,,,,0,,,59,0
1199,note_on,,2,0,1,,,,,,,,,0,,,56,0
1206,note_on,,7,0,1,,,,,,,,,0,,,62,0
1217,note_on,,11,0,1,,,,,,,,,0,,,53,0
1231,note_on,,14,0,1,,,,,,,,,0,,,74,0
1243,note_on,,12,0,1,,,,,,,,,0,,,73,103
1295,note_on,,52,0,1,,,,,,,,,0,,,76,105
1295,note_on,,0,0,1,,,,,,,,,0,,,53,95
1297,note_on,,0,0,1,,,,,,,,,0,,,59,68
1297,note_on,,0,0,1,,,,,,,,,0,,,56,78
1297,note_on,,2,0,1,,,,,,,,,0,,,62,86
1298,note_on,,1,0,1,,,,,,,,,0,,,73,0
1305,note_on,,7,0,1,,,,,,,,,0,,,48,0
1308,note_on,,3,0,1,,,,,,,,,0,,,59,0
1311,note_on,,3,0,1,,,,,,,,,0,,,62,0
1316,note_on,,5,0,1,,,,,,,,,0,,,53,0
1317,note_on,,1,0,1,,,,,,,,,0,,,56,0
1333,control_change,,16,0,1,,,,,,,,,0,64,0,,
1349,note_on,,16,0,1,,,,,,,,,0,,,74,112
1358,note_on,,9,0,1,,,,,,,,,0,,,76,0
1385,note_on,,27,0,1,,,,,,,,,0,,,74,0
1408,control_change,,23,0,1,,,,,,,,,0,64,127,,
1416,note_on,,0,0,1,,,,,,,,,0,,,72,95
1416,note_on,,8,0,1,,,,,,,,,0,,,48,90
1434,note_on,,18,0,1,,,,,,,,,0,,,74,91
1445,note_on,,11,0,1,,,,,,,,,0,,,72,0
1457,note_on,,12,0,1,,,,,,,,,0,,,72,95
1458,note_on,,1,0,1,,,,,,,,,0,,,74,0
1488,note_on,,30,0,1,,,,,,,,,0,,,72,0
1489,note_on,,1,0,1,,,,,,,,,0,,,71,102
1543,note_on,,54,0,1,,,,,,,,,0,,,74,105
1546,note_on,,0,0,1,,,,,,,,,0,,,52,80
1546,note_on,,0,0,1,,,,,,,,,0,,,55,74
1546,note_on,,3,0,1,,,,,,,,,0,,,60,68
1549,note_on,,3,0,1,,,,,,,,,0,,,71,0
1561,note_on,,12,0,1,,,,,,,,,0,,,55,0
1563,note_on,,2,0,1,,,,,,,,,0,,,52,0
1564,note_on,,1,0,1,,,,,,,,,0,,,60,0
1565,control_change,,1,0,1,,,,,,,,,0,64,0,,
1670,note_on,,105,0,1,,,,,,,,,0,,,74,0
1672,note_on,,2,0,1,,,,,,,,,0,,,60,72
1674,note_on,,0,0,1,,,,,,,,,0,,,55,76
1674,note_on,,0,0,1,,,,,,,,,0,,,52,79
1674,note_on,,2,0,1,,,,,,,,,0,,,72,93
1685,note_on,,11,0,1,,,,,,,,,0,,,48,0
1690,note_on,,5,0,1,,,,,,,,,0,,,55,0
1691,note_on,,1,0,1,,,,,,,,,0,,,60,0
1717,note_on,,26,0,1,,,,,,,,,0,,,72,0
1717,note_on,,0,0,1,,,,,,,,,0,,,52,0
1800,note_on,,83,0,1,,,,,,,,,0,,,42,83
1803,note_on,,3,0,1,,,,,,,,,0,,,69,108
1811,control_change,,8,0,1,,,,,,,,,0,64,127,,
1859,note_on,,48,0,1,,,,,,,,,0,,,42,0
1924,note_on,,65,0,1,,,,,,,,,0,,,50,87
1926,note_on,,2,0,1,,,,,,,,,0,,,57,81
1928,note_on,,2,0,1,,,,,,,,,0,,,60,68
1937,note_on,,9,0,1,,,,,,,,,0,,,57,0
1940,note_on,,3,0,1,,,,,,,,,0,,,60,0
1940,note_on,,0,0,1,,,,,,,,,0,,,50,0
1971,note_on,,31,0,1,,,,,,,,,0,,,69,0
1979,note_on,,8,0,1,,,,,,,,,0,,,68,109
2034,note_on,,55,0,1,,,,,,,,,0,,,71,105
2040,note_on,,6,0,1,,,,,,,,,0,,,68,0
2063,control_change,,23,0,1,,,,,,,,,0,64,0,,
2090,note_on,,27,0,1,,,,,,,,,0,,,69,120
2090,note_on,,0,0,1,,,,,,,,,0,,,71,0
2143,note_on,,53,0,1,,,,,,,,,0,,,69,0
2145,note_on,,2,0,1,,,,,,,,,0,,,43,95
2145,note_on,,0,0,1,,,,,,,,,0,,,67,108
2151,control_change,,6,0,1,,,,,,,,,0,64,127,,
2204,note_on,,53,0,1,,,,,,,,,0,,,43,0
2206,note_on,,2,0,1,,,,,,,,,0,,,67,0
2227,note_on,,21,0,1,,,,,,,,,0,,,72,108
2261,note_on,,34,0,1,,,,,,,,,0,,,76,120
2262,note_on,,1,0,1,,,,,,,,,0,,,72,0
2265,note_on,,3,0,1,,,,,,,,,0,,,52,90
2266,note_on,,1,0,1,,,,,,,,,0,,,55,90
2269,note_on,,3,0,1,,,,,,,,,0,,,60,79
2290,note_on,,21,0,1,,,,,,,,,0,,,55,0
2295,note_on,,5,0,1,,,,,,,,,0,,,60,0
2297,note_on,,2,0,1,,,,,,,,,0,,,52,0
2303,control_change,,6,0,1,,,,,,,,,0,64,0,,
2392,note_on,,89,0,1,,,,,,,,,0,,,60,86
2394,note_on,,2,0,1,,,,,,,,,0,,,52,83
2396,note_on,,2,0,1,,,,,,,,,0,,,55,76
2410,note_on,,14,0,1,,,,,,,,,0,,,55,0
2417,note_on,,7,0,1,,,,,,,,,0,,,60,0
2427,note_on,,10,0,1,,,,,,,,,0,,,52,0
2502,note_on,,75,0,1,,,,,,,,,0,,,76,0
2519,control_change,,17,0,1,,,,,,,,,0,64,127,,
2519,note_on,,0,0,1,,,,,,,,,0,,,43,101
2522,set_tempo,,2522,1,0,,,,,,394736,,,,,,,
2573,note_on,,54,0,1,,,,,,,,,0,,,74,103
2578,note_on,,5,0,1,,,,,,,,,0,,,43,0
2585,note_on,,7,0,1,,,,,,,,,0,,,74,0
2599,note_on,,14,0,1,,,,,,,,,0,,,76,95
2619,note_on,,20,0,1,,,,,,,,,0,,,74,102
2626,note_on,,7,0,1,,,,,,,,,0,,,76,0
2632,note_on,,0,0,1,,,,,,,,,0,,,59,89
2632,note_on,,6,0,1,,,,,,,,,0,,,55,91
2636,note_on,,0,0,1,,,,,,,,,0,,,53,86
2636,note_on,,4,0,1,,,,,,,,,0,,,73,127
2642,note_on,,0,0,1,,,,,,,,,0,,,55,0
2642,note_on,,6,0,1,,,,,,,,,0,,,59,0
2642,note_on,,0,0,1,,,,,,,,,0,,,74,0
2643,note_on,,1,0,1,,,,,,,,,0,,,53,0
2685,note_on,,42,0,1,,,,,,,,,0,,,74,126
2685,note_on,,0,0,1,,,,,,,,,0,,,73,0
2718,control_change,,33,0,1,,,,,,,,,0,64,0,,
2739,note_on,,21,0,1,,,,,,,,,0,,,76,123
2740,note_on,,1,0,1,,,,,,,,,0,,,59,98
2742,note_on,,2,0,1,,,,,,,,,0,,,53,101
2742,note_on,,0,0,1,,,,,,,,,0,,,55,92
2749,note_on,,7,0,1,,,,,,,,,0,,,74,0
2750,note_on,,1,0,1,,,,,,,,,0,,,59,0
2753,note_on,,0,0,1,,,,,,,,,0,,,53,0
2753,note_on,,3,0,1,,,,,,,,,0,,,55,0
2791,note_on,,38,0,1,,,,,,,,,0,,,77,127
2805,note_on,,14,0,1,,,,,,,,,0,,,76,0
2859,note_on,,54,0,1,,,,,,,,,0,,,81,115
2863,note_on,,0,0,1,,,,,,,,,0,,,77,0
2863,note_on,,4,0,1,,,,,,,,,0,,,48,95
2880,set_tempo,,358,1,0,,,,,,416666,,,,,,,
2895,control_change,,32,0,1,,,,,,,,,0,64,127,,
2987,note_on,,92,0,1,,,,,,,,,0,,,54,91
2990,note_on,,3,0,1,,,,,,,,,0,,,63,77
2998,set_tempo,,118,1,0,,,,,,434782,,,,,,,
3120,set_tempo,,122,1,0,,,,,,458015,,,,,,,
3126,note_on,,136,0,1,,,,,,,,,0,,,81,0
3128,note_on,,2,0,1,,,,,,,,,0,,,79,85
3134,note_on,,6,0,1,,,,,,,,,0,,,64,76
3136,note_on,,0,0,1,,,,,,,,,0,,,54,0
3136,note_on,,2,0,1,,,,,,,,,0,,,55,75
3139,note_on,,3,0,1,,,,,,,,,0,,,63,0
3151,control_change,,12,0,1,,,,,,,,,0,64,0,,
3187,note_on,,36,0,1,,,,,,,,,0,,,79,0
3192,note_on,,5,0,1,,,,,,,,,0,,,48,0
3193,note_on,,1,0,1,,,,,,,,,0,,,64,0
3195,note_on,,2,0,1,,,,,,,,,0,,,55,0
3240,control_change,,45,0,1,,,,,,,,,0,7,126,,
3242,set_tempo,,122,1,0,,,,,,377358,,,,,,,
3248,note_on,,8,0,1,,,,,,,,,0,,,76,101
3253,note_on,,0,0,1,,,,,,,,,0,,,67,92
3253,note_on,,5,0,1,,,,,,,,,0,,,48,91
3264,control_change,,11,0,1,,,,,,,,,0,64,127,,
3363,note_on,,99,0,1,,,,,,,,,0,,,55,98
3365,note_on,,2,0,1,,,,,,,,,0,,,64,104
3372,note_on,,7,0,1,,,,,,,,,0,,,55,0
3372,note_on,,0,0,1,,,,,,,,,0,,,67,0
3374,note_on,,2,0,1,,,,,,,,,0,,,64,0
3397,note_on,,23,0,1,,,,,,,,,0,,,76,0
3409,note_on,,12,0,1,,,,,,,,,0,,,66,113
3412,note_on,,3,0,1,,,,,,,,,0,,,75,101
3466,note_on,,54,0,1,,,,,,,,,0,,,77,113
3466,note_on,,0,0,1,,,,,,,,,0,,,69,101
3468,note_on,,2,0,1,,,,,,,,,0,,,66,0
3471,note_on,,3,0,1,,,,,,,,,0,,,75,0
3473,note_on,,0,0,1,,,,,,,,,0,,,64,106
3473,note_on,,2,0,1,,,,,,,,,0,,,55,105
3480,note_on,,7,0,1,,,,,,,,,0,,,64,0
3483,note_on,,3,0,1,,,,,,,,,0,,,55,0
3492,note_on,,9,0,1,,,,,,,,,0,,,48,0
3525,note_on,,0,0,1,,,,,,,,,0,,,77,0
3525,note_on,,33,0,1,,,,,,,,,0,,,67,113
3525,note_on,,0,0,1,,,,,,,,,0,,,69,0
3527,note_on,,2,0,1,,,,,,,,,0,,,76,99
3584,note_on,,57,0,1,,,,,,,,,0,,,67,0
3586,note_on,,2,0,1,,,,,,,,,0,,,76,0
3587,note_on,,1,0,1,,,,,,,,,0,,,74,105
3588,note_on,,1,0,1,,,,,,,,,0,,,66,100
3591,note_on,,3,0,1,,,,,,,,,0,,,48,104
3608,note_on,,17,0,1,,,,,,,,,0,,,76,99
3611,control_change,,3,0,1,,,,,,,,,0,64,0,,
3616,note_on,,5,0,1,,,,,,,,,0,,,74,0
3624,control_change,,8,0,1,,,,,,,,,0,64,127,,
3630,note_on,,6,0,1,,,,,,,,,0,,,74,97
3637,note_on,,7,0,1,,,,,,,,,0,,,76,0
3640,note_on,,3,0,1,,,,,,,,,0,,,73,107
3640,note_on,,0,0,1,,,,,,,,,0,,,64,112
3647,note_on,,7,0,1,,,,,,,,,0,,,66,0
3659,note_on,,12,0,1,,,,,,,,,0,,,74,0
3695,note_on,,36,0,1,,,,,,,,,0,,,73,0
3699,note_on,,4,0,1,,,,,,,,,0,,,64,0
3708,note_on,,9,0,1,,,,,,,,,0,,,76,103
3709,note_on,,1,0,1,,,,,,,,,0,,,57,81
3709,note_on,,0,0,1,,,,,,,,,0,,,54,83
3710,note_on,,1,0,1,,,,,,,,,0,,,62,75
3714,note_on,,4,0,1,,,,,,,,,0,,,67,82
3720,note_on,,6,0,1,,,,,,,,,0,,,54,0
3720,note_on,,0,0,1,,,,,,,,,0,,,57,0
3723,note_on,,3,0,1,,,,,,,,,0,,,62,0
3736,control_change,,13,0,1,,,,,,,,,0,64,0,,
3803,note_on,,67,0,1,,,,,,,,,0,,,67,0
3831,note_on,,28,0,1,,,,,,,,,0,,,74,98
3831,note_on,,0,0,1,,,,,,,,,0,,,66,76
3835,note_on,,4,0,1,,,,,,,,,0,,,76,0
3838,note_on,,3,0,1,,,,,,,,,0,,,54,83
3838,note_on,,0,0,1,,,,,,,,,0,,,62,72
3842,note_on,,4,0,1,,,,,,,,,0,,,57,76
3857,note_on,,15,0,1,,,,,,,,,0,,,57,0
3857,note_on,,0,0,1,,,,,,,,,0,,,62,0
3860,note_on,,3,0,1,,,,,,,,,0,,,48,0
3866,note_on,,6,0,1,,,,,,,,,0,,,54,0
3890,note_on,,24,0,1,,,,,,,,,0,,,74,0
3890,note_on,,0,0,1,,,,,,,,,0,,,66,0
3959,note_on,,0,0,1,,,,,,,,,0,,,48,79
3959,note_on,,69,0,1,,,,,,,,,0,,,74,100
3959,note_on,,0,0,1,,,,,,,,,0,,,65,98
3973,control_change,,14,0,1,,,,,,,,,0,64,127,,
4076,note_on,,0,0,1,,,,,,,,,0,,,53,100
4076,note_on,,0,0,1,,,,,,,,,0,,,56,89
4076,note_on,,103,0,1,,,,,,,,,0,,,62,92
4076,note_on,,0,0,1,,,,,,,,,0,,,59,85
4091,note_on,,15,0,1,,,,,,,,,0,,,59,0
4091,note_on,,0,0,1,,,,,,,,,0,,,62,0
4092,note_on,,1,0,1,,,,,,,,,0,,,56,0
4105,note_on,,13,0,1,,,,,,,,,0,,,53,0
4108,note_on,,3,0,1,,,,,,,,,0,,,74,0
4108,note_on,,0,0,1,,,,,,,,,0,,,65,0
4130,note_on,,22,0,1,,,,,,,,,0,,,64,112
4130,note_on,,0,0,1,,,,,,,,,0,,,73,103
4189,note_on,,59,0,1,,,,,,,,,0,,,73,0
4189,note_on,,0,0,1,,,,,,,,,0,,,64,0
4190,note_on,,1,0,1,,,,,,,,,0,,,76,106
4193,note_on,,3,0,1,,,,,,,,,0,,,62,95
4193,note_on,,0,0,1,,,,,,,,,0,,,67,83
4194,note_on,,1,0,1,,,,,,,,,0,,,53,92
4194,note_on,,0,0,1,,,,,,,,,0,,,56,92
4195,note_on,,1,0,1,,,,,,,,,0,,,59,89
4208,note_on,,13,0,1,,,,,,,,,0,,,59,0
4213,note_on,,5,0,1,,,,,,,,,0,,,62,0
4218,note_on,,0,0,1,,,,,,,,,0,,,56,0
4218,note_on,,5,0,1,,,,,,,,,0,,,53,0
4228,note_on,,10,0,1,,,,,,,,,0,,,48,0
4244,note_on,,16,0,1,,,,,,,,,0,,,74,116
4244,note_on,,0,0,1,,,,,,,,,0,,,65,108
4249,note_on,,5,0,1,,,,,,,,,0,,,76,0
4252,note_on,,3,0,1,,,,,,,,,0,,,67,0
4303,note_on,,51,0,1,,,,,,,,,0,,,74,0
4303,note_on,,0,0,1,,,,,,,,,0,,,65,0
4308,note_on,,5,0,1,,,,,,,,,0,,,48,102
4312,note_on,,4,0,1,,,,,,,,,0,,,64,104
4312,note_on,,0,0,1,,,,,,,,,0,,,72,105
4321,control_change,,9,0,1,,,,,,,,,0,64,0,,
4332,note_on,,11,0,1,,,,,,,,,0,,,74,96
4339,control_change,,7,0,1,,,,,,,,,0,64,127,,
4341,note_on,,2,0,1,,,,,,,,,0,,,72,0
4350,note_on,,9,0,1,,,,,,,,,0,,,72,94
4361,note_on,,11,0,1,,,,,,,,,0,,,74,0
4367,note_on,,6,0,1,,,,,,,,,0,,,71,110
4368,note_on,,1,0,1,,,,,,,,,0,,,63,115
4371,note_on,,3,0,1,,,,,,,,,0,,,64,0
4379,note_on,,8,0,1,,,,,,,,,0,,,72,0
4426,note_on,,47,0,1,,,,,,,,,0,,,71,0
4427,note_on,,1,0,1,,,,,,,,,0,,,63,0
4429,note_on,,2,0,1,,,,,,,,,0,,,74,112
4431,note_on,,2,0,1,,,,,,,,,0,,,65,109
4435,note_on,,4,0,1,,,,,,,,,0,,,55,88
4437,note_on,,2,0,1,,,,,,,,,0,,,60,88
4437,note_on,,0,0,1,,,,,,,,,0,,,52,86
4445,note_on,,0,0,1,,,,,,,,,0,,,55,0
4445,note_on,,8,0,1,,,,,,,,,0,,,60,0
4447,note_on,,2,0,1,,,,,,,,,0,,,52,0
4452,control_change,,5,0,1,,,,,,,,,0,64,0,,
4550,note_on,,98,0,1,,,,,,,,,0,,,72,99
4550,note_on,,0,0,1,,,,,,,,,0,,,65,0
4552,note_on,,2,0,1,,,,,,,,,0,,,64,80
4555,note_on,,3,0,1,,,,,,,,,0,,,60,78
4556,note_on,,1,0,1,,,,,,,,,0,,,74,0
4557,note_on,,1,0,1,,,,,,,,,0,,,52,78
4560,note_on,,3,0,1,,,,,,,,,0,,,55,70
4569,note_on,,9,0,1,,,,,,,,,0,,,60,0
4577,note_on,,8,0,1,,,,,,,,,0,,,48,0
4578,note_on,,1,0,1,,,,,,,,,0,,,55,0
4591,note_on,,13,0,1,,,,,,,,,0,,,52,0
4609,note_on,,18,0,1,,,,,,,,,0,,,72,0
4611,note_on,,2,0,1,,,,,,,,,0,,,64,0
4677,note_on,,66,0,1,,,,,,,,,0,,,69,92
4677,note_on,,0,0,1,,,,,,,,,0,,,65,76
4679,note_on,,2,0,1,,,,,,,,,0,,,41,96
4685,control_change,,6,0,1,,,,,,,,,0,64,127,,
4694,note_on,,9,0,1,,,,,,,,,0,,,71,97
4706,note_on,,12,0,1,,,,,,,,,0,,,69,0
4720,note_on,,14,0,1,,,,,,,,,0,,,69,101
4723,note_on,,3,0,1,,,,,,,,,0,,,71,0
4768,note_on,,45,0,1,,,,,,,,,0,,,41,0
4782,note_on,,14,0,1,,,,,,,,,0,,,65,0
4790,note_on,,8,0,1,,,,,,,,,0,,,57,96
4793,note_on,,3,0,1,,,,,,,,,0,,,60,95
4795,note_on,,2,0,1,,,,,,,,,0,,,53,101
4839,note_on,,44,0,1,,,,,,,,,0,,,69,0
4843,note_on,,0,0,1,,,,,,,,,0,,,64,102
4843,note_on,,4,0,1,,,,,,,,,0,,,68,105
4900,note_on,,57,0,1,,,,,,,,,0,,,60,0
4901,note_on,,0,0,1,,,,,,,,,0,,,67,105
4901,note_on,,1,0,1,,,,,,,,,0,,,71,106
4902,note_on,,0,0,1,,,,,,,,,0,,,64,0
4902,note_on,,1,0,1,,,,,,,,,0,,,68,0
4905,note_on,,3,0,1,,,,,,,,,0,,,53,0
4908,note_on,,3,0,1,,,,,,,,,0,,,57,0
4943,control_change,,35,0,1,,,,,,,,,0,64,0,,
4953,note_on,,10,0,1,,,,,,,,,0,,,69,113
4953,note_on,,0,0,1,,,,,,,,,0,,,65,105
4960,note_on,,0,0,1,,,,,,,,,0,,,71,0
4960,note_on,,7,0,1,,,,,,,,,0,,,67,0
5012,note_on,,52,0,1,,,,,,,,,0,,,65,0
5016,note_on,,4,0,1,,,,,,,,,0,,,43,107
5016,note_on,,0,0,1,,,,,,,,,0,,,69,0
5017,note_on,,1,0,1,,,,,,,,,0,,,67,109
5017,note_on,,0,0,1,,,,,,,,,0,,,64,111
5026,control_change,,9,0,1,,,,,,,,,0,64,127,,
5075,note_on,,49,0,1,,,,,,,,,0,,,43,0
5076,note_on,,1,0,1,,,,,,,,,0,,,64,0
5088,note_on,,12,0,1,,,,,,,,,0,,,67,0
5089,note_on,,1,0,1,,,,,,,,,0,,,72,115
5092,note_on,,3,0,1,,,,,,,,,0,,,64,103
5121,note_on,,29,0,1,,,,,,,,,0,,,64,0
5122,note_on,,1,0,1,,,,,,,,,0,,,72,0
5133,note_on,,11,0,1,,,,,,,,,0,,,67,106
5136,note_on,,0,0,1,,,,,,,,,0,,,52,100
5136,note_on,,0,0,1,,,,,,,,,0,,,60,92
5136,note_on,,3,0,1,,,,,,,,,0,,,76,115
5154,note_on,,0,0,1,,,,,,,,,0,,,52,0
5154,note_on,,18,0,1,,,,,,,,,0,,,60,0
5166,control_change,,12,0,1,,,,,,,,,0,64,0,,
5266,note_on,,0,0,1,,,,,,,,,0,,,52,97
5266,note_on,,100,0,1,,,,,,,,,0,,,60,90
5276,note_on,,10,0,1,,,,,,,,,0,,,60,0
5284,note_on,,8,0,1,,,,,,,,,0,,,67,0
5286,note_on,,2,0,1,,,,,,,,,0,,,52,0
5376,note_on,,90,0,1,,,,,,,,,0,,,76,0
5389,note_on,,13,0,1,,,,,,,,,0,,,43,111
5392,control_change,,3,0,1,,,,,,,,,0,64,127,,
5400,set_tempo,,2158,1,0,,,,,,387096,,,,,,,
5435,note_on,,43,0,1,,,,,,,,,0,,,74,105
5436,note_on,,1,0,1,,,,,,,,,0,,,65,93
5445,note_on,,9,0,1,,,,,,,,,0,,,74,0
5448,note_on,,3,0,1,,,,,,,,,0,,,43,0
5460,note_on,,12,0,1,,,,,,,,,0,,,76,91
5470,note_on,,10,0,1,,,,,,,,,0,,,76,0
5475,note_on,,5,0,1,,,,,,,,,0,,,74,102
5495,note_on,,20,0,1,,,,,,,,,0,,,65,0
5501,note_on,,6,0,1,,,,,,,,,0,,,73,122
5502,note_on,,1,0,1,,,,,,,,,0,,,50,84
5502,note_on,,0,0,1,,,,,,,,,0,,,55,89
5502,note_on,,0,0,1,,,,,,,,,0,,,59,90
5507,note_on,,5,0,1,,,,,,,,,0,,,64,112
5508,note_on,,1,0,1,,,,,,,,,0,,,74,0
5511,note_on,,0,0,1,,,,,,,,,0,,,55,0
5511,note_on,,0,0,1,,,,,,,,,0,,,50,0
5511,note_on,,3,0,1,,,,,,,,,0,,,59,0
5558,note_on,,47,0,1,,,,,,,,,0,,,74,121
5563,note_on,,5,0,1,,,,,,,,,0,,,65,88
5566,note_on,,0,0,1,,,,,,,,,0,,,64,0
5566,note_on,,3,0,1,,,,,,,,,0,,,73,0
5617,note_on,,51,0,1,,,,,,,,,0,,,74,0
5622,note_on,,5,0,1,,,,,,,,,0,,,65,0
5632,note_on,,10,0,1,,,,,,,,,0,,,50,96
5633,note_on,,1,0,1,,,,,,,,,0,,,77,103
5633,note_on,,0,0,1,,,,,,,,,0,,,69,103
5635,note_on,,2,0,1,,,,,,,,,0,,,59,84
5637,note_on,,2,0,1,,,,,,,,,0,,,55,79
5663,note_on,,26,0,1,,,,,,,,,0,,,59,0
5670,control_change,,7,0,1,,,,,,,,,0,64,0,,
5670,note_on,,0,0,1,,,,,,,,,0,,,55,0
5671,note_on,,1,0,1,,,,,,,,,0,,,50,0
5692,note_on,,21,0,1,,,,,,,,,0,,,69,0
5692,note_on,,0,0,1,,,,,,,,,0,,,77,0
5723,note_on,,31,0,1,,,,,,,,,0,,,76,95
5726,note_on,,3,0,1,,,,,,,,,0,,,67,79
5755,note_on,,29,0,1,,,,,,,,,0,,,67,0
5760,set_tempo,,360,1,0,,,,,,410958,,,,,,,
5760,note_on,,5,0,1,,,,,,,,,0,,,76,0
5781,note_on,,0,0,1,,,,,,,,,0,,,48,85
5781,note_on,,0,0,1,,,,,,,,,0,,,65,99
5781,note_on,,21,0,1,,,,,,,,,0,,,74,103
5781,note_on,,0,0,1,,,,,,,,,0,,,36,92
5792,control_change,,11,0,1,,,,,,,,,0,64,127,,
5865,note_on,,73,0,1,,,,,,,,,0,,,74,0
5870,note_on,,5,0,1,,,,,,,,,0,,,48,0
5870,note_on,,0,0,1,,,,,,,,,0,,,65,0
5875,note_on,,0,0,1,,,,,,,,,0,,,76,97
5875,note_on,,5,0,1,,,,,,,,,0,,,67,79
5880,set_tempo,,120,1,0,,,,,,431654,,,,,,,
5900,note_on,,25,0,1,,,,,,,,,0,,,36,0
5934,note_on,,34,0,1,,,,,,,,,0,,,60,65
5934,note_on,,0,0,1,,,,,,,,,0,,,64,90
5934,note_on,,0,0,1,,,,,,,,,0,,,72,92
5934,note_on,,0,0,1,,,,,,,,,0,,,52,78
5934,note_on,,0,0,1,,,,,,,,,0,,,48,80
5934,note_on,,0,0,1,,,,,,,,,0,,,76,0
5934,note_on,,0,0,1,,,,,,,,,0,,,67,0
5959,control_change,,25,0,1,,,,,,,,,0,64,0,,
6000,control_change,,41,0,1,,,,,,,,,0,7,92,,
6010,note_on,,10,0,1,,,,,,,,,0,,,64,0
6084,note_on,,74,0,1,,,,,,,,,0,,,72,0
6095,note_on,,0,0,1,,,,,,,,,0,,,52,0
6095,note_on,,11,0,1,,,,,,,,,0,,,60,0
6099,note_on,,4,0,1,,,,,,,,,0,,,67,93
6113,note_on,,14,0,1,,,,,,,,,0,,,48,0
6120,set_tempo,,240,1,0,,,,,,375000,,,,,,,
6218,note_on,,105,0,1,,,,,,,,,0,,,67,0
6240,note_on,,22,0,1,,,,,,,,,0,,,76,94
6249,note_on,,9,0,1,,,,,,,,,0,,,48,77
6255,control_change,,6,0,1,,,,,,,,,0,64,127,,
6369,note_on,,114,0,1,,,,,,,,,0,,,55,81
6372,note_on,,3,0,1,,,,,,,,,0,,,60,72
6372,note_on,,0,0,1,,,,,,,,,0,,,64,65
6381,note_on,,9,0,1,,,,,,,,,0,,,55,0
6382,note_on,,1,0,1,,,,,,,,,0,,,64,0
6383,note_on,,1,0,1,,,,,,,,,0,,,60,0
6392,note_on,,9,0,1,,,,,,,,,0,,,76,0
6430,note_on,,38,0,1,,,,,,,,,0,,,75,103
6479,note_on,,49,0,1,,,,,,,,,0,,,77,109
6483,note_on,,4,0,1,,,,,,,,,0,,,64,82
6485,note_on,,2,0,1,,,,,,,,,0,,,55,66
6485,note_on,,0,0,1,,,,,,,,,0,,,60,80
6488,note_on,,3,0,1,,,,,,,,,0,,,48,0
6489,note_on,,1,0,1,,,,,,,,,0,,,75,0
6491,note_on,,2,0,1,,,,,,,,,0,,,64,0
6498,note_on,,7,0,1,,,,,,,,,0,,,55,0
6498,note_on,,0,0,1,,,,,,,,,0,,,60,0
6530,note_on,,32,0,1,,,,,,,,,0,,,77,0
6531,note_on,,1,0,1,,,,,,,,,0,,,76,107
6593,note_on,,62,0,1,,,,,,,,,0,,,76,0
6594,note_on,,1,0,1,,,,,,,,,0,,,74,99
6594,note_on,,0,0,1,,,,,,,,,0,,,48,83
6601,control_change,,7,0,1,,,,,,,,,0,64,0,,
6623,control_change,,22,0,1,,,,,,,,,0,64,127,,
6648,note_on,,25,0,1,,,,,,,,,0,,,74,0
6654,note_on,,6,0,1,,,,,,,,,0,,,73,101
6710,note_on,,56,0,1,,,,,,,,,0,,,76,97
6710,note_on,,0,0,1,,,,,,,,,0,,,62,84
6710,note_on,,0,0,1,,,,,,,,,0,,,73,0
6712,note_on,,0,0,1,,,,,,,,,0,,,57,82
6712,note_on,,2,0,1,,,,,,,,,0,,,54,85
6725,note_on,,13,0,1,,,,,,,,,0,,,57,0
6726,note_on,,1,0,1,,,,,,,,,0,,,54,0
6730,note_on,,4,0,1,,,,,,,,,0,,,62,0
6731,control_change,,1,0,1,,,,,,,,,0,64,0,,
6824,note_on,,93,0,1,,,,,,,,,0,,,76,0
6831,note_on,,0,0,1,,,,,,,,,0,,,62,62
6831,note_on,,7,0,1,,,,,,,,,0,,,74,90
6831,note_on,,0,0,1,,,,,,,,,0,,,54,67
6831,note_on,,0,0,1,,,,,,,,,0,,,57,74
6846,note_on,,15,0,1,,,,,,,,,0,,,62,0
6847,note_on,,1,0,1,,,,,,,,,0,,,57,0
6855,note_on,,8,0,1,,,,,,,,,0,,,54,0
6863,note_on,,8,0,1,,,,,,,,,0,,,48,0
6866,note_on,,3,0,1,,,,,,,,,0,,,74,0
6958,note_on,,92,0,1,,,,,,,,,0,,,74,109
6960,note_on,,2,0,1,,,,,,,,,0,,,48,82
6964,control_change,,4,0,1,,,,,,,,,0,64,127,,
7074,note_on,,110,0,1,,,,,,,,,0,,,62,78
7074,note_on,,0,0,1,,,,,,,,,0,,,59,75
7077,note_on,,0,0,1,,,,,,,,,0,,,56,82
7077,note_on,,3,0,1,,,,,,,,,0,,,53,81
7084,note_on,,7,0,1,,,,,,,,,0,,,59,0
7088,note_on,,4,0,1,,,,,,,,,0,,,53,0
7092,note_on,,4,0,1,,,,,,,,,0,,,56,0
7096,note_on,,4,0,1,,,,,,,,,0,,,62,0
7109,note_on,,13,0,1,,,,,,,,,0,,,74,0
7139,note_on,,30,0,1,,,,,,,,,0,,,73,108
7187,note_on,,48,0,1,,,,,,,,,0,,,76,114
7189,note_on,,0,0,1,,,,,,,,,0,,,59,80
7189,note_on,,2,0,1,,,,,,,,,0,,,62,90
7189,note_on,,0,0,1,,,,,,,,,0,,,56,88
7189,note_on,,0,0,1,,,,,,,,,0,,,53,91
7195,note_on,,6,0,1,,,,,,,,,0,,,73,0
7199,note_on,,4,0,1,,,,,,,,,0,,,59,0
7200,note_on,,1,0,1,,,,,,,,,0,,,62,0
7210,note_on,,10,0,1,,,,,,,,,0,,,56,0
7214,note_on,,4,0,1,,,,,,,,,0,,,53,0
7220,control_change,,6,0,1,,,,,,,,,0,64,0,,
7229,note_on,,9,0,1,,,,,,,,,0,,,48,0
7242,note_on,,13,0,1,,,,,,,,,0,,,74,114
7252,note_on,,10,0,1,,,,,,,,,0,,,76,0
7276,note_on,,24,0,1,,,,,,,,,0,,,74,0
7298,control_change,,22,0,1,,,,,,,,,0,64,127,,
7305,note_on,,0,0,1,,,,,,,,,0,,,48,84
7305,note_on,,7,0,1,,,,,,,,,0,,,72,84
7321,note_on,,16,0,1,,,,,,,,,0,,,74,92
7334,note_on,,13,0,1,,,,,,,,,0,,,72,0
7340,note_on,,6,0,1,,,,,,,,,0,,,72,95
7347,note_on,,7,0,1,,,,,,,,,0,,,74,0
7374,note_on,,27,0,1,,,,,,,,,0,,,71,104
7374,note_on,,0,0,1,,,,,,,,,0,,,72,0
7427,note_on,,53,0,1,,,,,,,,,0,,,71,0
7429,note_on,,2,0,1,,,,,,,,,0,,,74,104
7432,note_on,,3,0,1,,,,,,,,,0,,,60,67
7432,note_on,,0,0,1,,,,,,,,,0,,,52,86
7432,note_on,,0,0,1,,,,,,,,,0,,,55,81
7440,note_on,,8,0,1,,,,,,,,,0,,,60,0
7442,note_on,,2,0,1,,,,,,,,,0,,,55,0
7444,note_on,,2,0,1,,,,,,,,,0,,,52,0
7448,control_change,,4,0,1,,,,,,,,,0,64,0,,
7547,note_on,,99,0,1,,,,,,,,,0,,,72,94
7547,note_on,,0,0,1,,,,,,,,,0,,,74,0
7551,note_on,,4,0,1,,,,,,,,,0,,,60,77
7551,note_on,,0,0,1,,,,,,,,,0,,,55,77
7551,note_on,,0,0,1,,,,,,,,,0,,,52,84
7572,note_on,,21,0,1,,,,,,,,,0,,,60,0
7574,note_on,,2,0,1,,,,,,,,,0,,,48,0
7575,note_on,,1,0,1,,,,,,,,,0,,,72,0
7579,note_on,,4,0,1,,,,,,,,,0,,,55,0
7591,note_on,,12,0,1,,,,,,,,,0,,,52,0
7679,note_on,,88,0,1,,,,,,,,,0,,,42,82
7679,note_on,,0,0,1,,,,,,,,,0,,,69,104
7693,control_change,,14,0,1,,,,,,,,,0,64,127,,
7702,note_on,,9,0,1,,,,,,,,,0,,,42,0
7800,note_on,,98,0,1,,,,,,,,,0,,,57,85
7800,note_on,,0,0,1,,,,,,,,,0,,,50,75
7805,note_on,,5,0,1,,,,,,,,,0,,,60,73
7817,note_on,,0,0,1,,,,,,,,,0,,,57,0
7817,note_on,,12,0,1,,,,,,,,,0,,,60,0
7821,note_on,,4,0,1,,,,,,,,,0,,,50,0
7844,note_on,,23,0,1,,,,,,,,,0,,,69,0
7857,note_on,,13,0,1,,,,,,,,,0,,,68,114
7906,note_on,,49,0,1,,,,,,,,,0,,,68,0
7907,note_on,,1,0,1,,,,,,,,,0,,,71,102
7958,note_on,,51,0,1,,,,,,,,,0,,,71,0
7963,note_on,,5,0,1,,,,,,,,,0,,,69,111
8010,control_change,,47,0,1,,,,,,,,,0,64,0,,
8012,note_on,,2,0,1,,,,,,,,,0,,,69,0
8018,note_on,,0,0,1,,,,,,,,,0,,,43,95
8018,note_on,,6,0,1,,,,,,,,,0,,,67,115
8034,control_change,,16,0,1,,,,,,,,,0,64,127,,
8038,note_on,,4,0,1,,,,,,,,,0,,,43,0
8067,note_on,,29,0,1,,,,,,,,,0,,,67,0
8099,note_on,,32,0,1,,,,,,,,,0,,,72,109
8127,note_on,,28,0,1,,,,,,,,,0,,,72,0
8135,note_on,,8,0,1,,,,,,,,,0,,,76,121
8139,note_on,,4,0,1,,,,,,,,,0,,,60,84
8140,note_on,,1,0,1,,,,,,,,,0,,,52,91
8140,note_on,,0,0,1,,,,,,,,,0,,,55,86
8153,note_on,,13,0,1,,,,,,,,,0,,,55,0
8154,note_on,,1,0,1,,,,,,,,,0,,,52,0
8155,note_on,,1,0,1,,,,,,,,,0,,,60,0
8168,control_change,,13,0,1,,,,,,,,,0,64,0,,
8272,note_on,,0,0,1,,,,,,,,,0,,,52,78
8272,note_on,,104,0,1,,,,,,,,,0,,,60,75
8273,note_on,,1,0,1,,,,,,,,,0,,,55,78
8280,set_tempo,,2160,1,0,,,,,,382165,,,,,,,
8292,note_on,,19,0,1,,,,,,,,,0,,,60,0
8300,note_on,,8,0,1,,,,,,,,,0,,,55,0
8309,note_on,,9,0,1,,,,,,,,,0,,,52,0
8388,control_change,,79,0,1,,,,,,,,,0,64,127,,
8390,note_on,,2,0,1,,,,,,,,,0,,,43,90
8395,note_on,,5,0,1,,,,,,,,,0,,,76,0
8414,note_on,,19,0,1,,,,,,,,,0,,,43,0
8448,note_on,,34,0,1,,,,,,,,,0,,,74,98
8457,note_on,,9,0,1,,,,,,,,,0,,,74,0
8473,note_on,,16,0,1,,,,,,,,,0,,,76,89
8490,note_on,,17,0,1,,,,,,,,,0,,,74,112
8498,note_on,,8,0,1,,,,,,,,,0,,,76,0
8506,note_on,,8,0,1,,,,,,,,,0,,,55,81
8506,note_on,,0,0,1,,,,,,,,,0,,,53,89
8506,note_on,,0,0,1,,,,,,,,,0,,,59,82
8513,note_on,,7,0,1,,,,,,,,,0,,,73,122
8516,note_on,,3,0,1,,,,,,,,,0,,,53,0
8516,note_on,,0,0,1,,,,,,,,,0,,,55,0
8522,note_on,,6,0,1,,,,,,,,,0,,,74,0
8535,note_on,,13,0,1,,,,,,,,,0,,,59,0
8563,note_on,,28,0,1,,,,,,,,,0,,,73,0
8564,note_on,,1,0,1,,,,,,,,,0,,,74,123
8616,note_on,,0,0,1,,,,,,,,,0,,,55,94
8616,note_on,,52,0,1,,,,,,,,,0,,,76,121
8617,note_on,,1,0,1,,,,,,,,,0,,,59,80
8619,note_on,,2,0,1,,,,,,,,,0,,,53,98
8626,note_on,,7,0,1,,,,,,,,,0,,,74,0
8628,note_on,,2,0,1,,,,,,,,,0,,,53,0
8628,note_on,,0,0,1,,,,,,,,,0,,,55,0
8630,note_on,,2,0,1,,,,,,,,,0,,,59,0
8638,set_tempo,,358,1,0,,,,,,397350,,,,,,,
8642,control_change,,12,0,1,,,,,,,,,0,64,0,,
8667,note_on,,25,0,1,,,,,,,,,0,,,77,127
8680,note_on,,13,0,1,,,,,,,,,0,,,76,0
8736,note_on,,56,0,1,,,,,,,,,0,,,81,118
8741,note_on,,5,0,1,,,,,,,,,0,,,77,0
8742,note_on,,1,0,1,,,,,,,,,0,,,48,104
8756,control_change,,14,0,1,,,,,,,,,0,64,127,,
8866,note_on,,110,0,1,,,,,,,,,0,,,54,101
8871,note_on,,5,0,1,,,,,,,,,0,,,63,101
8985,note_on,,114,0,1,,,,,,,,,0,,,54,0
8990,control_change,,5,0,1,,,,,,,,,0,64,0,,
8990,note_on,,0,0,1,,,,,,,,,0,,,63,0
8993,note_on,,3,0,1,,,,,,,,,0,,,81,0
9000,note_on,,7,0,1,,,,,,,,,0,,,79,92
9002,set_tempo,,364,1,0,,,,,,377358,,,,,,,
9002,note_on,,2,0,1,,,,,,,,,0,,,64,92
9007,note_on,,5,0,1,,,,,,,,,0,,,55,92
9010,control_change,,3,0,1,,,,,,,,,0,7,113,,
9011,note_on,,1,0,1,,,,,,,,,0,,,48,0
9034,note_on,,23,0,1,,,,,,,,,0,,,79,0
9072,note_on,,38,0,1,,,,,,,,,0,,,55,0
9091,note_on,,19,0,1,,,,,,,,,0,,,64,0
9136,note_on,,45,0,1,,,,,,,,,0,,,76,103
9138,note_on,,2,0,1,,,,,,,,,0,,,67,93
9141,note_on,,3,0,1,,,,,,,,,0,,,48,83
9147,control_change,,6,0,1,,,,,,,,,0,64,127,,
9242,note_on,,95,0,1,,,,,,,,,0,,,55,88
9245,note_on,,3,0,1,,,,,,,,,0,,,64,95
9254,note_on,,9,0,1,,,,,,,,,0,,,64,0
9254,note_on,,0,0,1,,,,,,,,,0,,,55,0
9255,note_on,,1,0,1,,,,,,,,,0,,,76,0
9257,note_on,,2,0,1,,,,,,,,,0,,,67,0
9293,note_on,,36,0,1,,,,,,,,,0,,,66,106
9296,note_on,,3,0,1,,,,,,,,,0,,,75,101
9350,note_on,,54,0,1,,,,,,,,,0,,,77,107
9352,note_on,,2,0,1,,,,,,,,,0,,,66,0
9354,note_on,,2,0,1,,,,,,,,,0,,,55,100
9355,note_on,,1,0,1,,,,,,,,,0,,,75,0
9357,note_on,,0,0,1,,,,,,,,,0,,,69,88
9357,note_on,,2,0,1,,,,,,,,,0,,,64,101
9363,note_on,,6,0,1,,,,,,,,,0,,,55,0
9364,note_on,,1,0,1,,,,,,,,,0,,,64,0
9380,note_on,,16,0,1,,,,,,,,,0,,,48,0
9405,note_on,,25,0,1,,,,,,,,,0,,,76,104
9405,note_on,,0,0,1,,,,,,,,,0,,,67,104
9409,note_on,,4,0,1,,,,,,,,,0,,,77,0
9416,note_on,,7,0,1,,,,,,,,,0,,,69,0
9464,note_on,,48,0,1,,,,,,,,,0,,,76,0
9464,note_on,,0,0,1,,,,,,,,,0,,,67,0
9470,note_on,,6,0,1,,,,,,,,,0,,,66,115
9472,note_on,,2,0,1,,,,,,,,,0,,,74,110
9476,note_on,,4,0,1,,,,,,,,,0,,,48,87
9482,control_change,,6,0,1,,,,,,,,,0,64,0,,
9487,note_on,,5,0,1,,,,,,,,,0,,,76,100
9501,control_change,,14,0,1,,,,,,,,,0,64,127,,
9501,note_on,,0,0,1,,,,,,,,,0,,,74,0
9507,note_on,,6,0,1,,,,,,,,,0,,,74,100
9516,note_on,,9,0,1,,,,,,,,,0,,,76,0
9524,note_on,,8,0,1,,,,,,,,,0,,,73,110
9527,note_on,,3,0,1,,,,,,,,,0,,,64,110
9529,note_on,,2,0,1,,,,,,,,,0,,,66,0
9536,note_on,,7,0,1,,,,,,,,,0,,,74,0
9580,note_on,,44,0,1,,,,,,,,,0,,,54,66
9583,note_on,,3,0,1,,,,,,,,,0,,,76,112
9583,note_on,,0,0,1,,,,,,,,,0,,,73,0
9585,note_on,,2,0,1,,,,,,,,,0,,,57,97
9586,note_on,,1,0,1,,,,,,,,,0,,,64,0
9588,note_on,,2,0,1,,,,,,,,,0,,,67,104
9588,note_on,,0,0,1,,,,,,,,,0,,,62,95
9594,note_on,,6,0,1,,,,,,,,,0,,,54,0
9594,note_on,,0,0,1,,,,,,,,,0,,,57,0
9595,note_on,,1,0,1,,,,,,,,,0,,,62,0
9659,control_change,,64,0,1,,,,,,,,,0,64,0,,
9677,note_on,,18,0,1,,,,,,,,,0,,,67,0
9699,note_on,,22,0,1,,,,,,,,,0,,,54,103
9699,note_on,,0,0,1,,,,,,,,,0,,,76,0
9701,note_on,,2,0,1,,,,,,,,,0,,,74,105
9701,note_on,,0,0,1,,,,,,,,,0,,,66,94
9705,note_on,,4,0,1,,,,,,,,,0,,,62,82
9705,note_on,,0,0,1,,,,,,,,,0,,,57,88
9715,note_on,,10,0,1,,,,,,,,,0,,,57,0
9715,note_on,,0,0,1,,,,,,,,,0,,,48,0
9718,note_on,,3,0,1,,,,,,,,,0,,,62,0
9725,note_on,,7,0,1,,,,,,,,,0,,,54,0
9760,note_on,,35,0,1,,,,,,,,,0,,,74,0
9760,note_on,,0,0,1,,,,,,,,,0,,,66,0
9826,note_on,,66,0,1,,,,,,,,,0,,,74,103
9826,note_on,,0,0,1,,,,,,,,,0,,,48,79
9829,note_on,,3,0,1,,,,,,,,,0,,,65,98
9834,control_change,,5,0,1,,,,,,,,,0,64,127,,
9943,note_on,,109,0,1,,,,,,,,,0,,,59,79
9945,note_on,,2,0,1,,,,,,,,,0,,,53,77
9945,note_on,,0,0,1,,,,,,,,,0,,,56,73
9946,note_on,,1,0,1,,,,,,,,,0,,,62,77
9953,note_on,,7,0,1,,,,,,,,,0,,,53,0
9957,note_on,,4,0,1,,,,,,,,,0,,,59,0
9957,note_on,,0,0,1,,,,,,,,,0,,,56,0
9959,note_on,,2,0,1,,,,,,,,,0,,,62,0
9975,note_on,,16,0,1,,,,,,,,,0,,,74,0
9978,note_on,,3,0,1,,,,,,,,,0,,,65,0
9999,note_on,,21,0,1,,,,,,,,,0,,,73,108
10002,note_on,,3,0,1,,,,,,,,,0,,,64,102
10055,note_on,,53,0,1,,,,,,,,,0,,,76,108
10058,note_on,,3,0,1,,,,,,,,,0,,,67,101
10058,note_on,,0,0,1,,,,,,,,,0,,,73,0
10060,note_on,,0,0,1,,,,,,,,,0,,,53,74
10060,note_on,,2,0,1,,,,,,,,,0,,,62,97
10061,note_on,,1,0,1,,,,,,,,,0,,,56,71
10061,note_on,,0,0,1,,,,,,,,,0,,,64,0
10065,note_on,,4,0,1,,,,,,,,,0,,,59,75
10065,note_on,,0,0,1,,,,,,,,,0,,,48,0
10070,note_on,,5,0,1,,,,,,,,,0,,,53,0
10070,note_on,,0,0,1,,,,,,,,,0,,,62,0
10070,note_on,,0,0,1,,,,,,,,,0,,,56,0
10075,note_on,,5,0,1,,,,,,,,,0,,,59,0
10108,note_on,,33,0,1,,,,,,,,,0,,,74,114
10108,note_on,,0,0,1,,,,,,,,,0,,,65,109
10114,note_on,,6,0,1,,,,,,,,,0,,,76,0
10117,note_on,,3,0,1,,,,,,,,,0,,,67,0
10167,note_on,,50,0,1,,,,,,,,,0,,,74,0
10167,note_on,,0,0,1,,,,,,,,,0,,,65,0
10176,note_on,,0,0,1,,,,,,,,,0,,,72,109
10176,note_on,,9,0,1,,,,,,,,,0,,,48,94
10178,note_on,,2,0,1,,,,,,,,,0,,,64,102
10185,control_change,,7,0,1,,,,,,,,,0,64,0,,
10191,note_on,,6,0,1,,,,,,,,,0,,,74,100
10205,note_on,,14,0,1,,,,,,,,,0,,,72,0
10206,control_change,,1,0,1,,,,,,,,,0,64,127,,
10214,note_on,,8,0,1,,,,,,,,,0,,,72,100
10220,note_on,,6,0,1,,,,,,,,,0,,,74,0
10233,note_on,,13,0,1,,,,,,,,,0,,,63,115
10233,note_on,,0,0,1,,,,,,,,,0,,,71,102
10237,note_on,,4,0,1,,,,,,,,,0,,,64,0
10243,note_on,,6,0,1,,,,,,,,,0,,,72,0
10291,note_on,,0,0,1,,,,,,,,,0,,,65,109
10291,note_on,,48,0,1,,,,,,,,,0,,,52,76
10291,note_on,,0,0,1,,,,,,,,,0,,,74,102
10292,note_on,,1,0,1,,,,,,,,,0,,,63,0
10292,note_on,,0,0,1,,,,,,,,,0,,,71,0
10294,note_on,,0,0,1,,,,,,,,,0,,,55,78
10294,note_on,,2,0,1,,,,,,,,,0,,,60,75
10301,note_on,,7,0,1,,,,,,,,,0,,,52,0
10304,note_on,,3,0,1,,,,,,,,,0,,,55,0
10305,note_on,,1,0,1,,,,,,,,,0,,,60,0
10308,control_change,,3,0,1,,,,,,,,,0,64,0,,
10407,note_on,,99,0,1,,,,,,,,,0,,,72,93
10408,note_on,,1,0,1,,,,,,,,,0,,,64,82
10408,note_on,,0,0,1,,,,,,,,,0,,,74,0
10410,note_on,,2,0,1,,,,,,,,,0,,,65,0
10411,note_on,,1,0,1,,,,,,,,,0,,,60,75
10412,note_on,,1,0,1,,,,,,,,,0,,,52,73
10416,note_on,,4,0,1,,,,,,,,,0,,,55,83
10426,note_on,,10,0,1,,,,,,,,,0,,,60,0
10427,note_on,,1,0,1,,,,,,,,,0,,,55,0
10437,note_on,,10,0,1,,,,,,,,,0,,,52,0
10445,note_on,,8,0,1,,,,,,,,,0,,,48,0
10466,note_on,,21,0,1,,,,,,,,,0,,,72,0
10467,note_on,,1,0,1,,,,,,,,,0,,,64,0
10538,note_on,,71,0,1,,,,,,,,,0,,,69,92
10540,note_on,,2,0,1,,,,,,,,,0,,,65,70
10543,note_on,,3,0,1,,,,,,,,,0,,,41,87
10554,control_change,,11,0,1,,,,,,,,,0,64,127,,
10632,note_on,,78,0,1,,,,,,,,,0,,,41,0
10656,note_on,,24,0,1,,,,,,,,,0,,,60,87
10658,note_on,,2,0,1,,,,,,,,,0,,,57,86
10661,note_on,,3,0,1,,,,,,,,,0,,,53,81
10670,note_on,,9,0,1,,,,,,,,,0,,,57,0
10670,note_on,,0,0,1,,,,,,,,,0,,,60,0
10671,note_on,,1,0,1,,,,,,,,,0,,,53,0
10687,note_on,,16,0,1,,,,,,,,,0,,,69,0
10689,note_on,,2,0,1,,,,,,,,,0,,,65,0
10710,note_on,,21,0,1,,,,,,,,,0,,,68,105
10715,note_on,,5,0,1,,,,,,,,,0,,,64,104
10769,note_on,,54,0,1,,,,,,,,,0,,,68,0
10770,note_on,,1,0,1,,,,,,,,,0,,,71,100
10774,note_on,,4,0,1,,,,,,,,,0,,,64,0
10776,note_on,,2,0,1,,,,,,,,,0,,,67,89
10798,set_tempo,,1796,1,0,,,,,,389610,,,,,,,
10821,note_on,,45,0,1,,,,,,,,,0,,,69,108
10821,note_on,,0,0,1,,,,,,,,,0,,,65,80
10829,note_on,,8,0,1,,,,,,,,,0,,,71,0
10835,note_on,,6,0,1,,,,,,,,,0,,,67,0
10877,note_on,,42,0,1,,,,,,,,,0,,,69,0
10880,note_on,,3,0,1,,,,,,,,,0,,,65,0
10892,note_on,,12,0,1,,,,,,,,,0,,,64,100
10892,note_on,,0,0,1,,,,,,,,,0,,,67,96
10897,note_on,,5,0,1,,,,,,,,,0,,,43,100
10901,control_change,,4,0,1,,,,,,,,,0,64,0,,
10914,note_on,,13,0,1,,,,,,,,,0,,,43,0
10919,control_change,,5,0,1,,,,,,,,,0,64,127,,
10951,note_on,,32,0,1,,,,,,,,,0,,,67,0
10951,note_on,,0,0,1,,,,,,,,,0,,,64,0
10973,note_on,,22,0,1,,,,,,,,,0,,,72,108
10975,note_on,,2,0,1,,,,,,,,,0,,,67,90
11004,note_on,,29,0,1,,,,,,,,,0,,,67,0
11018,note_on,,14,0,1,,,,,,,,,0,,,76,123
11020,note_on,,2,0,1,,,,,,,,,0,,,67,112
11020,note_on,,0,0,1,,,,,,,,,0,,,60,98
11020,note_on,,0,0,1,,,,,,,,,0,,,52,96
11030,note_on,,10,0,1,,,,,,,,,0,,,60,0
11032,note_on,,2,0,1,,,,,,,,,0,,,72,0
11033,note_on,,1,0,1,,,,,,,,,0,,,52,0
11047,control_change,,14,0,1,,,,,,,,,0,64,0,,
11145,note_on,,98,0,1,,,,,,,,,0,,,52,102
11145,note_on,,0,0,1,,,,,,,,,0,,,60,99
11156,note_on,,11,0,1,,,,,,,,,0,,,60,0
11158,set_tempo,,360,1,0,,,,,,402684,,,,,,,
11168,note_on,,12,0,1,,,,,,,,,0,,,52,0
11193,note_on,,25,0,1,,,,,,,,,0,,,67,0
11206,note_on,,13,0,1,,,,,,,,,0,,,76,0
11269,note_on,,63,0,1,,,,,,,,,0,,,43,109
11272,control_change,,3,0,1,,,,,,,,,0,64,127,,
11287,note_on,,15,0,1,,,,,,,,,0,,,43,0
11312,note_on,,25,0,1,,,,,,,,,0,,,74,98
11315,note_on,,3,0,1,,,,,,,,,0,,,65,89
11340,note_on,,25,0,1,,,,,,,,,0,,,76,86
11341,note_on,,1,0,1,,,,,,,,,0,,,74,0
11359,note_on,,18,0,1,,,,,,,,,0,,,74,95
11369,note_on,,10,0,1,,,,,,,,,0,,,76,0
11374,note_on,,5,0,1,,,,,,,,,0,,,65,0
11377,note_on,,3,0,1,,,,,,,,,0,,,50,95
11378,note_on,,1,0,1,,,,,,,,,0,,,73,126
11378,note_on,,0,0,1,,,,,,,,,0,,,55,95
11378,note_on,,0,0,1,,,,,,,,,0,,,59,93
11378,note_on,,0,0,1,,,,,,,,,0,,,64,107
11387,note_on,,9,0,1,,,,,,,,,0,,,59,0
11387,note_on,,0,0,1,,,,,,,,,0,,,50,0
11387,note_on,,0,0,1,,,,,,,,,0,,,55,0
11387,note_on,,0,0,1,,,,,,,,,0,,,74,0
11414,note_on,,27,0,1,,,,,,,,,0,,,73,0
11434,note_on,,20,0,1,,,,,,,,,0,,,74,114
11437,note_on,,0,0,1,,,,,,,,,0,,,64,0
11437,note_on,,3,0,1,,,,,,,,,0,,,65,101
11493,note_on,,56,0,1,,,,,,,,,0,,,74,0
11496,note_on,,3,0,1,,,,,,,,,0,,,65,0
11505,note_on,,9,0,1,,,,,,,,,0,,,77,107
11505,note_on,,0,0,1,,,,,,,,,0,,,50,94
11508,note_on,,3,0,1,,,,,,,,,0,,,69,102
11508,note_on,,0,0,1,,,,,,,,,0,,,59,91
11510,note_on,,2,0,1,,,,,,,,,0,,,55,92
11518,note_on,,8,0,1,,,,,,,,,0,,,50,0
11519,note_on,,1,0,1,,,,,,,,,0,,,59,0
11519,note_on,,0,0,1,,,,,,,,,0,,,55,0
11520,set_tempo,,362,1,0,,,,,,422535,,,,,,,
11564,note_on,,45,0,1,,,,,,,,,0,,,77,0
11567,note_on,,3,0,1,,,,,,,,,0,,,69,0
11594,note_on,,27,0,1,,,,,,,,,0,,,76,102
11597,note_on,,3,0,1,,,,,,,,,0,,,67,96
11612,control_change,,15,0,1,,,,,,,,,0,64,0,,
11653,note_on,,41,0,1,,,,,,,,,0,,,76,0
11655,note_on,,0,0,1,,,,,,,,,0,,,65,94
11655,note_on,,2,0,1,,,,,,,,,0,,,74,99
11656,note_on,,1,0,1,,,,,,,,,0,,,67,0
11657,note_on,,1,0,1,,,,,,,,,0,,,36,86
11659,note_on,,2,0,1,,,,,,,,,0,,,48,79
11677,control_change,,18,0,1,,,,,,,,,0,64,127,,
11744,note_on,,67,0,1,,,,,,,,,0,,,65,0
11744,note_on,,0,0,1,,,,,,,,,0,,,74,0
11756,note_on,,12,0,1,,,,,,,,,0,,,76,89
11756,note_on,,0,0,1,,,,,,,,,0,,,67,91
11806,note_on,,50,0,1,,,,,,,,,0,,,36,0
11808,note_on,,2,0,1,,,,,,,,,0,,,48,0
11830,note_on,,22,0,1,,,,,,,,,0,,,76,0
11841,note_on,,11,0,1,,,,,,,,,0,,,72,87
11841,note_on,,0,0,1,,,,,,,,,0,,,64,74
11844,note_on,,3,0,1,,,,,,,,,0,,,60,63
11845,note_on,,1,0,1,,,,,,,,,0,,,67,0
11847,note_on,,2,0,1,,,,,,,,,0,,,55,67
11850,note_on,,3,0,1,,,,,,,,,0,,,48,66
11860,control_change,,10,0,1,,,,,,,,,0,64,0,,
11880,set_tempo,,360,1,0,,,,,,379746,,,,,,,
12025,note_on,,165,0,1,,,,,,,,,0,,,60,0
12032,note_on,,7,0,1,,,,,,,,,0,,,55,0
12036,note_on,,4,0,1,,,,,,,,,0,,,72,0
12036,note_on,,0,0,1,,,,,,,,,0,,,64,0
12046,note_on,,10,0,1,,,,,,,,,0,,,48,0
12209,note_on,,163,0,1,,,,,,,,,0,,,38,121
12233,note_on,,24,0,1,,,,,,,,,0,,,38,0
12237,note_on,,4,0,1,,,,,,,,,0,,,50,127
12239,note_on,,2,0,1,,,,,,,,,0,,,62,127
12246,control_change,,7,0,1,,,,,,,,,0,64,127,,
12429,note_on,,0,0,1,,,,,,,,,0,,,66,88
12429,note_on,,0,0,1,,,,,,,,,0,,,60,87
12429,note_on,,183,0,1,,,,,,,,,0,,,69,99
12464,note_on,,35,0,1,,,,,,,,,0,,,66,0
12467,note_on,,3,0,1,,,,,,,,,0,,,69,0
12472,note_on,,5,0,1,,,,,,,,,0,,,60,0
12480,note_on,,8,0,1,,,,,,,,,0,,,67,88
12483,note_on,,3,0,1,,,,,,,,,0,,,71,92
12483,note_on,,0,0,1,,,,,,,,,0,,,59,71
12509,note_on,,26,0,1,,,,,,,,,0,,,67,0
12512,note_on,,3,0,1,,,,,,,,,0,,,71,0
12516,note_on,,4,0,1,,,,,,,,,0,,,59,0
12542,note_on,,26,0,1,,,,,,,,,0,,,57,99
12542,note_on,,0,0,1,,,,,,,,,0,,,69,85
12542,note_on,,0,0,1,,,,,,,,,0,,,72,82
12571,note_on,,29,0,1,,,,,,,,,0,,,72,0
12571,note_on,,0,0,1,,,,,,,,,0,,,69,0
12598,note_on,,0,0,1,,,,,,,,,0,,,59,85
12598,note_on,,27,0,1,,,,,,,,,0,,,67,87
12600,note_on,,2,0,1,,,,,,,,,0,,,71,94
12601,note_on,,1,0,1,,,,,,,,,0,,,57,0
12629,note_on,,28,0,1,,,,,,,,,0,,,67,0
12642,note_on,,13,0,1,,,,,,,,,0,,,71,0
12651,note_on,,9,0,1,,,,,,,,,0,,,69,92
12651,note_on,,0,0,1,,,,,,,,,0,,,59,0
12651,note_on,,0,0,1,,,,,,,,,0,,,72,96
12652,note_on,,1,0,1,,,,,,,,,0,,,57,80
12694,note_on,,42,0,1,,,,,,,,,0,,,57,0
12710,note_on,,16,0,1,,,,,,,,,0,,,72,0
12710,note_on,,0,0,1,,,,,,,,,0,,,69,0
12711,control_change,,1,0,1,,,,,,,,,0,64,0,,
12711,note_on,,0,0,1,,,,,,,,,0,,,55,87
12712,note_on,,1,0,1,,,,,,,,,0,,,74,87
12713,note_on,,1,0,1,,,,,,,,,0,,,71,87
12727,control_change,,14,0,1,,,,,,,,,0,64,127,,
12770,note_on,,43,0,1,,,,,,,,,0,,,55,0
12771,note_on,,1,0,1,,,,,,,,,0,,,74,0
12772,note_on,,1,0,1,,,,,,,,,0,,,71,0
12824,note_on,,52,0,1,,,,,,,,,0,,,61,103
12826,note_on,,2,0,1,,,,,,,,,0,,,70,99
12827,note_on,,1,0,1,,,,,,,,,0,,,76,102
12827,note_on,,0,0,1,,,,,,,,,0,,,67,89
12834,control_change,,7,0,1,,,,,,,,,0,64,0,,
12849,control_change,,15,0,1,,,,,,,,,0,64,127,,
12858,note_on,,9,0,1,,,,,,,,,0,,,67,0
12858,note_on,,0,0,1,,,,,,,,,0,,,61,0
12868,note_on,,10,0,1,,,,,,,,,0,,,62,0
12869,note_on,,1,0,1,,,,,,,,,0,,,70,0
12881,note_on,,12,0,1,,,,,,,,,0,,,50,0
12886,note_on,,5,0,1,,,,,,,,,0,,,76,0
12932,note_on,,46,0,1,,,,,,,,,0,,,38,120
12956,note_on,,24,0,1,,,,,,,,,0,,,62,120
12957,note_on,,1,0,1,,,,,,,,,0,,,50,127
12960,note_on,,3,0,1,,,,,,,,,0,,,38,0
12966,control_change,,6,0,1,,,,,,,,,0,64,0,,
13080,control_change,,114,0,1,,,,,,,,,0,64,127,,
13150,note_on,,0,0,1,,,,,,,,,0,,,66,91
13150,note_on,,70,0,1,,,,,,,,,0,,,69,96
13153,note_on,,3,0,1,,,,,,,,,0,,,60,91
13203,control_change,,50,0,1,,,,,,,,,0,64,0,,
13205,note_on,,2,0,1,,,,,,,,,0,,,59,83
13205,note_on,,0,0,1,,,,,,,,,0,,,71,78
13207,note_on,,2,0,1,,,,,,,,,0,,,67,94
13209,note_on,,2,0,1,,,,,,,,,0,,,66,0
13209,note_on,,0,0,1,,,,,,,,,0,,,69,0
13212,control_change,,3,0,1,,,,,,,,,0,64,127,,
13212,note_on,,0,0,1,,,,,,,,,0,,,60,0
13261,note_on,,49,0,1,,,,,,,,,0,,,57,87
13263,note_on,,2,0,1,,,,,,,,,0,,,72,74
13263,note_on,,0,0,1,,,,,,,,,0,,,69,80
13264,note_on,,1,0,1,,,,,,,,,0,,,59,0
13264,note_on,,0,0,1,,,,,,,,,0,,,71,0
13266,note_on,,2,0,1,,,,,,,,,0,,,67,0
13320,note_on,,54,0,1,,,,,,,,,0,,,57,0
13322,note_on,,2,0,1,,,,,,,,,0,,,72,0
13322,note_on,,0,0,1,,,,,,,,,0,,,69,0
13327,note_on,,0,0,1,,,,,,,,,0,,,55,87
13327,note_on,,5,0,1,,,,,,,,,0,,,71,84
13329,note_on,,2,0,1,,,,,,,,,0,,,67,89
13334,control_change,,5,0,1,,,,,,,,,0,64,0,,
13366,control_change,,32,0,1,,,,,,,,,0,64,127,,
13377,note_on,,11,0,1,,,,,,,,,0,,,69,100
13380,note_on,,3,0,1,,,,,,,,,0,,,66,99
13381,note_on,,1,0,1,,,,,,,,,0,,,57,87
13386,note_on,,5,0,1,,,,,,,,,0,,,55,0
13386,note_on,,0,0,1,,,,,,,,,0,,,71,0
13388,note_on,,2,0,1,,,,,,,,,0,,,67,0
13436,note_on,,48,0,1,,,,,,,,,0,,,69,0
13439,note_on,,3,0,1,,,,,,,,,0,,,66,0
13440,note_on,,1,0,1,,,,,,,,,0,,,57,0
13450,note_on,,10,0,1,,,,,,,,,0,,,67,86
13450,note_on,,0,0,1,,,,,,,,,0,,,64,79
13451,note_on,,1,0,1,,,,,,,,,0,,,58,80
13459,control_change,,8,0,1,,,,,,,,,0,64,0,,
13490,control_change,,31,0,1,,,,,,,,,0,64,127,,
13503,note_on,,13,0,1,,,,,,,,,0,,,50,0
13578,note_on,,75,0,1,,,,,,,,,0,,,58,0
13579,note_on,,1,0,1,,,,,,,,,0,,,62,0
13581,note_on,,2,0,1,,,,,,,,,0,,,55,84
13582,note_on,,1,0,1,,,,,,,,,0,,,61,101
13588,control_change,,6,0,1,,,,,,,,,0,64,0,,
13670,note_on,,82,0,1,,,,,,,,,0,,,55,0
13689,note_on,,19,0,1,,,,,,,,,0,,,64,0
13689,note_on,,0,0,1,,,,,,,,,0,,,67,0
13690,note_on,,1,0,1,,,,,,,,,0,,,61,0
13700,note_on,,10,0,1,,,,,,,,,0,,,38,122
13710,control_change,,10,0,1,,,,,,,,,0,64,127,,
13713,note_on,,3,0,1,,,,,,,,,0,,,62,126
13716,note_on,,3,0,1,,,,,,,,,0,,,50,126
13718,note_on,,2,0,1,,,,,,,,,0,,,38,0
13893,note_on,,175,0,1,,,,,,,,,0,,,60,99
13894,note_on,,1,0,1,,,,,,,,,0,,,69,95
13894,note_on,,0,0,1,,,,,,,,,0,,,66,101
13912,control_change,,18,0,1,,,,,,,,,0,64,0,,
13943,note_on,,31,0,1,,,,,,,,,0,,,60,0
13946,note_on,,3,0,1,,,,,,,,,0,,,71,92
13951,note_on,,5,0,1,,,,,,,,,0,,,67,77
13953,note_on,,0,0,1,,,,,,,,,0,,,66,0
13953,note_on,,2,0,1,,,,,,,,,0,,,69,0
13954,note_on,,1,0,1,,,,,,,,,0,,,59,70
13991,note_on,,37,0,1,,,,,,,,,0,,,67,0
13992,note_on,,1,0,1,,,,,,,,,0,,,71,0
13992,note_on,,0,0,1,,,,,,,,,0,,,59,0
14005,note_on,,13,0,1,,,,,,,,,0,,,57,79
14007,note_on,,0,0,1,,,,,,,,,0,,,69,77
14007,note_on,,2,0,1,,,,,,,,,0,,,72,96
14048,note_on,,41,0,1,,,,,,,,,0,,,57,0
14059,note_on,,11,0,1,,,,,,,,,0,,,59,89
14063,note_on,,4,0,1,,,,,,,,,0,,,71,99
14063,note_on,,0,0,1,,,,,,,,,0,,,67,82
14064,note_on,,1,0,1,,,,,,,,,0,,,72,0
14066,note_on,,2,0,1,,,,,,,,,0,,,69,0
14106,note_on,,40,0,1,,,,,,,,,0,,,67,0
14108,note_on,,2,0,1,,,,,,,,,0,,,59,0
14110,note_on,,2,0,1,,,,,,,,,0,,,69,100
14113,note_on,,3,0,1,,,,,,,,,0,,,72,95
14114,note_on,,1,0,1,,,,,,,,,0,,,57,94
14122,note_on,,8,0,1,,,,,,,,,0,,,71,0
14162,set_tempo,,2282,1,0,,,,,,397350,,,,,,,
14169,note_on,,47,0,1,,,,,,,,,0,,,69,0
14171,note_on,,2,0,1,,,,,,,,,0,,,57,0
14172,note_on,,1,0,1,,,,,,,,,0,,,72,0
14174,note_on,,2,0,1,,,,,,,,,0,,,55,93
14177,note_on,,3,0,1,,,,,,,,,0,,,71,84
14179,note_on,,2,0,1,,,,,,,,,0,,,74,80
14230,note_on,,51,0,1,,,,,,,,,0,,,55,0
14266,note_on,,36,0,1,,,,,,,,,0,,,71,0
14268,note_on,,2,0,1,,,,,,,,,0,,,74,0
14282,note_on,,14,0,1,,,,,,,,,0,,,62,0
14290,note_on,,8,0,1,,,,,,,,,0,,,61,81
14293,note_on,,0,0,1,,,,,,,,,0,,,70,85
14293,note_on,,3,0,1,,,,,,,,,0,,,76,84
14293,note_on,,0,0,1,,,,,,,,,0,,,67,68
14312,control_change,,19,0,1,,,,,,,,,0,64,127,,
14330,note_on,,18,0,1,,,,,,,,,0,,,50,0
14349,note_on,,19,0,1,,,,,,,,,0,,,70,0
14349,note_on,,0,0,1,,,,,,,,,0,,,61,0
14352,note_on,,3,0,1,,,,,,,,,0,,,76,0
14352,note_on,,0,0,1,,,,,,,,,0,,,67,0
14395,note_on,,43,0,1,,,,,,,,,0,,,38,108
14407,note_on,,12,0,1,,,,,,,,,0,,,62,125
14408,note_on,,1,0,1,,,,,,,,,0,,,50,125
14424,note_on,,16,0,1,,,,,,,,,0,,,38,0
14589,note_on,,165,0,1,,,,,,,,,0,,,66,101
14592,note_on,,3,0,1,,,,,,,,,0,,,69,100
14594,note_on,,2,0,1,,,,,,,,,0,,,60,82
14618,note_on,,24,0,1,,,,,,,,,0,,,66,0
14640,note_on,,22,0,1,,,,,,,,,0,,,69,0
14645,note_on,,5,0,1,,,,,,,,,0,,,60,0
14648,note_on,,3,0,1,,,,,,,,,0,,,71,95
14649,note_on,,1,0,1,,,,,,,,,0,,,67,105
14653,note_on,,4,0,1,,,,,,,,,0,,,59,87
14686,note_on,,33,0,1,,,,,,,,,0,,,67,0
14688,note_on,,2,0,1,,,,,,,,,0,,,71,0
14693,note_on,,5,0,1,,,,,,,,,0,,,59,0
14706,note_on,,0,0,1,,,,,,,,,0,,,57,81
14706,note_on,,13,0,1,,,,,,,,,0,,,72,103
14707,note_on,,1,0,1,,,,,,,,,0,,,69,86
14736,note_on,,29,0,1,,,,,,,,,0,,,62,0
14744,note_on,,8,0,1,,,,,,,,,0,,,57,0
14758,set_tempo,,596,1,0,,,,,,431654,,,,,,,
14758,note_on,,14,0,1,,,,,,,,,0,,,69,0
14759,note_on,,1,0,1,,,,,,,,,0,,,72,0
14761,note_on,,2,0,1,,,,,,,,,0,,,71,101
14763,note_on,,2,0,1,,,,,,,,,0,,,65,102
14766,note_on,,3,0,1,,,,,,,,,0,,,62,98
14813,note_on,,47,0,1,,,,,,,,,0,,,62,0
14816,note_on,,3,0,1,,,,,,,,,0,,,57,82
14819,note_on,,3,0,1,,,,,,,,,0,,,72,115
14824,note_on,,5,0,1,,,,,,,,,0,,,71,0
14888,note_on,,64,0,1,,,,,,,,,0,,,72,0
14891,note_on,,3,0,1,,,,,,,,,0,,,74,104
14893,note_on,,2,0,1,,,,,,,,,0,,,57,0
14900,note_on,,7,0,1,,,,,,,,,0,,,59,53
14904,note_on,,4,0,1,,,,,,,,,0,,,65,0
15002,set_tempo,,244,1,0,,,,,,458015,,,,,,,
15022,note_on,,0,0,1,,,,,,,,,0,,,57,57
15022,note_on,,118,0,1,,,,,,,,,0,,,67,104
15027,note_on,,5,0,1,,,,,,,,,0,,,59,0
15036,note_on,,9,0,1,,,,,,,,,0,,,74,0
15055,control_change,,19,0,1,,,,,,,,,0,64,127,,
15081,note_on,,26,0,1,,,,,,,,,0,,,67,0
15103,note_on,,22,0,1,,,,,,,,,0,,,67,104
15120,set_tempo,,118,1,0,,,,,,377358,,,,,,,
15123,note_on,,20,0,1,,,,,,,,,0,,,50,0
15129,note_on,,6,0,1,,,,,,,,,0,,,76,107
15130,control_change,,1,0,1,,,,,,,,,0,7,91,,
15131,note_on,,1,0,1,,,,,,,,,0,,,48,92
15132,note_on,,1,0,1,,,,,,,,,0,,,67,0
15135,control_change,,3,0,1,,,,,,,,,0,64,127,,
15141,note_on,,6,0,1,,,,,,,,,0,,,57,0
15251,note_on,,110,0,1,,,,,,,,,0,,,55,87
15254,note_on,,3,0,1,,,,,,,,,0,,,64,72
15261,note_on,,7,0,1,,,,,,,,,0,,,55,0
15265,note_on,,4,0,1,,,,,,,,,0,,,64,0
15307,note_on,,42,0,1,,,,,,,,,0,,,75,106
15307,note_on,,0,0,1,,,,,,,,,0,,,76,0
15360,note_on,,53,0,1,,,,,,,,,0,,,64,92
15362,note_on,,2,0,1,,,,,,,,,0,,,55,80
15362,note_on,,0,0,1,,,,,,,,,0,,,77,99
15362,note_on,,0,0,1,,,,,,,,,0,,,75,0
15365,control_change,,3,0,1,,,,,,,,,0,64,0,,
15379,note_on,,14,0,1,,,,,,,,,0,,,55,0
15380,note_on,,1,0,1,,,,,,,,,0,,,64,0
15400,note_on,,20,0,1,,,,,,,,,0,,,48,0
15417,note_on,,17,0,1,,,,,,,,,0,,,76,109
15422,note_on,,5,0,1,,,,,,,,,0,,,77,0
15477,note_on,,55,0,1,,,,,,,,,0,,,76,0
15478,note_on,,1,0,1,,,,,,,,,0,,,74,101
15483,control_change,,0,0,1,,,,,,,,,0,64,127,,
15483,note_on,,5,0,1,,,,,,,,,0,,,48,82
15541,note_on,,58,0,1,,,,,,,,,0,,,73,106
15541,note_on,,0,0,1,,,,,,,,,0,,,74,0
15591,note_on,,50,0,1,,,,,,,,,0,,,57,83
15594,note_on,,0,0,1,,,,,,,,,0,,,73,0
15594,note_on,,3,0,1,,,,,,,,,0,,,62,78
15596,note_on,,2,0,1,,,,,,,,,0,,,76,97
15596,note_on,,0,0,1,,,,,,,,,0,,,54,76
15605,control_change,,9,0,1,,,,,,,,,0,64,0,,
15610,note_on,,5,0,1,,,,,,,,,0,,,57,0
15614,note_on,,4,0,1,,,,,,,,,0,,,54,0
15618,note_on,,4,0,1,,,,,,,,,0,,,62,0
15710,note_on,,92,0,1,,,,,,,,,0,,,76,0
15713,note_on,,3,0,1,,,,,,,,,0,,,54,73
15717,note_on,,4,0,1,,,,,,,,,0,,,74,89
15718,note_on,,1,0,1,,,,,,,,,0,,,57,74
15719,note_on,,1,0,1,,,,,,,,,0,,,62,68
15740,note_on,,21,0,1,,,,,,,,,0,,,62,0
15751,note_on,,11,0,1,,,,,,,,,0,,,57,0
15752,note_on,,1,0,1,,,,,,,,,0,,,48,0
15754,note_on,,2,0,1,,,,,,,,,0,,,54,0
15755,note_on,,1,0,1,,,,,,,,,0,,,74,0
15848,note_on,,93,0,1,,,,,,,,,0,,,74,99
15849,note_on,,1,0,1,,,,,,,,,0,,,48,92
15863,control_change,,14,0,1,,,,,,,,,0,64,127,,
15963,note_on,,100,0,1,,,,,,,,,0,,,59,63
15963,note_on,,0,0,1,,,,,,,,,0,,,62,90
15971,note_on,,8,0,1,,,,,,,,,0,,,56,73
15980,note_on,,9,0,1,,,,,,,,,0,,,56,0
15980,note_on,,0,0,1,,,,,,,,,0,,,59,0
15980,note_on,,0,0,1,,,,,,,,,0,,,62,0
16016,note_on,,36,0,1,,,,,,,,,0,,,74,0
16023,note_on,,7,0,1,,,,,,,,,0,,,73,110
16070,note_on,,47,0,1,,,,,,,,,0,,,56,86
16076,note_on,,0,0,1,,,,,,,,,0,,,53,91
16076,note_on,,6,0,1,,,,,,,,,0,,,76,106
16079,note_on,,3,0,1,,,,,,,,,0,,,62,65
16080,note_on,,1,0,1,,,,,,,,,0,,,73,0
16082,note_on,,2,0,1,,,,,,,,,0,,,59,64
16093,note_on,,11,0,1,,,,,,,,,0,,,59,0
16094,note_on,,0,0,1,,,,,,,,,0,,,62,0
16094,control_change,,1,0,1,,,,,,,,,0,64,0,,
16096,note_on,,2,0,1,,,,,,,,,0,,,56,0
16100,note_on,,4,0,1,,,,,,,,,0,,,53,0
16118,note_on,,18,0,1,,,,,,,,,0,,,48,0
16132,note_on,,14,0,1,,,,,,,,,0,,,74,112
16140,note_on,,8,0,1,,,,,,,,,0,,,76,0
16163,note_on,,23,0,1,,,,,,,,,0,,,74,0
16188,note_on,,25,0,1,,,,,,,,,0,,,48,85
16190,control_change,,2,0,1,,,,,,,,,0,64,127,,
16192,note_on,,2,0,1,,,,,,,,,0,,,72,80
16202,note_on,,10,0,1,,,,,,,,,0,,,72,0
16208,note_on,,6,0,1,,,,,,,,,0,,,74,101
16232,note_on,,0,0,1,,,,,,,,,0,,,74,0
16232,note_on,,24,0,1,,,,,,,,,0,,,72,91
16255,note_on,,23,0,1,,,,,,,,,0,,,72,0
16256,note_on,,1,0,1,,,,,,,,,0,,,71,103
16307,note_on,,51,0,1,,,,,,,,,0,,,71,0
16309,note_on,,2,0,1,,,,,,,,,0,,,74,92
16310,control_change,,1,0,1,,,,,,,,,0,64,0,,
16311,note_on,,0,0,1,,,,,,,,,0,,,60,74
16311,note_on,,1,0,1,,,,,,,,,0,,,52,83
16314,note_on,,3,0,1,,,,,,,,,0,,,55,66
16323,note_on,,0,0,1,,,,,,,,,0,,,52,0
16323,note_on,,9,0,1,,,,,,,,,0,,,60,0
16324,note_on,,1,0,1,,,,,,,,,0,,,55,0
16429,note_on,,105,0,1,,,,,,,,,0,,,74,0
16432,note_on,,0,0,1,,,,,,,,,0,,,72,80
16432,note_on,,3,0,1,,,,,,,,,0,,,60,67
16434,note_on,,2,0,1,,,,,,,,,0,,,52,77
16436,note_on,,2,0,1,,,,,,,,,0,,,55,75
16456,note_on,,20,0,1,,,,,,,,,0,,,60,0
16462,note_on,,6,0,1,,,,,,,,,0,,,72,0
16467,note_on,,5,0,1,,,,,,,,,0,,,55,0
16481,note_on,,14,0,1,,,,,,,,,0,,,52,0
16487,note_on,,6,0,1,,,,,,,,,0,,,48,0
16564,note_on,,77,0,1,,,,,,,,,0,,,42,87
16564,note_on,,0,0,1,,,,,,,,,0,,,69,100
16569,control_change,,5,0,1,,,,,,,,,0,64,127,,
16680,note_on,,111,0,1,,,,,,,,,0,,,57,92
16682,note_on,,2,0,1,,,,,,,,,0,,,60,92
16683,note_on,,1,0,1,,,,,,,,,0,,,50,92
16720,note_on,,37,0,1,,,,,,,,,0,,,69,0
16737,note_on,,17,0,1,,,,,,,,,0,,,68,109
16739,note_on,,2,0,1,,,,,,,,,0,,,57,0
16741,note_on,,2,0,1,,,,,,,,,0,,,60,0
16742,note_on,,1,0,1,,,,,,,,,0,,,50,0
16791,note_on,,49,0,1,,,,,,,,,0,,,71,104
16795,note_on,,4,0,1,,,,,,,,,0,,,68,0
16800,control_change,,5,0,1,,,,,,,,,0,64,0,,
16848,note_on,,48,0,1,,,,,,,,,0,,,69,112
16852,note_on,,4,0,1,,,,,,,,,0,,,71,0
16863,note_on,,11,0,1,,,,,,,,,0,,,42,0
16903,note_on,,40,0,1,,,,,,,,,0,,,69,0
16907,control_change,,4,0,1,,,,,,,,,0,64,127,,
16907,note_on,,0,0,1,,,,,,,,,0,,,67,109
16909,note_on,,2,0,1,,,,,,,,,0,,,43,94
16952,note_on,,43,0,1,,,,,,,,,0,,,67,0
16996,note_on,,44,0,1,,,,,,,,,0,,,72,105
17018,note_on,,22,0,1,,,,,,,,,0,,,60,85
17021,note_on,,3,0,1,,,,,,,,,0,,,55,91
17021,note_on,,0,0,1,,,,,,,,,0,,,52,92
17021,note_on,,0,0,1,,,,,,,,,0,,,76,119
17026,note_on,,5,0,1,,,,,,,,,0,,,72,0
17031,control_change,,5,0,1,,,,,,,,,0,64,0,,
17031,note_on,,0,0,1,,,,,,,,,0,,,55,0
17035,note_on,,4,0,1,,,,,,,,,0,,,52,0
17043,note_on,,8,0,1,,,,,,,,,0,,,60,0
17148,note_on,,105,0,1,,,,,,,,,0,,,60,83
17151,note_on,,3,0,1,,,,,,,,,0,,,55,81
17152,note_on,,1,0,1,,,,,,,,,0,,,52,80
17171,note_on,,19,0,1,,,,,,,,,0,,,60,0
17176,note_on,,5,0,1,,,,,,,,,0,,,55,0
17184,note_on,,8,0,1,,,,,,,,,0,,,52,0
17233,note_on,,49,0,1,,,,,,,,,0,,,76,0
17238,note_on,,5,0,1,,,,,,,,,0,,,43,0
17255,control_change,,17,0,1,,,,,,,,,0,64,127,,
17265,note_on,,10,0,1,,,,,,,,,0,,,43,87
17319,note_on,,54,0,1,,,,,,,,,0,,,74,100
17330,note_on,,11,0,1,,,,,,,,,0,,,74,0
17342,note_on,,12,0,1,,,,,,,,,0,,,76,94
17363,note_on,,21,0,1,,,,,,,,,0,,,74,100
17365,note_on,,2,0,1,,,,,,,,,0,,,76,0
17377,note_on,,12,0,1,,,,,,,,,0,,,59,73
17378,note_on,,1,0,1,,,,,,,,,0,,,53,92
17379,note_on,,1,0,1,,,,,,,,,0,,,55,83
17382,note_on,,3,0,1,,,,,,,,,0,,,73,127
17388,note_on,,6,0,1,,,,,,,,,0,,,74,0
17389,note_on,,1,0,1,,,,,,,,,0,,,55,0
17391,note_on,,2,0,1,,,,,,,,,0,,,53,0
17392,note_on,,1,0,1,,,,,,,,,0,,,59,0
17416,control_change,,24,0,1,,,,,,,,,0,64,0,,
17431,note_on,,15,0,1,,,,,,,,,0,,,74,123
17436,note_on,,5,0,1,,,,,,,,,0,,,73,0
17488,note_on,,52,0,1,,,,,,,,,0,,,76,122
17491,note_on,,3,0,1,,,,,,,,,0,,,59,92
17491,note_on,,0,0,1,,,,,,,,,0,,,53,98
17493,note_on,,2,0,1,,,,,,,,,0,,,55,87
17500,note_on,,7,0,1,,,,,,,,,0,,,74,0
17506,note_on,,6,0,1,,,,,,,,,0,,,55,0
17507,note_on,,1,0,1,,,,,,,,,0,,,59,0
17514,note_on,,7,0,1,,,,,,,,,0,,,53,0
17543,note_on,,29,0,1,,,,,,,,,0,,,77,127
17556,note_on,,13,0,1,,,,,,,,,0,,,76,0
17594,note_on,,38,0,1,,,,,,,,,0,,,43,0
17610,note_on,,16,0,1,,,,,,,,,0,,,81,111
17614,note_on,,4,0,1,,,,,,,,,0,,,48,93
17618,note_on,,4,0,1,,,,,,,,,0,,,77,0
17626,control_change,,8,0,1,,,,,,,,,0,64,127,,
17642,set_tempo,,2522,1,0,,,,,,410958,,,,,,,
17737,note_on,,111,0,1,,,,,,,,,0,,,63,82
17739,note_on,,2,0,1,,,,,,,,,0,,,54,81
17760,control_change,,21,0,1,,,,,,,,,0,64,0,,
17856,note_on,,96,0,1,,,,,,,,,0,,,63,0
17858,note_on,,2,0,1,,,,,,,,,0,,,54,0
17869,note_on,,11,0,1,,,,,,,,,0,,,79,86
17874,note_on,,5,0,1,,,,,,,,,0,,,64,72
17876,note_on,,2,0,1,,,,,,,,,0,,,55,73
17880,note_on,,4,0,1,,,,,,,,,0,,,81,0
17913,note_on,,33,0,1,,,,,,,,,0,,,48,0
17924,note_on,,11,0,1,,,,,,,,,0,,,55,0
17928,note_on,,4,0,1,,,,,,,,,0,,,79,0
17933,note_on,,5,0,1,,,,,,,,,0,,,64,0
18000,set_tempo,,358,1,0,,,,,,377358,,,,,,,
18001,note_on,,0,0,1,,,,,,,,,0,,,67,104
18001,note_on,,68,0,1,,,,,,,,,0,,,76,106
18005,note_on,,4,0,1,,,,,,,,,0,,,48,92
18010,control_change,,5,0,1,,,,,,,,,0,7,115,,
18019,control_change,,9,0,1,,,,,,,,,0,64,127,,
18122,note_on,,103,0,1,,,,,,,,,0,,,55,89
18122,note_on,,0,0,1,,,,,,,,,0,,,64,100
18134,note_on,,12,0,1,,,,,,,,,0,,,64,0
18136,note_on,,2,0,1,,,,,,,,,0,,,55,0
18173,note_on,,37,0,1,,,,,,,,,0,,,66,105
18175,note_on,,2,0,1,,,,,,,,,0,,,75,106
18180,note_on,,0,0,1,,,,,,,,,0,,,67,0
18180,note_on,,5,0,1,,,,,,,,,0,,,76,0
18231,note_on,,51,0,1,,,,,,,,,0,,,55,97
18231,note_on,,0,0,1,,,,,,,,,0,,,77,112
18232,note_on,,1,0,1,,,,,,,,,0,,,66,0
18234,note_on,,0,0,1,,,,,,,,,0,,,75,0
18234,note_on,,2,0,1,,,,,,,,,0,,,64,97
18235,note_on,,1,0,1,,,,,,,,,0,,,69,107
18244,note_on,,9,0,1,,,,,,,,,0,,,64,0
18245,note_on,,1,0,1,,,,,,,,,0,,,55,0
18274,note_on,,29,0,1,,,,,,,,,0,,,48,0
18285,note_on,,11,0,1,,,,,,,,,0,,,67,114
18286,note_on,,1,0,1,,,,,,,,,0,,,76,110
18290,note_on,,4,0,1,,,,,,,,,0,,,77,0
18294,note_on,,4,0,1,,,,,,,,,0,,,69,0
18344,note_on,,50,0,1,,,,,,,,,0,,,67,0
18345,note_on,,1,0,1,,,,,,,,,0,,,76,0
18351,note_on,,0,0,1,,,,,,,,,0,,,66,108
18351,note_on,,6,0,1,,,,,,,,,0,,,74,104
18358,control_change,,0,0,1,,,,,,,,,0,64,0,,
18358,note_on,,7,0,1,,,,,,,,,0,,,48,84
18372,note_on,,14,0,1,,,,,,,,,0,,,76,80
18377,control_change,,5,0,1,,,,,,,,,0,64,127,,
18380,note_on,,3,0,1,,,,,,,,,0,,,74,0
18390,note_on,,10,0,1,,,,,,,,,0,,,74,80
18401,note_on,,11,0,1,,,,,,,,,0,,,76,0
18404,note_on,,3,0,1,,,,,,,,,0,,,73,95
18410,note_on,,6,0,1,,,,,,,,,0,,,66,0
18412,note_on,,2,0,1,,,,,,,,,0,,,64,95
18419,note_on,,7,0,1,,,,,,,,,0,,,74,0
18466,note_on,,47,0,1,,,,,,,,,0,,,54,83
18469,note_on,,3,0,1,,,,,,,,,0,,,76,97
18469,note_on,,0,0,1,,,,,,,,,0,,,57,79
18470,note_on,,1,0,1,,,,,,,,,0,,,62,82
18471,note_on,,0,0,1,,,,,,,,,0,,,64,0
18471,note_on,,1,0,1,,,,,,,,,0,,,67,83
18483,note_on,,12,0,1,,,,,,,,,0,,,57,0
18484,note_on,,0,0,1,,,,,,,,,0,,,62,0
18484,note_on,,1,0,1,,,,,,,,,0,,,54,0
18485,control_change,,1,0,1,,,,,,,,,0,64,0,,
18493,note_on,,8,0,1,,,,,,,,,0,,,73,0
18567,note_on,,74,0,1,,,,,,,,,0,,,76,0
18587,note_on,,20,0,1,,,,,,,,,0,,,74,93
18587,note_on,,0,0,1,,,,,,,,,0,,,66,86
18590,note_on,,3,0,1,,,,,,,,,0,,,67,0
18595,note_on,,5,0,1,,,,,,,,,0,,,54,71
18595,note_on,,0,0,1,,,,,,,,,0,,,62,64
18597,note_on,,2,0,1,,,,,,,,,0,,,57,78
18610,note_on,,13,0,1,,,,,,,,,0,,,62,0
18612,note_on,,2,0,1,,,,,,,,,0,,,57,0
18622,note_on,,10,0,1,,,,,,,,,0,,,54,0
18627,note_on,,5,0,1,,,,,,,,,0,,,48,0
18646,note_on,,0,0,1,,,,,,,,,0,,,66,0
18646,note_on,,19,0,1,,,,,,,,,0,,,74,0
18711,note_on,,65,0,1,,,,,,,,,0,,,74,109
18714,note_on,,3,0,1,,,,,,,,,0,,,65,109
18714,note_on,,0,0,1,,,,,,,,,0,,,48,96
18729,control_change,,15,0,1,,,,,,,,,0,64,127,,
18850,note_on,,121,0,1,,,,,,,,,0,,,53,86
18851,note_on,,1,0,1,,,,,,,,,0,,,62,85
18851,note_on,,0,0,1,,,,,,,,,0,,,56,88
18852,note_on,,1,0,1,,,,,,,,,0,,,59,76
18860,note_on,,8,0,1,,,,,,,,,0,,,74,0
18861,note_on,,1,0,1,,,,,,,,,0,,,53,0
18863,note_on,,0,0,1,,,,,,,,,0,,,59,0
18863,note_on,,0,0,1,,,,,,,,,0,,,65,0
18863,note_on,,2,0,1,,,,,,,,,0,,,56,0
18865,note_on,,2,0,1,,,,,,,,,0,,,62,0
18892,note_on,,27,0,1,,,,,,,,,0,,,73,101
18894,note_on,,2,0,1,,,,,,,,,0,,,64,98
18950,note_on,,56,0,1,,,,,,,,,0,,,76,102
18951,note_on,,1,0,1,,,,,,,,,0,,,73,0
18953,note_on,,0,0,1,,,,,,,,,0,,,64,0
18953,note_on,,2,0,1,,,,,,,,,0,,,67,96
18957,note_on,,4,0,1,,,,,,,,,0,,,62,89
18958,note_on,,0,0,1,,,,,,,,,0,,,56,79
18958,note_on,,1,0,1,,,,,,,,,0,,,53,83
18963,note_on,,5,0,1,,,,,,,,,0,,,59,71
18967,note_on,,4,0,1,,,,,,,,,0,,,62,0
18972,note_on,,0,0,1,,,,,,,,,0,,,59,0
18972,note_on,,5,0,1,,,,,,,,,0,,,56,0
18972,note_on,,0,0,1,,,,,,,,,0,,,53,0
18983,note_on,,11,0,1,,,,,,,,,0,,,48,0
18998,control_change,,15,0,1,,,,,,,,,0,64,0,,
19009,note_on,,11,0,1,,,,,,,,,0,,,76,0
19011,note_on,,0,0,1,,,,,,,,,0,,,65,98
19011,note_on,,2,0,1,,,,,,,,,0,,,74,87
19012,note_on,,1,0,1,,,,,,,,,0,,,67,0
19066,note_on,,54,0,1,,,,,,,,,0,,,48,86
19067,note_on,,1,0,1,,,,,,,,,0,,,64,100
19070,note_on,,0,0,1,,,,,,,,,0,,,65,0
19070,note_on,,0,0,1,,,,,,,,,0,,,74,0
19070,note_on,,3,0,1,,,,,,,,,0,,,72,84
19085,control_change,,15,0,1,,,,,,,,,0,64,127,,
19092,note_on,,7,0,1,,,,,,,,,0,,,74,84
19099,note_on,,7,0,1,,,,,,,,,0,,,72,0
19110,note_on,,11,0,1,,,,,,,,,0,,,72,84
19121,note_on,,11,0,1,,,,,,,,,0,,,74,0
19124,note_on,,3,0,1,,,,,,,,,0,,,63,106
19124,note_on,,0,0,1,,,,,,,,,0,,,71,89
19126,note_on,,2,0,1,,,,,,,,,0,,,64,0
19139,note_on,,13,0,1,,,,,,,,,0,,,72,0
19183,note_on,,44,0,1,,,,,,,,,0,,,63,0
19183,note_on,,0,0,1,,,,,,,,,0,,,71,0
19188,note_on,,5,0,1,,,,,,,,,0,,,74,89
19190,note_on,,2,0,1,,,,,,,,,0,,,65,89
19193,note_on,,0,0,1,,,,,,,,,0,,,55,64
19193,note_on,,3,0,1,,,,,,,,,0,,,52,80
19198,note_on,,5,0,1,,,,,,,,,0,,,60,66
19207,note_on,,9,0,1,,,,,,,,,0,,,52,0
19208,note_on,,0,0,1,,,,,,,,,0,,,60,0
19208,note_on,,1,0,1,,,,,,,,,0,,,55,0
19216,control_change,,8,0,1,,,,,,,,,0,64,0,,
19309,note_on,,93,0,1,,,,,,,,,0,,,65,0
19311,note_on,,2,0,1,,,,,,,,,0,,,72,92
19313,note_on,,2,0,1,,,,,,,,,0,,,74,0
19316,note_on,,3,0,1,,,,,,,,,0,,,60,70
19316,note_on,,0,0,1,,,,,,,,,0,,,52,79
19317,note_on,,1,0,1,,,,,,,,,0,,,64,59
19320,note_on,,3,0,1,,,,,,,,,0,,,55,73
19330,note_on,,10,0,1,,,,,,,,,0,,,60,0
19335,note_on,,5,0,1,,,,,,,,,0,,,48,0
19335,note_on,,0,0,1,,,,,,,,,0,,,55,0
19350,note_on,,15,0,1,,,,,,,,,0,,,52,0
19370,note_on,,20,0,1,,,,,,,,,0,,,72,0
19376,note_on,,6,0,1,,,,,,,,,0,,,64,0
19438,note_on,,62,0,1,,,,,,,,,0,,,41,100
19438,note_on,,0,0,1,,,,,,,,,0,,,65,93
19440,note_on,,2,0,1,,,,,,,,,0,,,69,95
19453,control_change,,13,0,1,,,,,,,,,0,64,127,,
19457,note_on,,4,0,1,,,,,,,,,0,,,71,96
19469,note_on,,12,0,1,,,,,,,,,0,,,69,0
19486,note_on,,0,0,1,,,,,,,,,0,,,71,0
19486,note_on,,17,0,1,,,,,,,,,0,,,69,101
19527,note_on,,41,0,1,,,,,,,,,0,,,41,0
19553,note_on,,26,0,1,,,,,,,,,0,,,60,81
19555,note_on,,0,0,1,,,,,,,,,0,,,57,84
19555,note_on,,2,0,1,,,,,,,,,0,,,53,86
19605,note_on,,50,0,1,,,,,,,,,0,,,69,0
19608,note_on,,3,0,1,,,,,,,,,0,,,68,100
19611,note_on,,3,0,1,,,,,,,,,0,,,64,100
19612,note_on,,1,0,1,,,,,,,,,0,,,60,0
19617,note_on,,5,0,1,,,,,,,,,0,,,65,0
19618,note_on,,1,0,1,,,,,,,,,0,,,57,0
19619,note_on,,1,0,1,,,,,,,,,0,,,53,0
19664,note_on,,0,0,1,,,,,,,,,0,,,53,84
19664,note_on,,45,0,1,,,,,,,,,0,,,71,95
19664,note_on,,0,0,1,,,,,,,,,0,,,57,83
19664,note_on,,0,0,1,,,,,,,,,0,,,60,80
19667,note_on,,3,0,1,,,,,,,,,0,,,68,0
19668,note_on,,1,0,1,,,,,,,,,0,,,67,101
19670,note_on,,2,0,1,,,,,,,,,0,,,64,0
19699,control_change,,29,0,1,,,,,,,,,0,64,0,,
19721,note_on,,22,0,1,,,,,,,,,0,,,69,104
19721,note_on,,0,0,1,,,,,,,,,0,,,65,98
19721,note_on,,0,0,1,,,,,,,,,0,,,71,0
19723,note_on,,0,0,1,,,,,,,,,0,,,57,0
19723,note_on,,0,0,1,,,,,,,,,0,,,60,0
19723,note_on,,2,0,1,,,,,,,,,0,,,53,0
19727,note_on,,4,0,1,,,,,,,,,0,,,67,0
19780,note_on,,53,0,1,,,,,,,,,0,,,65,0
19782,note_on,,2,0,1,,,,,,,,,0,,,69,0
19787,note_on,,5,0,1,,,,,,,,,0,,,67,108
19787,note_on,,0,0,1,,,,,,,,,0,,,64,107
19793,note_on,,6,0,1,,,,,,,,,0,,,43,107
19796,control_change,,3,0,1,,,,,,,,,0,64,127,,
19846,note_on,,0,0,1,,,,,,,,,0,,,67,0
19846,note_on,,50,0,1,,,,,,,,,0,,,64,0
19867,note_on,,21,0,1,,,,,,,,,0,,,72,95
19882,note_on,,15,0,1,,,,,,,,,0,,,43,0
19909,note_on,,27,0,1,,,,,,,,,0,,,67,96
19912,note_on,,3,0,1,,,,,,,,,0,,,76,110
19914,note_on,,2,0,1,,,,,,,,,0,,,60,89
19917,note_on,,3,0,1,,,,,,,,,0,,,52,89
19926,note_on,,9,0,1,,,,,,,,,0,,,72,0
19927,note_on,,0,0,1,,,,,,,,,0,,,52,0
19927,note_on,,1,0,1,,,,,,,,,0,,,60,0
19937,control_change,,10,0,1,,,,,,,,,0,64,0,,
20036,note_on,,99,0,1,,,,,,,,,0,,,52,96
20039,note_on,,3,0,1,,,,,,,,,0,,,60,93
20049,note_on,,10,0,1,,,,,,,,,0,,,60,0
20058,note_on,,9,0,1,,,,,,,,,0,,,52,0
20060,note_on,,2,0,1,,,,,,,,,0,,,67,0
20065,note_on,,5,0,1,,,,,,,,,0,,,76,0
20154,note_on,,89,0,1,,,,,,,,,0,,,43,94
20157,control_change,,3,0,1,,,,,,,,,0,64,127,,
20162,set_tempo,,2162,1,0,,,,,,402684,,,,,,,
20196,note_on,,39,0,1,,,,,,,,,0,,,74,95
20206,note_on,,10,0,1,,,,,,,,,0,,,74,0
20220,note_on,,14,0,1,,,,,,,,,0,,,76,99
20235,note_on,,15,0,1,,,,,,,,,0,,,76,0
20242,note_on,,7,0,1,,,,,,,,,0,,,74,92
20243,note_on,,1,0,1,,,,,,,,,0,,,43,0
20263,note_on,,20,0,1,,,,,,,,,0,,,73,115
20265,note_on,,2,0,1,,,,,,,,,0,,,74,0
20267,note_on,,2,0,1,,,,,,,,,0,,,50,98
20267,note_on,,0,0,1,,,,,,,,,0,,,59,92
20270,note_on,,3,0,1,,,,,,,,,0,,,64,105
20270,note_on,,0,0,1,,,,,,,,,0,,,55,93
20277,note_on,,7,0,1,,,,,,,,,0,,,59,0
20277,note_on,,0,0,1,,,,,,,,,0,,,50,0
20279,note_on,,2,0,1,,,,,,,,,0,,,55,0
20281,note_on,,2,0,1,,,,,,,,,0,,,64,0
20307,control_change,,26,0,1,,,,,,,,,0,64,0,,
20319,note_on,,12,0,1,,,,,,,,,0,,,73,0
20326,note_on,,7,0,1,,,,,,,,,0,,,74,110
20332,note_on,,6,0,1,,,,,,,,,0,,,65,97
20342,note_on,,10,0,1,,,,,,,,,0,,,65,0
20350,note_on,,8,0,1,,,,,,,,,0,,,74,0
20389,note_on,,0,0,1,,,,,,,,,0,,,59,100
20389,note_on,,39,0,1,,,,,,,,,0,,,77,100
20389,note_on,,0,0,1,,,,,,,,,0,,,69,100
20389,note_on,,0,0,1,,,,,,,,,0,,,50,100
20389,note_on,,0,0,1,,,,,,,,,0,,,55,100
20413,note_on,,24,0,1,,,,,,,,,0,,,55,0
20415,note_on,,2,0,1,,,,,,,,,0,,,59,0
20420,note_on,,5,0,1,,,,,,,,,0,,,50,0
20448,note_on,,28,0,1,,,,,,,,,0,,,77,0
20478,note_on,,30,0,1,,,,,,,,,0,,,69,0
20479,note_on,,1,0,1,,,,,,,,,0,,,76,98
20520,set_tempo,,358,1,0,,,,,,458015,,,,,,,
20520,end_of_track,,0,1,0,,,,,,,,,,,,,
20529,note_on,,50,0,1,,,,,,,,,0,,,76,0
20539,note_on,,0,0,1,,,,,,,,,0,,,74,95
20539,note_on,,10,0,1,,,,,,,,,0,,,48,95
20543,note_on,,4,0,1,,,,,,,,,0,,,65,95
20544,note_on,,1,0,1,,,,,,,,,0,,,36,99
20550,control_change,,6,0,1,,,,,,,,,0,64,127,,
20628,note_on,,78,0,1,,,,,,,,,0,,,48,0
20633,note_on,,5,0,1,,,,,,,,,0,,,36,0
20649,note_on,,16,0,1,,,,,,,,,0,,,76,94
20649,note_on,,0,0,1,,,,,,,,,0,,,67,94
20658,note_on,,9,0,1,,,,,,,,,0,,,74,0
20662,note_on,,4,0,1,,,,,,,,,0,,,65,0
20678,note_on,,16,0,1,,,,,,,,,0,,,76,0
20678,note_on,,0,0,1,,,,,,,,,0,,,67,0
20694,note_on,,16,0,1,,,,,,,,,0,,,64,90
20698,note_on,,4,0,1,,,,,,,,,0,,,72,88
20699,note_on,,1,0,1,,,,,,,,,0,,,55,88
20700,note_on,,1,0,1,,,,,,,,,0,,,60,88
20700,note_on,,0,0,1,,,,,,,,,0,,,48,88
20714,control_change,,14,0,1,,,,,,,,,0,64,0,,
20873,note_on,,159,0,1,,,,,,,,,0,,,64,0
20877,note_on,,4,0,1,,,,,,,,,0,,,72,0
20878,note_on,,1,0,1,,,,,,,,,0,,,55,0
20879,note_on,,0,0,1,,,,,,,,,0,,,48,0
20879,note_on,,1,0,1,,,,,,,,,0,,,60,0
20879,end_of_track,,0,1,1,,,,,,,,,,,,,
