tick,type,time,meta,track,numerator,denominator,clocks_per_click,notated_32nd_notes_per_beat,channel,data,tempo,program,note,velocity
0,track_name,0,1,0,,,,,,,,,,
0,time_signature,0,1,0,12,8,24,8,,,,,,
0,channel_prefix,0,1,0,,,,,0,,,,,
0,copyright,0,1,0,,,,,,,,,,
0,channel_prefix,0,1,0,,,,,0,,,,,
0,track_name,0,1,0,,,,,,,,,,
0,channel_prefix,0,1,0,,,,,0,,,,,
0,instrument_name,0,1,0,,,,,,,,,,
0,sysex,0,0,0,,,,,,"(126, 127, 9, 1)",,,,
0,set_tempo,0,1,0,,,,,,,1250000,,,
0,program_change,0,0,0,,,,,0,,,40,,
0,channel_prefix,0,1,0,,,,,1,,,,,
0,track_name,0,1,0,,,,,,,,,,
0,channel_prefix,0,1,0,,,,,1,,,,,
0,instrument_name,0,1,0,,,,,,,,,,
0,program_change,0,0,0,,,,,1,,,40,,
0,note_on,0,0,0,,,,,1,,,,77,96
0,channel_prefix,0,1,0,,,,,2,,,,,
0,track_name,0,1,0,,,,,,,,,,
0,channel_prefix,0,1,0,,,,,2,,,,,
0,instrument_name,0,1,0,,,,,,,,,,
0,program_change,0,0,0,,,,,2,,,48,,
0,note_on,0,0,0,,,,,2,,,,69,104
0,channel_prefix,0,1,0,,,,,3,,,,,
0,track_name,0,1,0,,,,,,,,,,
0,channel_prefix,0,1,0,,,,,3,,,,,
0,instrument_name,0,1,0,,,,,,,,,,
0,program_change,0,0,0,,,,,3,,,48,,
0,note_on,0,0,0,,,,,3,,,,65,104
0,channel_prefix,0,1,0,,,,,4,,,,,
0,track_name,0,1,0,,,,,,,,,,
0,channel_prefix,0,1,0,,,,,4,,,,,
0,instrument_name,0,1,0,,,,,,,,,,
0,program_change,0,0,0,,,,,4,,,48,,
0,note_on,0,0,0,,,,,4,,,,60,104
0,channel_prefix,0,1,0,,,,,5,,,,,
0,track_name,0,1,0,,,,,,,,,,
0,channel_prefix,0,1,0,,,,,5,,,,,
0,instrument_name,0,1,0,,,,,,,,,,
0,program_change,0,0,0,,,,,5,,,42,,
0,note_on,0,0,0,,,,,5,,,,53,88
0,channel_prefix,0,1,0,,,,,6,,,,,
0,track_name,0,1,0,,,,,,,,,,
0,channel_prefix,0,1,0,,,,,6,,,,,
0,instrument_name,0,1,0,,,,,,,,,,
0,program_change,0,0,0,,,,,6,,,43,,
0,note_on,0,0,0,,,,,6,,,,41,88
42,note_off,42,0,0,,,,,2,,,,69,0
42,note_off,0,0,0,,,,,3,,,,65,0
42,note_off,0,0,0,,,,,4,,,,60,0
42,note_off,0,0,0,,,,,5,,,,53,0
42,note_off,0,0,0,,,,,6,,,,41,0
48,note_on,6,0,0,,,,,5,,,,41,88
48,note_on,0,0,0,,,,,6,,,,29,88
69,note_off,21,0,0,,,,,5,,,,41,0
69,note_off,0,0,0,,,,,6,,,,29,0
72,note_on,3,0,0,,,,,2,,,,70,104
72,note_on,0,0,0,,,,,3,,,,58,104
72,note_on,0,0,0,,,,,4,,,,67,104
72,note_on,0,0,0,,,,,5,,,,43,88
72,note_on,0,0,0,,,,,6,,,,31,88
84,note_off,12,0,0,,,,,1,,,,77,0
96,note_on,12,0,0,,,,,1,,,,76,96
114,note_off,18,0,0,,,,,2,,,,70,0
114,note_off,0,0,0,,,,,3,,,,58,0
114,note_off,0,0,0,,,,,4,,,,67,0
114,note_off,0,0,0,,,,,5,,,,43,0
114,note_off,0,0,0,,,,,6,,,,31,0
117,note_off,3,0,0,,,,,1,,,,76,0
120,note_on,3,0,0,,,,,1,,,,74,96
120,note_on,0,0,0,,,,,5,,,,55,88
120,note_on,0,0,0,,,,,6,,,,43,88
141,note_off,21,0,0,,,,,1,,,,74,0
141,note_off,0,0,0,,,,,5,,,,55,0
141,note_off,0,0,0,,,,,6,,,,43,0
144,note_on,3,0,0,,,,,1,,,,72,96
144,note_on,0,0,0,,,,,2,,,,72,104
144,note_on,0,0,0,,,,,3,,,,65,104
144,note_on,0,0,0,,,,,4,,,,60,104
144,note_on,0,0,0,,,,,5,,,,57,88
144,note_on,0,0,0,,,,,6,,,,45,88
186,note_off,42,0,0,,,,,2,,,,72,0
186,note_off,0,0,0,,,,,3,,,,65,0
186,note_off,0,0,0,,,,,4,,,,60,0
186,note_off,0,0,0,,,,,5,,,,57,0
186,note_off,0,0,0,,,,,6,,,,45,0
192,note_on,6,0,0,,,,,5,,,,45,88
192,note_on,0,0,0,,,,,6,,,,33,88
213,note_off,21,0,0,,,,,5,,,,45,0
213,note_off,0,0,0,,,,,6,,,,33,0
216,note_on,3,0,0,,,,,2,,,,74,104
216,note_on,0,0,0,,,,,3,,,,62,104
216,note_on,0,0,0,,,,,4,,,,53,104
216,note_on,0,0,0,,,,,5,,,,46,88
216,note_on,0,0,0,,,,,6,,,,34,88
228,note_off,12,0,0,,,,,1,,,,72,0
240,note_on,12,0,0,,,,,1,,,,70,96
258,note_off,18,0,0,,,,,2,,,,74,0
258,note_off,0,0,0,,,,,3,,,,62,0
258,note_off,0,0,0,,,,,4,,,,53,0
258,note_off,0,0,0,,,,,5,,,,46,0
258,note_off,0,0,0,,,,,6,,,,34,0
261,note_off,3,0,0,,,,,1,,,,70,0
264,note_on,3,0,0,,,,,1,,,,69,96
264,note_on,0,0,0,,,,,5,,,,58,88
264,note_on,0,0,0,,,,,6,,,,46,88
285,note_off,21,0,0,,,,,1,,,,69,0
285,note_off,0,0,0,,,,,5,,,,58,0
285,note_off,0,0,0,,,,,6,,,,46,0
288,note_on,3,0,0,,,,,1,,,,67,96
288,note_on,0,0,0,,,,,2,,,,76,104
288,note_on,0,0,0,,,,,3,,,,67,104
288,note_on,0,0,0,,,,,4,,,,60,104
288,note_on,0,0,0,,,,,5,,,,58,88
288,note_on,0,0,0,,,,,6,,,,46,88
309,note_off,21,0,0,,,,,2,,,,76,0
312,note_off,3,0,0,,,,,1,,,,67,0
312,note_on,0,0,0,,,,,1,,,,64,96
312,note_on,0,0,0,,,,,2,,,,72,104
330,note_off,18,0,0,,,,,3,,,,67,0
330,note_off,0,0,0,,,,,4,,,,60,0
330,note_off,0,0,0,,,,,5,,,,58,0
330,note_off,0,0,0,,,,,6,,,,46,0
333,note_off,3,0,0,,,,,1,,,,64,0
333,note_off,0,0,0,,,,,2,,,,72,0
336,note_on,3,0,0,,,,,1,,,,65,96
336,note_on,0,0,0,,,,,2,,,,77,104
336,note_on,0,0,0,,,,,3,,,,72,104
336,note_on,0,0,0,,,,,4,,,,60,104
336,note_on,0,0,0,,,,,5,,,,57,88
336,note_on,0,0,0,,,,,6,,,,45,88
357,note_off,21,0,0,,,,,1,,,,65,0
357,note_off,0,0,0,,,,,3,,,,72,0
357,note_off,0,0,0,,,,,4,,,,60,0
357,note_off,0,0,0,,,,,5,,,,57,0
357,note_off,0,0,0,,,,,6,,,,45,0
360,note_on,3,0,0,,,,,1,,,,70,96
360,note_on,0,0,0,,,,,3,,,,74,104
360,note_on,0,0,0,,,,,4,,,,67,104
360,note_on,0,0,0,,,,,5,,,,55,88
360,note_on,0,0,0,,,,,6,,,,43,88
378,note_off,18,0,0,,,,,2,,,,77,0
384,note_on,6,0,0,,,,,2,,,,74,104
402,note_off,18,0,0,,,,,3,,,,74,0
402,note_off,0,0,0,,,,,4,,,,67,0
402,note_off,0,0,0,,,,,5,,,,55,0
402,note_off,0,0,0,,,,,6,,,,43,0
405,note_off,3,0,0,,,,,2,,,,74,0
408,note_on,3,0,0,,,,,2,,,,76,104
408,note_on,0,0,0,,,,,3,,,,72,104
408,note_on,0,0,0,,,,,4,,,,67,104
408,note_on,0,0,0,,,,,5,,,,60,88
408,note_on,0,0,0,,,,,6,,,,48,88
429,note_off,21,0,0,,,,,2,,,,76,0
429,note_off,0,0,0,,,,,3,,,,72,0
429,note_off,0,0,0,,,,,4,,,,67,0
429,note_off,0,0,0,,,,,5,,,,60,0
429,note_off,0,0,0,,,,,6,,,,48,0
432,note_on,3,0,0,,,,,2,,,,77,104
432,note_on,0,0,0,,,,,3,,,,72,104
432,note_on,0,0,0,,,,,4,,,,65,104
432,note_on,0,0,0,,,,,5,,,,53,88
432,note_on,0,0,0,,,,,6,,,,41,88
444,note_off,12,0,0,,,,,1,,,,70,0
456,note_on,12,0,0,,,,,1,,,,69,96
474,note_off,18,0,0,,,,,2,,,,77,0
474,note_off,0,0,0,,,,,3,,,,72,0
474,note_off,0,0,0,,,,,4,,,,65,0
474,note_off,0,0,0,,,,,5,,,,53,0
474,note_off,0,0,0,,,,,6,,,,41,0
477,note_off,3,0,0,,,,,1,,,,69,0
480,note_on,3,0,0,,,,,1,,,,72,96
480,note_on,0,0,0,,,,,2,,,,72,104
480,note_on,0,0,0,,,,,3,,,,69,104
480,note_on,0,0,0,,,,,4,,,,65,104
480,note_on,0,0,0,,,,,5,,,,57,88
480,note_on,0,0,0,,,,,6,,,,45,88
501,note_off,21,0,0,,,,,1,,,,72,0
501,note_off,0,0,0,,,,,2,,,,72,0
501,note_off,0,0,0,,,,,3,,,,69,0
501,note_off,0,0,0,,,,,4,,,,65,0
501,note_off,0,0,0,,,,,5,,,,57,0
501,note_off,0,0,0,,,,,6,,,,45,0
504,note_on,3,0,0,,,,,1,,,,77,96
504,note_on,0,0,0,,,,,2,,,,72,104
504,note_on,0,0,0,,,,,3,,,,69,104
504,note_on,0,0,0,,,,,4,,,,65,104
504,note_on,0,0,0,,,,,5,,,,50,88
504,note_on,0,0,0,,,,,6,,,,38,88
525,note_off,21,0,0,,,,,1,,,,77,0
528,note_on,3,0,0,,,,,1,,,,79,96
540,note_off,12,0,0,,,,,1,,,,79,0
540,note_on,0,0,0,,,,,1,,,,77,96
546,note_off,6,0,0,,,,,2,,,,72,0
546,note_off,0,0,0,,,,,3,,,,69,0
546,note_off,0,0,0,,,,,4,,,,65,0
546,note_off,0,0,0,,,,,5,,,,50,0
546,note_off,0,0,0,,,,,6,,,,38,0
552,note_off,6,0,0,,,,,1,,,,77,0
552,note_on,0,0,0,,,,,1,,,,76,96
552,note_on,0,0,0,,,,,2,,,,71,104
552,note_on,0,0,0,,,,,3,,,,67,104
552,note_on,0,0,0,,,,,4,,,,67,104
552,note_on,0,0,0,,,,,5,,,,55,88
552,note_on,0,0,0,,,,,6,,,,43,88
564,note_off,12,0,0,,,,,1,,,,76,0
564,note_on,0,0,0,,,,,1,,,,74,96
573,note_off,9,0,0,,,,,2,,,,71,0
573,note_off,0,0,0,,,,,3,,,,67,0
573,note_off,0,0,0,,,,,4,,,,67,0
573,note_off,0,0,0,,,,,5,,,,55,0
573,note_off,0,0,0,,,,,6,,,,43,0
574,note_off,1,0,0,,,,,1,,,,74,0
576,note_on,2,0,0,,,,,0,,,,84,96
576,note_on,0,0,0,,,,,1,,,,76,96
576,note_on,0,0,0,,,,,2,,,,72,104
576,note_on,0,0,0,,,,,3,,,,67,104
576,note_on,0,0,0,,,,,4,,,,64,104
576,note_on,0,0,0,,,,,5,,,,48,88
576,note_on,0,0,0,,,,,6,,,,36,88
588,note_off,12,0,0,,,,,1,,,,76,0
588,note_on,0,0,0,,,,,1,,,,74,96
600,note_off,12,0,0,,,,,1,,,,74,0
600,note_on,0,0,0,,,,,1,,,,76,96
610,note_off,10,0,0,,,,,1,,,,76,0
612,note_on,2,0,0,,,,,1,,,,72,96
618,note_off,6,0,0,,,,,2,,,,72,0
618,note_off,0,0,0,,,,,3,,,,67,0
618,note_off,0,0,0,,,,,4,,,,64,0
618,note_off,0,0,0,,,,,5,,,,48,0
618,note_off,0,0,0,,,,,6,,,,36,0
622,note_off,4,0,0,,,,,1,,,,72,0
624,note_on,2,0,0,,,,,1,,,,67,96
624,note_on,0,0,0,,,,,5,,,,36,88
624,note_on,0,0,0,,,,,6,,,,24,88
634,note_off,10,0,0,,,,,1,,,,67,0
636,note_on,2,0,0,,,,,1,,,,72,96
645,note_off,9,0,0,,,,,5,,,,36,0
645,note_off,0,0,0,,,,,6,,,,24,0
646,note_off,1,0,0,,,,,1,,,,72,0
648,note_on,2,0,0,,,,,1,,,,77,96
648,note_on,0,0,0,,,,,2,,,,77,104
648,note_on,0,0,0,,,,,3,,,,65,104
648,note_on,0,0,0,,,,,4,,,,62,104
648,note_on,0,0,0,,,,,5,,,,38,88
648,note_on,0,0,0,,,,,6,,,,26,88
660,note_off,12,0,0,,,,,0,,,,84,0
660,note_off,0,0,0,,,,,1,,,,77,0
660,note_on,0,0,0,,,,,1,,,,76,96
672,note_on,12,0,0,,,,,0,,,,83,96
672,note_off,0,0,0,,,,,1,,,,76,0
672,note_on,0,0,0,,,,,1,,,,77,96
682,note_off,10,0,0,,,,,1,,,,77,0
684,note_on,2,0,0,,,,,1,,,,74,96
690,note_off,6,0,0,,,,,2,,,,77,0
690,note_off,0,0,0,,,,,3,,,,65,0
690,note_off,0,0,0,,,,,4,,,,62,0
690,note_off,0,0,0,,,,,5,,,,38,0
690,note_off,0,0,0,,,,,6,,,,26,0
693,note_off,3,0,0,,,,,0,,,,83,0
694,note_off,1,0,0,,,,,1,,,,74,0
696,note_on,2,0,0,,,,,0,,,,81,96
696,note_on,0,0,0,,,,,1,,,,71,96
696,note_on,0,0,0,,,,,5,,,,50,88
696,note_on,0,0,0,,,,,6,,,,38,88
706,note_off,10,0,0,,,,,1,,,,71,0
708,note_on,2,0,0,,,,,1,,,,74,96
717,note_off,9,0,0,,,,,0,,,,81,0
717,note_off,0,0,0,,,,,5,,,,50,0
717,note_off,0,0,0,,,,,6,,,,38,0
718,note_off,1,0,0,,,,,1,,,,74,0
720,note_on,2,0,0,,,,,0,,,,79,96
720,note_on,0,0,0,,,,,1,,,,79,96
720,note_on,0,0,0,,,,,2,,,,76,104
720,note_on,0,0,0,,,,,3,,,,72,104
720,note_on,0,0,0,,,,,4,,,,55,104
720,note_on,0,0,0,,,,,5,,,,52,88
720,note_on,0,0,0,,,,,6,,,,40,88
732,note_off,12,0,0,,,,,1,,,,79,0
732,note_on,0,0,0,,,,,1,,,,77,96
744,note_off,12,0,0,,,,,1,,,,77,0
744,note_on,0,0,0,,,,,1,,,,79,96
754,note_off,10,0,0,,,,,1,,,,79,0
756,note_on,2,0,0,,,,,1,,,,76,96
762,note_off,6,0,0,,,,,2,,,,76,0
762,note_off,0,0,0,,,,,3,,,,72,0
762,note_off,0,0,0,,,,,4,,,,55,0
762,note_off,0,0,0,,,,,5,,,,52,0
762,note_off,0,0,0,,,,,6,,,,40,0
766,note_off,4,0,0,,,,,1,,,,76,0
768,note_on,2,0,0,,,,,1,,,,72,96
768,note_on,0,0,0,,,,,5,,,,40,88
768,note_on,0,0,0,,,,,6,,,,28,88
778,note_off,10,0,0,,,,,1,,,,72,0
780,note_on,2,0,0,,,,,1,,,,76,96
789,note_off,9,0,0,,,,,5,,,,40,0
789,note_off,0,0,0,,,,,6,,,,28,0
790,note_off,1,0,0,,,,,1,,,,76,0
792,note_on,2,0,0,,,,,1,,,,81,96
792,note_on,0,0,0,,,,,2,,,,72,104
792,note_on,0,0,0,,,,,3,,,,69,104
792,note_on,0,0,0,,,,,4,,,,60,104
792,note_on,0,0,0,,,,,5,,,,41,88
792,note_on,0,0,0,,,,,6,,,,29,88
804,note_off,12,0,0,,,,,0,,,,79,0
804,note_off,0,0,0,,,,,1,,,,81,0
804,note_on,0,0,0,,,,,1,,,,79,96
816,note_on,12,0,0,,,,,0,,,,77,96
816,note_off,0,0,0,,,,,1,,,,79,0
816,note_on,0,0,0,,,,,1,,,,81,96
826,note_off,10,0,0,,,,,1,,,,81,0
828,note_on,2,0,0,,,,,1,,,,77,96
834,note_off,6,0,0,,,,,2,,,,72,0
834,note_off,0,0,0,,,,,3,,,,69,0
834,note_off,0,0,0,,,,,4,,,,60,0
834,note_off,0,0,0,,,,,5,,,,41,0
834,note_off,0,0,0,,,,,6,,,,29,0
837,note_off,3,0,0,,,,,0,,,,77,0
838,note_off,1,0,0,,,,,1,,,,77,0
840,note_on,2,0,0,,,,,0,,,,76,96
840,note_on,0,0,0,,,,,1,,,,79,96
840,note_on,0,0,0,,,,,5,,,,53,88
840,note_on,0,0,0,,,,,6,,,,41,88
850,note_off,10,0,0,,,,,1,,,,79,0
852,note_on,2,0,0,,,,,1,,,,81,96
861,note_off,9,0,0,,,,,0,,,,76,0
861,note_off,0,0,0,,,,,5,,,,53,0
861,note_off,0,0,0,,,,,6,,,,41,0
862,note_off,1,0,0,,,,,1,,,,81,0
864,note_on,2,0,0,,,,,0,,,,74,96
864,note_on,0,0,0,,,,,1,,,,71,96
864,note_on,0,0,0,,,,,2,,,,79,104
864,note_on,0,0,0,,,,,3,,,,74,104
864,note_on,0,0,0,,,,,4,,,,55,104
864,note_on,0,0,0,,,,,5,,,,53,88
864,note_on,0,0,0,,,,,6,,,,41,88
885,note_off,21,0,0,,,,,1,,,,71,0
888,note_off,3,0,0,,,,,0,,,,74,0
888,note_on,0,0,0,,,,,0,,,,71,96
888,note_on,0,0,0,,,,,1,,,,79,96
906,note_off,18,0,0,,,,,2,,,,79,0
906,note_off,0,0,0,,,,,3,,,,74,0
906,note_off,0,0,0,,,,,4,,,,55,0
906,note_off,0,0,0,,,,,5,,,,53,0
906,note_off,0,0,0,,,,,6,,,,41,0
909,note_off,3,0,0,,,,,0,,,,71,0
909,note_off,0,0,0,,,,,1,,,,79,0
912,note_on,3,0,0,,,,,0,,,,72,96
912,note_on,0,0,0,,,,,1,,,,72,96
912,note_on,0,0,0,,,,,2,,,,79,104
912,note_on,0,0,0,,,,,3,,,,76,104
912,note_on,0,0,0,,,,,4,,,,55,104
912,note_on,0,0,0,,,,,5,,,,52,88
912,note_on,0,0,0,,,,,6,,,,40,88
933,note_off,21,0,0,,,,,0,,,,72,0
933,note_off,0,0,0,,,,,2,,,,79,0
933,note_off,0,0,0,,,,,3,,,,76,0
933,note_off,0,0,0,,,,,4,,,,55,0
933,note_off,0,0,0,,,,,5,,,,52,0
933,note_off,0,0,0,,,,,6,,,,40,0
936,note_on,3,0,0,,,,,0,,,,77,96
936,note_on,0,0,0,,,,,2,,,,77,104
936,note_on,0,0,0,,,,,3,,,,69,104
936,note_on,0,0,0,,,,,4,,,,62,104
936,note_on,0,0,0,,,,,5,,,,50,88
936,note_on,0,0,0,,,,,6,,,,38,88
954,note_off,18,0,0,,,,,1,,,,72,0
960,note_on,6,0,0,,,,,1,,,,69,96
978,note_off,18,0,0,,,,,2,,,,77,0
978,note_off,0,0,0,,,,,3,,,,69,0
978,note_off,0,0,0,,,,,4,,,,62,0
978,note_off,0,0,0,,,,,5,,,,50,0
978,note_off,0,0,0,,,,,6,,,,38,0
981,note_off,3,0,0,,,,,1,,,,69,0
984,note_on,3,0,0,,,,,1,,,,71,96
984,note_on,0,0,0,,,,,2,,,,74,104
984,note_on,0,0,0,,,,,3,,,,67,104
984,note_on,0,0,0,,,,,4,,,,59,104
984,note_on,0,0,0,,,,,5,,,,55,88
984,note_on,0,0,0,,,,,6,,,,43,88
987,note_off,3,0,0,,,,,1,,,,71,0
987,note_on,0,0,0,,,,,1,,,,72,96
990,note_off,3,0,0,,,,,1,,,,72,0
990,note_on,0,0,0,,,,,1,,,,71,96
993,note_off,3,0,0,,,,,1,,,,71,0
993,note_on,0,0,0,,,,,1,,,,72,96
996,note_off,3,0,0,,,,,1,,,,72,0
996,note_on,0,0,0,,,,,1,,,,71,96
999,note_off,3,0,0,,,,,1,,,,71,0
999,note_on,0,0,0,,,,,1,,,,72,96
1002,note_off,3,0,0,,,,,1,,,,72,0
1002,note_on,0,0,0,,,,,1,,,,71,96
1004,note_off,2,0,0,,,,,1,,,,71,0
1004,note_on,0,0,0,,,,,1,,,,72,96
1005,note_off,1,0,0,,,,,2,,,,74,0
1005,note_off,0,0,0,,,,,3,,,,67,0
1005,note_off,0,0,0,,,,,4,,,,59,0
1005,note_off,0,0,0,,,,,5,,,,55,0
1005,note_off,0,0,0,,,,,6,,,,43,0
1006,note_off,1,0,0,,,,,1,,,,72,0
1006,note_on,0,0,0,,,,,1,,,,71,96
1008,note_off,2,0,0,,,,,1,,,,71,0
1008,note_on,0,0,0,,,,,1,,,,72,96
1008,note_on,0,0,0,,,,,2,,,,72,104
1008,note_on,0,0,0,,,,,3,,,,67,104
1008,note_on,0,0,0,,,,,4,,,,55,104
1008,note_on,0,0,0,,,,,5,,,,48,88
1008,note_on,0,0,0,,,,,6,,,,36,88
1020,note_off,12,0,0,,,,,0,,,,77,0
1020,note_off,0,0,0,,,,,1,,,,72,0
1020,note_on,0,0,0,,,,,1,,,,71,96
1032,note_on,12,0,0,,,,,0,,,,76,96
1032,note_off,0,0,0,,,,,1,,,,71,0
1032,note_on,0,0,0,,,,,1,,,,72,96
1042,note_off,10,0,0,,,,,1,,,,72,0
1044,note_on,2,0,0,,,,,1,,,,67,96
1050,note_off,6,0,0,,,,,2,,,,72,0
1050,note_off,0,0,0,,,,,3,,,,67,0
1050,note_off,0,0,0,,,,,4,,,,55,0
1050,note_off,0,0,0,,,,,5,,,,48,0
1050,note_off,0,0,0,,,,,6,,,,36,0
1053,note_off,3,0,0,,,,,0,,,,76,0
1054,note_off,1,0,0,,,,,1,,,,67,0
1056,note_on,2,0,0,,,,,0,,,,79,96
1056,note_on,0,0,0,,,,,1,,,,64,96
1056,note_on,0,0,0,,,,,5,,,,46,88
1056,note_on,0,0,0,,,,,6,,,,34,88
1066,note_off,10,0,0,,,,,1,,,,64,0
1068,note_on,2,0,0,,,,,1,,,,67,96
1077,note_off,9,0,0,,,,,0,,,,79,0
1077,note_off,0,0,0,,,,,5,,,,46,0
1077,note_off,0,0,0,,,,,6,,,,34,0
1078,note_off,1,0,0,,,,,1,,,,67,0
1080,note_on,2,0,0,,,,,0,,,,84,96
1080,note_on,0,0,0,,,,,1,,,,65,96
1080,note_on,0,0,0,,,,,5,,,,45,88
1080,note_on,0,0,0,,,,,6,,,,33,88
1092,note_off,12,0,0,,,,,1,,,,65,0
1092,note_on,0,0,0,,,,,1,,,,67,96
1104,note_off,12,0,0,,,,,1,,,,67,0
1104,note_on,0,0,0,,,,,1,,,,69,96
1116,note_off,12,0,0,,,,,1,,,,69,0
1116,note_on,0,0,0,,,,,1,,,,70,96
1122,note_off,6,0,0,,,,,0,,,,84,0
1122,note_off,0,0,0,,,,,5,,,,45,0
1122,note_off,0,0,0,,,,,6,,,,33,0
1128,note_on,6,0,0,,,,,0,,,,75,96
1128,note_off,0,0,0,,,,,1,,,,70,0
1128,note_on,0,0,0,,,,,1,,,,72,96
1128,note_on,0,0,0,,,,,2,,,,72,104
1128,note_on,0,0,0,,,,,3,,,,65,104
1128,note_on,0,0,0,,,,,4,,,,57,104
1128,note_on,0,0,0,,,,,5,,,,41,88
1128,note_on,0,0,0,,,,,6,,,,29,88
1138,note_off,10,0,0,,,,,1,,,,72,0
1140,note_on,2,0,0,,,,,1,,,,69,96
1149,note_off,9,0,0,,,,,3,,,,65,0
1149,note_off,0,0,0,,,,,4,,,,57,0
1149,note_off,0,0,0,,,,,5,,,,41,0
1149,note_off,0,0,0,,,,,6,,,,29,0
1150,note_off,1,0,0,,,,,1,,,,69,0
1152,note_on,2,0,0,,,,,1,,,,65,96
1152,note_on,0,0,0,,,,,3,,,,65,104
1152,note_on,0,0,0,,,,,4,,,,58,104
1152,note_on,0,0,0,,,,,5,,,,46,88
1152,note_on,0,0,0,,,,,6,,,,34,88
1164,note_off,12,0,0,,,,,1,,,,65,0
1164,note_on,0,0,0,,,,,1,,,,63,96
1170,note_off,6,0,0,,,,,0,,,,75,0
1170,note_off,0,0,0,,,,,2,,,,72,0
1176,note_on,6,0,0,,,,,0,,,,74,96
1176,note_off,0,0,0,,,,,1,,,,63,0
1176,note_on,0,0,0,,,,,1,,,,65,96
1176,note_on,0,0,0,,,,,2,,,,70,104
1186,note_off,10,0,0,,,,,1,,,,65,0
1188,note_on,2,0,0,,,,,1,,,,70,96
1194,note_off,6,0,0,,,,,3,,,,65,0
1194,note_off,0,0,0,,,,,4,,,,58,0
1194,note_off,0,0,0,,,,,5,,,,46,0
1194,note_off,0,0,0,,,,,6,,,,34,0
1197,note_off,3,0,0,,,,,0,,,,74,0
1197,note_off,0,0,0,,,,,2,,,,70,0
1198,note_off,1,0,0,,,,,1,,,,70,0
1200,note_on,2,0,0,,,,,0,,,,77,96
1200,note_on,0,0,0,,,,,1,,,,62,96
1200,note_on,0,0,0,,,,,5,,,,45,88
1200,note_on,0,0,0,,,,,6,,,,33,88
1210,note_off,10,0,0,,,,,1,,,,62,0
1212,note_on,2,0,0,,,,,1,,,,65,96
1221,note_off,9,0,0,,,,,0,,,,77,0
1221,note_off,0,0,0,,,,,5,,,,45,0
1221,note_off,0,0,0,,,,,6,,,,33,0
1222,note_off,1,0,0,,,,,1,,,,65,0
1224,note_on,2,0,0,,,,,0,,,,82,96
1224,note_on,0,0,0,,,,,1,,,,64,96
1224,note_on,0,0,0,,,,,5,,,,43,88
1224,note_on,0,0,0,,,,,6,,,,31,88
1236,note_off,12,0,0,,,,,1,,,,64,0
1236,note_on,0,0,0,,,,,1,,,,65,96
1248,note_off,12,0,0,,,,,1,,,,65,0
1248,note_on,0,0,0,,,,,1,,,,67,96
1260,note_off,12,0,0,,,,,1,,,,67,0
1260,note_on,0,0,0,,,,,1,,,,69,96
1266,note_off,6,0,0,,,,,0,,,,82,0
1266,note_off,0,0,0,,,,,5,,,,43,0
1266,note_off,0,0,0,,,,,6,,,,31,0
1272,note_on,6,0,0,,,,,0,,,,74,96
1272,note_off,0,0,0,,,,,1,,,,69,0
1272,note_on,0,0,0,,,,,1,,,,70,96
1272,note_on,0,0,0,,,,,2,,,,70,104
1272,note_on,0,0,0,,,,,3,,,,64,104
1272,note_on,0,0,0,,,,,4,,,,55,104
1272,note_on,0,0,0,,,,,5,,,,40,88
1272,note_on,0,0,0,,,,,6,,,,28,88
1282,note_off,10,0,0,,,,,1,,,,70,0
1284,note_on,2,0,0,,,,,1,,,,67,96
1293,note_off,9,0,0,,,,,3,,,,64,0
1293,note_off,0,0,0,,,,,4,,,,55,0
1293,note_off,0,0,0,,,,,5,,,,40,0
1293,note_off,0,0,0,,,,,6,,,,28,0
1294,note_off,1,0,0,,,,,1,,,,67,0
1296,note_on,2,0,0,,,,,1,,,,64,96
1296,note_on,0,0,0,,,,,3,,,,64,104
1296,note_on,0,0,0,,,,,4,,,,57,104
1296,note_on,0,0,0,,,,,5,,,,45,88
1296,note_on,0,0,0,,,,,6,,,,33,88
1308,note_off,12,0,0,,,,,1,,,,64,0
1308,note_on,0,0,0,,,,,1,,,,62,96
1314,note_off,6,0,0,,,,,0,,,,74,0
1314,note_off,0,0,0,,,,,2,,,,70,0
1320,note_on,6,0,0,,,,,0,,,,72,96
1320,note_off,0,0,0,,,,,1,,,,62,0
1320,note_on,0,0,0,,,,,1,,,,64,96
1320,note_on,0,0,0,,,,,2,,,,69,104
1330,note_off,10,0,0,,,,,1,,,,64,0
1332,note_on,2,0,0,,,,,1,,,,69,96
1338,note_off,6,0,0,,,,,3,,,,64,0
1338,note_off,0,0,0,,,,,4,,,,57,0
1338,note_off,0,0,0,,,,,5,,,,45,0
1338,note_off,0,0,0,,,,,6,,,,33,0
1341,note_off,3,0,0,,,,,0,,,,72,0
1341,note_off,0,0,0,,,,,2,,,,69,0
1342,note_off,1,0,0,,,,,1,,,,69,0
1344,note_on,2,0,0,,,,,0,,,,76,96
1344,note_on,0,0,0,,,,,1,,,,60,96
1344,note_on,0,0,0,,,,,5,,,,43,88
1344,note_on,0,0,0,,,,,6,,,,31,88
1354,note_off,10,0,0,,,,,1,,,,60,0
1356,note_on,2,0,0,,,,,1,,,,64,96
1365,note_off,9,0,0,,,,,0,,,,76,0
1365,note_off,0,0,0,,,,,5,,,,43,0
1365,note_off,0,0,0,,,,,6,,,,31,0
1366,note_off,1,0,0,,,,,1,,,,64,0
1368,note_on,2,0,0,,,,,0,,,,81,96
1368,note_on,0,0,0,,,,,1,,,,62,96
1368,note_on,0,0,0,,,,,5,,,,41,88
1368,note_on,0,0,0,,,,,6,,,,29,88
1380,note_off,12,0,0,,,,,1,,,,62,0
1380,note_on,0,0,0,,,,,1,,,,64,96
1392,note_off,12,0,0,,,,,1,,,,64,0
1392,note_on,0,0,0,,,,,1,,,,65,96
1404,note_off,12,0,0,,,,,1,,,,65,0
1404,note_on,0,0,0,,,,,1,,,,67,96
1410,note_off,6,0,0,,,,,0,,,,81,0
1410,note_off,0,0,0,,,,,5,,,,41,0
1410,note_off,0,0,0,,,,,6,,,,29,0
1416,note_on,6,0,0,,,,,0,,,,72,96
1416,note_off,0,0,0,,,,,1,,,,67,0
1416,note_on,0,0,0,,,,,1,,,,69,96
1416,note_on,0,0,0,,,,,2,,,,69,104
1416,note_on,0,0,0,,,,,3,,,,62,104
1416,note_on,0,0,0,,,,,4,,,,53,104
1416,note_on,0,0,0,,,,,5,,,,38,88
1416,note_on,0,0,0,,,,,6,,,,26,88
1426,note_off,10,0,0,,,,,1,,,,69,0
1428,note_on,2,0,0,,,,,1,,,,65,96
1437,note_off,9,0,0,,,,,3,,,,62,0
1437,note_off,0,0,0,,,,,4,,,,53,0
1437,note_off,0,0,0,,,,,5,,,,38,0
1437,note_off,0,0,0,,,,,6,,,,26,0
1438,note_off,1,0,0,,,,,1,,,,65,0
1440,note_on,2,0,0,,,,,1,,,,62,96
1440,note_on,0,0,0,,,,,3,,,,62,104
1440,note_on,0,0,0,,,,,4,,,,55,104
1440,note_on,0,0,0,,,,,5,,,,43,88
1440,note_on,0,0,0,,,,,6,,,,31,88
1452,note_off,12,0,0,,,,,1,,,,62,0
1452,note_on,0,0,0,,,,,1,,,,60,96
1458,note_off,6,0,0,,,,,0,,,,72,0
1458,note_off,0,0,0,,,,,2,,,,69,0
1464,note_on,6,0,0,,,,,0,,,,70,96
1464,note_off,0,0,0,,,,,1,,,,60,0
1464,note_on,0,0,0,,,,,1,,,,62,96
1464,note_on,0,0,0,,,,,2,,,,67,104
1474,note_off,10,0,0,,,,,1,,,,62,0
1476,note_on,2,0,0,,,,,1,,,,67,96
1482,note_off,6,0,0,,,,,3,,,,62,0
1482,note_off,0,0,0,,,,,4,,,,55,0
1482,note_off,0,0,0,,,,,5,,,,43,0
1482,note_off,0,0,0,,,,,6,,,,31,0
1485,note_off,3,0,0,,,,,0,,,,70,0
1485,note_off,0,0,0,,,,,2,,,,67,0
1486,note_off,1,0,0,,,,,1,,,,67,0
1488,note_on,2,0,0,,,,,0,,,,74,96
1488,note_on,0,0,0,,,,,1,,,,58,96
1488,note_on,0,0,0,,,,,5,,,,41,88
1488,note_on,0,0,0,,,,,6,,,,29,88
1498,note_off,10,0,0,,,,,1,,,,58,0
1500,note_on,2,0,0,,,,,1,,,,62,96
1509,note_off,9,0,0,,,,,0,,,,74,0
1509,note_off,0,0,0,,,,,5,,,,41,0
1509,note_off,0,0,0,,,,,6,,,,29,0
1510,note_off,1,0,0,,,,,1,,,,62,0
1512,note_on,2,0,0,,,,,0,,,,79,96
1512,note_on,0,0,0,,,,,1,,,,60,96
1512,note_on,0,0,0,,,,,5,,,,40,88
1512,note_on,0,0,0,,,,,6,,,,28,88
1524,note_off,12,0,0,,,,,1,,,,60,0
1524,note_on,0,0,0,,,,,1,,,,62,96
1536,note_off,12,0,0,,,,,1,,,,62,0
1536,note_on,0,0,0,,,,,1,,,,64,96
1548,note_off,12,0,0,,,,,1,,,,64,0
1548,note_on,0,0,0,,,,,1,,,,65,96
1554,note_off,6,0,0,,,,,0,,,,79,0
1554,note_off,0,0,0,,,,,5,,,,40,0
1554,note_off,0,0,0,,,,,6,,,,28,0
1560,note_on,6,0,0,,,,,0,,,,70,96
1560,note_off,0,0,0,,,,,1,,,,65,0
1560,note_on,0,0,0,,,,,1,,,,67,96
1560,note_on,0,0,0,,,,,2,,,,72,104
1560,note_on,0,0,0,,,,,3,,,,64,104
1560,note_on,0,0,0,,,,,4,,,,67,104
1560,note_on,0,0,0,,,,,5,,,,36,88
1560,note_on,0,0,0,,,,,6,,,,24,88
1570,note_off,10,0,0,,,,,1,,,,67,0
1572,note_on,2,0,0,,,,,1,,,,64,96
1581,note_off,9,0,0,,,,,3,,,,64,0
1581,note_off,0,0,0,,,,,4,,,,67,0
1581,note_off,0,0,0,,,,,5,,,,36,0
1581,note_off,0,0,0,,,,,6,,,,24,0
1582,note_off,1,0,0,,,,,1,,,,64,0
1584,note_on,2,0,0,,,,,1,,,,65,96
1584,note_on,0,0,0,,,,,3,,,,60,104
1584,note_on,0,0,0,,,,,4,,,,65,104
1584,note_on,0,0,0,,,,,5,,,,41,88
1584,note_on,0,0,0,,,,,6,,,,29,88
1602,note_off,18,0,0,,,,,0,,,,70,0
1602,note_off,0,0,0,,,,,2,,,,72,0
1608,note_on,6,0,0,,,,,0,,,,69,96
1608,note_on,0,0,0,,,,,2,,,,77,104
1626,note_off,18,0,0,,,,,1,,,,65,0
1626,note_off,0,0,0,,,,,3,,,,60,0
1626,note_off,0,0,0,,,,,4,,,,65,0
1626,note_off,0,0,0,,,,,5,,,,41,0
1626,note_off,0,0,0,,,,,6,,,,29,0
1629,note_off,3,0,0,,,,,0,,,,69,0
1629,note_off,0,0,0,,,,,2,,,,77,0
1632,note_on,3,0,0,,,,,0,,,,74,96
1632,note_on,0,0,0,,,,,2,,,,74,104
1632,note_on,0,0,0,,,,,3,,,,58,104
1632,note_on,0,0,0,,,,,4,,,,65,104
1632,note_on,0,0,0,,,,,5,,,,46,88
1632,note_on,0,0,0,,,,,6,,,,34,88
1653,note_off,21,0,0,,,,,0,,,,74,0
1653,note_off,0,0,0,,,,,2,,,,74,0
1653,note_off,0,0,0,,,,,3,,,,58,0
1653,note_off,0,0,0,,,,,4,,,,65,0
1653,note_off,0,0,0,,,,,5,,,,46,0
1653,note_off,0,0,0,,,,,6,,,,34,0
1656,note_on,3,0,0,,,,,0,,,,79,96
1656,note_on,0,0,0,,,,,2,,,,74,104
1656,note_on,0,0,0,,,,,3,,,,70,104
1656,note_on,0,0,0,,,,,4,,,,67,104
1656,note_on,0,0,0,,,,,5,,,,40,88
1656,note_on,0,0,0,,,,,6,,,,28,88
1677,note_off,21,0,0,,,,,0,,,,79,0
1680,note_on,3,0,0,,,,,0,,,,81,96
1692,note_off,12,0,0,,,,,0,,,,81,0
1692,note_on,0,0,0,,,,,0,,,,79,96
1698,note_off,6,0,0,,,,,2,,,,74,0
1698,note_off,0,0,0,,,,,3,,,,70,0
1698,note_off,0,0,0,,,,,4,,,,67,0
1698,note_off,0,0,0,,,,,5,,,,40,0
1698,note_off,0,0,0,,,,,6,,,,28,0
1704,note_off,6,0,0,,,,,0,,,,79,0
1704,note_on,0,0,0,,,,,0,,,,77,96
1704,note_on,0,0,0,,,,,2,,,,73,104
1704,note_on,0,0,0,,,,,3,,,,69,104
1704,note_on,0,0,0,,,,,4,,,,69,104
1704,note_on,0,0,0,,,,,5,,,,45,88
1704,note_on,0,0,0,,,,,6,,,,33,88
1716,note_off,12,0,0,,,,,0,,,,77,0
1716,note_on,0,0,0,,,,,0,,,,76,96
1725,note_off,9,0,0,,,,,2,,,,73,0
1725,note_off,0,0,0,,,,,3,,,,69,0
1725,note_off,0,0,0,,,,,4,,,,69,0
1725,note_off,0,0,0,,,,,5,,,,45,0
1725,note_off,0,0,0,,,,,6,,,,33,0
1726,note_off,1,0,0,,,,,0,,,,76,0
1728,note_on,2,0,0,,,,,0,,,,77,96
1728,note_on,0,0,0,,,,,1,,,,74,96
1728,note_on,0,0,0,,,,,2,,,,74,104
1728,note_on,0,0,0,,,,,3,,,,69,104
1728,note_on,0,0,0,,,,,4,,,,65,104
1728,note_on,0,0,0,,,,,5,,,,50,88
1728,note_on,0,0,0,,,,,6,,,,38,88
1740,note_off,12,0,0,,,,,0,,,,77,0
1740,note_on,0,0,0,,,,,0,,,,76,96
1752,note_off,12,0,0,,,,,0,,,,76,0
1752,note_on,0,0,0,,,,,0,,,,77,96
1762,note_off,10,0,0,,,,,0,,,,77,0
1764,note_on,2,0,0,,,,,0,,,,74,96
1770,note_off,6,0,0,,,,,2,,,,74,0
1770,note_off,0,0,0,,,,,3,,,,69,0
1770,note_off,0,0,0,,,,,4,,,,65,0
1770,note_off,0,0,0,,,,,5,,,,50,0
1770,note_off,0,0,0,,,,,6,,,,38,0
1774,note_off,4,0,0,,,,,0,,,,74,0
1776,note_on,2,0,0,,,,,0,,,,69,96
1776,note_on,0,0,0,,,,,5,,,,38,88
1776,note_on,0,0,0,,,,,6,,,,26,88
1786,note_off,10,0,0,,,,,0,,,,69,0
1788,note_on,2,0,0,,,,,0,,,,74,96
1797,note_off,9,0,0,,,,,5,,,,38,0
1797,note_off,0,0,0,,,,,6,,,,26,0
1798,note_off,1,0,0,,,,,0,,,,74,0
1800,note_on,2,0,0,,,,,0,,,,79,96
1800,note_on,0,0,0,,,,,2,,,,79,104
1800,note_on,0,0,0,,,,,3,,,,67,104
1800,note_on,0,0,0,,,,,4,,,,64,104
1800,note_on,0,0,0,,,,,5,,,,40,88
1800,note_on,0,0,0,,,,,6,,,,28,88
1812,note_off,12,0,0,,,,,0,,,,79,0
1812,note_on,0,0,0,,,,,0,,,,77,96
1812,note_off,0,0,0,,,,,1,,,,74,0
1824,note_off,12,0,0,,,,,0,,,,77,0
1824,note_on,0,0,0,,,,,0,,,,79,96
1824,note_on,0,0,0,,,,,1,,,,72,96
1834,note_off,10,0,0,,,,,0,,,,79,0
1836,note_on,2,0,0,,,,,0,,,,76,96
1842,note_off,6,0,0,,,,,2,,,,79,0
1842,note_off,0,0,0,,,,,3,,,,67,0
1842,note_off,0,0,0,,,,,4,,,,64,0
1842,note_off,0,0,0,,,,,5,,,,40,0
1842,note_off,0,0,0,,,,,6,,,,28,0
1845,note_off,3,0,0,,,,,1,,,,72,0
1846,note_off,1,0,0,,,,,0,,,,76,0
1848,note_on,2,0,0,,,,,0,,,,72,96
1848,note_on,0,0,0,,,,,1,,,,70,96
1848,note_on,0,0,0,,,,,5,,,,52,88
1848,note_on,0,0,0,,,,,6,,,,40,88
1858,note_off,10,0,0,,,,,0,,,,72,0
1860,note_on,2,0,0,,,,,0,,,,76,96
1869,note_off,9,0,0,,,,,1,,,,70,0
1869,note_off,0,0,0,,,,,5,,,,52,0
1869,note_off,0,0,0,,,,,6,,,,40,0
1870,note_off,1,0,0,,,,,0,,,,76,0
1872,note_on,2,0,0,,,,,0,,,,81,96
1872,note_on,0,0,0,,,,,1,,,,69,96
1872,note_on,0,0,0,,,,,2,,,,72,104
1872,note_on,0,0,0,,,,,3,,,,65,104
1872,note_on,0,0,0,,,,,4,,,,57,104
1872,note_on,0,0,0,,,,,5,,,,53,88
1872,note_on,0,0,0,,,,,6,,,,41,88
1884,note_off,12,0,0,,,,,0,,,,81,0
1884,note_on,0,0,0,,,,,0,,,,79,96
1896,note_off,12,0,0,,,,,0,,,,79,0
1896,note_on,0,0,0,,,,,0,,,,81,96
1906,note_off,10,0,0,,,,,0,,,,81,0
1908,note_on,2,0,0,,,,,0,,,,77,96
1914,note_off,6,0,0,,,,,2,,,,72,0
1914,note_off,0,0,0,,,,,3,,,,65,0
1914,note_off,0,0,0,,,,,4,,,,57,0
1914,note_off,0,0,0,,,,,5,,,,53,0
1914,note_off,0,0,0,,,,,6,,,,41,0
1918,note_off,4,0,0,,,,,0,,,,77,0
1920,note_on,2,0,0,,,,,0,,,,74,96
1920,note_on,0,0,0,,,,,5,,,,41,88
1920,note_on,0,0,0,,,,,6,,,,29,88
1930,note_off,10,0,0,,,,,0,,,,74,0
1932,note_on,2,0,0,,,,,0,,,,77,96
1941,note_off,9,0,0,,,,,5,,,,41,0
1941,note_off,0,0,0,,,,,6,,,,29,0
1942,note_off,1,0,0,,,,,0,,,,77,0
1944,note_on,2,0,0,,,,,0,,,,82,96
1944,note_on,0,0,0,,,,,2,,,,70,104
1944,note_on,0,0,0,,,,,3,,,,65,104
1944,note_on,0,0,0,,,,,4,,,,62,104
1944,note_on,0,0,0,,,,,5,,,,43,88
1944,note_on,0,0,0,,,,,6,,,,31,88
1956,note_off,12,0,0,,,,,0,,,,82,0
1956,note_on,0,0,0,,,,,0,,,,81,96
1956,note_off,0,0,0,,,,,1,,,,69,0
1968,note_off,12,0,0,,,,,0,,,,81,0
1968,note_on,0,0,0,,,,,0,,,,82,96
1968,note_on,0,0,0,,,,,1,,,,67,96
1978,note_off,10,0,0,,,,,0,,,,82,0
1980,note_on,2,0,0,,,,,0,,,,79,96
1986,note_off,6,0,0,,,,,2,,,,70,0
1986,note_off,0,0,0,,,,,3,,,,65,0
1986,note_off,0,0,0,,,,,4,,,,62,0
1986,note_off,0,0,0,,,,,5,,,,43,0
1986,note_off,0,0,0,,,,,6,,,,31,0
1989,note_off,3,0,0,,,,,1,,,,67,0
1990,note_off,1,0,0,,,,,0,,,,79,0
1992,note_on,2,0,0,,,,,0,,,,81,96
1992,note_on,0,0,0,,,,,1,,,,65,96
1992,note_on,0,0,0,,,,,5,,,,55,88
1992,note_on,0,0,0,,,,,6,,,,43,88
2002,note_off,10,0,0,,,,,0,,,,81,0
2004,note_on,2,0,0,,,,,0,,,,82,96
2013,note_off,9,0,0,,,,,1,,,,65,0
2013,note_off,0,0,0,,,,,5,,,,55,0
2013,note_off,0,0,0,,,,,6,,,,43,0
2014,note_off,1,0,0,,,,,0,,,,82,0
2016,note_on,2,0,0,,,,,0,,,,73,96
2016,note_on,0,0,0,,,,,1,,,,64,96
2016,note_on,0,0,0,,,,,2,,,,69,104
2016,note_on,0,0,0,,,,,3,,,,64,104
2016,note_on,0,0,0,,,,,4,,,,64,104
2016,note_on,0,0,0,,,,,5,,,,55,88
2016,note_on,0,0,0,,,,,6,,,,43,88
2037,note_off,21,0,0,,,,,0,,,,73,0
2040,note_on,3,0,0,,,,,0,,,,81,96
2040,note_off,0,0,0,,,,,1,,,,64,0
2040,note_on,0,0,0,,,,,1,,,,61,96
2058,note_off,18,0,0,,,,,2,,,,69,0
2058,note_off,0,0,0,,,,,3,,,,64,0
2058,note_off,0,0,0,,,,,4,,,,64,0
2058,note_off,0,0,0,,,,,5,,,,55,0
2058,note_off,0,0,0,,,,,6,,,,43,0
2061,note_off,3,0,0,,,,,0,,,,81,0
2061,note_off,0,0,0,,,,,1,,,,61,0
2064,note_on,3,0,0,,,,,0,,,,74,96
2064,note_on,0,0,0,,,,,1,,,,62,96
2064,note_on,0,0,0,,,,,2,,,,81,104
2064,note_on,0,0,0,,,,,3,,,,57,104
2064,note_on,0,0,0,,,,,4,,,,65,104
2064,note_on,0,0,0,,,,,5,,,,53,88
2064,note_on,0,0,0,,,,,6,,,,41,88
2085,note_off,21,0,0,,,,,1,,,,62,0
2085,note_off,0,0,0,,,,,2,,,,81,0
2085,note_off,0,0,0,,,,,3,,,,57,0
2085,note_off,0,0,0,,,,,4,,,,65,0
2085,note_off,0,0,0,,,,,5,,,,53,0
2085,note_off,0,0,0,,,,,6,,,,41,0
2088,note_on,3,0,0,,,,,1,,,,67,96
2088,note_on,0,0,0,,,,,2,,,,79,104
2088,note_on,0,0,0,,,,,3,,,,64,104
2088,note_on,0,0,0,,,,,4,,,,70,104
2088,note_on,0,0,0,,,,,5,,,,52,88
2088,note_on,0,0,0,,,,,6,,,,40,88
2106,note_off,18,0,0,,,,,0,,,,74,0
2112,note_on,6,0,0,,,,,0,,,,71,96
2130,note_off,18,0,0,,,,,2,,,,79,0
2130,note_off,0,0,0,,,,,3,,,,64,0
2130,note_off,0,0,0,,,,,4,,,,70,0
2130,note_off,0,0,0,,,,,5,,,,52,0
2130,note_off,0,0,0,,,,,6,,,,40,0
2133,note_off,3,0,0,,,,,0,,,,71,0
2136,note_on,3,0,0,,,,,0,,,,73,96
2136,note_on,0,0,0,,,,,2,,,,76,104
2136,note_on,0,0,0,,,,,3,,,,61,104
2136,note_on,0,0,0,,,,,4,,,,69,104
2136,note_on,0,0,0,,,,,5,,,,57,88
2136,note_on,0,0,0,,,,,6,,,,45,88
2157,note_off,21,0,0,,,,,0,,,,73,0
2157,note_off,0,0,0,,,,,2,,,,76,0
2157,note_off,0,0,0,,,,,3,,,,61,0
2157,note_off,0,0,0,,,,,4,,,,69,0
2157,note_off,0,0,0,,,,,5,,,,57,0
2157,note_off,0,0,0,,,,,6,,,,45,0
2160,note_on,3,0,0,,,,,0,,,,74,96
2160,note_on,0,0,0,,,,,2,,,,74,104
2160,note_on,0,0,0,,,,,3,,,,57,104
2160,note_on,0,0,0,,,,,4,,,,69,104
2160,note_on,0,0,0,,,,,5,,,,50,88
2160,note_on,0,0,0,,,,,6,,,,38,88
2161,note_off,1,0,0,,,,,1,,,,67,0
2172,note_on,11,0,0,,,,,1,,,,64,96
2184,note_off,12,0,0,,,,,1,,,,64,0
2184,note_on,0,0,0,,,,,1,,,,66,96
2196,note_off,12,0,0,,,,,1,,,,66,0
2196,note_on,0,0,0,,,,,1,,,,67,96
2202,note_off,6,0,0,,,,,0,,,,74,0
2202,note_off,0,0,0,,,,,2,,,,74,0
2202,note_off,0,0,0,,,,,3,,,,57,0
2202,note_off,0,0,0,,,,,4,,,,69,0
2202,note_off,0,0,0,,,,,5,,,,50,0
2202,note_off,0,0,0,,,,,6,,,,38,0
2208,note_off,6,0,0,,,,,1,,,,67,0
2208,note_on,0,0,0,,,,,1,,,,69,96
2208,note_on,0,0,0,,,,,5,,,,62,88
2208,note_on,0,0,0,,,,,6,,,,50,88
2220,note_off,12,0,0,,,,,1,,,,69,0
2220,note_on,0,0,0,,,,,1,,,,70,96
2229,note_off,9,0,0,,,,,5,,,,62,0
2229,note_off,0,0,0,,,,,6,,,,50,0
2230,note_off,1,0,0,,,,,1,,,,70,0
2232,note_on,2,0,0,,,,,1,,,,72,96
2232,note_on,0,0,0,,,,,5,,,,54,88
2232,note_on,0,0,0,,,,,6,,,,42,88
2242,note_off,10,0,0,,,,,1,,,,72,0
2244,note_on,2,0,0,,,,,1,,,,75,96
2256,note_on,12,0,0,,,,,0,,,,69,96
2256,note_off,0,0,0,,,,,1,,,,75,0
2256,note_on,0,0,0,,,,,1,,,,74,96
2268,note_off,12,0,0,,,,,1,,,,74,0
2268,note_on,0,0,0,,,,,1,,,,72,96
2274,note_off,6,0,0,,,,,5,,,,54,0
2274,note_off,0,0,0,,,,,6,,,,42,0
2280,note_off,6,0,0,,,,,1,,,,72,0
2280,note_on,0,0,0,,,,,1,,,,70,96
2280,note_on,0,0,0,,,,,2,,,,72,104
2280,note_on,0,0,0,,,,,3,,,,66,104
2280,note_on,0,0,0,,,,,4,,,,62,104
2280,note_on,0,0,0,,,,,5,,,,50,88
2280,note_on,0,0,0,,,,,6,,,,38,88
2292,note_off,12,0,0,,,,,1,,,,70,0
2292,note_on,0,0,0,,,,,1,,,,69,96
2301,note_off,9,0,0,,,,,2,,,,72,0
2301,note_off,0,0,0,,,,,3,,,,66,0
2301,note_off,0,0,0,,,,,4,,,,62,0
2301,note_off,0,0,0,,,,,5,,,,50,0
2301,note_off,0,0,0,,,,,6,,,,38,0
2302,note_off,1,0,0,,,,,1,,,,69,0
2304,note_on,2,0,0,,,,,1,,,,70,96
2304,note_on,0,0,0,,,,,2,,,,70,104
2304,note_on,0,0,0,,,,,3,,,,62,104
2304,note_on,0,0,0,,,,,4,,,,62,104
2304,note_on,0,0,0,,,,,5,,,,55,88
2304,note_on,0,0,0,,,,,6,,,,43,88
2308,note_off,4,0,0,,,,,0,,,,69,0
2316,note_on,8,0,0,,,,,0,,,,66,96
2328,note_off,12,0,0,,,,,0,,,,66,0
2328,note_on,0,0,0,,,,,0,,,,67,96
2340,note_off,12,0,0,,,,,0,,,,67,0
2340,note_on,0,0,0,,,,,0,,,,69,96
2346,note_off,6,0,0,,,,,1,,,,70,0
2346,note_off,0,0,0,,,,,2,,,,70,0
2346,note_off,0,0,0,,,,,3,,,,62,0
2346,note_off,0,0,0,,,,,4,,,,62,0
2346,note_off,0,0,0,,,,,5,,,,55,0
2346,note_off,0,0,0,,,,,6,,,,43,0
2352,note_off,6,0,0,,,,,0,,,,69,0
2352,note_on,0,0,0,,,,,0,,,,70,96
2352,note_on,0,0,0,,,,,5,,,,63,88
2352,note_on,0,0,0,,,,,6,,,,51,88
2364,note_off,12,0,0,,,,,0,,,,70,0
2364,note_on,0,0,0,,,,,0,,,,72,96
2373,note_off,9,0,0,,,,,5,,,,63,0
2373,note_off,0,0,0,,,,,6,,,,51,0
2374,note_off,1,0,0,,,,,0,,,,72,0
2376,note_on,2,0,0,,,,,0,,,,74,96
2376,note_on,0,0,0,,,,,5,,,,55,88
2376,note_on,0,0,0,,,,,6,,,,43,88
2388,note_off,12,0,0,,,,,0,,,,74,0
2388,note_on,0,0,0,,,,,0,,,,77,96
2397,note_off,9,0,0,,,,,5,,,,55,0
2397,note_off,0,0,0,,,,,6,,,,43,0
2400,note_off,3,0,0,,,,,0,,,,77,0
2400,note_on,0,0,0,,,,,0,,,,75,96
2400,note_on,0,0,0,,,,,1,,,,70,96
2412,note_off,12,0,0,,,,,0,,,,75,0
2412,note_on,0,0,0,,,,,0,,,,74,96
2424,note_off,12,0,0,,,,,0,,,,74,0
2424,note_on,0,0,0,,,,,0,,,,72,96
2424,note_on,0,0,0,,,,,2,,,,67,104
2424,note_on,0,0,0,,,,,3,,,,63,104
2424,note_on,0,0,0,,,,,4,,,,60,104
2424,note_on,0,0,0,,,,,5,,,,51,88
2424,note_on,0,0,0,,,,,6,,,,39,88
2436,note_off,12,0,0,,,,,0,,,,72,0
2436,note_on,0,0,0,,,,,0,,,,70,96
2445,note_off,9,0,0,,,,,2,,,,67,0
2445,note_off,0,0,0,,,,,3,,,,63,0
2445,note_off,0,0,0,,,,,4,,,,60,0
2445,note_off,0,0,0,,,,,5,,,,51,0
2445,note_off,0,0,0,,,,,6,,,,39,0
2446,note_off,1,0,0,,,,,0,,,,70,0
2448,note_on,2,0,0,,,,,0,,,,72,96
2448,note_on,0,0,0,,,,,2,,,,65,104
2448,note_on,0,0,0,,,,,3,,,,63,104
2448,note_on,0,0,0,,,,,4,,,,60,104
2448,note_on,0,0,0,,,,,5,,,,57,88
2448,note_on,0,0,0,,,,,6,,,,45,88
2452,note_off,4,0,0,,,,,1,,,,70,0
2460,note_on,8,0,0,,,,,1,,,,67,96
2472,note_off,12,0,0,,,,,1,,,,67,0
2472,note_on,0,0,0,,,,,1,,,,69,96
2484,note_off,12,0,0,,,,,1,,,,69,0
2484,note_on,0,0,0,,,,,1,,,,70,96
2490,note_off,6,0,0,,,,,2,,,,65,0
2490,note_off,0,0,0,,,,,3,,,,63,0
2490,note_off,0,0,0,,,,,4,,,,60,0
2490,note_off,0,0,0,,,,,5,,,,57,0
2490,note_off,0,0,0,,,,,6,,,,45,0
2496,note_off,6,0,0,,,,,1,,,,70,0
2496,note_on,0,0,0,,,,,1,,,,72,96
2496,note_on,0,0,0,,,,,5,,,,65,88
2496,note_on,0,0,0,,,,,6,,,,53,88
2508,note_off,12,0,0,,,,,1,,,,72,0
2508,note_on,0,0,0,,,,,1,,,,74,96
2511,note_off,3,0,0,,,,,0,,,,72,0
2517,note_off,6,0,0,,,,,5,,,,65,0
2517,note_off,0,0,0,,,,,6,,,,53,0
2518,note_off,1,0,0,,,,,1,,,,74,0
2520,note_on,2,0,0,,,,,1,,,,75,96
2520,note_on,0,0,0,,,,,5,,,,57,88
2520,note_on,0,0,0,,,,,6,,,,45,88
2530,note_off,10,0,0,,,,,1,,,,75,0
2532,note_on,2,0,0,,,,,1,,,,79,96
2544,note_off,12,0,0,,,,,1,,,,79,0
2544,note_on,0,0,0,,,,,1,,,,77,96
2556,note_off,12,0,0,,,,,1,,,,77,0
2556,note_on,0,0,0,,,,,1,,,,75,96
2562,note_off,6,0,0,,,,,5,,,,57,0
2562,note_off,0,0,0,,,,,6,,,,45,0
2568,note_off,6,0,0,,,,,1,,,,75,0
2568,note_on,0,0,0,,,,,1,,,,74,96
2568,note_on,0,0,0,,,,,2,,,,69,104
2568,note_on,0,0,0,,,,,3,,,,63,104
2568,note_on,0,0,0,,,,,4,,,,65,104
2568,note_on,0,0,0,,,,,5,,,,53,88
2568,note_on,0,0,0,,,,,6,,,,41,88
2580,note_off,12,0,0,,,,,1,,,,74,0
2580,note_on,0,0,0,,,,,1,,,,72,96
2589,note_off,9,0,0,,,,,2,,,,69,0
2589,note_off,0,0,0,,,,,3,,,,63,0
2589,note_off,0,0,0,,,,,4,,,,65,0
2589,note_off,0,0,0,,,,,5,,,,53,0
2589,note_off,0,0,0,,,,,6,,,,41,0
2590,note_off,1,0,0,,,,,1,,,,72,0
2592,note_on,2,0,0,,,,,0,,,,82,96
2592,note_on,0,0,0,,,,,1,,,,74,96
2592,note_on,0,0,0,,,,,2,,,,70,104
2592,note_on,0,0,0,,,,,3,,,,62,104
2592,note_on,0,0,0,,,,,4,,,,65,104
2592,note_on,0,0,0,,,,,5,,,,58,88
2592,note_on,0,0,0,,,,,6,,,,46,88
2604,note_off,12,0,0,,,,,1,,,,74,0
2604,note_on,0,0,0,,,,,1,,,,72,96
2616,note_off,12,0,0,,,,,1,,,,72,0
2616,note_on,0,0,0,,,,,1,,,,74,96
2626,note_off,10,0,0,,,,,1,,,,74,0
2628,note_on,2,0,0,,,,,1,,,,70,96
2634,note_off,6,0,0,,,,,2,,,,70,0
2634,note_off,0,0,0,,,,,3,,,,62,0
2634,note_off,0,0,0,,,,,4,,,,65,0
2634,note_off,0,0,0,,,,,5,,,,58,0
2634,note_off,0,0,0,,,,,6,,,,46,0
2638,note_off,4,0,0,,,,,1,,,,70,0
2640,note_on,2,0,0,,,,,1,,,,65,96
2640,note_on,0,0,0,,,,,5,,,,46,88
2640,note_on,0,0,0,,,,,6,,,,34,88
2650,note_off,10,0,0,,,,,1,,,,65,0
2652,note_on,2,0,0,,,,,1,,,,70,96
2661,note_off,9,0,0,,,,,5,,,,46,0
2661,note_off,0,0,0,,,,,6,,,,34,0
2662,note_off,1,0,0,,,,,1,,,,70,0
2664,note_on,2,0,0,,,,,1,,,,75,96
2664,note_on,0,0,0,,,,,2,,,,75,104
2664,note_on,0,0,0,,,,,3,,,,60,104
2664,note_on,0,0,0,,,,,4,,,,63,104
2664,note_on,0,0,0,,,,,5,,,,48,88
2664,note_on,0,0,0,,,,,6,,,,36,88
2676,note_off,12,0,0,,,,,0,,,,82,0
2676,note_off,0,0,0,,,,,1,,,,75,0
2676,note_on,0,0,0,,,,,1,,,,74,96
2688,note_on,12,0,0,,,,,0,,,,81,96
2688,note_off,0,0,0,,,,,1,,,,74,0
2688,note_on,0,0,0,,,,,1,,,,75,96
2698,note_off,10,0,0,,,,,1,,,,75,0
2700,note_on,2,0,0,,,,,1,,,,72,96
2706,note_off,6,0,0,,,,,2,,,,75,0
2706,note_off,0,0,0,,,,,3,,,,60,0
2706,note_off,0,0,0,,,,,4,,,,63,0
2706,note_off,0,0,0,,,,,5,,,,48,0
2706,note_off,0,0,0,,,,,6,,,,36,0
2709,note_off,3,0,0,,,,,0,,,,81,0
2710,note_off,1,0,0,,,,,1,,,,72,0
2712,note_on,2,0,0,,,,,0,,,,79,96
2712,note_on,0,0,0,,,,,1,,,,69,96
2712,note_on,0,0,0,,,,,5,,,,60,88
2712,note_on,0,0,0,,,,,6,,,,48,88
2722,note_off,10,0,0,,,,,1,,,,69,0
2724,note_on,2,0,0,,,,,1,,,,72,96
2733,note_off,9,0,0,,,,,0,,,,79,0
2733,note_off,0,0,0,,,,,5,,,,60,0
2733,note_off,0,0,0,,,,,6,,,,48,0
2734,note_off,1,0,0,,,,,1,,,,72,0
2736,note_on,2,0,0,,,,,0,,,,77,96
2736,note_on,0,0,0,,,,,1,,,,77,96
2736,note_on,0,0,0,,,,,2,,,,74,104
2736,note_on,0,0,0,,,,,3,,,,65,104
2736,note_on,0,0,0,,,,,4,,,,58,104
2736,note_on,0,0,0,,,,,5,,,,62,88
2736,note_on,0,0,0,,,,,6,,,,50,88
2748,note_off,12,0,0,,,,,1,,,,77,0
2748,note_on,0,0,0,,,,,1,,,,75,96
2760,note_off,12,0,0,,,,,1,,,,75,0
2760,note_on,0,0,0,,,,,1,,,,77,96
2770,note_off,10,0,0,,,,,1,,,,77,0
2772,note_on,2,0,0,,,,,1,,,,74,96
2778,note_off,6,0,0,,,,,2,,,,74,0
2778,note_off,0,0,0,,,,,3,,,,65,0
2778,note_off,0,0,0,,,,,4,,,,58,0
2778,note_off,0,0,0,,,,,5,,,,62,0
2778,note_off,0,0,0,,,,,6,,,,50,0
2782,note_off,4,0,0,,,,,1,,,,74,0
2784,note_on,2,0,0,,,,,1,,,,70,96
2784,note_on,0,0,0,,,,,5,,,,50,88
2784,note_on,0,0,0,,,,,6,,,,38,88
2794,note_off,10,0,0,,,,,1,,,,70,0
2796,note_on,2,0,0,,,,,1,,,,74,96
2805,note_off,9,0,0,,,,,5,,,,50,0
2805,note_off,0,0,0,,,,,6,,,,38,0
2806,note_off,1,0,0,,,,,1,,,,74,0
2808,note_on,2,0,0,,,,,1,,,,79,96
2808,note_on,0,0,0,,,,,2,,,,79,104
2808,note_on,0,0,0,,,,,3,,,,70,104
2808,note_on,0,0,0,,,,,4,,,,55,104
2808,note_on,0,0,0,,,,,5,,,,51,88
2808,note_on,0,0,0,,,,,6,,,,39,88
2820,note_off,12,0,0,,,,,0,,,,77,0
2820,note_off,0,0,0,,,,,1,,,,79,0
2820,note_on,0,0,0,,,,,1,,,,77,96
2832,note_on,12,0,0,,,,,0,,,,75,96
2832,note_off,0,0,0,,,,,1,,,,77,0
2832,note_on,0,0,0,,,,,1,,,,79,96
2842,note_off,10,0,0,,,,,1,,,,79,0
2844,note_on,2,0,0,,,,,1,,,,75,96
2850,note_off,6,0,0,,,,,2,,,,79,0
2850,note_off,0,0,0,,,,,3,,,,70,0
2850,note_off,0,0,0,,,,,4,,,,55,0
2850,note_off,0,0,0,,,,,5,,,,51,0
2850,note_off,0,0,0,,,,,6,,,,39,0
2853,note_off,3,0,0,,,,,0,,,,75,0
2854,note_off,1,0,0,,,,,1,,,,75,0
2856,note_on,2,0,0,,,,,0,,,,74,96
2856,note_on,0,0,0,,,,,1,,,,77,96
2856,note_on,0,0,0,,,,,5,,,,63,88
2856,note_on,0,0,0,,,,,6,,,,51,88
2866,note_off,10,0,0,,,,,1,,,,77,0
2868,note_on,2,0,0,,,,,1,,,,79,96
2877,note_off,9,0,0,,,,,0,,,,74,0
2877,note_off,0,0,0,,,,,5,,,,63,0
2877,note_off,0,0,0,,,,,6,,,,51,0
2878,note_off,1,0,0,,,,,1,,,,79,0
2880,note_on,2,0,0,,,,,0,,,,72,96
2880,note_on,0,0,0,,,,,1,,,,69,96
2880,note_on,0,0,0,,,,,2,,,,77,104
2880,note_on,0,0,0,,,,,3,,,,72,104
2880,note_on,0,0,0,,,,,4,,,,60,104
2880,note_on,0,0,0,,,,,5,,,,63,88
2880,note_on,0,0,0,,,,,6,,,,51,88
2901,note_off,21,0,0,,,,,1,,,,69,0
2904,note_off,3,0,0,,,,,0,,,,72,0
2904,note_on,0,0,0,,,,,0,,,,69,96
2904,note_on,0,0,0,,,,,1,,,,77,96
2922,note_off,18,0,0,,,,,2,,,,77,0
2922,note_off,0,0,0,,,,,3,,,,72,0
2922,note_off,0,0,0,,,,,4,,,,60,0
2922,note_off,0,0,0,,,,,5,,,,63,0
2922,note_off,0,0,0,,,,,6,,,,51,0
2925,note_off,3,0,0,,,,,0,,,,69,0
2925,note_off,0,0,0,,,,,1,,,,77,0
2928,note_on,3,0,0,,,,,0,,,,70,96
2928,note_on,0,0,0,,,,,1,,,,70,96
2928,note_on,0,0,0,,,,,2,,,,77,104
2928,note_on,0,0,0,,,,,3,,,,74,104
2928,note_on,0,0,0,,,,,4,,,,53,104
2928,note_on,0,0,0,,,,,5,,,,62,88
2928,note_on,0,0,0,,,,,6,,,,50,88
2949,note_off,21,0,0,,,,,0,,,,70,0
2949,note_off,0,0,0,,,,,2,,,,77,0
2949,note_off,0,0,0,,,,,3,,,,74,0
2949,note_off,0,0,0,,,,,4,,,,53,0
2949,note_off,0,0,0,,,,,5,,,,62,0
2949,note_off,0,0,0,,,,,6,,,,50,0
2952,note_on,3,0,0,,,,,0,,,,75,96
2952,note_on,0,0,0,,,,,2,,,,75,104
2952,note_on,0,0,0,,,,,3,,,,67,104
2952,note_on,0,0,0,,,,,4,,,,60,104
2952,note_on,0,0,0,,,,,5,,,,60,88
2952,note_on,0,0,0,,,,,6,,,,48,88
2970,note_off,18,0,0,,,,,1,,,,70,0
2976,note_on,6,0,0,,,,,1,,,,67,96
2994,note_off,18,0,0,,,,,2,,,,75,0
2994,note_off,0,0,0,,,,,3,,,,67,0
2994,note_off,0,0,0,,,,,4,,,,60,0
2994,note_off,0,0,0,,,,,5,,,,60,0
2994,note_off,0,0,0,,,,,6,,,,48,0
2997,note_off,3,0,0,,,,,1,,,,67,0
3000,note_on,3,0,0,,,,,1,,,,69,96
3000,note_on,0,0,0,,,,,2,,,,72,104
3000,note_on,0,0,0,,,,,3,,,,65,104
3000,note_on,0,0,0,,,,,4,,,,57,104
3000,note_on,0,0,0,,,,,5,,,,53,88
3000,note_on,0,0,0,,,,,6,,,,41,88
3021,note_off,21,0,0,,,,,1,,,,69,0
3021,note_off,0,0,0,,,,,2,,,,72,0
3021,note_off,0,0,0,,,,,3,,,,65,0
3021,note_off,0,0,0,,,,,4,,,,57,0
3021,note_off,0,0,0,,,,,5,,,,53,0
3021,note_off,0,0,0,,,,,6,,,,41,0
3024,note_on,3,0,0,,,,,1,,,,70,96
3024,note_on,0,0,0,,,,,2,,,,70,104
3024,note_on,0,0,0,,,,,3,,,,65,104
3024,note_on,0,0,0,,,,,4,,,,53,104
3024,note_on,0,0,0,,,,,5,,,,58,88
3024,note_on,0,0,0,,,,,6,,,,46,88
3036,note_off,12,0,0,,,,,0,,,,75,0
3048,note_on,12,0,0,,,,,0,,,,74,96
3066,note_off,18,0,0,,,,,2,,,,70,0
3066,note_off,0,0,0,,,,,3,,,,65,0
3066,note_off,0,0,0,,,,,4,,,,53,0
3066,note_off,0,0,0,,,,,5,,,,58,0
3066,note_off,0,0,0,,,,,6,,,,46,0
3069,note_off,3,0,0,,,,,0,,,,74,0
3072,note_on,3,0,0,,,,,0,,,,77,96
3072,note_on,0,0,0,,,,,2,,,,77,104
3072,note_on,0,0,0,,,,,3,,,,62,104
3072,note_on,0,0,0,,,,,4,,,,58,104
3072,note_on,0,0,0,,,,,5,,,,62,88
3072,note_on,0,0,0,,,,,6,,,,50,88
3087,note_off,15,0,0,,,,,1,,,,70,0
3093,note_off,6,0,0,,,,,0,,,,77,0
3093,note_off,0,0,0,,,,,2,,,,77,0
3093,note_off,0,0,0,,,,,3,,,,62,0
3093,note_off,0,0,0,,,,,4,,,,58,0
3093,note_off,0,0,0,,,,,5,,,,62,0
3093,note_off,0,0,0,,,,,6,,,,50,0
3096,note_on,3,0,0,,,,,0,,,,82,96
3096,note_on,0,0,0,,,,,2,,,,77,104
3096,note_on,0,0,0,,,,,3,,,,74,104
3096,note_on,0,0,0,,,,,4,,,,67,104
3096,note_on,0,0,0,,,,,5,,,,55,88
3096,note_on,0,0,0,,,,,6,,,,43,88
3117,note_off,21,0,0,,,,,0,,,,82,0
3120,note_on,3,0,0,,,,,0,,,,84,96
3132,note_off,12,0,0,,,,,0,,,,84,0
3132,note_on,0,0,0,,,,,0,,,,82,96
3138,note_off,6,0,0,,,,,2,,,,77,0
3138,note_off,0,0,0,,,,,3,,,,74,0
3138,note_off,0,0,0,,,,,4,,,,67,0
3138,note_off,0,0,0,,,,,5,,,,55,0
3138,note_off,0,0,0,,,,,6,,,,43,0
3144,note_off,6,0,0,,,,,0,,,,82,0
3144,note_on,0,0,0,,,,,0,,,,81,96
3144,note_on,0,0,0,,,,,2,,,,76,104
3144,note_on,0,0,0,,,,,3,,,,72,104
3144,note_on,0,0,0,,,,,4,,,,67,104
3144,note_on,0,0,0,,,,,5,,,,60,88
3144,note_on,0,0,0,,,,,6,,,,48,88
3156,note_off,12,0,0,,,,,0,,,,81,0
3156,note_on,0,0,0,,,,,0,,,,79,96
3165,note_off,9,0,0,,,,,2,,,,76,0
3165,note_off,0,0,0,,,,,3,,,,72,0
3165,note_off,0,0,0,,,,,4,,,,67,0
3165,note_off,0,0,0,,,,,5,,,,60,0
3165,note_off,0,0,0,,,,,6,,,,48,0
3166,note_off,1,0,0,,,,,0,,,,79,0
3168,note_on,2,0,0,,,,,0,,,,81,96
3168,note_on,0,0,0,,,,,1,,,,77,96
3168,note_on,0,0,0,,,,,2,,,,77,104
3168,note_on,0,0,0,,,,,3,,,,72,104
3168,note_on,0,0,0,,,,,4,,,,65,104
3168,note_on,0,0,0,,,,,5,,,,53,88
3168,note_on,0,0,0,,,,,6,,,,41,88
3180,note_off,12,0,0,,,,,0,,,,81,0
3180,note_on,0,0,0,,,,,0,,,,79,96
3192,note_off,12,0,0,,,,,0,,,,79,0
3192,note_on,0,0,0,,,,,0,,,,81,96
3202,note_off,10,0,0,,,,,0,,,,81,0
3204,note_on,2,0,0,,,,,0,,,,77,96
3210,note_off,6,0,0,,,,,2,,,,77,0
3210,note_off,0,0,0,,,,,3,,,,72,0
3210,note_off,0,0,0,,,,,4,,,,65,0
3210,note_off,0,0,0,,,,,5,,,,53,0
3210,note_off,0,0,0,,,,,6,,,,41,0
3214,note_off,4,0,0,,,,,0,,,,77,0
3216,note_on,2,0,0,,,,,0,,,,72,96
3216,note_on,0,0,0,,,,,5,,,,41,88
3216,note_on,0,0,0,,,,,6,,,,29,88
3226,note_off,10,0,0,,,,,0,,,,72,0
3228,note_on,2,0,0,,,,,0,,,,77,96
3237,note_off,9,0,0,,,,,5,,,,41,0
3237,note_off,0,0,0,,,,,6,,,,29,0
3238,note_off,1,0,0,,,,,0,,,,77,0
3240,note_on,2,0,0,,,,,0,,,,82,96
3240,note_on,0,0,0,,,,,2,,,,70,104
3240,note_on,0,0,0,,,,,3,,,,67,104
3240,note_on,0,0,0,,,,,4,,,,70,104
3240,note_on,0,0,0,,,,,5,,,,43,88
3240,note_on,0,0,0,,,,,6,,,,31,88
3252,note_off,12,0,0,,,,,0,,,,82,0
3252,note_on,0,0,0,,,,,0,,,,81,96
3252,note_off,0,0,0,,,,,1,,,,77,0
3264,note_off,12,0,0,,,,,0,,,,81,0
3264,note_on,0,0,0,,,,,0,,,,82,96
3264,note_on,0,0,0,,,,,1,,,,76,96
3274,note_off,10,0,0,,,,,0,,,,82,0
3276,note_on,2,0,0,,,,,0,,,,79,96
3282,note_off,6,0,0,,,,,2,,,,70,0
3282,note_off,0,0,0,,,,,3,,,,67,0
3282,note_off,0,0,0,,,,,4,,,,70,0
3282,note_off,0,0,0,,,,,5,,,,43,0
3282,note_off,0,0,0,,,,,6,,,,31,0
3285,note_off,3,0,0,,,,,1,,,,76,0
3286,note_off,1,0,0,,,,,0,,,,79,0
3288,note_on,2,0,0,,,,,0,,,,76,96
3288,note_on,0,0,0,,,,,1,,,,74,96
3288,note_on,0,0,0,,,,,5,,,,55,88
3288,note_on,0,0,0,,,,,6,,,,43,88
3298,note_off,10,0,0,,,,,0,,,,76,0
3300,note_on,2,0,0,,,,,0,,,,79,96
3309,note_off,9,0,0,,,,,1,,,,74,0
3309,note_off,0,0,0,,,,,5,,,,55,0
3309,note_off,0,0,0,,,,,6,,,,43,0
3310,note_off,1,0,0,,,,,0,,,,79,0
3312,note_on,2,0,0,,,,,0,,,,84,96
3312,note_on,0,0,0,,,,,1,,,,72,96
3312,note_on,0,0,0,,,,,2,,,,77,104
3312,note_on,0,0,0,,,,,3,,,,72,104
3312,note_on,0,0,0,,,,,4,,,,69,104
3312,note_on,0,0,0,,,,,5,,,,57,88
3312,note_on,0,0,0,,,,,6,,,,45,88
3324,note_off,12,0,0,,,,,0,,,,84,0
3324,note_on,0,0,0,,,,,0,,,,82,96
3336,note_off,12,0,0,,,,,0,,,,82,0
3336,note_on,0,0,0,,,,,0,,,,84,96
3346,note_off,10,0,0,,,,,0,,,,84,0
3348,note_on,2,0,0,,,,,0,,,,81,96
3354,note_off,6,0,0,,,,,2,,,,77,0
3354,note_off,0,0,0,,,,,3,,,,72,0
3354,note_off,0,0,0,,,,,4,,,,69,0
3354,note_off,0,0,0,,,,,5,,,,57,0
3354,note_off,0,0,0,,,,,6,,,,45,0
3358,note_off,4,0,0,,,,,0,,,,81,0
3360,note_on,2,0,0,,,,,0,,,,77,96
3360,note_on,0,0,0,,,,,5,,,,45,88
3360,note_on,0,0,0,,,,,6,,,,33,88
3370,note_off,10,0,0,,,,,0,,,,77,0
3372,note_on,2,0,0,,,,,0,,,,81,96
3381,note_off,9,0,0,,,,,5,,,,45,0
3381,note_off,0,0,0,,,,,6,,,,33,0
3382,note_off,1,0,0,,,,,0,,,,81,0
3384,note_on,2,0,0,,,,,0,,,,86,96
3384,note_on,0,0,0,,,,,2,,,,77,104
3384,note_on,0,0,0,,,,,3,,,,65,104
3384,note_on,0,0,0,,,,,4,,,,62,104
3384,note_on,0,0,0,,,,,5,,,,46,88
3384,note_on,0,0,0,,,,,6,,,,34,88
3396,note_off,12,0,0,,,,,0,,,,86,0
3396,note_on,0,0,0,,,,,0,,,,84,96
3396,note_off,0,0,0,,,,,1,,,,72,0
3408,note_off,12,0,0,,,,,0,,,,84,0
3408,note_on,0,0,0,,,,,0,,,,86,96
3408,note_on,0,0,0,,,,,1,,,,70,96
3418,note_off,10,0,0,,,,,0,,,,86,0
3420,note_on,2,0,0,,,,,0,,,,82,96
3426,note_off,6,0,0,,,,,2,,,,77,0
3426,note_off,0,0,0,,,,,3,,,,65,0
3426,note_off,0,0,0,,,,,4,,,,62,0
3426,note_off,0,0,0,,,,,5,,,,46,0
3426,note_off,0,0,0,,,,,6,,,,34,0
3429,note_off,3,0,0,,,,,1,,,,70,0
3430,note_off,1,0,0,,,,,0,,,,82,0
3432,note_on,2,0,0,,,,,0,,,,84,96
3432,note_on,0,0,0,,,,,1,,,,69,96
3432,note_on,0,0,0,,,,,5,,,,58,88
3432,note_on,0,0,0,,,,,6,,,,46,88
3442,note_off,10,0,0,,,,,0,,,,84,0
3444,note_on,2,0,0,,,,,0,,,,86,96
3453,note_off,9,0,0,,,,,1,,,,69,0
3453,note_off,0,0,0,,,,,5,,,,58,0
3453,note_off,0,0,0,,,,,6,,,,46,0
3454,note_off,1,0,0,,,,,0,,,,86,0
3456,note_on,2,0,0,,,,,0,,,,76,96
3456,note_on,0,0,0,,,,,1,,,,67,96
3456,note_on,0,0,0,,,,,2,,,,79,104
3456,note_on,0,0,0,,,,,3,,,,72,104
3456,note_on,0,0,0,,,,,4,,,,60,104
3456,note_on,0,0,0,,,,,5,,,,58,88
3456,note_on,0,0,0,,,,,6,,,,46,88
3477,note_off,21,0,0,,,,,0,,,,76,0
3480,note_on,3,0,0,,,,,0,,,,84,96
3480,note_off,0,0,0,,,,,1,,,,67,0
3480,note_on,0,0,0,,,,,1,,,,64,96
3498,note_off,18,0,0,,,,,2,,,,79,0
3498,note_off,0,0,0,,,,,3,,,,72,0
3498,note_off,0,0,0,,,,,4,,,,60,0
3498,note_off,0,0,0,,,,,5,,,,58,0
3498,note_off,0,0,0,,,,,6,,,,46,0
3501,note_off,3,0,0,,,,,0,,,,84,0
3504,note_on,3,0,0,,,,,0,,,,77,96
3504,note_off,0,0,0,,,,,1,,,,64,0
3504,note_on,0,0,0,,,,,1,,,,65,96
3504,note_on,0,0,0,,,,,2,,,,81,104
3504,note_on,0,0,0,,,,,3,,,,72,104
3504,note_on,0,0,0,,,,,4,,,,65,104
3504,note_on,0,0,0,,,,,5,,,,57,88
3504,note_on,0,0,0,,,,,6,,,,45,88
3525,note_off,21,0,0,,,,,1,,,,65,0
3525,note_off,0,0,0,,,,,2,,,,81,0
3525,note_off,0,0,0,,,,,3,,,,72,0
3525,note_off,0,0,0,,,,,4,,,,65,0
3525,note_off,0,0,0,,,,,5,,,,57,0
3525,note_off,0,0,0,,,,,6,,,,45,0
3528,note_on,3,0,0,,,,,1,,,,70,96
3528,note_on,0,0,0,,,,,2,,,,74,104
3528,note_on,0,0,0,,,,,3,,,,70,104
3528,note_on,0,0,0,,,,,4,,,,67,104
3528,note_on,0,0,0,,,,,5,,,,55,88
3528,note_on,0,0,0,,,,,6,,,,43,88
3546,note_off,18,0,0,,,,,0,,,,77,0
3552,note_on,6,0,0,,,,,0,,,,74,96
3570,note_off,18,0,0,,,,,2,,,,74,0
3570,note_off,0,0,0,,,,,3,,,,70,0
3570,note_off,0,0,0,,,,,4,,,,67,0
3570,note_off,0,0,0,,,,,5,,,,55,0
3570,note_off,0,0,0,,,,,6,,,,43,0
3573,note_off,3,0,0,,,,,0,,,,74,0
3576,note_on,3,0,0,,,,,0,,,,76,96
3576,note_on,0,0,0,,,,,2,,,,72,104
3576,note_on,0,0,0,,,,,3,,,,67,104
3576,note_on,0,0,0,,,,,4,,,,64,104
3576,note_on,0,0,0,,,,,5,,,,48,88
3576,note_on,0,0,0,,,,,6,,,,36,88
3597,note_off,21,0,0,,,,,0,,,,76,0
3597,note_off,0,0,0,,,,,2,,,,72,0
3597,note_off,0,0,0,,,,,3,,,,67,0
3597,note_off,0,0,0,,,,,4,,,,64,0
3597,note_off,0,0,0,,,,,5,,,,48,0
3597,note_off,0,0,0,,,,,6,,,,36,0
3600,note_on,3,0,0,,,,,0,,,,77,96
3600,note_on,0,0,0,,,,,2,,,,72,104
3600,note_on,0,0,0,,,,,3,,,,65,104
3600,note_on,0,0,0,,,,,4,,,,60,104
3600,note_on,0,0,0,,,,,5,,,,53,88
3600,note_on,0,0,0,,,,,6,,,,41,88
3612,note_off,12,0,0,,,,,0,,,,77,0
3612,note_on,0,0,0,,,,,0,,,,76,96
3612,note_off,0,0,0,,,,,1,,,,70,0
3624,note_off,12,0,0,,,,,0,,,,76,0
3624,note_on,0,0,0,,,,,0,,,,77,96
3624,note_on,0,0,0,,,,,1,,,,69,96
3634,note_off,10,0,0,,,,,0,,,,77,0
3636,note_on,2,0,0,,,,,0,,,,81,96
3642,note_off,6,0,0,,,,,2,,,,72,0
3642,note_off,0,0,0,,,,,3,,,,65,0
3642,note_off,0,0,0,,,,,4,,,,60,0
3642,note_off,0,0,0,,,,,5,,,,53,0
3642,note_off,0,0,0,,,,,6,,,,41,0
3645,note_off,3,0,0,,,,,1,,,,69,0
3646,note_off,1,0,0,,,,,0,,,,81,0
3648,note_on,2,0,0,,,,,0,,,,76,96
3648,note_on,0,0,0,,,,,1,,,,70,96
3648,note_on,0,0,0,,,,,5,,,,55,88
3648,note_on,0,0,0,,,,,6,,,,43,88
3658,note_off,10,0,0,,,,,0,,,,76,0
3660,note_on,2,0,0,,,,,0,,,,79,96
3669,note_off,9,0,0,,,,,1,,,,70,0
3669,note_off,0,0,0,,,,,5,,,,55,0
3669,note_off,0,0,0,,,,,6,,,,43,0
3670,note_off,1,0,0,,,,,0,,,,79,0
3672,note_on,2,0,0,,,,,0,,,,77,96
3672,note_on,0,0,0,,,,,1,,,,72,96
3672,note_on,0,0,0,,,,,5,,,,57,88
3672,note_on,0,0,0,,,,,6,,,,45,88
3684,note_off,12,0,0,,,,,0,,,,77,0
3684,note_on,0,0,0,,,,,0,,,,79,96
3696,note_off,12,0,0,,,,,0,,,,79,0
3696,note_on,0,0,0,,,,,0,,,,81,96
3708,note_off,12,0,0,,,,,0,,,,81,0
3708,note_on,0,0,0,,,,,0,,,,82,96
3714,note_off,6,0,0,,,,,1,,,,72,0
3714,note_off,0,0,0,,,,,5,,,,57,0
3714,note_off,0,0,0,,,,,6,,,,45,0
3720,note_off,6,0,0,,,,,0,,,,82,0
3720,note_on,0,0,0,,,,,0,,,,84,96
3720,note_on,0,0,0,,,,,1,,,,63,96
3720,note_on,0,0,0,,,,,2,,,,84,104
3720,note_on,0,0,0,,,,,3,,,,65,104
3720,note_on,0,0,0,,,,,4,,,,57,104
3720,note_on,0,0,0,,,,,5,,,,53,88
3720,note_on,0,0,0,,,,,6,,,,41,88
3732,note_off,12,0,0,,,,,0,,,,84,0
3732,note_on,0,0,0,,,,,0,,,,81,96
3741,note_off,9,0,0,,,,,3,,,,65,0
3741,note_off,0,0,0,,,,,4,,,,57,0
3741,note_off,0,0,0,,,,,5,,,,53,0
3741,note_off,0,0,0,,,,,6,,,,41,0
3742,note_off,1,0,0,,,,,0,,,,81,0
3744,note_on,2,0,0,,,,,0,,,,77,96
3744,note_on,0,0,0,,,,,3,,,,65,104
3744,note_on,0,0,0,,,,,4,,,,58,104
3744,note_on,0,0,0,,,,,5,,,,58,88
3744,note_on,0,0,0,,,,,6,,,,46,88
3756,note_off,12,0,0,,,,,0,,,,77,0
3756,note_on,0,0,0,,,,,0,,,,76,96
3762,note_off,6,0,0,,,,,1,,,,63,0
3762,note_off,0,0,0,,,,,2,,,,84,0
3768,note_off,6,0,0,,,,,0,,,,76,0
3768,note_on,0,0,0,,,,,0,,,,77,96
3768,note_on,0,0,0,,,,,1,,,,62,96
3768,note_on,0,0,0,,,,,2,,,,82,104
3778,note_off,10,0,0,,,,,0,,,,77,0
3780,note_on,2,0,0,,,,,0,,,,82,96
3786,note_off,6,0,0,,,,,3,,,,65,0
3786,note_off,0,0,0,,,,,4,,,,58,0
3786,note_off,0,0,0,,,,,5,,,,58,0
3786,note_off,0,0,0,,,,,6,,,,46,0
3789,note_off,3,0,0,,,,,1,,,,62,0
3789,note_off,0,0,0,,,,,2,,,,82,0
3790,note_off,1,0,0,,,,,0,,,,82,0
3792,note_on,2,0,0,,,,,0,,,,74,96
3792,note_on,0,0,0,,,,,1,,,,65,96
3792,note_on,0,0,0,,,,,5,,,,57,88
3792,note_on,0,0,0,,,,,6,,,,45,88
3802,note_off,10,0,0,,,,,0,,,,74,0
3804,note_on,2,0,0,,,,,0,,,,77,96
3813,note_off,9,0,0,,,,,1,,,,65,0
3813,note_off,0,0,0,,,,,5,,,,57,0
3813,note_off,0,0,0,,,,,6,,,,45,0
3814,note_off,1,0,0,,,,,0,,,,77,0
3816,note_on,2,0,0,,,,,0,,,,76,96
3816,note_on,0,0,0,,,,,1,,,,70,96
3816,note_on,0,0,0,,,,,5,,,,55,88
3816,note_on,0,0,0,,,,,6,,,,43,88
3828,note_off,12,0,0,,,,,0,,,,76,0
3828,note_on,0,0,0,,,,,0,,,,77,96
3840,note_off,12,0,0,,,,,0,,,,77,0
3840,note_on,0,0,0,,,,,0,,,,79,96
3852,note_off,12,0,0,,,,,0,,,,79,0
3852,note_on,0,0,0,,,,,0,,,,81,96
3858,note_off,6,0,0,,,,,1,,,,70,0
3858,note_off,0,0,0,,,,,5,,,,55,0
3858,note_off,0,0,0,,,,,6,,,,43,0
3864,note_off,6,0,0,,,,,0,,,,81,0
3864,note_on,0,0,0,,,,,0,,,,82,96
3864,note_on,0,0,0,,,,,1,,,,62,96
3864,note_on,0,0,0,,,,,2,,,,82,104
3864,note_on,0,0,0,,,,,3,,,,64,104
3864,note_on,0,0,0,,,,,4,,,,55,104
3864,note_on,0,0,0,,,,,5,,,,52,88
3864,note_on,0,0,0,,,,,6,,,,40,88
3876,note_off,12,0,0,,,,,0,,,,82,0
3876,note_on,0,0,0,,,,,0,,,,79,96
3885,note_off,9,0,0,,,,,3,,,,64,0
3885,note_off,0,0,0,,,,,4,,,,55,0
3885,note_off,0,0,0,,,,,5,,,,52,0
3885,note_off,0,0,0,,,,,6,,,,40,0
3886,note_off,1,0,0,,,,,0,,,,79,0
3888,note_on,2,0,0,,,,,0,,,,76,96
3888,note_on,0,0,0,,,,,3,,,,64,104
3888,note_on,0,0,0,,,,,4,,,,57,104
3888,note_on,0,0,0,,,,,5,,,,57,88
3888,note_on,0,0,0,,,,,6,,,,45,88
3900,note_off,12,0,0,,,,,0,,,,76,0
3900,note_on,0,0,0,,,,,0,,,,74,96
3906,note_off,6,0,0,,,,,1,,,,62,0
3906,note_off,0,0,0,,,,,2,,,,82,0
3912,note_off,6,0,0,,,,,0,,,,74,0
3912,note_on,0,0,0,,,,,0,,,,76,96
3912,note_on,0,0,0,,,,,1,,,,60,96
3912,note_on,0,0,0,,,,,2,,,,81,104
3922,note_off,10,0,0,,,,,0,,,,76,0
3924,note_on,2,0,0,,,,,0,,,,81,96
3930,note_off,6,0,0,,,,,3,,,,64,0
3930,note_off,0,0,0,,,,,4,,,,57,0
3930,note_off,0,0,0,,,,,5,,,,57,0
3930,note_off,0,0,0,,,,,6,,,,45,0
3933,note_off,3,0,0,,,,,1,,,,60,0
3933,note_off,0,0,0,,,,,2,,,,81,0
3934,note_off,1,0,0,,,,,0,,,,81,0
3936,note_on,2,0,0,,,,,0,,,,72,96
3936,note_on,0,0,0,,,,,1,,,,64,96
3936,note_on,0,0,0,,,,,5,,,,55,88
3936,note_on,0,0,0,,,,,6,,,,43,88
3946,note_off,10,0,0,,,,,0,,,,72,0
3948,note_on,2,0,0,,,,,0,,,,76,96
3957,note_off,9,0,0,,,,,1,,,,64,0
3957,note_off,0,0,0,,,,,5,,,,55,0
3957,note_off,0,0,0,,,,,6,,,,43,0
3958,note_off,1,0,0,,,,,0,,,,76,0
3960,note_on,2,0,0,,,,,0,,,,74,96
3960,note_on,0,0,0,,,,,1,,,,69,96
3960,note_on,0,0,0,,,,,5,,,,53,88
3960,note_on,0,0,0,,,,,6,,,,41,88
3972,note_off,12,0,0,,,,,0,,,,74,0
3972,note_on,0,0,0,,,,,0,,,,76,96
3984,note_off,12,0,0,,,,,0,,,,76,0
3984,note_on,0,0,0,,,,,0,,,,77,96
3996,note_off,12,0,0,,,,,0,,,,77,0
3996,note_on,0,0,0,,,,,0,,,,79,96
4002,note_off,6,0,0,,,,,1,,,,69,0
4002,note_off,0,0,0,,,,,5,,,,53,0
4002,note_off,0,0,0,,,,,6,,,,41,0
4008,note_off,6,0,0,,,,,0,,,,79,0
4008,note_on,0,0,0,,,,,0,,,,81,96
4008,note_on,0,0,0,,,,,1,,,,60,96
4008,note_on,0,0,0,,,,,2,,,,81,104
4008,note_on,0,0,0,,,,,3,,,,62,104
4008,note_on,0,0,0,,,,,4,,,,53,104
4008,note_on,0,0,0,,,,,5,,,,50,88
4008,note_on,0,0,0,,,,,6,,,,38,88
4018,note_off,10,0,0,,,,,0,,,,81,0
4020,note_on,2,0,0,,,,,0,,,,77,96
4029,note_off,9,0,0,,,,,3,,,,62,0
4029,note_off,0,0,0,,,,,4,,,,53,0
4029,note_off,0,0,0,,,,,5,,,,50,0
4029,note_off,0,0,0,,,,,6,,,,38,0
4030,note_off,1,0,0,,,,,0,,,,77,0
4032,note_on,2,0,0,,,,,0,,,,74,96
4032,note_on,0,0,0,,,,,3,,,,62,104
4032,note_on,0,0,0,,,,,4,,,,55,104
4032,note_on,0,0,0,,,,,5,,,,55,88
4032,note_on,0,0,0,,,,,6,,,,43,88
4044,note_off,12,0,0,,,,,0,,,,74,0
4044,note_on,0,0,0,,,,,0,,,,72,96
4050,note_off,6,0,0,,,,,1,,,,60,0
4050,note_off,0,0,0,,,,,2,,,,81,0
4056,note_off,6,0,0,,,,,0,,,,72,0
4056,note_on,0,0,0,,,,,0,,,,74,96
4056,note_on,0,0,0,,,,,1,,,,58,96
4056,note_on,0,0,0,,,,,2,,,,79,104
4066,note_off,10,0,0,,,,,0,,,,74,0
4068,note_on,2,0,0,,,,,0,,,,79,96
4074,note_off,6,0,0,,,,,3,,,,62,0
4074,note_off,0,0,0,,,,,4,,,,55,0
4074,note_off,0,0,0,,,,,5,,,,55,0
4074,note_off,0,0,0,,,,,6,,,,43,0
4077,note_off,3,0,0,,,,,1,,,,58,0
4077,note_off,0,0,0,,,,,2,,,,79,0
4078,note_off,1,0,0,,,,,0,,,,79,0
4080,note_on,2,0,0,,,,,0,,,,70,96
4080,note_on,0,0,0,,,,,1,,,,62,96
4080,note_on,0,0,0,,,,,5,,,,53,88
4080,note_on,0,0,0,,,,,6,,,,41,88
4090,note_off,10,0,0,,,,,0,,,,70,0
4092,note_on,2,0,0,,,,,0,,,,74,96
4101,note_off,9,0,0,,,,,1,,,,62,0
4101,note_off,0,0,0,,,,,5,,,,53,0
4101,note_off,0,0,0,,,,,6,,,,41,0
4102,note_off,1,0,0,,,,,0,,,,74,0
4104,note_on,2,0,0,,,,,0,,,,72,96
4104,note_on,0,0,0,,,,,1,,,,67,96
4104,note_on,0,0,0,,,,,5,,,,52,88
4104,note_on,0,0,0,,,,,6,,,,40,88
4116,note_off,12,0,0,,,,,0,,,,72,0
4116,note_on,0,0,0,,,,,0,,,,74,96
4128,note_off,12,0,0,,,,,0,,,,74,0
4128,note_on,0,0,0,,,,,0,,,,76,96
4140,note_off,12,0,0,,,,,0,,,,76,0
4140,note_on,0,0,0,,,,,0,,,,77,96
4146,note_off,6,0,0,,,,,1,,,,67,0
4146,note_off,0,0,0,,,,,5,,,,52,0
4146,note_off,0,0,0,,,,,6,,,,40,0
4152,note_off,6,0,0,,,,,0,,,,77,0
4152,note_on,0,0,0,,,,,0,,,,79,96
4152,note_on,0,0,0,,,,,1,,,,58,96
4152,note_on,0,0,0,,,,,2,,,,79,104
4152,note_on,0,0,0,,,,,3,,,,64,104
4152,note_on,0,0,0,,,,,4,,,,60,104
4152,note_on,0,0,0,,,,,5,,,,48,88
4152,note_on,0,0,0,,,,,6,,,,36,88
4162,note_off,10,0,0,,,,,0,,,,79,0
4164,note_on,2,0,0,,,,,0,,,,76,96
4173,note_off,9,0,0,,,,,3,,,,64,0
4173,note_off,0,0,0,,,,,4,,,,60,0
4173,note_off,0,0,0,,,,,5,,,,48,0
4173,note_off,0,0,0,,,,,6,,,,36,0
4174,note_off,1,0,0,,,,,0,,,,76,0
4176,note_on,2,0,0,,,,,0,,,,72,96
4176,note_on,0,0,0,,,,,3,,,,65,104
4176,note_on,0,0,0,,,,,4,,,,60,104
4176,note_on,0,0,0,,,,,5,,,,53,88
4176,note_on,0,0,0,,,,,6,,,,41,88
4188,note_off,12,0,0,,,,,0,,,,72,0
4188,note_on,0,0,0,,,,,0,,,,70,96
4194,note_off,6,0,0,,,,,1,,,,58,0
4194,note_off,0,0,0,,,,,2,,,,79,0
4200,note_off,6,0,0,,,,,0,,,,70,0
4200,note_on,0,0,0,,,,,0,,,,72,96
4200,note_on,0,0,0,,,,,1,,,,57,96
4200,note_on,0,0,0,,,,,2,,,,77,104
4210,note_off,10,0,0,,,,,0,,,,72,0
4212,note_on,2,0,0,,,,,0,,,,77,96
4218,note_off,6,0,0,,,,,3,,,,65,0
4218,note_off,0,0,0,,,,,4,,,,60,0
4218,note_off,0,0,0,,,,,5,,,,53,0
4218,note_off,0,0,0,,,,,6,,,,41,0
4221,note_off,3,0,0,,,,,1,,,,57,0
4221,note_off,0,0,0,,,,,2,,,,77,0
4222,note_off,1,0,0,,,,,0,,,,77,0
4224,note_on,2,0,0,,,,,0,,,,70,96
4224,note_on,0,0,0,,,,,1,,,,60,96
4224,note_on,0,0,0,,,,,2,,,,70,104
4224,note_on,0,0,0,,,,,3,,,,65,104
4224,note_on,0,0,0,,,,,4,,,,53,104
4224,note_on,0,0,0,,,,,5,,,,50,88
4224,note_on,0,0,0,,,,,6,,,,38,88
4236,note_off,12,0,0,,,,,0,,,,70,0
4245,note_off,9,0,0,,,,,2,,,,70,0
4245,note_off,0,0,0,,,,,4,,,,53,0
4245,note_off,0,0,0,,,,,5,,,,50,0
4245,note_off,0,0,0,,,,,6,,,,38,0
4248,note_on,3,0,0,,,,,0,,,,69,96
4248,note_off,0,0,0,,,,,1,,,,60,0
4248,note_on,0,0,0,,,,,1,,,,65,96
4248,note_on,0,0,0,,,,,2,,,,69,104
4248,note_on,0,0,0,,,,,4,,,,60,104
4248,note_on,0,0,0,,,,,5,,,,48,88
4248,note_on,0,0,0,,,,,6,,,,36,88
4266,note_off,18,0,0,,,,,3,,,,65,0
4269,note_off,3,0,0,,,,,1,,,,65,0
4269,note_off,0,0,0,,,,,2,,,,69,0
4272,note_off,3,0,0,,,,,0,,,,69,0
4272,note_on,0,0,0,,,,,0,,,,70,96
4272,note_on,0,0,0,,,,,1,,,,67,96
4272,note_on,0,0,0,,,,,2,,,,70,104
4272,note_on,0,0,0,,,,,3,,,,67,104
4284,note_off,12,0,0,,,,,1,,,,67,0
4290,note_off,6,0,0,,,,,4,,,,60,0
4290,note_off,0,0,0,,,,,5,,,,48,0
4290,note_off,0,0,0,,,,,6,,,,36,0
4293,note_off,3,0,0,,,,,0,,,,70,0
4293,note_off,0,0,0,,,,,2,,,,70,0
4293,note_off,0,0,0,,,,,3,,,,67,0
4296,note_on,3,0,0,,,,,0,,,,67,96
4296,note_on,0,0,0,,,,,1,,,,64,96
4296,note_on,0,0,0,,,,,2,,,,67,104
4296,note_on,0,0,0,,,,,3,,,,64,104
4296,note_on,0,0,0,,,,,4,,,,58,104
4296,note_on,0,0,0,,,,,5,,,,36,88
4296,note_on,0,0,0,,,,,6,,,,24,88
4308,note_off,12,0,0,,,,,1,,,,64,0
4317,note_off,9,0,0,,,,,0,,,,67,0
4317,note_off,0,0,0,,,,,2,,,,67,0
4317,note_off,0,0,0,,,,,3,,,,64,0
4317,note_off,0,0,0,,,,,4,,,,58,0
4317,note_off,0,0,0,,,,,5,,,,36,0
4317,note_off,0,0,0,,,,,6,,,,24,0
4320,note_on,3,0,0,,,,,0,,,,65,96
4320,note_on,0,0,0,,,,,1,,,,65,96
4320,note_on,0,0,0,,,,,2,,,,65,104
4320,note_on,0,0,0,,,,,3,,,,60,104
4320,note_on,0,0,0,,,,,4,,,,57,104
4320,note_on,0,0,0,,,,,5,,,,41,64
4320,note_on,0,0,0,,,,,6,,,,29,64
4332,note_off,12,0,0,,,,,1,,,,65,0
4332,note_on,0,0,0,,,,,1,,,,60,96
4342,note_off,10,0,0,,,,,1,,,,60,0
4344,note_on,2,0,0,,,,,1,,,,62,96
4354,note_off,10,0,0,,,,,1,,,,62,0
4356,note_on,2,0,0,,,,,1,,,,58,96
4362,note_off,6,0,0,,,,,0,,,,65,0
4362,note_off,0,0,0,,,,,2,,,,65,0
4362,note_off,0,0,0,,,,,3,,,,60,0
4362,note_off,0,0,0,,,,,4,,,,57,0
4362,note_off,0,0,0,,,,,5,,,,41,0
4362,note_off,0,0,0,,,,,6,,,,29,0
4366,note_off,4,0,0,,,,,1,,,,58,0
4368,note_on,2,0,0,,,,,1,,,,60,96
4368,note_on,0,0,0,,,,,5,,,,53,64
4368,note_on,0,0,0,,,,,6,,,,41,64
4380,note_off,12,0,0,,,,,1,,,,60,0
4389,note_off,9,0,0,,,,,5,,,,53,0
4389,note_off,0,0,0,,,,,6,,,,41,0
4392,note_on,3,0,0,,,,,0,,,,62,96
4392,note_on,0,0,0,,,,,1,,,,70,96
4392,note_on,0,0,0,,,,,5,,,,53,64
4392,note_on,0,0,0,,,,,6,,,,41,64
4404,note_off,12,0,0,,,,,0,,,,62,0
4404,note_off,0,0,0,,,,,1,,,,70,0
4416,note_on,12,0,0,,,,,0,,,,60,96
4416,note_on,0,0,0,,,,,1,,,,69,96
4428,note_off,12,0,0,,,,,0,,,,60,0
4428,note_off,0,0,0,,,,,1,,,,69,0
4434,note_off,6,0,0,,,,,5,,,,53,0
4434,note_off,0,0,0,,,,,6,,,,41,0
4440,note_on,6,0,0,,,,,0,,,,58,96
4440,note_on,0,0,0,,,,,1,,,,67,96
4440,note_on,0,0,0,,,,,5,,,,41,64
4440,note_on,0,0,0,,,,,6,,,,29,64
4452,note_off,12,0,0,,,,,0,,,,58,0
4452,note_off,0,0,0,,,,,1,,,,67,0
4461,note_off,9,0,0,,,,,5,,,,41,0
4461,note_off,0,0,0,,,,,6,,,,29,0
4464,note_on,3,0,0,,,,,0,,,,57,96
4464,note_on,0,0,0,,,,,1,,,,65,96
4464,note_on,0,0,0,,,,,5,,,,41,64
4464,note_on,0,0,0,,,,,6,,,,29,64
4476,note_off,12,0,0,,,,,0,,,,57,0
4476,note_on,0,0,0,,,,,0,,,,60,96
4486,note_off,10,0,0,,,,,0,,,,60,0
4488,note_on,2,0,0,,,,,0,,,,62,96
4498,note_off,10,0,0,,,,,0,,,,62,0
4500,note_on,2,0,0,,,,,0,,,,58,96
4506,note_off,6,0,0,,,,,1,,,,65,0
4506,note_off,0,0,0,,,,,5,,,,41,0
4506,note_off,0,0,0,,,,,6,,,,29,0
4510,note_off,4,0,0,,,,,0,,,,58,0
4512,note_on,2,0,0,,,,,0,,,,60,96
4512,note_on,0,0,0,,,,,5,,,,53,64
4512,note_on,0,0,0,,,,,6,,,,41,64
4524,note_off,12,0,0,,,,,0,,,,60,0
4533,note_off,9,0,0,,,,,5,,,,53,0
4533,note_off,0,0,0,,,,,6,,,,41,0
4536,note_on,3,0,0,,,,,0,,,,70,96
4536,note_on,0,0,0,,,,,1,,,,62,96
4536,note_on,0,0,0,,,,,5,,,,53,64
4536,note_on,0,0,0,,,,,6,,,,41,64
4548,note_off,12,0,0,,,,,0,,,,70,0
4548,note_off,0,0,0,,,,,1,,,,62,0
4560,note_on,12,0,0,,,,,0,,,,69,96
4560,note_on,0,0,0,,,,,1,,,,60,96
4572,note_off,12,0,0,,,,,0,,,,69,0
4572,note_off,0,0,0,,,,,1,,,,60,0
4578,note_off,6,0,0,,,,,5,,,,53,0
4578,note_off,0,0,0,,,,,6,,,,41,0
4584,note_on,6,0,0,,,,,0,,,,67,96
4584,note_on,0,0,0,,,,,1,,,,58,96
4584,note_on,0,0,0,,,,,5,,,,41,64
4584,note_on,0,0,0,,,,,6,,,,29,64
4596,note_off,12,0,0,,,,,0,,,,67,0
4596,note_off,0,0,0,,,,,1,,,,58,0
4605,note_off,9,0,0,,,,,5,,,,41,0
4605,note_off,0,0,0,,,,,6,,,,29,0
4608,note_on,3,0,0,,,,,0,,,,65,96
4608,note_on,0,0,0,,,,,1,,,,57,96
4608,note_on,0,0,0,,,,,5,,,,41,64
4608,note_on,0,0,0,,,,,6,,,,29,64
4629,note_off,21,0,0,,,,,0,,,,65,0
4632,note_on,3,0,0,,,,,0,,,,74,96
4650,note_off,18,0,0,,,,,1,,,,57,0
4650,note_off,0,0,0,,,,,5,,,,41,0
4650,note_off,0,0,0,,,,,6,,,,29,0
4656,note_on,6,0,0,,,,,2,,,,74,104
4656,note_on,0,0,0,,,,,3,,,,70,104
4656,note_on,0,0,0,,,,,4,,,,65,104
4677,note_off,21,0,0,,,,,2,,,,74,0
4677,note_off,0,0,0,,,,,3,,,,70,0
4677,note_off,0,0,0,,,,,4,,,,65,0
4680,note_on,3,0,0,,,,,1,,,,70,96
4680,note_on,0,0,0,,,,,2,,,,70,104
4680,note_on,0,0,0,,,,,3,,,,65,104
4680,note_on,0,0,0,,,,,4,,,,62,104
4680,note_on,0,0,0,,,,,5,,,,53,64
4680,note_on,0,0,0,,,,,6,,,,41,64
4695,note_off,15,0,0,,,,,0,,,,74,0
4704,note_on,9,0,0,,,,,0,,,,76,96
4722,note_off,18,0,0,,,,,2,,,,70,0
4722,note_off,0,0,0,,,,,3,,,,65,0
4722,note_off,0,0,0,,,,,4,,,,62,0
4722,note_off,0,0,0,,,,,5,,,,53,0
4722,note_off,0,0,0,,,,,6,,,,41,0
4728,note_off,6,0,0,,,,,0,,,,76,0
4728,note_on,0,0,0,,,,,0,,,,77,96
4728,note_on,0,0,0,,,,,2,,,,65,104
4728,note_on,0,0,0,,,,,3,,,,62,104
4728,note_on,0,0,0,,,,,4,,,,58,104
4749,note_off,21,0,0,,,,,0,,,,77,0
4749,note_off,0,0,0,,,,,2,,,,65,0
4749,note_off,0,0,0,,,,,3,,,,62,0
4749,note_off,0,0,0,,,,,4,,,,58,0
4752,note_on,3,0,0,,,,,0,,,,72,96
4752,note_on,0,0,0,,,,,5,,,,41,64
4752,note_on,0,0,0,,,,,6,,,,29,64
4753,note_off,1,0,0,,,,,1,,,,70,0
4764,note_on,11,0,0,,,,,1,,,,69,96
4774,note_off,10,0,0,,,,,1,,,,69,0
4776,note_on,2,0,0,,,,,1,,,,76,96
4788,note_off,12,0,0,,,,,1,,,,76,0
4794,note_off,6,0,0,,,,,5,,,,41,0
4794,note_off,0,0,0,,,,,6,,,,29,0
4800,note_on,6,0,0,,,,,1,,,,77,96
4800,note_on,0,0,0,,,,,2,,,,72,104
4800,note_on,0,0,0,,,,,3,,,,69,104
4800,note_on,0,0,0,,,,,4,,,,65,104
4812,note_off,12,0,0,,,,,1,,,,77,0
4821,note_off,9,0,0,,,,,2,,,,72,0
4821,note_off,0,0,0,,,,,3,,,,69,0
4821,note_off,0,0,0,,,,,4,,,,65,0
4824,note_on,3,0,0,,,,,1,,,,69,96
4824,note_on,0,0,0,,,,,2,,,,69,104
4824,note_on,0,0,0,,,,,3,,,,65,104
4824,note_on,0,0,0,,,,,4,,,,60,104
4824,note_on,0,0,0,,,,,5,,,,53,64
4824,note_on,0,0,0,,,,,6,,,,41,64
4836,note_off,12,0,0,,,,,0,,,,72,0
4848,note_on,12,0,0,,,,,0,,,,76,96
4866,note_off,18,0,0,,,,,2,,,,69,0
4866,note_off,0,0,0,,,,,3,,,,65,0
4866,note_off,0,0,0,,,,,4,,,,60,0
4866,note_off,0,0,0,,,,,5,,,,53,0
4866,note_off,0,0,0,,,,,6,,,,41,0
4872,note_off,6,0,0,,,,,0,,,,76,0
4872,note_on,0,0,0,,,,,0,,,,77,96
4872,note_on,0,0,0,,,,,2,,,,65,104
4872,note_on,0,0,0,,,,,3,,,,60,104
4872,note_on,0,0,0,,,,,4,,,,57,104
4893,note_off,21,0,0,,,,,0,,,,77,0
4893,note_off,0,0,0,,,,,2,,,,65,0
4893,note_off,0,0,0,,,,,3,,,,60,0
4893,note_off,0,0,0,,,,,4,,,,57,0
4896,note_on,3,0,0,,,,,0,,,,70,96
4896,note_on,0,0,0,,,,,5,,,,41,64
4896,note_on,0,0,0,,,,,6,,,,29,64
4897,note_off,1,0,0,,,,,1,,,,69,0
4908,note_on,11,0,0,,,,,1,,,,67,96
4918,note_off,10,0,0,,,,,1,,,,67,0
4920,note_on,2,0,0,,,,,1,,,,76,96
4932,note_off,12,0,0,,,,,1,,,,76,0
4938,note_off,6,0,0,,,,,5,,,,41,0
4938,note_off,0,0,0,,,,,6,,,,29,0
4944,note_on,6,0,0,,,,,1,,,,77,96
4944,note_on,0,0,0,,,,,2,,,,70,104
4944,note_on,0,0,0,,,,,3,,,,65,104
4944,note_on,0,0,0,,,,,4,,,,62,104
4956,note_off,12,0,0,,,,,1,,,,77,0
4965,note_off,9,0,0,,,,,2,,,,70,0
4965,note_off,0,0,0,,,,,3,,,,65,0
4965,note_off,0,0,0,,,,,4,,,,62,0
4968,note_on,3,0,0,,,,,1,,,,67,96
4968,note_on,0,0,0,,,,,2,,,,67,104
4968,note_on,0,0,0,,,,,3,,,,64,104
4968,note_on,0,0,0,,,,,4,,,,58,104
4968,note_on,0,0,0,,,,,5,,,,53,64
4968,note_on,0,0,0,,,,,6,,,,41,64
4980,note_off,12,0,0,,,,,0,,,,70,0
4992,note_on,12,0,0,,,,,0,,,,76,96
5010,note_off,18,0,0,,,,,2,,,,67,0
5010,note_off,0,0,0,,,,,3,,,,64,0
5010,note_off,0,0,0,,,,,4,,,,58,0
5010,note_off,0,0,0,,,,,5,,,,53,0
5010,note_off,0,0,0,,,,,6,,,,41,0
5016,note_on,6,0,0,,,,,2,,,,64,104
5016,note_on,0,0,0,,,,,3,,,,58,104
5016,note_on,0,0,0,,,,,4,,,,55,104
5028,note_off,12,0,0,,,,,0,,,,76,0
5028,note_on,0,0,0,,,,,0,,,,77,96
5034,note_off,6,0,0,,,,,0,,,,77,0
5034,note_on,0,0,0,,,,,0,,,,79,96
5037,note_off,3,0,0,,,,,2,,,,64,0
5037,note_off,0,0,0,,,,,3,,,,58,0
5037,note_off,0,0,0,,,,,4,,,,55,0
5039,note_off,2,0,0,,,,,0,,,,79,0
5040,note_on,1,0,0,,,,,0,,,,69,96
5040,note_on,0,0,0,,,,,2,,,,69,104
5040,note_on,0,0,0,,,,,3,,,,60,104
5040,note_on,0,0,0,,,,,4,,,,53,104
5040,note_on,0,0,0,,,,,5,,,,41,64
5040,note_on,0,0,0,,,,,6,,,,29,64
5041,note_off,1,0,0,,,,,1,,,,67,0
5052,note_on,11,0,0,,,,,1,,,,65,96
5061,note_off,9,0,0,,,,,5,,,,41,0
5061,note_off,0,0,0,,,,,6,,,,29,0
5062,note_off,1,0,0,,,,,1,,,,65,0
5064,note_on,2,0,0,,,,,1,,,,76,96
5064,note_on,0,0,0,,,,,5,,,,43,64
5064,note_on,0,0,0,,,,,6,,,,31,64
5076,note_off,12,0,0,,,,,1,,,,76,0
5082,note_off,6,0,0,,,,,2,,,,69,0
5085,note_off,3,0,0,,,,,5,,,,43,0
5085,note_off,0,0,0,,,,,6,,,,31,0
5088,note_on,3,0,0,,,,,1,,,,77,96
5088,note_on,0,0,0,,,,,5,,,,45,64
5088,note_on,0,0,0,,,,,6,,,,33,64
5100,note_off,12,0,0,,,,,1,,,,77,0
5103,note_off,3,0,0,,,,,3,,,,60,0
5103,note_off,0,0,0,,,,,4,,,,53,0
5109,note_off,6,0,0,,,,,5,,,,45,0
5109,note_off,0,0,0,,,,,6,,,,33,0
5112,note_on,3,0,0,,,,,1,,,,65,96
5112,note_on,0,0,0,,,,,5,,,,38,64
5112,note_on,0,0,0,,,,,6,,,,26,64
5113,note_off,1,0,0,,,,,0,,,,69,0
5124,note_on,11,0,0,,,,,0,,,,71,96
5134,note_off,10,0,0,,,,,0,,,,71,0
5136,note_on,2,0,0,,,,,0,,,,72,96
5139,note_off,3,0,0,,,,,0,,,,72,0
5139,note_on,0,0,0,,,,,0,,,,71,96
5142,note_off,3,0,0,,,,,0,,,,71,0
5142,note_on,0,0,0,,,,,0,,,,72,96
5145,note_off,3,0,0,,,,,0,,,,72,0
5145,note_on,0,0,0,,,,,0,,,,71,96
5148,note_off,3,0,0,,,,,0,,,,71,0
5148,note_on,0,0,0,,,,,0,,,,72,96
5151,note_off,3,0,0,,,,,0,,,,72,0
5151,note_on,0,0,0,,,,,0,,,,71,96
5154,note_off,3,0,0,,,,,0,,,,71,0
5154,note_on,0,0,0,,,,,0,,,,72,96
5154,note_off,0,0,0,,,,,5,,,,38,0
5154,note_off,0,0,0,,,,,6,,,,26,0
5157,note_off,3,0,0,,,,,0,,,,72,0
5157,note_on,0,0,0,,,,,0,,,,71,96
5160,note_off,3,0,0,,,,,0,,,,71,0
5160,note_on,0,0,0,,,,,0,,,,72,96
5160,note_on,0,0,0,,,,,5,,,,43,64
5160,note_on,0,0,0,,,,,6,,,,31,64
5163,note_off,3,0,0,,,,,0,,,,72,0
5163,note_on,0,0,0,,,,,0,,,,71,96
5166,note_off,3,0,0,,,,,0,,,,71,0
5166,note_on,0,0,0,,,,,0,,,,72,96
5169,note_off,3,0,0,,,,,0,,,,72,0
5169,note_on,0,0,0,,,,,0,,,,71,96
5172,note_off,3,0,0,,,,,0,,,,71,0
5172,note_on,0,0,0,,,,,0,,,,72,96
5175,note_off,3,0,0,,,,,0,,,,72,0
5175,note_on,0,0,0,,,,,0,,,,71,96
5178,note_off,3,0,0,,,,,0,,,,71,0
5178,note_on,0,0,0,,,,,0,,,,72,96
5181,note_off,3,0,0,,,,,0,,,,72,0
5181,note_on,0,0,0,,,,,0,,,,71,96
5181,note_off,0,0,0,,,,,5,,,,43,0
5181,note_off,0,0,0,,,,,6,,,,31,0
5184,note_off,3,0,0,,,,,0,,,,71,0
5184,note_on,0,0,0,,,,,0,,,,72,96
5184,note_on,0,0,0,,,,,5,,,,48,64
5184,note_on,0,0,0,,,,,6,,,,36,64
5196,note_off,12,0,0,,,,,0,,,,72,0
5196,note_on,0,0,0,,,,,0,,,,71,96
5196,note_off,0,0,0,,,,,1,,,,65,0
5208,note_off,12,0,0,,,,,0,,,,71,0
5208,note_on,0,0,0,,,,,0,,,,72,96
5208,note_on,0,0,0,,,,,1,,,,64,96
5218,note_off,10,0,0,,,,,0,,,,72,0
5220,note_on,2,0,0,,,,,0,,,,76,96
5226,note_off,6,0,0,,,,,5,,,,48,0
5226,note_off,0,0,0,,,,,6,,,,36,0
5229,note_off,3,0,0,,,,,1,,,,64,0
5230,note_off,1,0,0,,,,,0,,,,76,0
5232,note_on,2,0,0,,,,,0,,,,71,96
5232,note_on,0,0,0,,,,,5,,,,50,64
5232,note_on,0,0,0,,,,,6,,,,38,64
5242,note_off,10,0,0,,,,,0,,,,71,0
5244,note_on,2,0,0,,,,,0,,,,74,96
5253,note_off,9,0,0,,,,,5,,,,50,0
5253,note_off,0,0,0,,,,,6,,,,38,0
5254,note_off,1,0,0,,,,,0,,,,74,0
5256,note_on,2,0,0,,,,,0,,,,72,96
5256,note_on,0,0,0,,,,,1,,,,79,96
5256,note_on,0,0,0,,,,,5,,,,52,64
5256,note_on,0,0,0,,,,,6,,,,40,64
5268,note_off,12,0,0,,,,,0,,,,72,0
5268,note_on,0,0,0,,,,,0,,,,74,96
5280,note_off,12,0,0,,,,,0,,,,74,0
5280,note_on,0,0,0,,,,,0,,,,76,96
5292,note_off,12,0,0,,,,,0,,,,76,0
5292,note_on,0,0,0,,,,,0,,,,77,96
5298,note_off,6,0,0,,,,,1,,,,79,0
5298,note_off,0,0,0,,,,,5,,,,52,0
5298,note_off,0,0,0,,,,,6,,,,40,0
5304,note_off,6,0,0,,,,,0,,,,77,0
5304,note_on,0,0,0,,,,,0,,,,79,96
5304,note_on,0,0,0,,,,,1,,,,70,96
5304,note_on,0,0,0,,,,,2,,,,79,104
5304,note_on,0,0,0,,,,,3,,,,72,104
5304,note_on,0,0,0,,,,,4,,,,64,104
5304,note_on,0,0,0,,,,,5,,,,48,64
5304,note_on,0,0,0,,,,,6,,,,36,64
5314,note_off,10,0,0,,,,,0,,,,79,0
5316,note_on,2,0,0,,,,,0,,,,76,96
5325,note_off,9,0,0,,,,,3,,,,72,0
5325,note_off,0,0,0,,,,,4,,,,64,0
5325,note_off,0,0,0,,,,,5,,,,48,0
5325,note_off,0,0,0,,,,,6,,,,36,0
5326,note_off,1,0,0,,,,,0,,,,76,0
5328,note_on,2,0,0,,,,,0,,,,72,96
5328,note_on,0,0,0,,,,,3,,,,72,104
5328,note_on,0,0,0,,,,,4,,,,65,104
5328,note_on,0,0,0,,,,,5,,,,53,64
5328,note_on,0,0,0,,,,,6,,,,41,64
5340,note_off,12,0,0,,,,,0,,,,72,0
5340,note_on,0,0,0,,,,,0,,,,70,96
5346,note_off,6,0,0,,,,,1,,,,70,0
5346,note_off,0,0,0,,,,,2,,,,79,0
5352,note_off,6,0,0,,,,,0,,,,70,0
5352,note_on,0,0,0,,,,,0,,,,72,96
5352,note_on,0,0,0,,,,,1,,,,69,96
5352,note_on,0,0,0,,,,,2,,,,77,104
5362,note_off,10,0,0,,,,,0,,,,72,0
5364,note_on,2,0,0,,,,,0,,,,77,96
5370,note_off,6,0,0,,,,,3,,,,72,0
5370,note_off,0,0,0,,,,,4,,,,65,0
5370,note_off,0,0,0,,,,,5,,,,53,0
5370,note_off,0,0,0,,,,,6,,,,41,0
5373,note_off,3,0,0,,,,,1,,,,69,0
5373,note_off,0,0,0,,,,,2,,,,77,0
5374,note_off,1,0,0,,,,,0,,,,77,0
5376,note_on,2,0,0,,,,,0,,,,69,96
5376,note_on,0,0,0,,,,,1,,,,72,96
5376,note_on,0,0,0,,,,,5,,,,52,64
5376,note_on,0,0,0,,,,,6,,,,40,64
5386,note_off,10,0,0,,,,,0,,,,69,0
5388,note_on,2,0,0,,,,,0,,,,72,96
5397,note_off,9,0,0,,,,,1,,,,72,0
5397,note_off,0,0,0,,,,,5,,,,52,0
5397,note_off,0,0,0,,,,,6,,,,40,0
5398,note_off,1,0,0,,,,,0,,,,72,0
5400,note_on,2,0,0,,,,,0,,,,71,96
5400,note_on,0,0,0,,,,,1,,,,77,96
5400,note_on,0,0,0,,,,,5,,,,50,64
5400,note_on,0,0,0,,,,,6,,,,38,64
5412,note_off,12,0,0,,,,,0,,,,71,0
5412,note_on,0,0,0,,,,,0,,,,72,96
5424,note_off,12,0,0,,,,,0,,,,72,0
5424,note_on,0,0,0,,,,,0,,,,74,96
5436,note_off,12,0,0,,,,,0,,,,74,0
5436,note_on,0,0,0,,,,,0,,,,76,96
5442,note_off,6,0,0,,,,,1,,,,77,0
5442,note_off,0,0,0,,,,,5,,,,50,0
5442,note_off,0,0,0,,,,,6,,,,38,0
5448,note_off,6,0,0,,,,,0,,,,76,0
5448,note_on,0,0,0,,,,,0,,,,77,96
5448,note_on,0,0,0,,,,,1,,,,69,96
5448,note_on,0,0,0,,,,,2,,,,77,104
5448,note_on,0,0,0,,,,,3,,,,71,104
5448,note_on,0,0,0,,,,,4,,,,62,104
5448,note_on,0,0,0,,,,,5,,,,47,64
5448,note_on,0,0,0,,,,,6,,,,35,64
5458,note_off,10,0,0,,,,,0,,,,77,0
5460,note_on,2,0,0,,,,,0,,,,74,96
5469,note_off,9,0,0,,,,,3,,,,71,0
5469,note_off,0,0,0,,,,,4,,,,62,0
5469,note_off,0,0,0,,,,,5,,,,47,0
5469,note_off,0,0,0,,,,,6,,,,35,0
5470,note_off,1,0,0,,,,,0,,,,74,0
5472,note_on,2,0,0,,,,,0,,,,71,96
5472,note_on,0,0,0,,,,,3,,,,71,104
5472,note_on,0,0,0,,,,,4,,,,64,104
5472,note_on,0,0,0,,,,,5,,,,52,64
5472,note_on,0,0,0,,,,,6,,,,40,64
5484,note_off,12,0,0,,,,,0,,,,71,0
5484,note_on,0,0,0,,,,,0,,,,69,96
5490,note_off,6,0,0,,,,,1,,,,69,0
5490,note_off,0,0,0,,,,,2,,,,77,0
5496,note_off,6,0,0,,,,,0,,,,69,0
5496,note_on,0,0,0,,,,,0,,,,71,96
5496,note_on,0,0,0,,,,,1,,,,67,96
5496,note_on,0,0,0,,,,,2,,,,76,104
5506,note_off,10,0,0,,,,,0,,,,71,0
5508,note_on,2,0,0,,,,,0,,,,76,96
5514,note_off,6,0,0,,,,,3,,,,71,0
5514,note_off,0,0,0,,,,,4,,,,64,0
5514,note_off,0,0,0,,,,,5,,,,52,0
5514,note_off,0,0,0,,,,,6,,,,40,0
5517,note_off,3,0,0,,,,,1,,,,67,0
5517,note_off,0,0,0,,,,,2,,,,76,0
5518,note_off,1,0,0,,,,,0,,,,76,0
5520,note_on,2,0,0,,,,,0,,,,67,96
5520,note_on,0,0,0,,,,,1,,,,71,96
5520,note_on,0,0,0,,,,,5,,,,50,64
5520,note_on,0,0,0,,,,,6,,,,38,64
5530,note_off,10,0,0,,,,,0,,,,67,0
5532,note_on,2,0,0,,,,,0,,,,71,96
5541,note_off,9,0,0,,,,,1,,,,71,0
5541,note_off,0,0,0,,,,,5,,,,50,0
5541,note_off,0,0,0,,,,,6,,,,38,0
5542,note_off,1,0,0,,,,,0,,,,71,0
5544,note_on,2,0,0,,,,,0,,,,69,96
5544,note_on,0,0,0,,,,,1,,,,76,96
5544,note_on,0,0,0,,,,,5,,,,48,64
5544,note_on,0,0,0,,,,,6,,,,36,64
5556,note_off,12,0,0,,,,,0,,,,69,0
5556,note_on,0,0,0,,,,,0,,,,71,96
5568,note_off,12,0,0,,,,,0,,,,71,0
5568,note_on,0,0,0,,,,,0,,,,72,96
5580,note_off,12,0,0,,,,,0,,,,72,0
5580,note_on,0,0,0,,,,,0,,,,74,96
5586,note_off,6,0,0,,,,,1,,,,76,0
5586,note_off,0,0,0,,,,,5,,,,48,0
5586,note_off,0,0,0,,,,,6,,,,36,0
5592,note_off,6,0,0,,,,,0,,,,74,0
5592,note_on,0,0,0,,,,,0,,,,76,96
5592,note_on,0,0,0,,,,,1,,,,67,96
5592,note_on,0,0,0,,,,,2,,,,76,104
5592,note_on,0,0,0,,,,,3,,,,69,104
5592,note_on,0,0,0,,,,,4,,,,60,104
5592,note_on,0,0,0,,,,,5,,,,45,64
5592,note_on,0,0,0,,,,,6,,,,33,64
5602,note_off,10,0,0,,,,,0,,,,76,0
5604,note_on,2,0,0,,,,,0,,,,72,96
5613,note_off,9,0,0,,,,,3,,,,69,0
5613,note_off,0,0,0,,,,,4,,,,60,0
5613,note_off,0,0,0,,,,,5,,,,45,0
5613,note_off,0,0,0,,,,,6,,,,33,0
5614,note_off,1,0,0,,,,,0,,,,72,0
5616,note_on,2,0,0,,,,,0,,,,69,96
5616,note_on,0,0,0,,,,,3,,,,69,104
5616,note_on,0,0,0,,,,,4,,,,62,104
5616,note_on,0,0,0,,,,,5,,,,50,64
5616,note_on,0,0,0,,,,,6,,,,38,64
5628,note_off,12,0,0,,,,,0,,,,69,0
5628,note_on,0,0,0,,,,,0,,,,67,96
5634,note_off,6,0,0,,,,,1,,,,67,0
5634,note_off,0,0,0,,,,,2,,,,76,0
5640,note_off,6,0,0,,,,,0,,,,67,0
5640,note_on,0,0,0,,,,,0,,,,69,96
5640,note_on,0,0,0,,,,,1,,,,65,96
5640,note_on,0,0,0,,,,,2,,,,74,104
5650,note_off,10,0,0,,,,,0,,,,69,0
5652,note_on,2,0,0,,,,,0,,,,74,96
5658,note_off,6,0,0,,,,,3,,,,69,0
5658,note_off,0,0,0,,,,,4,,,,62,0
5658,note_off,0,0,0,,,,,5,,,,50,0
5658,note_off,0,0,0,,,,,6,,,,38,0
5661,note_off,3,0,0,,,,,1,,,,65,0
5661,note_off,0,0,0,,,,,2,,,,74,0
5662,note_off,1,0,0,,,,,0,,,,74,0
5664,note_on,2,0,0,,,,,0,,,,65,96
5664,note_on,0,0,0,,,,,1,,,,69,96
5664,note_on,0,0,0,,,,,5,,,,48,64
5664,note_on,0,0,0,,,,,6,,,,36,64
5674,note_off,10,0,0,,,,,0,,,,65,0
5676,note_on,2,0,0,,,,,0,,,,69,96
5685,note_off,9,0,0,,,,,1,,,,69,0
5685,note_off,0,0,0,,,,,5,,,,48,0
5685,note_off,0,0,0,,,,,6,,,,36,0
5686,note_off,1,0,0,,,,,0,,,,69,0
5688,note_on,2,0,0,,,,,0,,,,67,96
5688,note_on,0,0,0,,,,,1,,,,74,96
5688,note_on,0,0,0,,,,,5,,,,47,64
5688,note_on,0,0,0,,,,,6,,,,35,64
5700,note_off,12,0,0,,,,,0,,,,67,0
5700,note_on,0,0,0,,,,,0,,,,69,96
5712,note_off,12,0,0,,,,,0,,,,69,0
5712,note_on,0,0,0,,,,,0,,,,71,96
5724,note_off,12,0,0,,,,,0,,,,71,0
5724,note_on,0,0,0,,,,,0,,,,72,96
5730,note_off,6,0,0,,,,,1,,,,74,0
5730,note_off,0,0,0,,,,,5,,,,47,0
5730,note_off,0,0,0,,,,,6,,,,35,0
5736,note_off,6,0,0,,,,,0,,,,72,0
5736,note_on,0,0,0,,,,,0,,,,74,96
5736,note_on,0,0,0,,,,,1,,,,65,96
5736,note_on,0,0,0,,,,,2,,,,74,104
5736,note_on,0,0,0,,,,,3,,,,71,104
5736,note_on,0,0,0,,,,,4,,,,67,104
5736,note_on,0,0,0,,,,,5,,,,43,64
5736,note_on,0,0,0,,,,,6,,,,31,64
5746,note_off,10,0,0,,,,,0,,,,74,0
5748,note_on,2,0,0,,,,,0,,,,71,96
5757,note_off,9,0,0,,,,,2,,,,74,0
5757,note_off,0,0,0,,,,,3,,,,71,0
5757,note_off,0,0,0,,,,,4,,,,67,0
5757,note_off,0,0,0,,,,,5,,,,43,0
5757,note_off,0,0,0,,,,,6,,,,31,0
5758,note_off,1,0,0,,,,,0,,,,71,0
5778,note_off,20,0,0,,,,,1,,,,65,0
5784,end_of_track,6,1,0,,,,,,,,,,
