tick,type,numerator,denominator,clocks_per_click,notated_32nd_notes_per_beat,time,meta,track,tempo,program,channel,control,value,note,velocity
0,time_signature,3,4,24,8,0,1,0,,,,,,,
0,track_name,,,,,0,1,10,,,,,,,
0,track_name,,,,,0,1,2,,,,,,,
0,program_change,,,,,0,0,2,,40,1,,,,
0,control_change,,,,,0,0,2,,,1,7,100,,
0,track_name,,,,,0,1,3,,,,,,,
0,program_change,,,,,0,0,3,,41,2,,,,
0,control_change,,,,,0,0,3,,,2,7,100,,
0,program_change,,,,,0,0,6,,40,0,,,,
0,control_change,,,,,0,0,9,,,3,7,100,,
0,program_change,,,,,0,0,9,,42,3,,,,
0,track_name,,,,,0,1,9,,,,,,,
0,program_change,,,,,0,0,10,,73,4,,,,
0,track_name,,,,,0,1,4,,,,,,,
0,control_change,,,,,0,0,4,,,3,7,100,,
0,control_change,,,,,0,0,8,,,2,7,100,,
0,program_change,,,,,0,0,8,,41,2,,,,
0,track_name,,,,,0,1,8,,,,,,,
0,control_change,,,,,0,0,7,,,1,7,100,,
0,program_change,,,,,0,0,7,,40,1,,,,
0,track_name,,,,,0,1,7,,,,,,,
0,track_name,,,,,0,1,5,,,,,,,
0,program_change,,,,,0,0,5,,73,4,,,,
0,control_change,,,,,0,0,5,,,4,7,127,,
0,control_change,,,,,0,0,6,,,0,7,100,,
0,program_change,,,,,0,0,4,,42,3,,,,
0,control_change,,,,,0,0,10,,,4,7,127,,
0,track_name,,,,,0,1,6,,,,,,,
0,set_tempo,,,,,0,1,0,555556,,,,,,
0,program_change,,,,,0,0,1,,40,0,,,,
0,track_name,,,,,0,1,1,,,,,,,
0,control_change,,,,,0,0,1,,,0,7,100,,
705,note_on,,,,,705,0,4,,,3,,,59,68
705,note_on,,,,,705,0,5,,,4,,,71,64
705,note_on,,,,,705,0,1,,,0,,,71,80
710,note_on,,,,,710,0,2,,,1,,,66,56
722,note_on,,,,,722,0,3,,,2,,,62,63
816,note_on,,,,,111,0,1,,,0,,,73,52
823,note_off,,,,,118,0,4,,,3,,,59,64
829,note_on,,,,,124,0,5,,,4,,,73,57
836,note_off,,,,,20,0,1,,,0,,,71,64
838,note_off,,,,,116,0,3,,,2,,,62,64
844,note_off,,,,,15,0,5,,,4,,,71,64
861,note_off,,,,,151,0,2,,,1,,,66,64
946,note_on,,,,,102,0,5,,,4,,,74,59
947,note_on,,,,,111,0,1,,,0,,,74,61
951,note_off,,,,,4,0,1,,,0,,,73,64
951,note_on,,,,,128,0,4,,,3,,,47,74
951,note_on,,,,,113,0,3,,,2,,,66,66
952,note_off,,,,,6,0,5,,,4,,,73,64
955,note_on,,,,,94,0,2,,,1,,,71,68
1011,note_off,,,,,60,0,1,,,0,,,74,64
1011,note_off,,,,,59,0,5,,,4,,,74,64
1050,note_off,,,,,99,0,3,,,2,,,66,64
1058,note_on,,,,,47,0,1,,,0,,,78,57
1058,note_off,,,,,107,0,4,,,3,,,47,64
1064,note_on,,,,,53,0,5,,,4,,,78,59
1078,note_off,,,,,123,0,2,,,1,,,71,64
1113,note_off,,,,,49,0,5,,,4,,,78,64
1116,note_off,,,,,58,0,1,,,0,,,78,64
1186,note_on,,,,,128,0,4,,,3,,,50,63
1189,note_on,,,,,139,0,3,,,2,,,66,60
1192,note_on,,,,,79,0,5,,,4,,,83,64
1195,note_on,,,,,79,0,1,,,0,,,83,82
1197,note_on,,,,,119,0,2,,,1,,,71,60
1263,note_off,,,,,71,0,5,,,4,,,83,64
1284,note_off,,,,,98,0,4,,,3,,,50,64
1287,note_off,,,,,98,0,3,,,2,,,66,64
1287,note_off,,,,,92,0,1,,,0,,,83,64
1309,note_off,,,,,112,0,2,,,1,,,71,64
1428,note_on,,,,,144,0,4,,,3,,,52,76
1430,note_on,,,,,143,0,3,,,2,,,64,57
1432,note_on,,,,,145,0,1,,,0,,,81,66
1436,note_on,,,,,127,0,2,,,1,,,71,53
1443,note_on,,,,,180,0,5,,,4,,,81,59
1546,note_on,,,,,118,0,4,,,3,,,54,62
1564,note_off,,,,,18,0,4,,,3,,,52,64
1658,note_off,,,,,94,0,4,,,3,,,54,64
1670,note_on,,,,,238,0,1,,,0,,,79,57
1670,note_on,,,,,12,0,4,,,3,,,55,62
1676,note_on,,,,,233,0,5,,,4,,,79,39
1693,note_off,,,,,23,0,1,,,0,,,81,64
1693,note_off,,,,,17,0,5,,,4,,,81,64
1722,note_off,,,,,52,0,4,,,3,,,55,64
1773,note_on,,,,,51,0,4,,,3,,,59,64
1834,note_off,,,,,61,0,4,,,3,,,59,64
1893,note_on,,,,,59,0,4,,,3,,,64,76
1946,note_off,,,,,53,0,4,,,3,,,64,64
2007,note_on,,,,,61,0,4,,,3,,,61,64
2065,note_off,,,,,629,0,2,,,1,,,71,64
2067,note_off,,,,,60,0,4,,,3,,,61,64
2142,note_on,,,,,75,0,4,,,3,,,59,74
2152,note_on,,,,,87,0,2,,,1,,,73,58
2198,note_off,,,,,768,0,3,,,2,,,64,64
2268,note_on,,,,,116,0,2,,,1,,,74,66
2296,note_off,,,,,28,0,2,,,1,,,73,64
2302,note_off,,,,,609,0,1,,,0,,,79,64
2330,note_off,,,,,637,0,5,,,4,,,79,64
2338,note_off,,,,,42,0,2,,,1,,,74,64
2376,note_on,,,,,234,0,4,,,3,,,58,51
2380,note_on,,,,,78,0,1,,,0,,,78,60
2383,note_on,,,,,53,0,5,,,4,,,78,49
2384,note_on,,,,,186,0,3,,,2,,,61,59
2388,note_off,,,,,12,0,4,,,3,,,59,64
2392,note_on,,,,,54,0,2,,,1,,,73,52
2485,note_off,,,,,101,0,3,,,2,,,61,64
2505,note_on,,,,,113,0,2,,,1,,,71,53
2514,note_off,,,,,134,0,1,,,0,,,78,64
2515,note_off,,,,,127,0,4,,,3,,,58,64
2535,note_off,,,,,30,0,2,,,1,,,73,64
2554,note_off,,,,,171,0,5,,,4,,,78,64
2586,note_off,,,,,51,0,2,,,1,,,71,64
2616,note_on,,,,,131,0,3,,,2,,,70,70
2620,note_on,,,,,106,0,1,,,0,,,76,51
2622,note_on,,,,,68,0,5,,,4,,,76,53
2626,note_on,,,,,111,0,4,,,3,,,54,66
2629,note_on,,,,,43,0,2,,,1,,,73,58
2710,note_off,,,,,94,0,3,,,2,,,70,64
2720,note_off,,,,,94,0,4,,,3,,,54,64
2735,note_on,,,,,106,0,2,,,1,,,70,46
2748,note_off,,,,,13,0,2,,,1,,,73,64
2768,note_off,,,,,146,0,5,,,4,,,76,64
2773,note_off,,,,,153,0,1,,,0,,,76,64
2798,note_off,,,,,50,0,2,,,1,,,70,64
2868,note_on,,,,,158,0,3,,,2,,,66,60
2869,note_on,,,,,96,0,1,,,0,,,76,62
2871,note_on,,,,,73,0,2,,,1,,,71,58
2875,note_on,,,,,107,0,5,,,4,,,76,62
2875,note_on,,,,,155,0,4,,,3,,,59,66
2965,note_off,,,,,90,0,5,,,4,,,76,64
2967,note_on,,,,,98,0,1,,,0,,,74,51
2974,note_on,,,,,9,0,5,,,4,,,74,37
2976,note_off,,,,,9,0,1,,,0,,,76,64
3002,note_on,,,,,28,0,5,,,4,,,76,59
3006,note_off,,,,,4,0,5,,,4,,,74,64
3010,note_on,,,,,34,0,1,,,0,,,76,61
3018,note_off,,,,,8,0,1,,,0,,,74,64
3026,note_off,,,,,155,0,2,,,1,,,71,64
3042,note_on,,,,,36,0,5,,,4,,,74,66
3046,note_off,,,,,4,0,5,,,4,,,76,64
3049,note_on,,,,,31,0,1,,,0,,,74,70
3055,note_off,,,,,6,0,1,,,0,,,76,64
3086,note_on,,,,,40,0,5,,,4,,,73,52
3097,note_off,,,,,11,0,5,,,4,,,74,64
3099,note_on,,,,,44,0,1,,,0,,,73,57
3105,note_off,,,,,6,0,1,,,0,,,74,64
3109,note_on,,,,,83,0,2,,,1,,,66,53
3152,note_off,,,,,277,0,4,,,3,,,59,64
3183,note_off,,,,,315,0,3,,,2,,,66,64
3205,note_on,,,,,108,0,5,,,4,,,74,63
3206,note_off,,,,,1,0,5,,,4,,,73,64
3217,note_on,,,,,65,0,4,,,3,,,47,60
3217,note_on,,,,,112,0,1,,,0,,,74,54
3219,note_off,,,,,2,0,1,,,0,,,73,64
3219,note_on,,,,,36,0,3,,,2,,,62,68
3230,note_off,,,,,121,0,2,,,1,,,66,64
3265,note_off,,,,,46,0,3,,,2,,,62,64
3282,note_off,,,,,65,0,4,,,3,,,47,64
3320,note_off,,,,,114,0,5,,,4,,,74,64
3320,note_off,,,,,101,0,1,,,0,,,74,64
3333,note_on,,,,,51,0,4,,,3,,,49,63
3343,note_on,,,,,78,0,3,,,2,,,64,68
3344,note_on,,,,,24,0,5,,,4,,,71,57
3344,note_on,,,,,24,0,1,,,0,,,71,57
3344,note_on,,,,,114,0,2,,,1,,,71,61
3392,note_off,,,,,59,0,4,,,3,,,49,64
3393,note_off,,,,,50,0,3,,,2,,,64,64
3439,note_off,,,,,95,0,5,,,4,,,71,64
3454,note_on,,,,,62,0,4,,,3,,,50,68
3454,note_off,,,,,110,0,2,,,1,,,71,64
3465,note_on,,,,,72,0,3,,,2,,,66,64
3465,note_off,,,,,121,0,1,,,0,,,71,64
3520,note_off,,,,,66,0,4,,,3,,,50,64
3528,note_off,,,,,63,0,3,,,2,,,66,64
3585,note_on,,,,,146,0,5,,,4,,,79,76
3585,note_on,,,,,65,0,4,,,3,,,52,80
3589,note_on,,,,,61,0,3,,,2,,,64,62
3595,note_on,,,,,130,0,1,,,0,,,79,70
3596,note_on,,,,,142,0,2,,,1,,,71,64
3690,note_off,,,,,101,0,3,,,2,,,64,64
3699,note_off,,,,,114,0,4,,,3,,,52,64
3705,note_on,,,,,110,0,1,,,0,,,78,52
3706,note_on,,,,,121,0,5,,,4,,,78,49
3723,note_off,,,,,127,0,2,,,1,,,71,64
3723,note_off,,,,,17,0,5,,,4,,,79,64
3730,note_off,,,,,25,0,1,,,0,,,79,64
3826,note_on,,,,,96,0,1,,,0,,,76,57
3826,note_on,,,,,103,0,2,,,1,,,76,58
3830,note_on,,,,,140,0,3,,,2,,,59,63
3830,note_off,,,,,107,0,5,,,4,,,78,64
3832,note_on,,,,,2,0,5,,,4,,,76,53
3834,note_off,,,,,8,0,1,,,0,,,78,64
3837,note_on,,,,,138,0,4,,,3,,,55,53
3885,note_off,,,,,53,0,5,,,4,,,76,64
3887,note_off,,,,,53,0,1,,,0,,,76,64
3918,note_off,,,,,88,0,3,,,2,,,59,64
3934,note_off,,,,,108,0,2,,,1,,,76,64
3937,note_off,,,,,100,0,4,,,3,,,55,64
3943,note_on,,,,,56,0,1,,,0,,,82,58
3944,note_on,,,,,59,0,5,,,4,,,82,55
3988,note_off,,,,,44,0,5,,,4,,,82,64
3991,note_off,,,,,48,0,1,,,0,,,82,64
4068,note_on,,,,,131,0,4,,,3,,,49,55
4068,note_on,,,,,77,0,1,,,0,,,83,61
4069,note_on,,,,,151,0,3,,,2,,,64,64
4069,note_on,,,,,135,0,2,,,1,,,79,68
4069,note_on,,,,,81,0,5,,,4,,,83,54
4120,note_off,,,,,51,0,5,,,4,,,83,64
4123,note_off,,,,,55,0,1,,,0,,,83,64
4161,note_off,,,,,92,0,3,,,2,,,64,64
4164,note_off,,,,,96,0,4,,,3,,,49,64
4170,note_off,,,,,101,0,2,,,1,,,79,64
4190,note_on,,,,,67,0,1,,,0,,,79,68
4195,note_on,,,,,75,0,5,,,4,,,79,60
4227,note_off,,,,,37,0,1,,,0,,,79,64
4237,note_off,,,,,42,0,5,,,4,,,79,64
4311,note_on,,,,,150,0,3,,,2,,,66,68
4317,note_on,,,,,90,0,1,,,0,,,78,64
4317,note_on,,,,,153,0,4,,,3,,,50,82
4318,note_on,,,,,81,0,5,,,4,,,78,60
4321,note_on,,,,,151,0,2,,,1,,,71,60
4413,note_off,,,,,102,0,3,,,2,,,66,64
4423,note_off,,,,,106,0,4,,,3,,,50,64
4424,note_on,,,,,107,0,1,,,0,,,76,57
4431,note_on,,,,,113,0,5,,,4,,,76,53
4436,note_off,,,,,115,0,2,,,1,,,71,64
4446,note_off,,,,,22,0,1,,,0,,,78,64
4461,note_off,,,,,30,0,5,,,4,,,78,64
4546,note_off,,,,,100,0,1,,,0,,,76,64
4546,note_on,,,,,110,0,2,,,1,,,74,64
4548,note_on,,,,,125,0,4,,,3,,,54,60
4549,note_on,,,,,3,0,1,,,0,,,74,53
4555,note_off,,,,,94,0,5,,,4,,,76,64
4557,note_on,,,,,2,0,5,,,4,,,74,57
4558,note_on,,,,,145,0,3,,,2,,,59,63
4614,note_off,,,,,65,0,1,,,0,,,74,64
4624,note_off,,,,,67,0,5,,,4,,,74,64
4636,note_off,,,,,88,0,4,,,3,,,54,64
4650,note_off,,,,,92,0,3,,,2,,,59,64
4661,note_off,,,,,115,0,2,,,1,,,74,64
4664,note_on,,,,,50,0,1,,,0,,,82,55
4666,note_on,,,,,42,0,5,,,4,,,82,58
4714,note_off,,,,,48,0,5,,,4,,,82,64
4718,note_off,,,,,54,0,1,,,0,,,82,64
4780,note_on,,,,,144,0,4,,,3,,,47,58
4780,note_on,,,,,119,0,2,,,1,,,78,60
4786,note_on,,,,,68,0,1,,,0,,,83,57
4786,note_on,,,,,136,0,3,,,2,,,62,68
4792,note_on,,,,,78,0,5,,,4,,,83,68
4838,note_off,,,,,52,0,1,,,0,,,83,64
4845,note_off,,,,,53,0,5,,,4,,,83,64
4880,note_off,,,,,94,0,3,,,2,,,62,64
4884,note_off,,,,,104,0,4,,,3,,,47,64
4891,note_off,,,,,111,0,2,,,1,,,78,64
4906,note_on,,,,,68,0,1,,,0,,,78,59
4911,note_on,,,,,66,0,5,,,4,,,78,57
4952,note_off,,,,,46,0,1,,,0,,,78,64
4957,note_off,,,,,46,0,5,,,4,,,78,64
5028,note_on,,,,,144,0,4,,,3,,,49,64
5028,note_on,,,,,137,0,2,,,1,,,70,61
5032,note_on,,,,,80,0,1,,,0,,,76,76
5034,note_on,,,,,154,0,3,,,2,,,64,68
5043,note_on,,,,,86,0,5,,,4,,,76,72
5130,note_off,,,,,96,0,3,,,2,,,64,64
5131,note_on,,,,,99,0,1,,,0,,,74,53
5138,note_off,,,,,110,0,4,,,3,,,49,64
5143,note_on,,,,,100,0,5,,,4,,,74,59
5144,note_off,,,,,116,0,2,,,1,,,70,64
5154,note_off,,,,,23,0,1,,,0,,,76,64
5162,note_off,,,,,19,0,5,,,4,,,76,64
5258,note_on,,,,,104,0,1,,,0,,,73,53
5260,note_off,,,,,2,0,1,,,0,,,74,64
5264,note_on,,,,,126,0,4,,,3,,,46,58
5264,note_on,,,,,134,0,3,,,2,,,66,63
5266,note_on,,,,,104,0,5,,,4,,,73,54
5270,note_off,,,,,4,0,5,,,4,,,74,64
5276,note_on,,,,,132,0,2,,,1,,,73,59
5331,note_off,,,,,71,0,1,,,0,,,73,64
5337,note_off,,,,,67,0,5,,,4,,,73,64
5355,note_off,,,,,91,0,4,,,3,,,46,64
5362,note_off,,,,,98,0,3,,,2,,,66,64
5368,note_on,,,,,37,0,1,,,0,,,78,58
5377,note_on,,,,,40,0,5,,,4,,,78,60
5383,note_off,,,,,107,0,2,,,1,,,73,64
5430,note_off,,,,,62,0,1,,,0,,,78,64
5440,note_off,,,,,63,0,5,,,4,,,78,64
5492,note_on,,,,,137,0,4,,,3,,,47,72
5496,note_on,,,,,66,0,1,,,0,,,74,70
5498,note_on,,,,,136,0,3,,,2,,,66,59
5502,note_on,,,,,119,0,2,,,1,,,71,64
5504,note_on,,,,,64,0,5,,,4,,,74,70
5539,note_off,,,,,43,0,1,,,0,,,74,64
5560,note_off,,,,,56,0,5,,,4,,,74,64
5587,note_off,,,,,95,0,4,,,3,,,47,64
5599,note_off,,,,,101,0,3,,,2,,,66,64
5610,note_on,,,,,71,0,1,,,0,,,71,60
5618,note_off,,,,,116,0,2,,,1,,,71,64
5618,note_on,,,,,58,0,5,,,4,,,71,59
5670,note_off,,,,,60,0,1,,,0,,,71,64
5684,note_off,,,,,66,0,5,,,4,,,71,64
5742,note_on,,,,,124,0,2,,,1,,,71,76
5748,note_on,,,,,149,0,3,,,2,,,66,57
5749,note_on,,,,,162,0,4,,,3,,,42,59
5758,note_on,,,,,74,0,5,,,4,,,74,63
5760,note_on,,,,,90,0,1,,,0,,,74,68
5953,note_off,,,,,204,0,4,,,3,,,42,64
5990,note_on,,,,,248,0,2,,,1,,,70,39
5992,note_on,,,,,39,0,4,,,3,,,54,53
5995,note_on,,,,,235,0,1,,,0,,,73,43
6000,note_on,,,,,242,0,5,,,4,,,73,47
6008,note_off,,,,,18,0,2,,,1,,,71,64
6009,note_off,,,,,14,0,1,,,0,,,74,64
6013,note_off,,,,,13,0,5,,,4,,,74,64
6067,note_off,,,,,75,0,4,,,3,,,54,64
6102,note_on,,,,,35,0,4,,,3,,,56,70
6160,note_off,,,,,58,0,4,,,3,,,56,64
6222,note_on,,,,,62,0,4,,,3,,,58,82
6282,note_off,,,,,60,0,4,,,3,,,58,64
6290,note_off,,,,,281,0,1,,,0,,,73,64
6306,note_off,,,,,298,0,2,,,1,,,70,64
6312,note_off,,,,,299,0,5,,,4,,,73,64
6333,note_on,,,,,51,0,4,,,3,,,54,55
6369,note_off,,,,,621,0,3,,,2,,,66,64
6391,note_off,,,,,58,0,4,,,3,,,54,64
6464,note_on,,,,,174,0,1,,,0,,,71,63
6472,note_on,,,,,81,0,4,,,3,,,59,76
6474,note_on,,,,,162,0,5,,,4,,,71,63
6484,note_on,,,,,115,0,3,,,2,,,62,66
6486,note_on,,,,,180,0,2,,,1,,,66,59
6573,note_off,,,,,89,0,3,,,2,,,62,64
6579,note_off,,,,,107,0,4,,,3,,,59,64
6588,note_off,,,,,102,0,2,,,1,,,66,64
6588,note_on,,,,,124,0,1,,,0,,,73,53
6589,note_on,,,,,115,0,5,,,4,,,73,49
6603,note_off,,,,,15,0,1,,,0,,,71,64
6609,note_off,,,,,20,0,5,,,4,,,71,64
6705,note_on,,,,,132,0,3,,,2,,,66,60
6709,note_on,,,,,130,0,4,,,3,,,47,60
6710,note_on,,,,,107,0,1,,,0,,,74,63
6712,note_off,,,,,2,0,1,,,0,,,73,64
6715,note_on,,,,,106,0,5,,,4,,,74,63
6718,note_off,,,,,3,0,5,,,4,,,73,64
6718,note_on,,,,,130,0,2,,,1,,,71,66
6775,note_off,,,,,57,0,5,,,4,,,74,64
6776,note_off,,,,,64,0,1,,,0,,,74,64
6795,note_off,,,,,90,0,3,,,2,,,66,64
6806,note_off,,,,,97,0,4,,,3,,,47,64
6812,note_off,,,,,94,0,2,,,1,,,71,64
6819,note_on,,,,,43,0,1,,,0,,,78,58
6825,note_on,,,,,50,0,5,,,4,,,78,57
6876,note_off,,,,,57,0,1,,,0,,,78,64
6879,note_off,,,,,54,0,5,,,4,,,78,64
6950,note_on,,,,,155,0,3,,,2,,,66,61
6950,note_on,,,,,138,0,2,,,1,,,71,68
6952,note_on,,,,,76,0,1,,,0,,,83,72
6955,note_on,,,,,149,0,4,,,3,,,50,70
6957,note_on,,,,,78,0,5,,,4,,,83,72
7012,note_off,,,,,60,0,1,,,0,,,83,64
7024,note_off,,,,,67,0,5,,,4,,,83,64
7040,note_off,,,,,85,0,4,,,3,,,50,64
7040,note_off,,,,,90,0,3,,,2,,,66,64
7050,note_off,,,,,100,0,2,,,1,,,71,64
7182,note_on,,,,,170,0,1,,,0,,,81,64
7192,note_on,,,,,152,0,3,,,2,,,66,68
7195,note_on,,,,,155,0,4,,,3,,,52,76
7203,note_on,,,,,153,0,2,,,1,,,71,55
7207,note_on,,,,,183,0,5,,,4,,,81,64
7306,note_on,,,,,111,0,4,,,3,,,54,64
7328,note_off,,,,,22,0,4,,,3,,,52,64
7364,note_off,,,,,182,0,1,,,0,,,81,64
7364,note_off,,,,,157,0,5,,,4,,,81,64
7368,note_on,,,,,4,0,1,,,0,,,79,36
7369,note_on,,,,,5,0,5,,,4,,,79,47
7393,note_on,,,,,24,0,5,,,4,,,81,61
7398,note_on,,,,,30,0,1,,,0,,,81,61
7400,note_off,,,,,7,0,5,,,4,,,79,64
7403,note_off,,,,,5,0,1,,,0,,,79,64
7423,note_off,,,,,95,0,4,,,3,,,54,64
7431,note_on,,,,,31,0,5,,,4,,,79,60
7433,note_on,,,,,10,0,4,,,3,,,55,74
7435,note_on,,,,,243,0,3,,,2,,,64,43
7436,note_on,,,,,33,0,1,,,0,,,79,60
7444,note_off,,,,,13,0,5,,,4,,,81,64
7447,note_off,,,,,11,0,1,,,0,,,81,64
7453,note_off,,,,,18,0,3,,,2,,,66,64
7485,note_off,,,,,52,0,4,,,3,,,55,64
7544,note_on,,,,,59,0,4,,,3,,,59,68
7606,note_off,,,,,62,0,4,,,3,,,59,64
7670,note_on,,,,,64,0,4,,,3,,,64,78
7735,note_off,,,,,65,0,4,,,3,,,64,64
7786,note_on,,,,,51,0,4,,,3,,,61,68
7802,note_off,,,,,599,0,2,,,1,,,71,64
7834,note_off,,,,,48,0,4,,,3,,,61,64
7902,note_on,,,,,100,0,2,,,1,,,73,59
7908,note_on,,,,,74,0,4,,,3,,,59,76
7978,note_off,,,,,525,0,3,,,2,,,64,64
8018,note_on,,,,,116,0,2,,,1,,,74,68
8047,note_off,,,,,29,0,2,,,1,,,73,64
8048,note_on,,,,,140,0,4,,,3,,,58,55
8050,note_off,,,,,2,0,4,,,3,,,59,64
8070,note_off,,,,,626,0,5,,,4,,,79,64
8083,note_on,,,,,33,0,4,,,3,,,59,70
8086,note_off,,,,,3,0,4,,,3,,,58,64
8089,note_off,,,,,642,0,1,,,0,,,79,64
8096,note_off,,,,,49,0,2,,,1,,,74,64
8118,note_on,,,,,32,0,4,,,3,,,58,68
8131,note_off,,,,,13,0,4,,,3,,,59,64
8133,note_on,,,,,63,0,5,,,4,,,78,55
8145,note_on,,,,,49,0,2,,,1,,,73,57
8146,note_on,,,,,57,0,1,,,0,,,78,57
8150,note_on,,,,,172,0,3,,,2,,,61,62
8151,note_on,,,,,20,0,4,,,3,,,59,78
8154,note_off,,,,,3,0,4,,,3,,,58,64
8180,note_on,,,,,26,0,4,,,3,,,58,72
8199,note_off,,,,,19,0,4,,,3,,,59,64
8248,note_off,,,,,98,0,3,,,2,,,61,64
8264,note_on,,,,,119,0,2,,,1,,,71,61
8293,note_off,,,,,29,0,2,,,1,,,73,64
8294,note_off,,,,,161,0,5,,,4,,,78,64
8317,note_off,,,,,171,0,1,,,0,,,78,64
8320,note_off,,,,,121,0,4,,,3,,,58,64
8334,note_off,,,,,41,0,2,,,1,,,71,64
8374,note_on,,,,,80,0,5,,,4,,,76,40
8378,note_on,,,,,130,0,3,,,2,,,70,64
8386,note_on,,,,,69,0,1,,,0,,,76,63
8390,note_on,,,,,56,0,2,,,1,,,73,62
8396,note_on,,,,,76,0,4,,,3,,,54,59
8474,note_off,,,,,96,0,3,,,2,,,70,64
8494,note_on,,,,,104,0,2,,,1,,,70,57
8504,note_off,,,,,108,0,4,,,3,,,54,64
8506,note_off,,,,,12,0,2,,,1,,,73,64
8532,note_off,,,,,158,0,5,,,4,,,76,64
8551,note_off,,,,,165,0,1,,,0,,,76,64
8568,note_off,,,,,62,0,2,,,1,,,70,64
8628,note_on,,,,,154,0,3,,,2,,,66,57
8630,note_on,,,,,126,0,4,,,3,,,59,66
8631,note_on,,,,,80,0,1,,,0,,,76,63
8634,note_on,,,,,102,0,5,,,4,,,76,60
8634,note_on,,,,,66,0,2,,,1,,,71,66
8722,note_on,,,,,91,0,1,,,0,,,74,43
8728,note_off,,,,,6,0,1,,,0,,,76,64
8739,note_on,,,,,105,0,5,,,4,,,74,48
8746,note_off,,,,,7,0,5,,,4,,,76,64
8756,note_off,,,,,122,0,2,,,1,,,71,64
8762,note_on,,,,,34,0,1,,,0,,,76,59
8763,note_off,,,,,1,0,1,,,0,,,74,64
8781,note_off,,,,,35,0,5,,,4,,,74,64
8782,note_on,,,,,1,0,5,,,4,,,76,52
8800,note_on,,,,,37,0,1,,,0,,,74,62
8806,note_on,,,,,24,0,5,,,4,,,74,66
8809,note_off,,,,,9,0,1,,,0,,,76,64
8814,note_off,,,,,8,0,5,,,4,,,76,64
8851,note_on,,,,,42,0,1,,,0,,,73,53
8856,note_off,,,,,5,0,1,,,0,,,74,64
8857,note_on,,,,,43,0,5,,,4,,,73,58
8863,note_off,,,,,6,0,5,,,4,,,74,64
8868,note_on,,,,,112,0,2,,,1,,,66,57
8908,note_off,,,,,278,0,4,,,3,,,59,64
8938,note_off,,,,,310,0,3,,,2,,,66,64
8959,note_off,,,,,91,0,2,,,1,,,66,64
8973,note_off,,,,,117,0,1,,,0,,,73,64
8977,note_on,,,,,0,0,5,,,4,,,74,60
8977,note_off,,,,,114,0,5,,,4,,,73,64
8977,note_on,,,,,4,0,1,,,0,,,74,55
8979,note_on,,,,,41,0,3,,,2,,,62,68
8984,note_on,,,,,76,0,4,,,3,,,47,68
9033,note_off,,,,,54,0,3,,,2,,,62,64
9044,note_off,,,,,60,0,4,,,3,,,47,64
9079,note_off,,,,,102,0,1,,,0,,,74,64
9085,note_off,,,,,108,0,5,,,4,,,74,64
9099,note_on,,,,,20,0,1,,,0,,,71,52
9103,note_on,,,,,70,0,3,,,2,,,64,62
9105,note_on,,,,,20,0,5,,,4,,,71,58
9109,note_on,,,,,65,0,4,,,3,,,49,66
9112,note_on,,,,,153,0,2,,,1,,,71,60
9164,note_off,,,,,61,0,3,,,2,,,64,64
9172,note_off,,,,,63,0,4,,,3,,,49,64
9204,note_off,,,,,92,0,2,,,1,,,71,64
9213,note_off,,,,,114,0,1,,,0,,,71,64
9220,note_off,,,,,115,0,5,,,4,,,71,64
9226,note_on,,,,,62,0,3,,,2,,,66,68
9227,note_on,,,,,55,0,4,,,3,,,50,68
9286,note_off,,,,,59,0,4,,,3,,,50,64
9288,note_off,,,,,62,0,3,,,2,,,66,64
9348,note_on,,,,,135,0,1,,,0,,,79,82
9355,note_on,,,,,135,0,5,,,4,,,79,82
9358,note_on,,,,,72,0,4,,,3,,,52,82
9358,note_on,,,,,154,0,2,,,1,,,71,72
9360,note_on,,,,,72,0,3,,,2,,,64,68
9463,note_on,,,,,115,0,1,,,0,,,78,48
9469,note_off,,,,,109,0,3,,,2,,,64,64
9470,note_on,,,,,115,0,5,,,4,,,78,50
9477,note_off,,,,,119,0,4,,,3,,,52,64
9483,note_off,,,,,20,0,1,,,0,,,79,64
9488,note_off,,,,,18,0,5,,,4,,,79,64
9499,note_off,,,,,141,0,2,,,1,,,71,64
9580,note_off,,,,,92,0,5,,,4,,,78,64
9584,note_on,,,,,4,0,5,,,4,,,76,55
9594,note_on,,,,,0,0,1,,,0,,,76,57
9594,note_on,,,,,125,0,3,,,2,,,59,57
9594,note_off,,,,,111,0,1,,,0,,,78,64
9594,note_on,,,,,117,0,4,,,3,,,55,58
9596,note_on,,,,,97,0,2,,,1,,,76,59
9639,note_off,,,,,55,0,5,,,4,,,76,64
9648,note_off,,,,,54,0,1,,,0,,,76,64
9676,note_off,,,,,82,0,3,,,2,,,59,64
9685,note_off,,,,,89,0,2,,,1,,,76,64
9699,note_off,,,,,105,0,4,,,3,,,55,64
9702,note_on,,,,,63,0,5,,,4,,,82,55
9708,note_on,,,,,60,0,1,,,0,,,82,52
9746,note_off,,,,,38,0,1,,,0,,,82,64
9748,note_off,,,,,46,0,5,,,4,,,82,64
9823,note_on,,,,,147,0,3,,,2,,,64,66
9825,note_on,,,,,140,0,2,,,1,,,79,58
9829,note_on,,,,,81,0,5,,,4,,,83,64
9830,note_on,,,,,84,0,1,,,0,,,83,50
9833,note_on,,,,,134,0,4,,,3,,,49,46
9886,note_off,,,,,56,0,1,,,0,,,83,64
9891,note_off,,,,,62,0,5,,,4,,,83,64
9918,note_off,,,,,93,0,2,,,1,,,79,64
9925,note_off,,,,,102,0,3,,,2,,,64,64
9934,note_off,,,,,101,0,4,,,3,,,49,64
9954,note_on,,,,,68,0,1,,,0,,,79,60
9955,note_on,,,,,64,0,5,,,4,,,79,58
9999,note_off,,,,,44,0,5,,,4,,,79,64
10003,note_off,,,,,49,0,1,,,0,,,79,64
10069,note_on,,,,,70,0,5,,,4,,,78,59
10072,note_on,,,,,147,0,3,,,2,,,66,64
10075,note_on,,,,,72,0,1,,,0,,,78,61
10081,note_on,,,,,147,0,4,,,3,,,50,80
10083,note_on,,,,,165,0,2,,,1,,,71,68
10186,note_on,,,,,117,0,5,,,4,,,76,57
10186,note_off,,,,,114,0,3,,,2,,,66,64
10195,note_on,,,,,120,0,1,,,0,,,76,60
10200,note_off,,,,,119,0,4,,,3,,,50,64
10214,note_off,,,,,19,0,1,,,0,,,78,64
10214,note_off,,,,,28,0,5,,,4,,,78,64
10224,note_off,,,,,141,0,2,,,1,,,71,64
10292,note_off,,,,,78,0,1,,,0,,,76,64
10297,note_off,,,,,83,0,5,,,4,,,76,64
10302,note_on,,,,,5,0,5,,,4,,,74,60
10310,note_on,,,,,110,0,4,,,3,,,54,59
10311,note_on,,,,,125,0,3,,,2,,,59,59
10312,note_on,,,,,88,0,2,,,1,,,74,62
10317,note_on,,,,,25,0,1,,,0,,,74,57
10366,note_off,,,,,64,0,5,,,4,,,74,64
10372,note_off,,,,,55,0,1,,,0,,,74,64
10406,note_off,,,,,96,0,4,,,3,,,54,64
10407,note_off,,,,,96,0,3,,,2,,,59,64
10414,note_off,,,,,102,0,2,,,1,,,74,64
10422,note_on,,,,,56,0,5,,,4,,,82,59
10426,note_on,,,,,54,0,1,,,0,,,82,57
10476,note_off,,,,,50,0,1,,,0,,,82,64
10481,note_off,,,,,59,0,5,,,4,,,82,64
10539,note_on,,,,,133,0,4,,,3,,,47,58
10544,note_on,,,,,130,0,2,,,1,,,78,59
10549,note_on,,,,,142,0,3,,,2,,,62,66
10549,note_on,,,,,73,0,1,,,0,,,83,57
10552,note_on,,,,,71,0,5,,,4,,,83,68
10598,note_off,,,,,49,0,1,,,0,,,83,64
10606,note_off,,,,,54,0,5,,,4,,,83,64
10642,note_off,,,,,98,0,2,,,1,,,78,64
10645,note_off,,,,,106,0,4,,,3,,,47,64
10654,note_off,,,,,105,0,3,,,2,,,62,64
10666,note_on,,,,,68,0,1,,,0,,,78,59
10668,note_on,,,,,62,0,5,,,4,,,78,64
10710,note_off,,,,,42,0,5,,,4,,,78,64
10714,note_off,,,,,48,0,1,,,0,,,78,64
10784,note_on,,,,,142,0,2,,,1,,,70,63
10790,note_on,,,,,76,0,1,,,0,,,76,66
10794,note_on,,,,,84,0,5,,,4,,,76,70
10794,note_on,,,,,149,0,4,,,3,,,49,70
10797,note_on,,,,,143,0,3,,,2,,,64,66
10897,note_on,,,,,103,0,5,,,4,,,74,57
10899,note_on,,,,,109,0,1,,,0,,,74,57
10900,note_off,,,,,116,0,2,,,1,,,70,64
10903,note_off,,,,,106,0,3,,,2,,,64,64
10908,note_off,,,,,114,0,4,,,3,,,49,64
10920,note_off,,,,,21,0,1,,,0,,,76,64
10922,note_off,,,,,25,0,5,,,4,,,76,64
11018,note_off,,,,,98,0,1,,,0,,,74,64
11019,note_on,,,,,97,0,5,,,4,,,73,56
11023,note_on,,,,,5,0,1,,,0,,,73,52
11023,note_off,,,,,4,0,5,,,4,,,74,64
11029,note_on,,,,,121,0,4,,,3,,,46,63
11031,note_on,,,,,128,0,3,,,2,,,66,60
11031,note_on,,,,,131,0,2,,,1,,,73,58
11086,note_off,,,,,63,0,1,,,0,,,73,64
11086,note_off,,,,,63,0,5,,,4,,,73,64
11124,note_off,,,,,95,0,4,,,3,,,46,64
11128,note_on,,,,,42,0,1,,,0,,,78,60
11131,note_off,,,,,100,0,3,,,2,,,66,64
11134,note_on,,,,,48,0,5,,,4,,,78,61
11134,note_off,,,,,103,0,2,,,1,,,73,64
11188,note_off,,,,,60,0,1,,,0,,,78,64
11199,note_off,,,,,65,0,5,,,4,,,78,64
11258,note_on,,,,,70,0,1,,,0,,,74,70
11263,note_on,,,,,64,0,5,,,4,,,74,68
11264,note_on,,,,,130,0,2,,,1,,,71,68
11266,note_on,,,,,135,0,3,,,2,,,66,60
11272,note_on,,,,,148,0,4,,,3,,,47,78
11314,note_off,,,,,56,0,1,,,0,,,74,64
11329,note_off,,,,,66,0,5,,,4,,,74,64
11362,note_off,,,,,90,0,4,,,3,,,47,64
11364,note_off,,,,,98,0,3,,,2,,,66,64
11372,note_on,,,,,43,0,5,,,4,,,71,57
11376,note_off,,,,,112,0,2,,,1,,,71,64
11378,note_on,,,,,64,0,1,,,0,,,71,61
11436,note_off,,,,,64,0,5,,,4,,,71,64
11442,note_off,,,,,64,0,1,,,0,,,71,64
11504,note_on,,,,,68,0,5,,,4,,,74,70
11506,note_on,,,,,64,0,1,,,0,,,74,70
11510,note_on,,,,,134,0,2,,,1,,,71,64
11511,note_on,,,,,147,0,3,,,2,,,66,59
11523,note_on,,,,,161,0,4,,,3,,,42,61
11617,note_on,,,,,107,0,2,,,1,,,70,58
11624,note_off,,,,,7,0,2,,,1,,,71,64
11638,note_off,,,,,132,0,1,,,0,,,74,64
11640,note_on,,,,,2,0,1,,,0,,,73,38
11658,note_on,,,,,34,0,2,,,1,,,71,64
11660,note_off,,,,,2,0,2,,,1,,,70,64
11671,note_on,,,,,31,0,1,,,0,,,74,63
11677,note_off,,,,,6,0,1,,,0,,,73,64
11680,note_on,,,,,176,0,5,,,4,,,73,42
11684,note_off,,,,,4,0,5,,,4,,,74,64
11692,note_on,,,,,32,0,2,,,1,,,70,60
11703,note_on,,,,,26,0,1,,,0,,,73,54
11703,note_off,,,,,11,0,2,,,1,,,71,64
11710,note_off,,,,,7,0,1,,,0,,,74,64
11713,note_on,,,,,29,0,5,,,4,,,74,62
11719,note_off,,,,,6,0,5,,,4,,,73,64
11720,note_off,,,,,17,0,2,,,1,,,70,64
11720,note_on,,,,,0,0,2,,,1,,,71,68
11727,note_on,,,,,17,0,1,,,0,,,74,66
11734,note_off,,,,,7,0,1,,,0,,,73,64
11749,note_on,,,,,29,0,2,,,1,,,70,68
11749,note_on,,,,,30,0,5,,,4,,,73,57
11756,note_on,,,,,22,0,1,,,0,,,73,58
11763,note_off,,,,,14,0,5,,,4,,,74,64
11764,note_off,,,,,15,0,2,,,1,,,71,64
11773,note_off,,,,,17,0,1,,,0,,,74,64
12026,note_off,,,,,253,0,1,,,0,,,73,64
12038,note_off,,,,,527,0,3,,,2,,,66,64
12039,note_off,,,,,516,0,4,,,3,,,42,64
12040,note_off,,,,,276,0,2,,,1,,,70,64
12044,note_off,,,,,281,0,5,,,4,,,73,64
12224,note_on,,,,,12224,0,9,,,3,,,46,52
12225,note_on,,,,,12225,0,6,,,0,,,66,82
12226,note_on,,,,,12226,0,8,,,2,,,61,56
12229,note_on,,,,,12229,0,10,,,4,,,66,59
12242,note_on,,,,,12242,0,7,,,1,,,66,53
12333,note_off,,,,,109,0,9,,,3,,,46,64
12344,note_on,,,,,119,0,6,,,0,,,68,64
12354,note_on,,,,,125,0,10,,,4,,,68,68
12358,note_off,,,,,132,0,8,,,2,,,61,64
12373,note_off,,,,,29,0,6,,,0,,,66,64
12375,note_off,,,,,133,0,7,,,1,,,66,64
12384,note_off,,,,,30,0,10,,,4,,,66,64
12452,note_off,,,,,79,0,6,,,0,,,68,64
12463,note_on,,,,,11,0,6,,,0,,,70,59
12464,note_on,,,,,106,0,8,,,2,,,66,59
12468,note_on,,,,,84,0,10,,,4,,,70,66
12469,note_off,,,,,1,0,10,,,4,,,68,64
12471,note_on,,,,,138,0,9,,,3,,,42,60
12473,note_on,,,,,98,0,7,,,1,,,73,52
12512,note_off,,,,,43,0,10,,,4,,,70,64
12512,note_off,,,,,49,0,6,,,0,,,70,64
12571,note_off,,,,,100,0,9,,,3,,,42,64
12580,note_off,,,,,116,0,8,,,2,,,66,64
12585,note_on,,,,,73,0,10,,,4,,,73,51
12586,note_on,,,,,74,0,6,,,0,,,73,54
12599,note_off,,,,,126,0,7,,,1,,,73,64
12624,note_off,,,,,39,0,10,,,4,,,73,64
12636,note_off,,,,,50,0,6,,,0,,,73,64
12706,note_on,,,,,126,0,8,,,2,,,66,61
12707,note_on,,,,,108,0,7,,,1,,,73,57
12711,note_on,,,,,140,0,9,,,3,,,46,64
12712,note_on,,,,,76,0,6,,,0,,,78,68
12716,note_on,,,,,92,0,10,,,4,,,78,60
12783,note_off,,,,,71,0,6,,,0,,,78,64
12794,note_off,,,,,78,0,10,,,4,,,78,64
12796,note_off,,,,,85,0,9,,,3,,,46,64
12813,note_off,,,,,107,0,8,,,2,,,66,64
12819,note_off,,,,,112,0,7,,,1,,,73,64
12945,note_on,,,,,149,0,9,,,3,,,47,78
12950,note_on,,,,,156,0,10,,,4,,,76,63
12953,note_on,,,,,134,0,7,,,1,,,71,52
12954,note_on,,,,,141,0,8,,,2,,,66,57
12956,note_on,,,,,173,0,6,,,0,,,76,80
13063,note_on,,,,,118,0,9,,,3,,,49,66
13081,note_off,,,,,18,0,9,,,3,,,47,64
13160,note_off,,,,,79,0,9,,,3,,,49,64
13180,note_on,,,,,20,0,9,,,3,,,50,66
13184,note_on,,,,,234,0,10,,,4,,,74,44
13195,note_off,,,,,11,0,10,,,4,,,76,64
13213,note_on,,,,,257,0,6,,,0,,,74,47
13221,note_off,,,,,8,0,6,,,0,,,76,64
13249,note_off,,,,,69,0,9,,,3,,,50,64
13294,note_on,,,,,45,0,9,,,3,,,54,66
13359,note_off,,,,,65,0,9,,,3,,,54,64
13418,note_on,,,,,59,0,9,,,3,,,59,70
13478,note_off,,,,,60,0,9,,,3,,,59,64
13507,note_off,,,,,286,0,6,,,0,,,74,64
13515,note_off,,,,,562,0,7,,,1,,,71,64
13522,note_off,,,,,327,0,10,,,4,,,74,64
13528,note_on,,,,,50,0,9,,,3,,,47,58
13551,note_off,,,,,597,0,8,,,2,,,66,64
13614,note_off,,,,,86,0,9,,,3,,,47,64
13662,note_on,,,,,48,0,9,,,3,,,49,66
13664,note_on,,,,,149,0,7,,,1,,,64,63
13666,note_on,,,,,159,0,6,,,0,,,69,82
13670,note_on,,,,,148,0,10,,,4,,,69,58
13678,note_on,,,,,127,0,8,,,2,,,69,70
13774,note_off,,,,,112,0,9,,,3,,,49,64
13788,note_off,,,,,110,0,8,,,2,,,69,64
13791,note_off,,,,,127,0,7,,,1,,,64,64
13796,note_on,,,,,126,0,10,,,4,,,71,66
13800,note_on,,,,,134,0,6,,,0,,,71,66
13819,note_off,,,,,23,0,10,,,4,,,69,64
13826,note_off,,,,,26,0,6,,,0,,,69,64
13906,note_off,,,,,87,0,10,,,4,,,71,64
13908,note_on,,,,,117,0,7,,,1,,,69,59
13908,note_on,,,,,120,0,8,,,2,,,64,64
13908,note_on,,,,,134,0,9,,,3,,,45,58
13910,note_on,,,,,4,0,10,,,4,,,73,57
13912,note_off,,,,,86,0,6,,,0,,,71,64
13916,note_on,,,,,4,0,6,,,0,,,73,61
13962,note_off,,,,,46,0,6,,,0,,,73,64
13968,note_off,,,,,58,0,10,,,4,,,73,64
14017,note_off,,,,,109,0,9,,,3,,,45,64
14019,note_off,,,,,111,0,7,,,1,,,69,64
14025,note_on,,,,,57,0,10,,,4,,,76,76
14026,note_on,,,,,64,0,6,,,0,,,76,60
14032,note_off,,,,,124,0,8,,,2,,,64,64
14070,note_off,,,,,45,0,10,,,4,,,76,64
14070,note_off,,,,,44,0,6,,,0,,,76,64
14138,note_on,,,,,119,0,7,,,1,,,69,63
14144,note_on,,,,,127,0,9,,,3,,,49,61
14146,note_on,,,,,76,0,10,,,4,,,81,80
14151,note_on,,,,,119,0,8,,,2,,,64,66
14152,note_on,,,,,82,0,6,,,0,,,81,70
14222,note_off,,,,,70,0,6,,,0,,,81,64
14228,note_off,,,,,82,0,10,,,4,,,81,64
14238,note_off,,,,,94,0,9,,,3,,,49,64
14248,note_off,,,,,110,0,7,,,1,,,69,64
14272,note_off,,,,,121,0,8,,,2,,,64,64
14388,note_on,,,,,160,0,10,,,4,,,79,80
14388,note_on,,,,,140,0,7,,,1,,,69,58
14389,note_on,,,,,151,0,9,,,3,,,50,80
14390,note_on,,,,,168,0,6,,,0,,,79,82
14398,note_on,,,,,126,0,8,,,2,,,62,60
14504,note_on,,,,,115,0,9,,,3,,,52,76
14518,note_off,,,,,14,0,9,,,3,,,50,64
14588,note_off,,,,,70,0,9,,,3,,,52,64
14616,note_on,,,,,28,0,9,,,3,,,54,60
14628,note_on,,,,,240,0,10,,,4,,,78,47
14634,note_on,,,,,244,0,6,,,0,,,78,52
14638,note_off,,,,,10,0,10,,,4,,,79,64
14642,note_off,,,,,8,0,6,,,0,,,79,64
14684,note_off,,,,,68,0,9,,,3,,,54,64
14720,note_on,,,,,36,0,9,,,3,,,57,60
14764,note_off,,,,,44,0,9,,,3,,,57,64
14865,note_on,,,,,101,0,9,,,3,,,62,56
14904,note_off,,,,,266,0,10,,,4,,,78,64
14931,note_off,,,,,289,0,6,,,0,,,78,64
14932,note_off,,,,,67,0,9,,,3,,,62,64
14945,note_off,,,,,557,0,7,,,1,,,69,64
14974,note_off,,,,,576,0,8,,,2,,,62,64
14976,note_on,,,,,44,0,9,,,3,,,50,52
15052,note_off,,,,,76,0,9,,,3,,,50,64
15098,note_on,,,,,124,0,8,,,2,,,62,66
15103,note_on,,,,,199,0,10,,,4,,,71,78
15106,note_on,,,,,54,0,9,,,3,,,55,66
15106,note_on,,,,,175,0,6,,,0,,,71,82
15111,note_on,,,,,166,0,7,,,1,,,67,66
15199,note_off,,,,,93,0,9,,,3,,,55,64
15225,note_on,,,,,122,0,10,,,4,,,69,62
15229,note_on,,,,,123,0,6,,,0,,,69,68
15232,note_off,,,,,134,0,8,,,2,,,62,64
15233,note_off,,,,,122,0,7,,,1,,,67,64
15243,note_off,,,,,18,0,10,,,4,,,71,64
15252,note_off,,,,,23,0,6,,,0,,,71,64
15322,note_off,,,,,70,0,6,,,0,,,69,64
15322,note_off,,,,,79,0,10,,,4,,,69,64
15338,note_on,,,,,16,0,6,,,0,,,67,60
15342,note_on,,,,,110,0,8,,,2,,,67,61
15342,note_on,,,,,20,0,10,,,4,,,67,52
15351,note_on,,,,,118,0,7,,,1,,,62,60
15352,note_on,,,,,153,0,9,,,3,,,59,64
15390,note_off,,,,,52,0,6,,,0,,,67,64
15397,note_off,,,,,55,0,10,,,4,,,67,64
15445,note_off,,,,,93,0,9,,,3,,,59,64
15453,note_off,,,,,102,0,7,,,1,,,62,64
15456,note_on,,,,,66,0,6,,,0,,,73,63
15456,note_off,,,,,114,0,8,,,2,,,67,64
15457,note_on,,,,,60,0,10,,,4,,,73,62
15496,note_off,,,,,40,0,6,,,0,,,73,64
15499,note_off,,,,,42,0,10,,,4,,,73,64
15577,note_on,,,,,78,0,10,,,4,,,74,68
15578,note_on,,,,,82,0,6,,,0,,,74,68
15580,note_on,,,,,124,0,8,,,2,,,71,63
15589,note_on,,,,,136,0,7,,,1,,,67,64
15591,note_on,,,,,146,0,9,,,3,,,52,68
15639,note_off,,,,,61,0,6,,,0,,,74,64
15642,note_off,,,,,65,0,10,,,4,,,74,64
15687,note_off,,,,,96,0,9,,,3,,,52,64
15688,note_off,,,,,99,0,7,,,1,,,67,64
15698,note_off,,,,,118,0,8,,,2,,,71,64
15703,note_on,,,,,61,0,10,,,4,,,71,66
15704,note_on,,,,,65,0,6,,,0,,,71,66
15754,note_off,,,,,50,0,6,,,0,,,71,64
15757,note_off,,,,,54,0,10,,,4,,,71,64
15823,note_on,,,,,66,0,10,,,4,,,69,82
15832,note_on,,,,,78,0,6,,,0,,,69,82
15834,note_on,,,,,136,0,8,,,2,,,62,70
15839,note_on,,,,,151,0,7,,,1,,,69,78
15840,note_on,,,,,153,0,9,,,3,,,54,68
15928,note_on,,,,,105,0,10,,,4,,,67,60
15939,note_on,,,,,107,0,6,,,0,,,67,61
15943,note_off,,,,,109,0,8,,,2,,,62,64
15946,note_off,,,,,106,0,9,,,3,,,54,64
15949,note_off,,,,,21,0,10,,,4,,,69,64
15962,note_off,,,,,23,0,6,,,0,,,69,64
15966,note_off,,,,,127,0,7,,,1,,,69,64
16054,note_off,,,,,92,0,6,,,0,,,67,64
16059,note_off,,,,,110,0,10,,,4,,,67,64
16059,note_on,,,,,116,0,8,,,2,,,66,60
16060,note_on,,,,,6,0,6,,,0,,,66,58
16060,note_on,,,,,1,0,10,,,4,,,66,60
16071,note_on,,,,,125,0,9,,,3,,,57,76
16071,note_on,,,,,105,0,7,,,1,,,62,60
16125,note_off,,,,,65,0,6,,,0,,,66,64
16140,note_off,,,,,80,0,10,,,4,,,66,64
16153,note_off,,,,,82,0,9,,,3,,,57,64
16168,note_off,,,,,109,0,8,,,2,,,66,64
16176,note_on,,,,,51,0,6,,,0,,,73,57
16179,note_on,,,,,39,0,10,,,4,,,73,57
16182,note_off,,,,,111,0,7,,,1,,,62,64
16240,note_off,,,,,64,0,6,,,0,,,73,64
16244,note_off,,,,,65,0,10,,,4,,,73,64
16294,note_on,,,,,54,0,6,,,0,,,74,76
16298,note_on,,,,,54,0,10,,,4,,,74,66
16304,note_on,,,,,136,0,8,,,2,,,69,68
16311,note_on,,,,,129,0,7,,,1,,,66,61
16316,note_on,,,,,163,0,9,,,3,,,50,74
16347,note_off,,,,,53,0,6,,,0,,,74,64
16353,note_off,,,,,55,0,10,,,4,,,74,64
16400,note_off,,,,,84,0,9,,,3,,,50,64
16408,note_on,,,,,61,0,6,,,0,,,69,63
16418,note_on,,,,,65,0,10,,,4,,,69,78
16419,note_off,,,,,115,0,8,,,2,,,69,64
16421,note_off,,,,,110,0,7,,,1,,,66,64
16466,note_off,,,,,58,0,6,,,0,,,69,64
16472,note_off,,,,,54,0,10,,,4,,,69,64
16540,note_on,,,,,74,0,6,,,0,,,67,59
16545,note_on,,,,,73,0,10,,,4,,,67,74
16546,note_on,,,,,127,0,8,,,2,,,62,63
16550,note_on,,,,,150,0,9,,,3,,,47,68
16551,note_on,,,,,130,0,7,,,1,,,55,68
16623,note_off,,,,,83,0,6,,,0,,,67,64
16639,note_off,,,,,93,0,8,,,2,,,62,64
16646,note_off,,,,,101,0,10,,,4,,,67,64
16652,note_off,,,,,102,0,9,,,3,,,47,64
16678,note_off,,,,,127,0,7,,,1,,,55,64
16786,note_on,,,,,134,0,9,,,3,,,43,64
16788,note_on,,,,,149,0,8,,,2,,,62,72
16790,note_on,,,,,167,0,6,,,0,,,66,61
16790,note_on,,,,,144,0,10,,,4,,,66,64
16796,note_on,,,,,118,0,7,,,1,,,59,66
16881,note_off,,,,,91,0,6,,,0,,,66,64
16885,note_off,,,,,99,0,9,,,3,,,43,64
16892,note_off,,,,,102,0,10,,,4,,,66,64
16894,note_off,,,,,106,0,8,,,2,,,62,64
16904,note_off,,,,,108,0,7,,,1,,,59,64
17016,note_on,,,,,135,0,6,,,0,,,66,68
17019,note_on,,,,,127,0,10,,,4,,,66,80
17030,note_on,,,,,136,0,8,,,2,,,57,64
17034,note_on,,,,,130,0,7,,,1,,,61,58
17035,note_on,,,,,150,0,9,,,3,,,45,66
17054,note_on,,,,,38,0,6,,,0,,,64,60
17054,note_on,,,,,35,0,10,,,4,,,64,68
17058,note_off,,,,,4,0,10,,,4,,,66,64
17059,note_off,,,,,5,0,6,,,0,,,66,64
17088,note_on,,,,,29,0,6,,,0,,,66,70
17091,note_on,,,,,33,0,10,,,4,,,66,64
17096,note_off,,,,,8,0,6,,,0,,,64,64
17098,note_off,,,,,7,0,10,,,4,,,64,64
17121,note_on,,,,,25,0,6,,,0,,,64,66
17122,note_on,,,,,24,0,10,,,4,,,64,63
17127,note_off,,,,,92,0,9,,,3,,,45,64
17134,note_off,,,,,13,0,6,,,0,,,66,64
17139,note_off,,,,,17,0,10,,,4,,,66,64
17145,note_off,,,,,111,0,7,,,1,,,61,64
17148,note_off,,,,,118,0,8,,,2,,,57,64
17187,note_off,,,,,53,0,6,,,0,,,64,64
17190,note_off,,,,,51,0,10,,,4,,,64,64
17273,note_on,,,,,146,0,9,,,3,,,38,70
17275,note_on,,,,,88,0,6,,,0,,,62,57
17276,note_on,,,,,128,0,8,,,2,,,54,63
17280,note_on,,,,,90,0,10,,,4,,,62,57
17286,note_on,,,,,141,0,7,,,1,,,57,57
17384,note_on,,,,,111,0,9,,,3,,,42,60
17410,note_off,,,,,26,0,9,,,3,,,38,64
17509,note_on,,,,,99,0,9,,,3,,,45,64
17522,note_off,,,,,13,0,9,,,3,,,42,64
17624,note_on,,,,,102,0,9,,,3,,,50,63
17629,note_off,,,,,5,0,9,,,3,,,45,64
17743,note_on,,,,,114,0,9,,,3,,,54,60
17746,note_off,,,,,3,0,9,,,3,,,50,64
17762,note_off,,,,,482,0,10,,,4,,,62,64
17779,note_off,,,,,504,0,6,,,0,,,62,64
17784,note_off,,,,,498,0,7,,,1,,,57,64
17800,note_off,,,,,524,0,8,,,2,,,54,64
17829,note_off,,,,,83,0,9,,,3,,,54,64
17850,note_on,,,,,21,0,9,,,3,,,57,74
17938,note_off,,,,,88,0,9,,,3,,,57,64
17983,note_on,,,,,45,0,9,,,3,,,47,70
17988,note_on,,,,,226,0,10,,,4,,,78,74
17992,note_on,,,,,213,0,6,,,0,,,78,80
17997,note_on,,,,,213,0,7,,,1,,,75,70
18006,note_on,,,,,206,0,8,,,2,,,59,60
18101,note_on,,,,,104,0,7,,,1,,,76,68
18102,note_on,,,,,114,0,10,,,4,,,76,63
18106,note_off,,,,,5,0,7,,,1,,,75,64
18106,note_on,,,,,114,0,6,,,0,,,76,68
18120,note_off,,,,,137,0,9,,,3,,,47,64
18122,note_off,,,,,20,0,10,,,4,,,78,64
18123,note_off,,,,,117,0,8,,,2,,,59,64
18133,note_off,,,,,27,0,6,,,0,,,78,64
18189,note_off,,,,,56,0,6,,,0,,,76,64
18211,note_off,,,,,89,0,10,,,4,,,76,64
18216,note_on,,,,,5,0,10,,,4,,,75,57
18218,note_on,,,,,29,0,6,,,0,,,75,56
18220,note_off,,,,,114,0,7,,,1,,,76,64
18225,note_on,,,,,5,0,7,,,1,,,78,52
18230,note_on,,,,,110,0,9,,,3,,,59,80
18238,note_on,,,,,115,0,8,,,2,,,59,64
18265,note_off,,,,,49,0,10,,,4,,,75,64
18276,note_off,,,,,58,0,6,,,0,,,75,64
18322,note_off,,,,,97,0,7,,,1,,,78,64
18328,note_on,,,,,63,0,10,,,4,,,71,60
18331,note_off,,,,,101,0,9,,,3,,,59,64
18336,note_on,,,,,60,0,6,,,0,,,71,61
18351,note_off,,,,,113,0,8,,,2,,,59,64
18385,note_off,,,,,57,0,10,,,4,,,71,64
18392,note_off,,,,,56,0,6,,,0,,,71,64
18465,note_on,,,,,80,0,10,,,4,,,81,66
18468,note_on,,,,,76,0,6,,,0,,,81,72
18471,note_on,,,,,140,0,9,,,3,,,51,68
18471,note_on,,,,,149,0,7,,,1,,,78,64
18474,note_on,,,,,123,0,8,,,2,,,59,57
18536,note_off,,,,,68,0,6,,,0,,,81,64
18538,note_off,,,,,73,0,10,,,4,,,81,64
18552,note_off,,,,,81,0,7,,,1,,,78,64
18567,note_off,,,,,96,0,9,,,3,,,51,64
18579,note_off,,,,,105,0,8,,,2,,,59,64
18705,note_on,,,,,138,0,9,,,3,,,52,76
18710,note_on,,,,,158,0,7,,,1,,,76,68
18715,note_on,,,,,177,0,10,,,4,,,81,72
18715,note_on,,,,,179,0,6,,,0,,,81,72
18727,note_on,,,,,148,0,8,,,2,,,59,52
18818,note_on,,,,,113,0,9,,,3,,,54,61
18835,note_off,,,,,17,0,9,,,3,,,52,64
18928,note_off,,,,,93,0,9,,,3,,,54,64
18939,note_on,,,,,11,0,9,,,3,,,55,68
18948,note_on,,,,,233,0,6,,,0,,,79,62
18949,note_on,,,,,234,0,10,,,4,,,79,57
18979,note_off,,,,,31,0,6,,,0,,,81,64
18980,note_off,,,,,31,0,10,,,4,,,81,64
19021,note_off,,,,,82,0,9,,,3,,,55,64
19050,note_on,,,,,29,0,9,,,3,,,59,66
19114,note_off,,,,,64,0,9,,,3,,,59,64
19174,note_on,,,,,60,0,9,,,3,,,64,66
19230,note_off,,,,,520,0,7,,,1,,,76,64
19232,note_off,,,,,58,0,9,,,3,,,64,64
19244,note_off,,,,,265,0,6,,,0,,,79,64
19274,note_off,,,,,294,0,10,,,4,,,79,64
19288,note_on,,,,,56,0,9,,,3,,,52,58
19303,note_off,,,,,576,0,8,,,2,,,59,64
19364,note_off,,,,,76,0,9,,,3,,,52,64
19417,note_on,,,,,53,0,9,,,3,,,57,64
19420,note_on,,,,,117,0,8,,,2,,,57,56
19424,note_on,,,,,180,0,6,,,0,,,73,63
19431,note_on,,,,,201,0,7,,,1,,,64,63
19434,note_on,,,,,160,0,10,,,4,,,73,72
19514,note_off,,,,,97,0,9,,,3,,,57,64
19536,note_on,,,,,112,0,6,,,0,,,74,74
19544,note_on,,,,,110,0,10,,,4,,,74,72
19545,note_off,,,,,114,0,7,,,1,,,64,64
19560,note_off,,,,,140,0,8,,,2,,,57,64
19573,note_off,,,,,29,0,10,,,4,,,73,64
19575,note_off,,,,,39,0,6,,,0,,,73,64
19650,note_off,,,,,75,0,6,,,0,,,74,64
19654,note_off,,,,,81,0,10,,,4,,,74,64
19658,note_on,,,,,8,0,6,,,0,,,76,60
19661,note_on,,,,,116,0,7,,,1,,,69,64
19662,note_on,,,,,8,0,10,,,4,,,76,61
19666,note_on,,,,,152,0,9,,,3,,,49,68
19671,note_on,,,,,111,0,8,,,2,,,57,70
19708,note_off,,,,,50,0,6,,,0,,,76,64
19713,note_off,,,,,51,0,10,,,4,,,76,64
19760,note_off,,,,,94,0,9,,,3,,,49,64
19768,note_off,,,,,107,0,7,,,1,,,69,64
19768,note_on,,,,,60,0,6,,,0,,,81,66
19774,note_on,,,,,61,0,10,,,4,,,81,68
19788,note_off,,,,,117,0,8,,,2,,,57,64
19822,note_off,,,,,54,0,6,,,0,,,81,64
19830,note_off,,,,,56,0,10,,,4,,,81,64
19896,note_on,,,,,136,0,9,,,3,,,45,64
19897,note_on,,,,,109,0,8,,,2,,,57,70
19899,note_on,,,,,131,0,7,,,1,,,73,64
19900,note_on,,,,,78,0,6,,,0,,,79,70
19909,note_on,,,,,79,0,10,,,4,,,79,74
19975,note_off,,,,,75,0,6,,,0,,,79,64
19986,note_off,,,,,77,0,10,,,4,,,79,64
19989,note_off,,,,,93,0,9,,,3,,,45,64
20004,note_off,,,,,105,0,7,,,1,,,73,64
20008,note_off,,,,,111,0,8,,,2,,,57,64
20146,note_on,,,,,142,0,7,,,1,,,74,68
20150,note_on,,,,,175,0,6,,,0,,,79,76
20150,note_on,,,,,142,0,8,,,2,,,57,66
20156,note_on,,,,,167,0,9,,,3,,,38,70
20158,note_on,,,,,172,0,10,,,4,,,79,80
20257,note_on,,,,,101,0,9,,,3,,,40,60
20287,note_off,,,,,30,0,9,,,3,,,38,64
20382,note_off,,,,,95,0,9,,,3,,,40,64
20383,note_on,,,,,1,0,9,,,3,,,42,66
20385,note_on,,,,,235,0,6,,,0,,,78,52
20407,note_on,,,,,249,0,10,,,4,,,78,53
20407,note_off,,,,,22,0,6,,,0,,,79,64
20413,note_off,,,,,6,0,10,,,4,,,79,64
20494,note_off,,,,,111,0,9,,,3,,,42,64
20496,note_on,,,,,2,0,9,,,3,,,45,63
20589,note_off,,,,,93,0,9,,,3,,,45,64
20606,note_on,,,,,17,0,9,,,3,,,50,66
20652,note_off,,,,,502,0,8,,,2,,,57,64
20691,note_off,,,,,284,0,6,,,0,,,78,64
20698,note_off,,,,,92,0,9,,,3,,,50,64
20702,note_off,,,,,289,0,10,,,4,,,78,64
20720,note_on,,,,,22,0,9,,,3,,,54,64
20723,note_off,,,,,577,0,7,,,1,,,74,64
20806,note_off,,,,,86,0,9,,,3,,,54,64
20848,note_on,,,,,42,0,9,,,3,,,49,66
20863,note_on,,,,,172,0,6,,,0,,,70,64
20864,note_on,,,,,212,0,8,,,2,,,67,66
20866,note_on,,,,,143,0,7,,,1,,,76,64
20882,note_on,,,,,180,0,10,,,4,,,70,64
20961,note_off,,,,,113,0,9,,,3,,,49,64
20978,note_off,,,,,112,0,7,,,1,,,76,64
20990,note_on,,,,,127,0,6,,,0,,,71,60
20995,note_on,,,,,113,0,10,,,4,,,71,60
21022,note_off,,,,,32,0,6,,,0,,,70,64
21026,note_off,,,,,162,0,8,,,2,,,67,64
21032,note_off,,,,,37,0,10,,,4,,,70,64
21096,note_off,,,,,74,0,6,,,0,,,71,64
21102,note_on,,,,,6,0,6,,,0,,,73,60
21115,note_on,,,,,89,0,8,,,2,,,66,53
21117,note_on,,,,,139,0,7,,,1,,,70,60
21117,note_on,,,,,156,0,9,,,3,,,42,66
21120,note_on,,,,,88,0,10,,,4,,,73,58
21131,note_off,,,,,11,0,10,,,4,,,71,64
21151,note_off,,,,,49,0,6,,,0,,,73,64
21183,note_off,,,,,52,0,10,,,4,,,73,64
21207,note_off,,,,,90,0,7,,,1,,,70,64
21213,note_on,,,,,62,0,6,,,0,,,76,78
21218,note_off,,,,,101,0,9,,,3,,,42,64
21228,note_on,,,,,45,0,10,,,4,,,76,70
21229,note_off,,,,,114,0,8,,,2,,,66,64
21272,note_off,,,,,59,0,6,,,0,,,76,64
21274,note_off,,,,,46,0,10,,,4,,,76,64
21336,note_on,,,,,118,0,9,,,3,,,47,64
21340,note_on,,,,,68,0,6,,,0,,,74,76
21346,note_on,,,,,72,0,10,,,4,,,74,66
21346,note_on,,,,,117,0,8,,,2,,,66,60
21350,note_on,,,,,143,0,7,,,1,,,71,66
21400,note_off,,,,,54,0,10,,,4,,,74,64
21403,note_off,,,,,63,0,6,,,0,,,74,64
21440,note_off,,,,,104,0,9,,,3,,,47,64
21459,note_on,,,,,59,0,10,,,4,,,71,61
21459,note_off,,,,,113,0,8,,,2,,,66,64
21465,note_on,,,,,62,0,6,,,0,,,71,70
21496,note_off,,,,,37,0,10,,,4,,,71,64
21508,note_off,,,,,43,0,6,,,0,,,71,64
21586,note_on,,,,,127,0,8,,,2,,,64,66
21591,note_on,,,,,95,0,10,,,4,,,67,72
21595,note_on,,,,,87,0,6,,,0,,,67,85
21600,note_on,,,,,160,0,9,,,3,,,40,70
21710,note_on,,,,,119,0,10,,,4,,,66,54
21715,note_on,,,,,120,0,6,,,0,,,66,57
21724,note_off,,,,,138,0,8,,,2,,,64,64
21728,note_off,,,,,378,0,7,,,1,,,71,64
21728,note_off,,,,,128,0,9,,,3,,,40,64
21728,note_off,,,,,18,0,10,,,4,,,67,64
21732,note_off,,,,,17,0,6,,,0,,,67,64
21804,note_off,,,,,72,0,6,,,0,,,66,64
21810,note_off,,,,,82,0,10,,,4,,,66,64
21826,note_on,,,,,102,0,8,,,2,,,59,62
21827,note_on,,,,,99,0,7,,,1,,,76,64
21831,note_on,,,,,103,0,9,,,3,,,55,74
21831,note_on,,,,,27,0,6,,,0,,,64,66
21834,note_on,,,,,24,0,10,,,4,,,64,64
21876,note_off,,,,,45,0,6,,,0,,,64,64
21877,note_off,,,,,43,0,10,,,4,,,64,64
21921,note_off,,,,,90,0,9,,,3,,,55,64
21936,note_off,,,,,109,0,7,,,1,,,76,64
21942,note_on,,,,,21,0,9,,,3,,,54,59
21946,note_on,,,,,70,0,6,,,0,,,74,58
21950,note_on,,,,,73,0,10,,,4,,,74,64
21958,note_off,,,,,132,0,8,,,2,,,59,64
21997,note_off,,,,,51,0,6,,,0,,,74,64
22008,note_off,,,,,58,0,10,,,4,,,74,64
22020,note_off,,,,,78,0,9,,,3,,,54,64
22056,note_on,,,,,120,0,7,,,1,,,79,70
22056,note_on,,,,,36,0,9,,,3,,,52,61
22068,note_on,,,,,71,0,6,,,0,,,73,56
22069,note_on,,,,,61,0,10,,,4,,,73,68
22071,note_on,,,,,113,0,8,,,2,,,61,56
22111,note_off,,,,,42,0,10,,,4,,,73,64
22138,note_off,,,,,70,0,6,,,0,,,73,64
22148,note_off,,,,,92,0,9,,,3,,,52,64
22173,note_on,,,,,25,0,9,,,3,,,54,63
22178,note_on,,,,,67,0,10,,,4,,,82,57
22184,note_off,,,,,128,0,7,,,1,,,79,64
22188,note_on,,,,,50,0,6,,,0,,,82,74
22200,note_off,,,,,129,0,8,,,2,,,61,64
22231,note_off,,,,,53,0,10,,,4,,,82,64
22240,note_off,,,,,52,0,6,,,0,,,82,64
22252,note_off,,,,,79,0,9,,,3,,,54,64
22296,note_on,,,,,44,0,9,,,3,,,50,64
22308,note_on,,,,,68,0,6,,,0,,,82,93
22314,note_on,,,,,114,0,8,,,2,,,62,72
22314,note_on,,,,,83,0,10,,,4,,,82,89
22317,note_on,,,,,133,0,7,,,1,,,78,80
22395,note_off,,,,,99,0,9,,,3,,,50,64
22414,note_off,,,,,100,0,8,,,2,,,62,64
22416,note_on,,,,,108,0,6,,,0,,,83,66
22418,note_on,,,,,101,0,7,,,1,,,76,72
22420,note_on,,,,,25,0,9,,,3,,,52,80
22422,note_on,,,,,8,0,8,,,2,,,61,64
22427,note_on,,,,,113,0,10,,,4,,,83,61
22436,note_off,,,,,18,0,7,,,1,,,78,64
22436,note_off,,,,,9,0,10,,,4,,,82,64
22438,note_off,,,,,22,0,6,,,0,,,82,64
22483,note_off,,,,,45,0,6,,,0,,,83,64
22487,note_off,,,,,51,0,7,,,1,,,76,64
22494,note_off,,,,,58,0,10,,,4,,,83,64
22502,note_off,,,,,80,0,8,,,2,,,61,64
22513,note_off,,,,,93,0,9,,,3,,,52,64
22542,note_on,,,,,29,0,9,,,3,,,54,68
22545,note_on,,,,,43,0,8,,,2,,,59,68
22548,note_on,,,,,61,0,7,,,1,,,74,74
22549,note_on,,,,,66,0,6,,,0,,,78,66
22570,note_on,,,,,76,0,10,,,4,,,78,85
22633,note_off,,,,,91,0,9,,,3,,,54,64
22652,note_off,,,,,107,0,8,,,2,,,59,64
22659,note_on,,,,,111,0,7,,,1,,,73,63
22665,note_off,,,,,6,0,7,,,1,,,74,64
22666,note_on,,,,,96,0,10,,,4,,,76,64
22671,note_on,,,,,122,0,6,,,0,,,76,66
22682,note_off,,,,,16,0,10,,,4,,,78,64
22686,note_off,,,,,15,0,6,,,0,,,78,64
22719,note_off,,,,,33,0,6,,,0,,,76,64
22720,note_off,,,,,55,0,7,,,1,,,73,64
22722,note_off,,,,,40,0,10,,,4,,,76,64
22791,note_on,,,,,71,0,7,,,1,,,71,66
22792,note_on,,,,,159,0,9,,,3,,,42,68
22795,note_on,,,,,76,0,6,,,0,,,74,72
22796,note_on,,,,,144,0,8,,,2,,,66,78
22800,note_on,,,,,78,0,10,,,4,,,74,72
22898,note_on,,,,,103,0,6,,,0,,,73,59
22899,note_on,,,,,108,0,7,,,1,,,70,58
22902,note_off,,,,,110,0,9,,,3,,,42,64
22902,note_off,,,,,3,0,7,,,1,,,71,64
22903,note_off,,,,,5,0,6,,,0,,,74,64
22903,note_off,,,,,107,0,8,,,2,,,66,64
22903,note_on,,,,,103,0,10,,,4,,,73,48
22904,note_off,,,,,1,0,10,,,4,,,74,64
22964,note_off,,,,,62,0,7,,,1,,,70,64
22983,note_off,,,,,80,0,6,,,0,,,73,64
22983,note_off,,,,,79,0,10,,,4,,,73,64
23030,note_on,,,,,66,0,7,,,1,,,71,60
23038,note_on,,,,,8,0,7,,,1,,,66,59
23040,note_on,,,,,57,0,6,,,0,,,71,55
23041,note_on,,,,,58,0,10,,,4,,,71,48
23041,note_on,,,,,138,0,8,,,2,,,62,60
23047,note_on,,,,,145,0,9,,,3,,,47,74
23527,note_off,,,,,480,0,9,,,3,,,47,64
23527,end_of_track,,,,,0,1,9,,,,,,,
23529,end_of_track,,,,,0,1,10,,,,,,,
23529,note_off,,,,,488,0,10,,,4,,,71,64
23535,note_off,,,,,497,0,7,,,1,,,66,64
23542,note_off,,,,,7,0,7,,,1,,,71,64
23542,end_of_track,,,,,0,1,7,,,,,,,
23552,note_off,,,,,512,0,6,,,0,,,71,64
23552,end_of_track,,,,,0,1,6,,,,,,,
23558,end_of_track,,,,,0,1,8,,,,,,,
23558,note_off,,,,,517,0,8,,,2,,,62,64
23743,note_on,,,,,11703,0,2,,,1,,,66,56
23744,note_on,,,,,11718,0,1,,,0,,,66,64
23749,note_on,,,,,11710,0,4,,,3,,,46,58
23749,note_on,,,,,11705,0,5,,,4,,,66,62
23755,note_on,,,,,11717,0,3,,,2,,,61,59
23836,note_off,,,,,87,0,4,,,3,,,46,64
23847,note_off,,,,,104,0,2,,,1,,,66,64
23852,note_off,,,,,97,0,3,,,2,,,61,64
23865,note_on,,,,,121,0,1,,,0,,,68,66
23868,note_on,,,,,119,0,5,,,4,,,68,70
23894,note_off,,,,,26,0,5,,,4,,,66,64
23895,note_off,,,,,30,0,1,,,0,,,66,64
23977,note_on,,,,,130,0,2,,,1,,,73,57
23980,note_on,,,,,128,0,3,,,2,,,66,59
23982,note_on,,,,,0,0,1,,,0,,,70,64
23982,note_off,,,,,87,0,1,,,0,,,68,64
23984,note_on,,,,,90,0,5,,,4,,,70,70
23994,note_off,,,,,10,0,5,,,4,,,68,64
23998,note_on,,,,,162,0,4,,,3,,,42,63
24028,note_off,,,,,46,0,1,,,0,,,70,64
24033,note_off,,,,,39,0,5,,,4,,,70,64
24081,note_off,,,,,101,0,3,,,2,,,66,64
24082,note_off,,,,,105,0,2,,,1,,,73,64
24087,note_off,,,,,89,0,4,,,3,,,42,64
24099,note_on,,,,,66,0,5,,,4,,,73,58
24105,note_on,,,,,77,0,1,,,0,,,73,57
24146,note_off,,,,,47,0,5,,,4,,,73,64
24164,note_off,,,,,59,0,1,,,0,,,73,64
24220,note_on,,,,,138,0,2,,,1,,,73,56
24224,note_on,,,,,143,0,3,,,2,,,66,60
24226,note_on,,,,,80,0,5,,,4,,,78,64
24231,note_on,,,,,67,0,1,,,0,,,78,68
24237,note_on,,,,,150,0,4,,,3,,,46,59
24302,note_off,,,,,76,0,5,,,4,,,78,64
24304,note_off,,,,,73,0,1,,,0,,,78,64
24316,note_off,,,,,96,0,2,,,1,,,73,64
24320,note_off,,,,,96,0,3,,,2,,,66,64
24325,note_off,,,,,88,0,4,,,3,,,46,64
24462,note_on,,,,,142,0,3,,,2,,,66,64
24462,note_on,,,,,160,0,5,,,4,,,76,78
24469,note_on,,,,,153,0,2,,,1,,,73,63
24471,note_on,,,,,146,0,4,,,3,,,47,72
24472,note_on,,,,,168,0,1,,,0,,,76,74
24585,note_on,,,,,114,0,4,,,3,,,49,63
24614,note_off,,,,,29,0,4,,,3,,,47,64
24702,note_on,,,,,240,0,5,,,4,,,74,44
24705,note_on,,,,,236,0,2,,,1,,,71,53
24706,note_on,,,,,92,0,4,,,3,,,50,70
24711,note_off,,,,,9,0,5,,,4,,,76,64
24720,note_on,,,,,248,0,1,,,0,,,74,53
24724,note_off,,,,,19,0,2,,,1,,,73,64
24724,note_off,,,,,18,0,4,,,3,,,49,64
24728,note_off,,,,,8,0,1,,,0,,,76,64
24778,note_off,,,,,54,0,4,,,3,,,50,64
24820,note_on,,,,,42,0,4,,,3,,,54,58
24884,note_off,,,,,64,0,4,,,3,,,54,64
24939,note_on,,,,,55,0,4,,,3,,,59,66
24996,note_off,,,,,57,0,4,,,3,,,59,64
25024,note_off,,,,,562,0,3,,,2,,,66,64
25027,note_off,,,,,299,0,1,,,0,,,74,64
25048,note_off,,,,,337,0,5,,,4,,,74,64
25059,note_on,,,,,63,0,4,,,3,,,47,68
25060,note_off,,,,,336,0,2,,,1,,,71,64
25129,note_off,,,,,70,0,4,,,3,,,47,64
25180,note_on,,,,,153,0,1,,,0,,,69,80
25180,note_on,,,,,132,0,5,,,4,,,69,78
25190,note_on,,,,,61,0,4,,,3,,,49,57
25194,note_on,,,,,134,0,2,,,1,,,64,57
25194,note_on,,,,,170,0,3,,,2,,,69,72
25276,note_off,,,,,86,0,4,,,3,,,49,64
25280,note_off,,,,,86,0,2,,,1,,,64,64
25302,note_off,,,,,108,0,3,,,2,,,69,64
25302,note_on,,,,,122,0,5,,,4,,,71,72
25310,note_on,,,,,130,0,1,,,0,,,71,68
25318,note_off,,,,,16,0,5,,,4,,,69,64
25330,note_off,,,,,20,0,1,,,0,,,69,64
25414,note_on,,,,,112,0,3,,,2,,,64,68
25419,note_on,,,,,101,0,5,,,4,,,73,62
25422,note_off,,,,,92,0,1,,,0,,,71,64
25424,note_off,,,,,5,0,5,,,4,,,71,64
25429,note_on,,,,,149,0,2,,,1,,,69,60
25430,note_on,,,,,8,0,1,,,0,,,73,57
25437,note_on,,,,,161,0,4,,,3,,,45,68
25472,note_off,,,,,48,0,5,,,4,,,73,64
25482,note_off,,,,,52,0,1,,,0,,,73,64
25515,note_off,,,,,78,0,4,,,3,,,45,64
25522,note_off,,,,,93,0,2,,,1,,,69,64
25528,note_on,,,,,56,0,5,,,4,,,76,66
25530,note_off,,,,,116,0,3,,,2,,,64,64
25533,note_on,,,,,51,0,1,,,0,,,76,66
25586,note_off,,,,,58,0,5,,,4,,,76,64
25590,note_off,,,,,57,0,1,,,0,,,76,64
25660,note_on,,,,,74,0,5,,,4,,,81,82
25662,note_on,,,,,147,0,4,,,3,,,49,53
25664,note_on,,,,,134,0,3,,,2,,,64,70
25665,note_on,,,,,143,0,2,,,1,,,69,70
25668,note_on,,,,,78,0,1,,,0,,,81,85
25731,note_off,,,,,71,0,5,,,4,,,81,64
25738,note_off,,,,,70,0,1,,,0,,,81,64
25744,note_off,,,,,79,0,2,,,1,,,69,64
25755,note_off,,,,,93,0,4,,,3,,,49,64
25762,note_off,,,,,98,0,3,,,2,,,64,64
25904,note_on,,,,,166,0,1,,,0,,,79,70
25908,note_on,,,,,177,0,5,,,4,,,79,72
25914,note_on,,,,,170,0,2,,,1,,,69,64
25917,note_on,,,,,155,0,3,,,2,,,64,72
25920,note_on,,,,,165,0,4,,,3,,,50,72
26036,note_on,,,,,116,0,4,,,3,,,52,66
26059,note_off,,,,,23,0,4,,,3,,,50,64
26144,note_on,,,,,240,0,1,,,0,,,78,55
26144,note_on,,,,,85,0,4,,,3,,,54,52
26155,note_on,,,,,238,0,3,,,2,,,62,52
26155,note_on,,,,,247,0,5,,,4,,,78,47
26160,note_off,,,,,16,0,1,,,0,,,79,64
26163,note_off,,,,,19,0,4,,,3,,,52,64
26170,note_off,,,,,15,0,5,,,4,,,79,64
26173,note_off,,,,,18,0,3,,,2,,,64,64
26226,note_off,,,,,63,0,4,,,3,,,54,64
26259,note_on,,,,,33,0,4,,,3,,,57,66
26322,note_off,,,,,63,0,4,,,3,,,57,64
26370,note_on,,,,,48,0,4,,,3,,,62,82
26422,note_off,,,,,508,0,2,,,1,,,69,64
26436,note_off,,,,,66,0,4,,,3,,,62,64
26470,note_off,,,,,300,0,5,,,4,,,78,64
26474,note_off,,,,,301,0,3,,,2,,,62,64
26479,note_off,,,,,319,0,1,,,0,,,78,64
26485,note_on,,,,,49,0,4,,,3,,,50,66
26557,note_off,,,,,72,0,4,,,3,,,50,64
26622,note_on,,,,,65,0,4,,,3,,,55,68
26623,note_on,,,,,153,0,5,,,4,,,71,68
26625,note_on,,,,,203,0,2,,,1,,,67,64
26629,note_on,,,,,155,0,3,,,2,,,62,66
26630,note_on,,,,,151,0,1,,,0,,,71,74
26718,note_off,,,,,96,0,4,,,3,,,55,64
26728,note_off,,,,,103,0,2,,,1,,,67,64
26731,note_off,,,,,102,0,3,,,2,,,62,64
26744,note_on,,,,,121,0,5,,,4,,,69,59
26751,note_on,,,,,121,0,1,,,0,,,69,64
26758,note_off,,,,,14,0,5,,,4,,,71,64
26770,note_off,,,,,19,0,1,,,0,,,71,64
26834,note_off,,,,,64,0,1,,,0,,,69,64
26845,note_off,,,,,87,0,5,,,4,,,69,64
26856,note_on,,,,,11,0,5,,,4,,,67,60
26860,note_on,,,,,132,0,2,,,1,,,62,54
26863,note_on,,,,,29,0,1,,,0,,,67,59
26869,note_on,,,,,151,0,4,,,3,,,59,78
26872,note_on,,,,,141,0,3,,,2,,,67,64
26920,note_off,,,,,57,0,1,,,0,,,67,64
26922,note_off,,,,,66,0,5,,,4,,,67,64
26938,note_off,,,,,78,0,2,,,1,,,62,64
26960,note_off,,,,,91,0,4,,,3,,,59,64
26966,note_off,,,,,94,0,3,,,2,,,67,64
26974,note_on,,,,,52,0,5,,,4,,,73,59
26983,note_on,,,,,63,0,1,,,0,,,73,55
27027,note_off,,,,,53,0,5,,,4,,,73,64
27037,note_off,,,,,54,0,1,,,0,,,73,64
27098,note_on,,,,,71,0,5,,,4,,,74,70
27098,note_on,,,,,61,0,1,,,0,,,74,62
27102,note_on,,,,,164,0,2,,,1,,,67,59
27109,note_on,,,,,149,0,4,,,3,,,52,51
27111,note_on,,,,,145,0,3,,,2,,,71,80
27156,note_off,,,,,58,0,5,,,4,,,74,64
27157,note_off,,,,,59,0,1,,,0,,,74,64
27193,note_off,,,,,91,0,2,,,1,,,67,64
27202,note_off,,,,,91,0,3,,,2,,,71,64
27204,note_off,,,,,95,0,4,,,3,,,52,64
27214,note_on,,,,,58,0,5,,,4,,,71,57
27222,note_on,,,,,65,0,1,,,0,,,71,58
27261,note_off,,,,,47,0,5,,,4,,,71,64
27271,note_off,,,,,49,0,1,,,0,,,71,64
27345,note_on,,,,,152,0,2,,,1,,,69,76
27350,note_on,,,,,146,0,4,,,3,,,54,60
27350,note_on,,,,,148,0,3,,,2,,,62,76
27350,note_on,,,,,79,0,1,,,0,,,69,82
27355,note_on,,,,,94,0,5,,,4,,,69,76
27442,note_off,,,,,92,0,4,,,3,,,54,64
27445,note_on,,,,,95,0,1,,,0,,,67,60
27458,note_off,,,,,113,0,2,,,1,,,69,64
27462,note_off,,,,,112,0,3,,,2,,,62,64
27469,note_on,,,,,114,0,5,,,4,,,67,52
27470,note_off,,,,,25,0,1,,,0,,,69,64
27484,note_off,,,,,15,0,5,,,4,,,69,64
27564,note_off,,,,,94,0,1,,,0,,,67,64
27570,note_on,,,,,6,0,1,,,0,,,66,57
27577,note_off,,,,,93,0,5,,,4,,,67,64
27580,note_on,,,,,3,0,5,,,4,,,66,59
27584,note_on,,,,,122,0,3,,,2,,,66,63
27585,note_on,,,,,127,0,2,,,1,,,62,55
27590,note_on,,,,,148,0,4,,,3,,,57,87
27640,note_off,,,,,70,0,1,,,0,,,66,64
27646,note_off,,,,,66,0,5,,,4,,,66,64
27667,note_off,,,,,77,0,4,,,3,,,57,64
27675,note_off,,,,,90,0,2,,,1,,,62,64
27679,note_off,,,,,95,0,3,,,2,,,66,64
27687,note_on,,,,,47,0,1,,,0,,,73,56
27693,note_on,,,,,47,0,5,,,4,,,73,58
27753,note_off,,,,,66,0,1,,,0,,,73,64
27763,note_off,,,,,70,0,5,,,4,,,73,64
27811,note_on,,,,,48,0,5,,,4,,,74,68
27811,note_on,,,,,58,0,1,,,0,,,74,63
27819,note_on,,,,,140,0,3,,,2,,,69,70
27823,note_on,,,,,148,0,2,,,1,,,66,66
27826,note_on,,,,,159,0,4,,,3,,,50,68
27850,note_off,,,,,39,0,1,,,0,,,74,64
27867,note_off,,,,,56,0,5,,,4,,,74,64
27906,note_off,,,,,83,0,2,,,1,,,66,64
27910,note_off,,,,,84,0,4,,,3,,,50,64
27916,note_off,,,,,97,0,3,,,2,,,69,64
27922,note_on,,,,,72,0,1,,,0,,,69,64
27939,note_on,,,,,72,0,5,,,4,,,69,60
27980,note_off,,,,,58,0,1,,,0,,,69,64
27996,note_off,,,,,57,0,5,,,4,,,69,64
28053,note_on,,,,,73,0,1,,,0,,,67,68
28059,note_on,,,,,149,0,4,,,3,,,47,68
28059,note_on,,,,,63,0,5,,,4,,,67,68
28062,note_on,,,,,156,0,2,,,1,,,55,66
28065,note_on,,,,,149,0,3,,,2,,,62,78
28152,note_off,,,,,99,0,1,,,0,,,67,64
28161,note_off,,,,,102,0,4,,,3,,,47,64
28167,note_off,,,,,105,0,2,,,1,,,55,64
28170,note_off,,,,,105,0,3,,,2,,,62,64
28180,note_on,,,,,13,0,2,,,1,,,57,70
28184,note_off,,,,,125,0,5,,,4,,,67,64
28260,note_off,,,,,80,0,2,,,1,,,57,64
28299,note_on,,,,,39,0,2,,,1,,,59,74
28303,note_on,,,,,151,0,1,,,0,,,66,62
28305,note_on,,,,,144,0,4,,,3,,,43,68
28306,note_on,,,,,136,0,3,,,2,,,62,70
28311,note_on,,,,,127,0,5,,,4,,,66,60
28398,note_off,,,,,95,0,1,,,0,,,66,64
28406,note_off,,,,,101,0,4,,,3,,,43,64
28408,note_off,,,,,109,0,2,,,1,,,59,64
28410,note_off,,,,,104,0,3,,,2,,,62,64
28432,note_off,,,,,121,0,5,,,4,,,66,64
28537,note_on,,,,,139,0,1,,,0,,,66,78
28543,note_on,,,,,111,0,5,,,4,,,66,80
28546,note_on,,,,,140,0,4,,,3,,,45,66
28556,note_on,,,,,146,0,3,,,2,,,57,70
28558,note_on,,,,,150,0,2,,,1,,,61,64
28578,note_on,,,,,0,0,1,,,0,,,64,55
28578,note_off,,,,,41,0,1,,,0,,,66,64
28581,note_on,,,,,38,0,5,,,4,,,64,61
28582,note_off,,,,,1,0,5,,,4,,,66,64
28604,note_on,,,,,26,0,1,,,0,,,66,61
28616,note_off,,,,,12,0,1,,,0,,,64,64
28616,note_on,,,,,34,0,5,,,4,,,66,78
28627,note_off,,,,,11,0,5,,,4,,,64,64
28635,note_off,,,,,89,0,4,,,3,,,45,64
28639,note_on,,,,,23,0,1,,,0,,,64,64
28647,note_off,,,,,91,0,3,,,2,,,57,64
28651,note_on,,,,,24,0,5,,,4,,,64,66
28652,note_off,,,,,13,0,1,,,0,,,66,64
28659,note_off,,,,,101,0,2,,,1,,,61,64
28663,note_off,,,,,12,0,5,,,4,,,66,64
28714,note_off,,,,,62,0,1,,,0,,,64,64
28722,note_off,,,,,59,0,5,,,4,,,64,64
28784,note_on,,,,,70,0,1,,,0,,,62,60
28789,note_on,,,,,67,0,5,,,4,,,62,63
28796,note_on,,,,,161,0,4,,,3,,,38,78
28796,note_on,,,,,149,0,3,,,2,,,54,70
28799,note_on,,,,,140,0,2,,,1,,,57,63
28903,note_on,,,,,107,0,4,,,3,,,42,66
28929,note_off,,,,,26,0,4,,,3,,,38,64
29020,note_on,,,,,91,0,4,,,3,,,45,74
29029,note_off,,,,,9,0,4,,,3,,,42,64
29134,note_on,,,,,105,0,4,,,3,,,50,70
29142,note_off,,,,,8,0,4,,,3,,,45,64
29251,note_on,,,,,109,0,4,,,3,,,54,63
29253,note_off,,,,,2,0,4,,,3,,,50,64
29289,note_off,,,,,505,0,1,,,0,,,62,64
29295,note_off,,,,,499,0,3,,,2,,,54,64
29302,note_off,,,,,513,0,5,,,4,,,62,64
29343,note_off,,,,,544,0,2,,,1,,,57,64
29362,note_off,,,,,109,0,4,,,3,,,54,64
29366,note_on,,,,,4,0,4,,,3,,,57,78
29449,note_off,,,,,83,0,4,,,3,,,57,64
29503,note_on,,,,,54,0,4,,,3,,,47,70
29506,note_on,,,,,217,0,1,,,0,,,78,80
29510,note_on,,,,,167,0,2,,,1,,,75,66
29511,note_on,,,,,209,0,5,,,4,,,78,66
29523,note_on,,,,,228,0,3,,,2,,,59,68
29614,note_off,,,,,91,0,3,,,2,,,59,64
29620,note_on,,,,,110,0,2,,,1,,,76,68
29624,note_on,,,,,118,0,1,,,0,,,76,66
29625,note_on,,,,,114,0,5,,,4,,,76,59
29625,note_off,,,,,5,0,2,,,1,,,75,64
29630,note_off,,,,,127,0,4,,,3,,,47,64
29647,note_off,,,,,22,0,5,,,4,,,78,64
29647,note_off,,,,,23,0,1,,,0,,,78,64
29718,note_off,,,,,93,0,2,,,1,,,76,64
29720,note_off,,,,,73,0,1,,,0,,,76,64
29721,note_off,,,,,74,0,5,,,4,,,76,64
29736,note_on,,,,,15,0,5,,,4,,,75,52
29740,note_on,,,,,20,0,1,,,0,,,75,60
29748,note_on,,,,,30,0,2,,,1,,,78,60
29752,note_on,,,,,122,0,4,,,3,,,59,78
29759,note_on,,,,,145,0,3,,,2,,,59,68
29792,note_off,,,,,56,0,5,,,4,,,75,64
29796,note_off,,,,,56,0,1,,,0,,,75,64
29838,note_off,,,,,90,0,2,,,1,,,78,64
29844,note_off,,,,,92,0,4,,,3,,,59,64
29848,note_off,,,,,89,0,3,,,2,,,59,64
29850,note_on,,,,,58,0,5,,,4,,,71,59
29860,note_on,,,,,64,0,1,,,0,,,71,64
29911,note_off,,,,,61,0,5,,,4,,,71,64
29918,note_off,,,,,58,0,1,,,0,,,71,64
29983,note_on,,,,,145,0,2,,,1,,,78,68
29988,note_on,,,,,70,0,1,,,0,,,81,68
29988,note_on,,,,,77,0,5,,,4,,,81,72
29990,note_on,,,,,146,0,4,,,3,,,51,66
29991,note_on,,,,,143,0,3,,,2,,,59,66
30066,note_off,,,,,78,0,5,,,4,,,81,64
30067,note_off,,,,,79,0,1,,,0,,,81,64
30079,note_off,,,,,89,0,4,,,3,,,51,64
30084,note_off,,,,,101,0,2,,,1,,,78,64
30094,note_off,,,,,103,0,3,,,2,,,59,64
30225,note_on,,,,,158,0,1,,,0,,,81,72
30234,note_on,,,,,168,0,5,,,4,,,81,74
30237,note_on,,,,,158,0,4,,,3,,,52,64
30237,note_on,,,,,153,0,2,,,1,,,78,85
30237,note_on,,,,,143,0,3,,,2,,,59,60
30349,note_on,,,,,112,0,4,,,3,,,54,62
30369,note_off,,,,,20,0,4,,,3,,,52,64
30459,note_on,,,,,90,0,4,,,3,,,55,68
30465,note_on,,,,,231,0,5,,,4,,,79,55
30469,note_on,,,,,244,0,1,,,0,,,79,57
30477,note_off,,,,,18,0,4,,,3,,,54,64
30487,note_on,,,,,250,0,2,,,1,,,76,46
30490,note_off,,,,,3,0,2,,,1,,,78,64
30494,note_off,,,,,25,0,1,,,0,,,81,64
30495,note_off,,,,,30,0,5,,,4,,,81,64
30547,note_off,,,,,70,0,4,,,3,,,55,64
30572,note_on,,,,,25,0,4,,,3,,,59,74
30633,note_off,,,,,61,0,4,,,3,,,59,64
30685,note_on,,,,,52,0,4,,,3,,,64,80
30745,note_off,,,,,60,0,4,,,3,,,64,64
30780,note_off,,,,,290,0,2,,,1,,,76,64
30790,note_off,,,,,296,0,1,,,0,,,79,64
30795,note_off,,,,,300,0,5,,,4,,,79,64
30796,note_off,,,,,559,0,3,,,2,,,59,64
30807,note_on,,,,,62,0,4,,,3,,,52,78
30885,note_off,,,,,78,0,4,,,3,,,52,64
30938,note_on,,,,,53,0,4,,,3,,,57,70
30946,note_on,,,,,156,0,1,,,0,,,73,59
30950,note_on,,,,,155,0,5,,,4,,,73,63
30951,note_on,,,,,171,0,2,,,1,,,64,66
30954,note_on,,,,,158,0,3,,,2,,,57,68
31022,note_off,,,,,84,0,4,,,3,,,57,64
31054,note_off,,,,,103,0,2,,,1,,,64,64
31056,note_on,,,,,106,0,5,,,4,,,74,72
31059,note_on,,,,,113,0,1,,,0,,,74,74
31063,note_off,,,,,109,0,3,,,2,,,57,64
31081,note_off,,,,,25,0,5,,,4,,,73,64
31088,note_off,,,,,29,0,1,,,0,,,73,64
31166,note_on,,,,,85,0,5,,,4,,,76,58
31171,note_off,,,,,5,0,5,,,4,,,74,64
31179,note_on,,,,,91,0,1,,,0,,,76,68
31179,note_on,,,,,125,0,2,,,1,,,69,70
31186,note_off,,,,,7,0,1,,,0,,,74,64
31186,note_on,,,,,164,0,4,,,3,,,49,72
31190,note_on,,,,,127,0,3,,,2,,,57,66
31230,note_off,,,,,59,0,5,,,4,,,76,64
31232,note_off,,,,,46,0,1,,,0,,,76,64
31267,note_off,,,,,81,0,4,,,3,,,49,64
31274,note_off,,,,,95,0,2,,,1,,,69,64
31288,note_on,,,,,58,0,5,,,4,,,81,68
31289,note_off,,,,,99,0,3,,,2,,,57,64
31293,note_on,,,,,61,0,1,,,0,,,81,68
31346,note_off,,,,,58,0,5,,,4,,,81,64
31351,note_off,,,,,58,0,1,,,0,,,81,64
31417,note_on,,,,,143,0,2,,,1,,,73,64
31420,note_on,,,,,131,0,3,,,2,,,57,68
31420,note_on,,,,,69,0,1,,,0,,,79,74
31425,note_on,,,,,158,0,4,,,3,,,45,74
31426,note_on,,,,,80,0,5,,,4,,,79,70
31495,note_off,,,,,70,0,4,,,3,,,45,64
31506,note_off,,,,,89,0,2,,,1,,,73,64
31507,note_off,,,,,81,0,5,,,4,,,79,64
31509,note_off,,,,,89,0,1,,,0,,,79,64
31513,note_off,,,,,93,0,3,,,2,,,57,64
31664,note_on,,,,,157,0,5,,,4,,,79,76
31672,note_on,,,,,159,0,3,,,2,,,57,76
31672,note_on,,,,,166,0,2,,,1,,,73,63
31673,note_on,,,,,164,0,1,,,0,,,79,74
31677,note_on,,,,,182,0,4,,,3,,,38,80
31784,note_on,,,,,107,0,4,,,3,,,40,78
31815,note_off,,,,,31,0,4,,,3,,,38,64
31899,note_off,,,,,84,0,4,,,3,,,40,64
31904,note_on,,,,,5,0,4,,,3,,,42,64
31911,note_on,,,,,239,0,2,,,1,,,74,64
31912,note_on,,,,,239,0,1,,,0,,,78,53
31923,note_on,,,,,259,0,5,,,4,,,78,53
31928,note_off,,,,,17,0,2,,,1,,,73,64
31934,note_off,,,,,22,0,1,,,0,,,79,64
31939,note_off,,,,,16,0,5,,,4,,,79,64
31987,note_off,,,,,83,0,4,,,3,,,42,64
32008,note_on,,,,,21,0,4,,,3,,,45,59
32094,note_off,,,,,86,0,4,,,3,,,45,64
32143,note_on,,,,,49,0,4,,,3,,,50,80
32184,note_off,,,,,512,0,3,,,2,,,57,64
32218,note_off,,,,,290,0,2,,,1,,,74,64
32221,note_off,,,,,78,0,4,,,3,,,50,64
32226,note_off,,,,,292,0,1,,,0,,,78,64
32239,note_off,,,,,300,0,5,,,4,,,78,64
32250,note_on,,,,,29,0,4,,,3,,,54,66
32325,note_off,,,,,75,0,4,,,3,,,54,64
32374,note_on,,,,,148,0,1,,,0,,,70,60
32379,note_on,,,,,54,0,4,,,3,,,49,72
32389,note_on,,,,,150,0,5,,,4,,,70,66
32401,note_on,,,,,217,0,3,,,2,,,67,66
32408,note_on,,,,,190,0,2,,,1,,,76,72
32467,note_off,,,,,88,0,4,,,3,,,49,64
32503,note_off,,,,,95,0,2,,,1,,,76,64
32505,note_on,,,,,131,0,1,,,0,,,71,64
32507,note_on,,,,,118,0,5,,,4,,,71,61
32511,note_off,,,,,110,0,3,,,2,,,67,64
32532,note_off,,,,,27,0,1,,,0,,,70,64
32552,note_off,,,,,45,0,5,,,4,,,70,64
32620,note_on,,,,,88,0,1,,,0,,,73,58
32624,note_on,,,,,72,0,5,,,4,,,73,56
32626,note_on,,,,,115,0,3,,,2,,,66,59
32628,note_on,,,,,125,0,2,,,1,,,70,62
32629,note_off,,,,,9,0,1,,,0,,,71,64
32631,note_off,,,,,7,0,5,,,4,,,71,64
32634,note_on,,,,,167,0,4,,,3,,,42,66
32685,note_off,,,,,56,0,1,,,0,,,73,64
32686,note_off,,,,,55,0,5,,,4,,,73,64
32709,note_off,,,,,81,0,2,,,1,,,70,64
32721,note_off,,,,,95,0,3,,,2,,,66,64
32731,note_on,,,,,46,0,1,,,0,,,76,72
32736,note_off,,,,,102,0,4,,,3,,,42,64
32740,note_on,,,,,54,0,5,,,4,,,76,66
32787,note_off,,,,,56,0,1,,,0,,,76,64
32796,note_off,,,,,56,0,5,,,4,,,76,64
32856,note_on,,,,,69,0,1,,,0,,,74,72
32859,note_on,,,,,150,0,2,,,1,,,71,70
32865,note_on,,,,,69,0,5,,,4,,,74,70
32872,note_on,,,,,136,0,4,,,3,,,47,74
32874,note_on,,,,,153,0,3,,,2,,,66,55
32912,note_off,,,,,56,0,1,,,0,,,74,64
32924,note_off,,,,,59,0,5,,,4,,,74,64
32953,note_off,,,,,81,0,4,,,3,,,47,64
32956,note_off,,,,,82,0,3,,,2,,,66,64
32974,note_on,,,,,62,0,1,,,0,,,71,63
32974,note_on,,,,,50,0,5,,,4,,,71,63
33020,note_off,,,,,46,0,5,,,4,,,71,64
33026,note_off,,,,,52,0,1,,,0,,,71,64
33106,note_on,,,,,86,0,5,,,4,,,67,78
33110,note_on,,,,,84,0,1,,,0,,,67,76
33114,note_on,,,,,158,0,3,,,2,,,64,70
33114,note_on,,,,,161,0,4,,,3,,,40,82
33212,note_off,,,,,98,0,4,,,3,,,40,64
33220,note_off,,,,,106,0,3,,,2,,,64,64
33221,note_on,,,,,115,0,5,,,4,,,66,58
33226,note_on,,,,,116,0,1,,,0,,,66,60
33234,note_off,,,,,375,0,2,,,1,,,71,64
33238,note_off,,,,,17,0,5,,,4,,,67,64
33241,note_off,,,,,15,0,1,,,0,,,67,64
33333,note_off,,,,,92,0,1,,,0,,,66,64
33338,note_off,,,,,100,0,5,,,4,,,66,64
33339,note_on,,,,,119,0,3,,,2,,,59,63
33344,note_on,,,,,110,0,2,,,1,,,76,66
33344,note_on,,,,,11,0,1,,,0,,,64,61
33344,note_on,,,,,132,0,4,,,3,,,55,74
33346,note_on,,,,,8,0,5,,,4,,,64,64
33388,note_off,,,,,42,0,5,,,4,,,64,64
33394,note_off,,,,,50,0,1,,,0,,,64,64
33440,note_off,,,,,96,0,2,,,1,,,76,64
33445,note_off,,,,,106,0,3,,,2,,,59,64
33456,note_off,,,,,112,0,4,,,3,,,55,64
33460,note_on,,,,,72,0,5,,,4,,,74,58
33460,note_on,,,,,4,0,4,,,3,,,54,56
33464,note_on,,,,,70,0,1,,,0,,,74,66
33513,note_off,,,,,53,0,5,,,4,,,74,64
33513,note_off,,,,,49,0,1,,,0,,,74,64
33541,note_off,,,,,81,0,4,,,3,,,54,64
33577,note_on,,,,,132,0,3,,,2,,,61,54
33577,note_on,,,,,36,0,4,,,3,,,52,64
33578,note_on,,,,,138,0,2,,,1,,,79,70
33583,note_on,,,,,70,0,1,,,0,,,73,58
33592,note_on,,,,,79,0,5,,,4,,,73,55
33651,note_off,,,,,68,0,1,,,0,,,73,64
33655,note_off,,,,,63,0,5,,,4,,,73,64
33666,note_off,,,,,89,0,4,,,3,,,52,64
33686,note_off,,,,,109,0,3,,,2,,,61,64
33694,note_on,,,,,28,0,4,,,3,,,54,64
33696,note_off,,,,,118,0,2,,,1,,,79,64
33703,note_on,,,,,52,0,1,,,0,,,82,60
33706,note_on,,,,,51,0,5,,,4,,,82,66
33752,note_off,,,,,49,0,1,,,0,,,82,64
33754,note_off,,,,,48,0,5,,,4,,,82,64
33771,note_off,,,,,77,0,4,,,3,,,54,64
33817,note_on,,,,,121,0,2,,,1,,,78,74
33818,note_on,,,,,47,0,4,,,3,,,50,68
33820,note_on,,,,,66,0,5,,,4,,,82,87
33827,note_on,,,,,75,0,1,,,0,,,82,93
33832,note_on,,,,,146,0,3,,,2,,,62,76
33895,note_off,,,,,77,0,4,,,3,,,50,64
33927,note_on,,,,,32,0,4,,,3,,,52,68
33932,note_off,,,,,100,0,3,,,2,,,62,64
33932,note_on,,,,,112,0,5,,,4,,,83,64
33934,note_on,,,,,107,0,1,,,0,,,83,68
33936,note_on,,,,,119,0,2,,,1,,,76,64
33938,note_on,,,,,6,0,3,,,2,,,61,66
33944,note_off,,,,,12,0,5,,,4,,,82,64
33952,note_off,,,,,18,0,1,,,0,,,82,64
33952,note_off,,,,,16,0,2,,,1,,,78,64
33997,note_off,,,,,70,0,4,,,3,,,52,64
34002,note_off,,,,,58,0,5,,,4,,,83,64
34003,note_off,,,,,51,0,2,,,1,,,76,64
34010,note_off,,,,,72,0,3,,,2,,,61,64
34016,note_off,,,,,64,0,1,,,0,,,83,64
34058,note_on,,,,,55,0,2,,,1,,,74,76
34063,note_on,,,,,53,0,3,,,2,,,59,63
34063,note_on,,,,,61,0,5,,,4,,,78,64
34066,note_on,,,,,50,0,1,,,0,,,78,68
34070,note_on,,,,,73,0,4,,,3,,,54,78
34080,set_tempo,,,,,34080,1,0,600000,,,,,,
34153,note_off,,,,,90,0,3,,,2,,,59,64
34170,note_on,,,,,112,0,2,,,1,,,73,63
34174,note_off,,,,,4,0,2,,,1,,,74,64
34176,note_on,,,,,110,0,1,,,0,,,76,62
34180,note_on,,,,,117,0,5,,,4,,,76,63
34197,note_off,,,,,21,0,1,,,0,,,78,64
34200,note_off,,,,,20,0,5,,,4,,,78,64
34208,note_off,,,,,138,0,4,,,3,,,54,64
34234,note_off,,,,,60,0,2,,,1,,,73,64
34236,note_off,,,,,39,0,1,,,0,,,76,64
34240,note_off,,,,,40,0,5,,,4,,,76,64
34300,note_on,,,,,66,0,2,,,1,,,71,68
34306,note_on,,,,,70,0,1,,,0,,,74,72
34312,note_on,,,,,72,0,5,,,4,,,74,74
34315,note_on,,,,,162,0,3,,,2,,,66,82
34318,note_on,,,,,110,0,4,,,3,,,42,64
34320,set_tempo,,,,,240,1,0,659341,,,,,,
34408,note_off,,,,,93,0,3,,,2,,,66,64
34412,note_on,,,,,106,0,1,,,0,,,73,58
34416,note_off,,,,,4,0,1,,,0,,,74,64
34419,note_on,,,,,107,0,5,,,4,,,73,55
34420,note_on,,,,,120,0,2,,,1,,,70,68
34425,note_off,,,,,6,0,5,,,4,,,74,64
34429,note_off,,,,,9,0,2,,,1,,,71,64
34441,note_off,,,,,123,0,4,,,3,,,42,64
34488,note_off,,,,,59,0,2,,,1,,,70,64
34492,note_off,,,,,67,0,5,,,4,,,73,64
34498,note_off,,,,,82,0,1,,,0,,,73,64
34552,note_on,,,,,54,0,1,,,0,,,71,52
34555,note_on,,,,,63,0,5,,,4,,,71,57
34557,note_on,,,,,116,0,4,,,3,,,47,70
34560,set_tempo,,,,,240,1,0,731707,,,,,,
34562,note_on,,,,,154,0,3,,,2,,,62,61
34566,note_on,,,,,78,0,2,,,1,,,71,58
34568,note_on,,,,,2,0,2,,,1,,,66,53
34692,set_tempo,,,,,132,1,0,566038,,,,,,
34968,set_tempo,,,,,276,1,0,472441,,,,,,
35280,end_of_track,,,,,0,1,0,,,,,,,
35280,set_tempo,,,,,312,1,0,555556,,,,,,
35281,end_of_track,,,,,0,1,1,,,,,,,
35281,note_off,,,,,729,0,1,,,0,,,71,64
35299,note_off,,,,,731,0,2,,,1,,,66,64
35305,end_of_track,,,,,0,1,4,,,,,,,
35305,note_off,,,,,748,0,4,,,3,,,47,64
35305,end_of_track,,,,,0,1,3,,,,,,,
35305,note_off,,,,,743,0,3,,,2,,,62,64
35307,note_off,,,,,8,0,2,,,1,,,71,64
35307,end_of_track,,,,,0,1,2,,,,,,,
35311,end_of_track,,,,,0,1,5,,,,,,,
35311,note_off,,,,,756,0,5,,,4,,,71,64
