tick,type,numerator,denominator,clocks_per_click,notated_32nd_notes_per_beat,time,meta,track,tempo,note,velocity,channel
0,time_signature,3,4,24,8,0,1,0,,,,
0,text,,,,,0,1,1,,,,
0,text,,,,,0,1,2,,,,
0,set_tempo,,,,,0,1,0,500000,,,
0,end_of_track,,,,,0,1,0,,,,
120,note_on,,,,,120,0,1,,65,64,0
240,note_off,,,,,120,0,1,,65,64,0
240,note_on,,,,,0,0,1,,69,64,0
360,note_off,,,,,120,0,1,,69,64,0
360,note_on,,,,,0,0,1,,65,64,0
480,note_off,,,,,120,0,1,,65,64,0
480,note_on,,,,,0,0,1,,72,64,0
600,note_off,,,,,120,0,1,,72,64,0
600,note_on,,,,,0,0,1,,65,64,0
720,note_off,,,,,120,0,1,,65,64,0
720,note_on,,,,,0,0,1,,77,64,0
840,note_on,,,,,840,0,2,,53,64,1
840,note_on,,,,,0,0,1,,76,64,0
840,note_off,,,,,120,0,1,,77,64,0
900,note_off,,,,,60,0,1,,76,64,0
900,note_on,,,,,0,0,1,,74,64,0
960,note_off,,,,,60,0,1,,74,64,0
960,note_on,,,,,0,0,1,,72,64,0
960,note_on,,,,,0,0,2,,57,64,1
960,note_off,,,,,120,0,2,,53,64,1
1020,note_off,,,,,60,0,1,,72,64,0
1020,note_on,,,,,0,0,1,,74,64,0
1080,note_on,,,,,0,0,2,,53,64,1
1080,note_off,,,,,120,0,2,,57,64,1
1080,note_on,,,,,0,0,1,,72,64,0
1080,note_off,,,,,60,0,1,,74,64,0
1140,note_off,,,,,60,0,1,,72,64,0
1140,note_on,,,,,0,0,1,,70,64,0
1200,note_off,,,,,60,0,1,,70,64,0
1200,note_off,,,,,120,0,2,,53,64,1
1200,note_on,,,,,0,0,2,,60,64,1
1200,note_on,,,,,0,0,1,,69,64,0
1260,note_off,,,,,60,0,1,,69,64,0
1260,note_on,,,,,0,0,1,,70,64,0
1320,note_off,,,,,60,0,1,,70,64,0
1320,note_on,,,,,0,0,1,,69,64,0
1320,note_on,,,,,0,0,2,,53,64,1
1320,note_off,,,,,120,0,2,,60,64,1
1380,note_off,,,,,60,0,1,,69,64,0
1380,note_on,,,,,0,0,1,,67,64,0
1440,note_on,,,,,0,0,2,,65,64,1
1440,note_off,,,,,60,0,1,,67,64,0
1440,note_off,,,,,120,0,2,,53,64,1
1560,note_on,,,,,120,0,1,,69,64,0
1560,note_on,,,,,0,0,2,,64,64,1
1560,note_off,,,,,120,0,2,,65,64,1
1620,note_on,,,,,0,0,2,,62,64,1
1620,note_off,,,,,60,0,2,,64,64,1
1680,note_off,,,,,60,0,2,,62,64,1
1680,note_on,,,,,0,0,2,,60,64,1
1680,note_off,,,,,120,0,1,,69,64,0
1680,note_on,,,,,0,0,1,,72,64,0
1740,note_on,,,,,0,0,2,,62,64,1
1740,note_off,,,,,60,0,2,,60,64,1
1800,note_on,,,,,0,0,2,,60,64,1
1800,note_off,,,,,120,0,1,,72,64,0
1800,note_on,,,,,0,0,1,,69,64,0
1800,note_off,,,,,60,0,2,,62,64,1
1860,note_off,,,,,60,0,2,,60,64,1
1860,note_on,,,,,0,0,2,,58,64,1
1920,note_on,,,,,0,0,1,,77,64,0
1920,note_off,,,,,120,0,1,,69,64,0
1920,note_on,,,,,0,0,2,,57,64,1
1920,note_off,,,,,60,0,2,,58,64,1
1980,note_on,,,,,0,0,2,,58,64,1
1980,note_off,,,,,60,0,2,,57,64,1
2040,note_off,,,,,120,0,1,,77,64,0
2040,note_on,,,,,0,0,2,,57,64,1
2040,note_off,,,,,60,0,2,,58,64,1
2040,note_on,,,,,0,0,1,,72,64,0
2100,note_off,,,,,60,0,2,,57,64,1
2100,note_on,,,,,0,0,2,,55,64,1
2160,note_off,,,,,120,0,1,,72,64,0
2160,note_on,,,,,0,0,1,,81,64,0
2160,note_on,,,,,0,0,2,,53,64,1
2160,note_off,,,,,60,0,2,,55,64,1
2220,note_off,,,,,60,0,1,,81,64,0
2220,note_on,,,,,0,0,1,,84,64,0
2280,note_on,,,,,0,0,2,,57,64,1
2280,note_off,,,,,60,0,1,,84,64,0
2280,note_on,,,,,0,0,1,,82,64,0
2280,note_off,,,,,120,0,2,,53,64,1
2340,note_off,,,,,60,0,1,,82,64,0
2340,note_on,,,,,0,0,1,,84,64,0
2400,note_off,,,,,120,0,2,,57,64,1
2400,note_on,,,,,0,0,2,,60,64,1
2400,note_off,,,,,60,0,1,,84,64,0
2400,note_on,,,,,0,0,1,,81,64,0
2460,note_on,,,,,0,0,1,,84,64,0
2460,note_off,,,,,60,0,1,,81,64,0
2520,note_off,,,,,120,0,2,,60,64,1
2520,note_on,,,,,0,0,2,,57,64,1
2520,note_on,,,,,0,0,1,,82,64,0
2520,note_off,,,,,60,0,1,,84,64,0
2580,note_off,,,,,60,0,1,,82,64,0
2580,note_on,,,,,0,0,1,,84,64,0
2640,note_on,,,,,0,0,2,,65,64,1
2640,note_off,,,,,120,0,2,,57,64,1
2640,note_off,,,,,60,0,1,,84,64,0
2640,note_on,,,,,0,0,1,,81,64,0
2700,note_off,,,,,60,0,1,,81,64,0
2700,note_on,,,,,0,0,1,,84,64,0
2760,note_off,,,,,120,0,2,,65,64,1
2760,note_on,,,,,0,0,1,,82,64,0
2760,note_off,,,,,60,0,1,,84,64,0
2760,note_on,,,,,0,0,2,,60,64,1
2820,note_on,,,,,0,0,1,,84,64,0
2820,note_off,,,,,60,0,1,,82,64,0
2880,note_off,,,,,120,0,2,,60,64,1
2880,note_on,,,,,0,0,1,,77,64,0
2880,note_off,,,,,60,0,1,,84,64,0
2880,note_on,,,,,0,0,2,,69,64,1
2940,note_on,,,,,0,0,1,,81,64,0
2940,note_off,,,,,60,0,1,,77,64,0
2940,note_off,,,,,60,0,2,,69,64,1
2940,note_on,,,,,0,0,2,,72,64,1
3000,note_off,,,,,60,0,2,,72,64,1
3000,note_on,,,,,0,0,2,,70,64,1
3000,note_on,,,,,0,0,1,,79,64,0
3000,note_off,,,,,60,0,1,,81,64,0
3060,note_on,,,,,0,0,2,,72,64,1
3060,note_off,,,,,60,0,2,,70,64,1
3060,note_off,,,,,60,0,1,,79,64,0
3060,note_on,,,,,0,0,1,,81,64,0
3120,note_off,,,,,60,0,2,,72,64,1
3120,note_off,,,,,60,0,1,,81,64,0
3120,note_on,,,,,0,0,2,,69,64,1
3120,note_on,,,,,0,0,1,,77,64,0
3180,note_on,,,,,0,0,1,,81,64,0
3180,note_off,,,,,60,0,1,,77,64,0
3180,note_off,,,,,60,0,2,,69,64,1
3180,note_on,,,,,0,0,2,,72,64,1
3240,note_on,,,,,0,0,1,,79,64,0
3240,note_on,,,,,0,0,2,,70,64,1
3240,note_off,,,,,60,0,1,,81,64,0
3240,note_off,,,,,60,0,2,,72,64,1
3300,note_off,,,,,60,0,2,,70,64,1
3300,note_on,,,,,0,0,2,,72,64,1
3300,note_off,,,,,60,0,1,,79,64,0
3300,note_on,,,,,0,0,1,,81,64,0
3360,note_off,,,,,60,0,2,,72,64,1
3360,note_on,,,,,0,0,2,,69,64,1
3360,note_off,,,,,60,0,1,,81,64,0
3360,note_on,,,,,0,0,1,,77,64,0
3420,note_on,,,,,0,0,1,,81,64,0
3420,note_on,,,,,0,0,2,,72,64,1
3420,note_off,,,,,60,0,2,,69,64,1
3420,note_off,,,,,60,0,1,,77,64,0
3480,note_on,,,,,0,0,2,,70,64,1
3480,note_off,,,,,60,0,1,,81,64,0
3480,note_on,,,,,0,0,1,,79,64,0
3480,note_off,,,,,60,0,2,,72,64,1
3540,note_off,,,,,60,0,1,,79,64,0
3540,note_on,,,,,0,0,2,,72,64,1
3540,note_off,,,,,60,0,2,,70,64,1
3540,note_on,,,,,0,0,1,,81,64,0
3600,note_off,,,,,60,0,1,,81,64,0
3600,note_on,,,,,0,0,1,,74,64,0
3600,note_on,,,,,0,0,2,,65,64,1
3600,note_off,,,,,60,0,2,,72,64,1
3660,note_off,,,,,60,0,1,,74,64,0
3660,note_on,,,,,0,0,2,,69,64,1
3660,note_on,,,,,0,0,1,,77,64,0
3660,note_off,,,,,60,0,2,,65,64,1
3720,note_on,,,,,0,0,2,,67,64,1
3720,note_off,,,,,60,0,2,,69,64,1
3720,note_off,,,,,60,0,1,,77,64,0
3720,note_on,,,,,0,0,1,,76,64,0
3780,note_off,,,,,60,0,2,,67,64,1
3780,note_off,,,,,60,0,1,,76,64,0
3780,note_on,,,,,0,0,2,,69,64,1
3780,note_on,,,,,0,0,1,,77,64,0
3840,note_on,,,,,0,0,1,,74,64,0
3840,note_on,,,,,0,0,2,,65,64,1
3840,note_off,,,,,60,0,2,,69,64,1
3840,note_off,,,,,60,0,1,,77,64,0
3900,note_on,,,,,0,0,2,,69,64,1
3900,note_off,,,,,60,0,1,,74,64,0
3900,note_on,,,,,0,0,1,,77,64,0
3900,note_off,,,,,60,0,2,,65,64,1
3960,note_on,,,,,0,0,1,,76,64,0
3960,note_off,,,,,60,0,1,,77,64,0
3960,note_off,,,,,60,0,2,,69,64,1
3960,note_on,,,,,0,0,2,,67,64,1
4020,note_on,,,,,0,0,1,,77,64,0
4020,note_off,,,,,60,0,1,,76,64,0
4020,note_on,,,,,0,0,2,,69,64,1
4020,note_off,,,,,60,0,2,,67,64,1
4080,note_on,,,,,0,0,1,,74,64,0
4080,note_off,,,,,60,0,1,,77,64,0
4080,note_on,,,,,0,0,2,,65,64,1
4080,note_off,,,,,60,0,2,,69,64,1
4140,note_off,,,,,60,0,1,,74,64,0
4140,note_on,,,,,0,0,2,,69,64,1
4140,note_off,,,,,60,0,2,,65,64,1
4140,note_on,,,,,0,0,1,,77,64,0
4200,note_on,,,,,0,0,2,,67,64,1
4200,note_off,,,,,60,0,2,,69,64,1
4200,note_on,,,,,0,0,1,,76,64,0
4200,note_off,,,,,60,0,1,,77,64,0
4260,note_off,,,,,60,0,1,,76,64,0
4260,note_on,,,,,0,0,2,,69,64,1
4260,note_off,,,,,60,0,2,,67,64,1
4260,note_on,,,,,0,0,1,,77,64,0
4320,note_on,,,,,0,0,1,,71,64,0
4320,note_off,,,,,60,0,1,,77,64,0
4320,note_on,,,,,0,0,2,,62,64,1
4320,note_off,,,,,60,0,2,,69,64,1
4380,note_off,,,,,60,0,2,,62,64,1
4380,note_on,,,,,0,0,2,,65,64,1
4440,note_on,,,,,0,0,1,,67,64,0
4440,note_off,,,,,60,0,2,,65,64,1
4440,note_on,,,,,0,0,2,,64,64,1
4440,note_off,,,,,120,0,1,,71,64,0
4500,note_off,,,,,60,0,2,,64,64,1
4500,note_on,,,,,0,0,2,,65,64,1
4560,note_off,,,,,120,0,1,,67,64,0
4560,note_on,,,,,0,0,1,,74,64,0
4560,note_on,,,,,0,0,2,,62,64,1
4560,note_off,,,,,60,0,2,,65,64,1
4620,note_on,,,,,0,0,2,,65,64,1
4620,note_off,,,,,60,0,2,,62,64,1
4680,note_on,,,,,0,0,1,,71,64,0
4680,note_on,,,,,0,0,2,,64,64,1
4680,note_off,,,,,60,0,2,,65,64,1
4680,note_off,,,,,120,0,1,,74,64,0
4740,note_on,,,,,0,0,2,,65,64,1
4740,note_off,,,,,60,0,2,,64,64,1
4800,note_off,,,,,120,0,1,,71,64,0
4800,note_on,,,,,0,0,2,,62,64,1
4800,note_off,,,,,60,0,2,,65,64,1
4800,note_on,,,,,0,0,1,,77,64,0
4860,note_off,,,,,60,0,2,,62,64,1
4860,note_on,,,,,0,0,2,,65,64,1
4920,note_off,,,,,60,0,2,,65,64,1
4920,note_on,,,,,0,0,2,,64,64,1
4920,note_on,,,,,0,0,1,,74,64,0
4920,note_off,,,,,120,0,1,,77,64,0
4980,note_on,,,,,0,0,2,,65,64,1
4980,note_off,,,,,60,0,2,,64,64,1
5040,note_off,,,,,60,0,2,,65,64,1
5040,note_on,,,,,0,0,2,,59,64,1
5040,note_off,,,,,120,0,1,,74,64,0
5040,note_on,,,,,0,0,1,,79,64,0
5100,note_on,,,,,0,0,1,,81,64,0
5100,note_off,,,,,60,0,1,,79,64,0
5160,note_off,,,,,60,0,1,,81,64,0
5160,note_on,,,,,0,0,2,,55,64,1
5160,note_on,,,,,0,0,1,,79,64,0
5160,note_off,,,,,120,0,2,,59,64,1
5220,note_off,,,,,60,0,1,,79,64,0
5220,note_on,,,,,0,0,1,,77,64,0
5280,note_on,,,,,0,0,2,,60,64,1
5280,note_off,,,,,60,0,1,,77,64,0
5280,note_on,,,,,0,0,1,,76,64,0
5280,note_off,,,,,120,0,2,,55,64,1
5340,note_off,,,,,60,0,1,,76,64,0
5340,note_on,,,,,0,0,1,,77,64,0
5400,note_off,,,,,60,0,1,,77,64,0
5400,note_on,,,,,0,0,1,,76,64,0
5400,note_off,,,,,120,0,2,,60,64,1
5400,note_on,,,,,0,0,2,,55,64,1
5460,note_off,,,,,60,0,1,,76,64,0
5460,note_on,,,,,0,0,1,,74,64,0
5520,note_on,,,,,0,0,2,,64,64,1
5520,note_off,,,,,60,0,1,,74,64,0
5520,note_on,,,,,0,0,1,,72,64,0
5520,note_off,,,,,120,0,2,,55,64,1
5580,note_on,,,,,0,0,1,,74,64,0
5580,note_off,,,,,60,0,1,,72,64,0
5640,note_off,,,,,120,0,2,,64,64,1
5640,note_on,,,,,0,0,1,,72,64,0
5640,note_off,,,,,60,0,1,,74,64,0
5640,note_on,,,,,0,0,2,,60,64,1
5700,note_on,,,,,0,0,1,,70,64,0
5700,note_off,,,,,60,0,1,,72,64,0
5760,note_off,,,,,120,0,2,,60,64,1
5760,note_on,,,,,0,0,2,,65,64,1
5760,note_off,,,,,60,0,1,,70,64,0
5760,note_on,,,,,0,0,1,,69,64,0
5820,note_on,,,,,0,0,2,,67,64,1
5820,note_off,,,,,60,0,2,,65,64,1
5880,note_off,,,,,120,0,1,,69,64,0
5880,note_off,,,,,60,0,2,,67,64,1
5880,note_on,,,,,0,0,2,,65,64,1
5880,note_on,,,,,0,0,1,,74,64,0
5940,note_off,,,,,60,0,1,,74,64,0
5940,note_on,,,,,0,0,1,,72,64,0
5940,note_off,,,,,60,0,2,,65,64,1
5940,note_on,,,,,0,0,2,,64,64,1
6000,note_off,,,,,60,0,1,,72,64,0
6000,note_on,,,,,0,0,1,,71,64,0
6000,note_off,,,,,60,0,2,,64,64,1
6000,note_on,,,,,0,0,2,,62,64,1
6060,note_off,,,,,60,0,2,,62,64,1
6060,note_on,,,,,0,0,2,,64,64,1
6060,note_on,,,,,0,0,1,,72,64,0
6060,note_off,,,,,60,0,1,,71,64,0
6120,note_on,,,,,0,0,1,,71,64,0
6120,note_off,,,,,60,0,1,,72,64,0
6120,note_off,,,,,60,0,2,,64,64,1
6120,note_on,,,,,0,0,2,,62,64,1
6180,note_off,,,,,60,0,2,,62,64,1
6180,note_on,,,,,0,0,2,,60,64,1
6180,note_off,,,,,60,0,1,,71,64,0
6180,note_on,,,,,0,0,1,,69,64,0
6240,note_on,,,,,0,0,1,,67,64,0
6240,note_off,,,,,60,0,1,,69,64,0
6240,note_on,,,,,0,0,2,,59,64,1
6240,note_off,,,,,60,0,2,,60,64,1
6300,note_on,,,,,0,0,1,,69,64,0
6300,note_on,,,,,0,0,2,,60,64,1
6300,note_off,,,,,60,0,2,,59,64,1
6300,note_off,,,,,60,0,1,,67,64,0
6360,note_off,,,,,60,0,1,,69,64,0
6360,note_on,,,,,0,0,2,,59,64,1
6360,note_on,,,,,0,0,1,,67,64,0
6360,note_off,,,,,60,0,2,,60,64,1
6420,note_off,,,,,60,0,1,,67,64,0
6420,note_on,,,,,0,0,2,,57,64,1
6420,note_off,,,,,60,0,2,,59,64,1
6420,note_on,,,,,0,0,1,,65,64,0
6480,note_off,,,,,60,0,2,,57,64,1
6480,note_on,,,,,0,0,1,,64,64,0
6480,note_on,,,,,0,0,2,,55,64,1
6480,note_off,,,,,60,0,1,,65,64,0
6540,note_off,,,,,60,0,1,,64,64,0
6540,note_on,,,,,0,0,1,,65,64,0
6600,note_on,,,,,0,0,2,,60,64,1
6600,note_off,,,,,120,0,2,,55,64,1
6600,note_off,,,,,60,0,1,,65,64,0
6600,note_on,,,,,0,0,1,,64,64,0
6660,note_on,,,,,0,0,2,,59,64,1
6660,note_off,,,,,60,0,2,,60,64,1
6660,note_off,,,,,60,0,1,,64,64,0
6660,note_on,,,,,0,0,1,,62,64,0
6720,note_on,,,,,0,0,2,,57,64,1
6720,note_off,,,,,60,0,2,,59,64,1
6720,note_on,,,,,0,0,1,,60,64,0
6720,note_off,,,,,60,0,1,,62,64,0
6780,note_on,,,,,0,0,2,,59,64,1
6780,note_off,,,,,60,0,2,,57,64,1
6840,note_on,,,,,0,0,1,,72,64,0
6840,note_off,,,,,120,0,1,,60,64,0
6840,note_on,,,,,0,0,2,,57,64,1
6840,note_off,,,,,60,0,2,,59,64,1
6900,note_on,,,,,0,0,2,,55,64,1
6900,note_on,,,,,0,0,1,,71,64,0
6900,note_off,,,,,60,0,1,,72,64,0
6900,note_off,,,,,60,0,2,,57,64,1
6960,note_on,,,,,0,0,1,,72,64,0
6960,note_off,,,,,60,0,2,,55,64,1
6960,note_on,,,,,0,0,2,,53,64,1
6960,note_off,,,,,60,0,1,,71,64,0
7020,note_off,,,,,60,0,2,,53,64,1
7020,note_on,,,,,0,0,2,,55,64,1
7080,note_on,,,,,0,0,2,,53,64,1
7080,note_off,,,,,60,0,2,,55,64,1
7080,note_off,,,,,120,0,1,,72,64,0
7080,note_on,,,,,0,0,1,,64,64,0
7140,note_off,,,,,60,0,2,,53,64,1
7140,note_on,,,,,0,0,2,,52,64,1
7200,note_off,,,,,120,0,1,,64,64,0
7200,note_on,,,,,0,0,1,,65,64,0
7200,note_off,,,,,60,0,2,,52,64,1
7200,note_on,,,,,0,0,2,,50,64,1
7260,note_off,,,,,60,0,2,,50,64,1
7260,note_on,,,,,0,0,2,,52,64,1
7320,note_off,,,,,120,0,1,,65,64,0
7320,note_on,,,,,0,0,1,,72,64,0
7320,note_off,,,,,60,0,2,,52,64,1
7320,note_on,,,,,0,0,2,,50,64,1
7380,note_off,,,,,60,0,2,,50,64,1
7380,note_on,,,,,0,0,2,,48,64,1
7440,note_off,,,,,60,0,2,,48,64,1
7440,note_on,,,,,0,0,1,,64,64,0
7440,note_off,,,,,120,0,1,,72,64,0
7440,note_on,,,,,0,0,2,,55,64,1
7500,note_on,,,,,0,0,2,,53,64,1
7500,note_off,,,,,60,0,2,,55,64,1
7560,note_on,,,,,0,0,1,,72,64,0
7560,note_off,,,,,120,0,1,,64,64,0
7560,note_off,,,,,60,0,2,,53,64,1
7560,note_on,,,,,0,0,2,,52,64,1
7620,note_off,,,,,60,0,2,,52,64,1
7620,note_on,,,,,0,0,2,,53,64,1
7680,note_off,,,,,60,0,2,,53,64,1
7680,note_off,,,,,120,0,1,,72,64,0
7680,note_on,,,,,0,0,1,,62,64,0
7680,note_on,,,,,0,0,2,,55,64,1
7800,note_off,,,,,120,0,2,,55,64,1
7800,note_off,,,,,120,0,1,,62,64,0
7800,note_on,,,,,0,0,1,,71,64,0
7800,note_on,,,,,0,0,2,,43,64,1
7920,note_off,,,,,120,0,2,,43,64,1
7920,note_off,,,,,120,0,1,,71,64,0
7920,note_on,,,,,0,0,1,,72,64,0
8040,note_on,,,,,120,0,2,,48,64,1
8160,note_on,,,,,0,0,2,,52,64,1
8160,note_off,,,,,240,0,1,,72,64,0
8160,note_off,,,,,120,0,2,,48,64,1
8280,note_off,,,,,120,0,2,,52,64,1
8280,note_on,,,,,0,0,2,,48,64,1
8400,note_off,,,,,120,0,2,,48,64,1
8400,note_on,,,,,0,0,2,,55,64,1
8520,note_off,,,,,120,0,2,,55,64,1
8520,note_on,,,,,0,0,2,,48,64,1
8640,note_off,,,,,120,0,2,,48,64,1
8640,note_on,,,,,0,0,2,,60,64,1
8760,note_on,,,,,600,0,1,,72,64,0
8760,note_off,,,,,120,0,2,,60,64,1
8760,note_on,,,,,0,0,2,,59,64,1
8820,note_off,,,,,60,0,2,,59,64,1
8820,note_on,,,,,0,0,2,,57,64,1
8880,note_off,,,,,60,0,2,,57,64,1
8880,note_on,,,,,0,0,2,,55,64,1
8880,note_off,,,,,120,0,1,,72,64,0
8880,note_on,,,,,0,0,1,,76,64,0
8940,note_on,,,,,0,0,2,,57,64,1
8940,note_off,,,,,60,0,2,,55,64,1
9000,note_off,,,,,60,0,2,,57,64,1
9000,note_on,,,,,0,0,2,,55,64,1
9000,note_off,,,,,120,0,1,,76,64,0
9000,note_on,,,,,0,0,1,,72,64,0
9060,note_off,,,,,60,0,2,,55,64,1
9060,note_on,,,,,0,0,2,,53,64,1
9120,note_off,,,,,120,0,1,,72,64,0
9120,note_on,,,,,0,0,2,,52,64,1
9120,note_off,,,,,60,0,2,,53,64,1
9120,note_on,,,,,0,0,1,,79,64,0
9180,note_on,,,,,0,0,2,,53,64,1
9180,note_off,,,,,60,0,2,,52,64,1
9240,note_on,,,,,0,0,2,,52,64,1
9240,note_on,,,,,0,0,1,,72,64,0
9240,note_off,,,,,120,0,1,,79,64,0
9240,note_off,,,,,60,0,2,,53,64,1
9300,note_off,,,,,60,0,2,,52,64,1
9300,note_on,,,,,0,0,2,,50,64,1
9360,note_on,,,,,0,0,2,,48,64,1
9360,note_off,,,,,60,0,2,,50,64,1
9360,note_on,,,,,0,0,1,,84,64,0
9360,note_off,,,,,120,0,1,,72,64,0
9480,note_off,,,,,120,0,1,,84,64,0
9480,note_on,,,,,0,0,2,,52,64,1
9480,note_off,,,,,120,0,2,,48,64,1
9480,note_on,,,,,0,0,1,,83,64,0
9540,note_off,,,,,60,0,1,,83,64,0
9540,note_on,,,,,0,0,1,,81,64,0
9600,note_on,,,,,0,0,2,,55,64,1
9600,note_off,,,,,120,0,2,,52,64,1
9600,note_off,,,,,60,0,1,,81,64,0
9600,note_on,,,,,0,0,1,,79,64,0
9660,note_on,,,,,0,0,1,,81,64,0
9660,note_off,,,,,60,0,1,,79,64,0
9720,note_on,,,,,0,0,1,,79,64,0
9720,note_on,,,,,0,0,2,,52,64,1
9720,note_off,,,,,120,0,2,,55,64,1
9720,note_off,,,,,60,0,1,,81,64,0
9780,note_on,,,,,0,0,1,,77,64,0
9780,note_off,,,,,60,0,1,,79,64,0
9840,note_off,,,,,120,0,2,,52,64,1
9840,note_on,,,,,0,0,1,,76,64,0
9840,note_off,,,,,60,0,1,,77,64,0
9840,note_on,,,,,0,0,2,,60,64,1
9900,note_on,,,,,0,0,1,,77,64,0
9900,note_off,,,,,60,0,1,,76,64,0
9960,note_on,,,,,0,0,1,,76,64,0
9960,note_off,,,,,60,0,1,,77,64,0
9960,note_on,,,,,0,0,2,,55,64,1
9960,note_off,,,,,120,0,2,,60,64,1
10020,note_on,,,,,0,0,1,,74,64,0
10020,note_off,,,,,60,0,1,,76,64,0
10080,note_on,,,,,0,0,1,,72,64,0
10080,note_off,,,,,60,0,1,,74,64,0
10080,note_on,,,,,0,0,2,,63,64,1
10080,note_off,,,,,120,0,2,,55,64,1
10140,note_on,,,,,0,0,1,,70,64,0
10140,note_off,,,,,60,0,1,,72,64,0
10200,note_off,,,,,120,0,2,,63,64,1
10200,note_on,,,,,0,0,2,,54,64,1
10200,note_on,,,,,0,0,1,,72,64,0
10200,note_off,,,,,60,0,1,,70,64,0
10260,note_on,,,,,0,0,1,,81,64,0
10260,note_off,,,,,60,0,1,,72,64,0
10320,note_off,,,,,60,0,1,,81,64,0
10320,note_on,,,,,0,0,1,,72,64,0
10320,note_on,,,,,0,0,2,,63,64,1
10320,note_off,,,,,120,0,2,,54,64,1
10380,note_off,,,,,60,0,1,,72,64,0
10380,note_on,,,,,0,0,1,,81,64,0
10440,note_on,,,,,0,0,2,,54,64,1
10440,note_off,,,,,60,0,1,,81,64,0
10440,note_on,,,,,0,0,1,,70,64,0
10440,note_off,,,,,120,0,2,,63,64,1
10500,note_off,,,,,60,0,1,,70,64,0
10500,note_on,,,,,0,0,1,,81,64,0
10560,note_on,,,,,0,0,1,,72,64,0
10560,note_on,,,,,0,0,2,,63,64,1
10560,note_off,,,,,120,0,2,,54,64,1
10560,note_off,,,,,60,0,1,,81,64,0
10620,note_off,,,,,60,0,1,,72,64,0
10620,note_on,,,,,0,0,1,,81,64,0
10680,note_off,,,,,60,0,1,,81,64,0
10680,note_on,,,,,0,0,1,,69,64,0
10680,note_on,,,,,0,0,2,,54,64,1
10680,note_off,,,,,120,0,2,,63,64,1
10740,note_off,,,,,60,0,1,,69,64,0
10740,note_on,,,,,0,0,1,,81,64,0
10800,note_off,,,,,120,0,2,,54,64,1
10800,note_off,,,,,60,0,1,,81,64,0
10800,note_on,,,,,0,0,1,,70,64,0
10800,note_on,,,,,0,0,2,,55,64,1
10920,note_off,,,,,120,0,2,,55,64,1
10920,note_on,,,,,0,0,1,,67,64,0
10920,note_off,,,,,120,0,1,,70,64,0
10920,note_on,,,,,0,0,2,,53,64,1
10980,note_off,,,,,60,0,2,,53,64,1
10980,note_on,,,,,0,0,2,,51,64,1
11040,note_off,,,,,120,0,1,,67,64,0
11040,note_on,,,,,0,0,1,,70,64,0
11040,note_on,,,,,0,0,2,,50,64,1
11040,note_off,,,,,60,0,2,,51,64,1
11100,note_off,,,,,60,0,2,,50,64,1
11100,note_on,,,,,0,0,2,,51,64,1
11160,note_off,,,,,60,0,2,,51,64,1
11160,note_on,,,,,0,0,2,,50,64,1
11160,note_off,,,,,120,0,1,,70,64,0
11160,note_on,,,,,0,0,1,,67,64,0
11220,note_off,,,,,60,0,2,,50,64,1
11220,note_on,,,,,0,0,2,,48,64,1
11280,note_on,,,,,0,0,1,,74,64,0
11280,note_off,,,,,60,0,2,,48,64,1
11280,note_on,,,,,0,0,2,,46,64,1
11280,note_off,,,,,120,0,1,,67,64,0
11340,note_off,,,,,60,0,2,,46,64,1
11340,note_on,,,,,0,0,2,,48,64,1
11400,note_on,,,,,0,0,1,,70,64,0
11400,note_off,,,,,60,0,2,,48,64,1
11400,note_off,,,,,120,0,1,,74,64,0
11400,note_on,,,,,0,0,2,,46,64,1
11460,note_off,,,,,60,0,2,,46,64,1
11460,note_on,,,,,0,0,2,,45,64,1
11520,note_off,,,,,120,0,1,,70,64,0
11520,note_on,,,,,0,0,1,,79,64,0
11520,note_on,,,,,0,0,2,,43,64,1
11520,note_off,,,,,60,0,2,,45,64,1
11640,note_off,,,,,120,0,1,,79,64,0
11640,note_on,,,,,0,0,1,,77,64,0
11640,note_on,,,,,0,0,2,,55,64,1
11640,note_off,,,,,120,0,2,,43,64,1
11700,note_on,,,,,0,0,1,,75,64,0
11700,note_off,,,,,60,0,1,,77,64,0
11760,note_on,,,,,0,0,1,,74,64,0
11760,note_off,,,,,60,0,1,,75,64,0
11760,note_off,,,,,120,0,2,,55,64,1
11760,note_on,,,,,0,0,2,,58,64,1
11820,note_on,,,,,0,0,1,,75,64,0
11820,note_off,,,,,60,0,1,,74,64,0
11880,note_on,,,,,0,0,1,,74,64,0
11880,note_off,,,,,60,0,1,,75,64,0
11880,note_off,,,,,120,0,2,,58,64,1
11880,note_on,,,,,0,0,2,,55,64,1
11940,note_off,,,,,60,0,1,,74,64,0
11940,note_on,,,,,0,0,1,,72,64,0
12000,note_off,,,,,120,0,2,,55,64,1
12000,note_on,,,,,0,0,2,,62,64,1
12000,note_off,,,,,60,0,1,,72,64,0
12000,note_on,,,,,0,0,1,,70,64,0
12060,note_off,,,,,60,0,1,,70,64,0
12060,note_on,,,,,0,0,1,,72,64,0
12120,note_off,,,,,60,0,1,,72,64,0
12120,note_on,,,,,0,0,2,,55,64,1
12120,note_off,,,,,120,0,2,,62,64,1
12120,note_on,,,,,0,0,1,,70,64,0
12180,note_off,,,,,60,0,1,,70,64,0
12180,note_on,,,,,0,0,1,,69,64,0
12240,note_on,,,,,0,0,2,,67,64,1
12240,note_off,,,,,60,0,1,,69,64,0
12240,note_off,,,,,120,0,2,,55,64,1
12360,note_on,,,,,120,0,1,,70,64,0
12360,note_off,,,,,120,0,2,,67,64,1
12360,note_on,,,,,0,0,2,,65,64,1
12420,note_off,,,,,60,0,2,,65,64,1
12420,note_on,,,,,0,0,2,,63,64,1
12480,note_off,,,,,60,0,2,,63,64,1
12480,note_on,,,,,0,0,2,,62,64,1
12480,note_on,,,,,0,0,1,,74,64,0
12480,note_off,,,,,120,0,1,,70,64,0
12540,note_off,,,,,60,0,2,,62,64,1
12540,note_on,,,,,0,0,2,,63,64,1
12600,note_on,,,,,0,0,2,,62,64,1
12600,note_on,,,,,0,0,1,,70,64,0
12600,note_off,,,,,120,0,1,,74,64,0
12600,note_off,,,,,60,0,2,,63,64,1
12660,note_on,,,,,0,0,2,,60,64,1
12660,note_off,,,,,60,0,2,,62,64,1
12720,note_off,,,,,120,0,1,,70,64,0
12720,note_on,,,,,0,0,1,,79,64,0
12720,note_off,,,,,60,0,2,,60,64,1
12720,note_on,,,,,0,0,2,,58,64,1
12780,note_on,,,,,0,0,2,,60,64,1
12780,note_off,,,,,60,0,2,,58,64,1
12840,note_off,,,,,120,0,1,,79,64,0
12840,note_on,,,,,0,0,1,,74,64,0
12840,note_off,,,,,60,0,2,,60,64,1
12840,note_on,,,,,0,0,2,,58,64,1
12900,note_on,,,,,0,0,2,,57,64,1
12900,note_off,,,,,60,0,2,,58,64,1
12960,note_on,,,,,0,0,2,,55,64,1
12960,note_off,,,,,60,0,2,,57,64,1
12960,note_off,,,,,120,0,1,,74,64,0
12960,note_on,,,,,0,0,1,,82,64,0
13020,note_on,,,,,0,0,2,,53,64,1
13020,note_off,,,,,60,0,2,,55,64,1
13080,note_on,,,,,0,0,2,,55,64,1
13080,note_on,,,,,0,0,1,,73,64,0
13080,note_off,,,,,120,0,1,,82,64,0
13080,note_off,,,,,60,0,2,,53,64,1
13140,note_off,,,,,60,0,2,,55,64,1
13140,note_on,,,,,0,0,2,,64,64,1
13200,note_off,,,,,120,0,1,,73,64,0
13200,note_on,,,,,0,0,1,,82,64,0
13200,note_on,,,,,0,0,2,,55,64,1
13200,note_off,,,,,60,0,2,,64,64,1
13260,note_on,,,,,0,0,2,,64,64,1
13260,note_off,,,,,60,0,2,,55,64,1
13320,note_on,,,,,0,0,2,,53,64,1
13320,note_off,,,,,60,0,2,,64,64,1
13320,note_off,,,,,120,0,1,,82,64,0
13320,note_on,,,,,0,0,1,,73,64,0
13380,note_off,,,,,60,0,2,,53,64,1
13380,note_on,,,,,0,0,2,,64,64,1
13440,note_off,,,,,60,0,2,,64,64,1
13440,note_on,,,,,0,0,1,,82,64,0
13440,note_off,,,,,120,0,1,,73,64,0
13440,note_on,,,,,0,0,2,,55,64,1
13500,note_off,,,,,60,0,2,,55,64,1
13500,note_on,,,,,0,0,2,,64,64,1
13560,note_off,,,,,120,0,1,,82,64,0
13560,note_on,,,,,0,0,1,,73,64,0
13560,note_off,,,,,60,0,2,,64,64,1
13560,note_on,,,,,0,0,2,,52,64,1
13620,note_off,,,,,60,0,2,,52,64,1
13620,note_on,,,,,0,0,2,,64,64,1
13680,note_on,,,,,0,0,2,,53,64,1
13680,note_off,,,,,120,0,1,,73,64,0
13680,note_on,,,,,0,0,1,,74,64,0
13680,note_off,,,,,60,0,2,,64,64,1
13740,note_off,,,,,60,0,2,,53,64,1
13740,note_on,,,,,0,0,2,,52,64,1
13800,note_on,,,,,0,0,2,,53,64,1
13800,note_off,,,,,60,0,2,,52,64,1
13800,note_off,,,,,120,0,1,,74,64,0
13800,note_on,,,,,0,0,1,,69,64,0
13860,note_on,,,,,0,0,2,,62,64,1
13860,note_off,,,,,60,0,2,,53,64,1
13920,note_on,,,,,0,0,2,,53,64,1
13920,note_off,,,,,60,0,2,,62,64,1
13920,note_off,,,,,120,0,1,,69,64,0
13920,note_on,,,,,0,0,1,,77,64,0
13980,note_on,,,,,0,0,2,,62,64,1
13980,note_off,,,,,60,0,2,,53,64,1
14040,note_off,,,,,120,0,1,,77,64,0
14040,note_on,,,,,0,0,1,,74,64,0
14040,note_on,,,,,0,0,2,,52,64,1
14040,note_off,,,,,60,0,2,,62,64,1
14100,note_off,,,,,60,0,2,,52,64,1
14100,note_on,,,,,0,0,2,,62,64,1
14160,note_on,,,,,0,0,1,,81,64,0
14160,note_off,,,,,60,0,2,,62,64,1
14160,note_on,,,,,0,0,2,,53,64,1
14160,note_off,,,,,120,0,1,,74,64,0
14220,note_on,,,,,0,0,2,,62,64,1
14220,note_off,,,,,60,0,2,,53,64,1
14280,note_on,,,,,0,0,2,,50,64,1
14280,note_off,,,,,120,0,1,,81,64,0
14280,note_on,,,,,0,0,1,,77,64,0
14280,note_off,,,,,60,0,2,,62,64,1
14340,note_off,,,,,60,0,2,,50,64,1
14340,note_on,,,,,0,0,2,,62,64,1
14400,note_off,,,,,120,0,1,,77,64,0
14400,note_on,,,,,0,0,2,,58,64,1
14400,note_off,,,,,60,0,2,,62,64,1
14400,note_on,,,,,0,0,1,,79,64,0
14460,note_on,,,,,0,0,1,,77,64,0
14460,note_off,,,,,60,0,1,,79,64,0
14520,note_on,,,,,0,0,1,,79,64,0
14520,note_on,,,,,0,0,2,,55,64,1
14520,note_off,,,,,120,0,2,,58,64,1
14520,note_off,,,,,60,0,1,,77,64,0
14580,note_on,,,,,0,0,1,,82,64,0
14580,note_off,,,,,60,0,1,,79,64,0
14640,note_off,,,,,60,0,1,,82,64,0
14640,note_on,,,,,0,0,1,,72,64,0
14640,note_off,,,,,120,0,2,,55,64,1
14640,note_on,,,,,0,0,2,,52,64,1
14700,note_off,,,,,60,0,1,,72,64,0
14700,note_on,,,,,0,0,1,,82,64,0
14760,note_off,,,,,120,0,2,,52,64,1
14760,note_on,,,,,0,0,2,,55,64,1
14760,note_on,,,,,0,0,1,,74,64,0
14760,note_off,,,,,60,0,1,,82,64,0
14820,note_on,,,,,0,0,1,,82,64,0
14820,note_off,,,,,60,0,1,,74,64,0
14880,note_on,,,,,0,0,1,,76,64,0
14880,note_off,,,,,60,0,1,,82,64,0
14880,note_off,,,,,120,0,2,,55,64,1
14880,note_on,,,,,0,0,2,,48,64,1
14940,note_off,,,,,60,0,1,,76,64,0
14940,note_on,,,,,0,0,1,,82,64,0
15000,note_on,,,,,0,0,1,,72,64,0
15000,note_off,,,,,120,0,2,,48,64,1
15000,note_off,,,,,60,0,1,,82,64,0
15000,note_on,,,,,0,0,2,,52,64,1
15060,note_on,,,,,0,0,1,,82,64,0
15060,note_off,,,,,60,0,1,,72,64,0
15120,note_off,,,,,120,0,2,,52,64,1
15120,note_on,,,,,0,0,1,,77,64,0
15120,note_off,,,,,60,0,1,,82,64,0
15120,note_on,,,,,0,0,2,,57,64,1
15180,note_on,,,,,0,0,1,,76,64,0
15180,note_off,,,,,60,0,1,,77,64,0
15240,note_on,,,,,0,0,2,,53,64,1
15240,note_off,,,,,120,0,2,,57,64,1
15240,note_off,,,,,60,0,1,,76,64,0
15240,note_on,,,,,0,0,1,,77,64,0
15300,note_off,,,,,60,0,1,,77,64,0
15300,note_on,,,,,0,0,1,,81,64,0
15360,note_on,,,,,0,0,1,,71,64,0
15360,note_off,,,,,120,0,2,,53,64,1
15360,note_on,,,,,0,0,2,,50,64,1
15360,note_off,,,,,60,0,1,,81,64,0
15420,note_off,,,,,60,0,1,,71,64,0
15420,note_on,,,,,0,0,1,,81,64,0
15480,note_off,,,,,120,0,2,,50,64,1
15480,note_on,,,,,0,0,2,,53,64,1
15480,note_off,,,,,60,0,1,,81,64,0
15480,note_on,,,,,0,0,1,,73,64,0
15540,note_off,,,,,60,0,1,,73,64,0
15540,note_on,,,,,0,0,1,,81,64,0
15600,note_off,,,,,120,0,2,,53,64,1
15600,note_off,,,,,60,0,1,,81,64,0
15600,note_on,,,,,0,0,1,,74,64,0
15600,note_on,,,,,0,0,2,,47,64,1
15660,note_on,,,,,0,0,1,,81,64,0
15660,note_off,,,,,60,0,1,,74,64,0
15720,note_on,,,,,0,0,2,,50,64,1
15720,note_off,,,,,120,0,2,,47,64,1
15720,note_off,,,,,60,0,1,,81,64,0
15720,note_on,,,,,0,0,1,,71,64,0
15780,note_off,,,,,60,0,1,,71,64,0
15780,note_on,,,,,0,0,1,,81,64,0
15840,note_on,,,,,0,0,1,,76,64,0
15840,note_on,,,,,0,0,2,,55,64,1
15840,note_off,,,,,120,0,2,,50,64,1
15840,note_off,,,,,60,0,1,,81,64,0
15900,note_off,,,,,60,0,1,,76,64,0
15900,note_on,,,,,0,0,1,,74,64,0
15960,note_on,,,,,0,0,1,,76,64,0
15960,note_off,,,,,60,0,1,,74,64,0
15960,note_on,,,,,0,0,2,,52,64,1
15960,note_off,,,,,120,0,2,,55,64,1
16020,note_off,,,,,60,0,1,,76,64,0
16020,note_on,,,,,0,0,1,,79,64,0
16080,note_on,,,,,0,0,1,,69,64,0
16080,note_on,,,,,0,0,2,,49,64,1
16080,note_off,,,,,120,0,2,,52,64,1
16080,note_off,,,,,60,0,1,,79,64,0
16140,note_on,,,,,0,0,1,,79,64,0
16140,note_off,,,,,60,0,1,,69,64,0
16200,note_on,,,,,0,0,2,,52,64,1
16200,note_off,,,,,120,0,2,,49,64,1
16200,note_on,,,,,0,0,1,,71,64,0
16200,note_off,,,,,60,0,1,,79,64,0
16260,note_off,,,,,60,0,1,,71,64,0
16260,note_on,,,,,0,0,1,,79,64,0
16320,note_on,,,,,0,0,1,,73,64,0
16320,note_off,,,,,60,0,1,,79,64,0
16320,note_off,,,,,120,0,2,,52,64,1
16320,note_on,,,,,0,0,2,,45,64,1
16380,note_on,,,,,0,0,1,,79,64,0
16380,note_off,,,,,60,0,1,,73,64,0
16440,note_off,,,,,60,0,1,,79,64,0
16440,note_off,,,,,120,0,2,,45,64,1
16440,note_on,,,,,0,0,2,,49,64,1
16440,note_on,,,,,0,0,1,,69,64,0
16500,note_off,,,,,60,0,1,,69,64,0
16500,note_on,,,,,0,0,1,,79,64,0
16560,note_on,,,,,0,0,2,,38,64,1
16560,note_off,,,,,120,0,2,,49,64,1
16560,note_off,,,,,60,0,1,,79,64,0
16560,note_on,,,,,0,0,1,,77,64,0
16620,note_on,,,,,0,0,2,,50,64,1
16620,note_off,,,,,60,0,2,,38,64,1
16680,note_on,,,,,0,0,1,,74,64,0
16680,note_off,,,,,60,0,2,,50,64,1
16680,note_on,,,,,0,0,2,,48,64,1
16680,note_off,,,,,120,0,1,,77,64,0
16740,note_off,,,,,60,0,2,,48,64,1
16740,note_on,,,,,0,0,2,,50,64,1
16800,note_off,,,,,120,0,1,,74,64,0
16800,note_on,,,,,0,0,1,,70,64,0
16800,note_off,,,,,60,0,2,,50,64,1
16800,note_on,,,,,0,0,2,,43,64,1
16860,note_off,,,,,60,0,2,,43,64,1
16860,note_on,,,,,0,0,2,,50,64,1
16920,note_off,,,,,120,0,1,,70,64,0
16920,note_on,,,,,0,0,1,,74,64,0
16920,note_off,,,,,60,0,2,,50,64,1
16920,note_on,,,,,0,0,2,,45,64,1
16980,note_off,,,,,60,0,2,,45,64,1
16980,note_on,,,,,0,0,2,,50,64,1
17040,note_on,,,,,0,0,2,,46,64,1
17040,note_off,,,,,60,0,2,,50,64,1
17040,note_on,,,,,0,0,1,,67,64,0
17040,note_off,,,,,120,0,1,,74,64,0
17100,note_off,,,,,60,0,2,,46,64,1
17100,note_on,,,,,0,0,2,,50,64,1
17160,note_off,,,,,60,0,2,,50,64,1
17160,note_off,,,,,120,0,1,,67,64,0
17160,note_on,,,,,0,0,2,,43,64,1
17160,note_on,,,,,0,0,1,,77,64,0
17220,note_off,,,,,60,0,2,,43,64,1
17220,note_on,,,,,0,0,2,,50,64,1
17280,note_off,,,,,120,0,1,,77,64,0
17280,note_on,,,,,0,0,1,,76,64,0
17280,note_off,,,,,60,0,2,,50,64,1
17280,note_on,,,,,0,0,2,,36,64,1
17340,note_off,,,,,60,0,2,,36,64,1
17340,note_on,,,,,0,0,2,,48,64,1
17400,note_on,,,,,0,0,1,,72,64,0
17400,note_off,,,,,120,0,1,,76,64,0
17400,note_off,,,,,60,0,2,,48,64,1
17400,note_on,,,,,0,0,2,,46,64,1
17460,note_on,,,,,0,0,2,,48,64,1
17460,note_off,,,,,60,0,2,,46,64,1
17520,note_on,,,,,0,0,2,,41,64,1
17520,note_off,,,,,60,0,2,,48,64,1
17520,note_on,,,,,0,0,1,,69,64,0
17520,note_off,,,,,120,0,1,,72,64,0
17580,note_on,,,,,0,0,2,,48,64,1
17580,note_off,,,,,60,0,2,,41,64,1
17640,note_off,,,,,60,0,2,,48,64,1
17640,note_on,,,,,0,0,2,,43,64,1
17640,note_on,,,,,0,0,1,,72,64,0
17640,note_off,,,,,120,0,1,,69,64,0
17700,note_off,,,,,60,0,2,,43,64,1
17700,note_on,,,,,0,0,2,,48,64,1
17760,note_off,,,,,60,0,2,,48,64,1
17760,note_on,,,,,0,0,2,,45,64,1
17760,note_off,,,,,120,0,1,,72,64,0
17760,note_on,,,,,0,0,1,,65,64,0
17820,note_off,,,,,60,0,2,,45,64,1
17820,note_on,,,,,0,0,2,,48,64,1
17880,note_on,,,,,0,0,2,,41,64,1
17880,note_off,,,,,60,0,2,,48,64,1
17880,note_off,,,,,120,0,1,,65,64,0
17880,note_on,,,,,0,0,1,,75,64,0
17940,note_on,,,,,0,0,2,,48,64,1
17940,note_off,,,,,60,0,2,,41,64,1
18000,note_off,,,,,120,0,1,,75,64,0
18000,note_on,,,,,0,0,1,,74,64,0
18000,note_off,,,,,60,0,2,,48,64,1
18000,note_on,,,,,0,0,2,,46,64,1
18060,note_on,,,,,0,0,1,,77,64,0
18060,note_off,,,,,60,0,1,,74,64,0
18120,note_on,,,,,0,0,2,,50,64,1
18120,note_off,,,,,60,0,1,,77,64,0
18120,note_on,,,,,0,0,1,,75,64,0
18120,note_off,,,,,120,0,2,,46,64,1
18180,note_off,,,,,60,0,1,,75,64,0
18180,note_on,,,,,0,0,1,,77,64,0
18240,note_off,,,,,60,0,1,,77,64,0
18240,note_on,,,,,0,0,1,,74,64,0
18240,note_on,,,,,0,0,2,,53,64,1
18240,note_off,,,,,120,0,2,,50,64,1
18300,note_off,,,,,60,0,1,,74,64,0
18300,note_on,,,,,0,0,1,,77,64,0
18360,note_on,,,,,0,0,2,,50,64,1
18360,note_off,,,,,120,0,2,,53,64,1
18360,note_on,,,,,0,0,1,,75,64,0
18360,note_off,,,,,60,0,1,,77,64,0
18420,note_on,,,,,0,0,1,,77,64,0
18420,note_off,,,,,60,0,1,,75,64,0
18480,note_off,,,,,60,0,1,,77,64,0
18480,note_off,,,,,120,0,2,,50,64,1
18480,note_on,,,,,0,0,1,,74,64,0
18480,note_on,,,,,0,0,2,,58,64,1
18540,note_on,,,,,0,0,1,,77,64,0
18540,note_off,,,,,60,0,1,,74,64,0
18600,note_on,,,,,0,0,2,,53,64,1
18600,note_off,,,,,120,0,2,,58,64,1
18600,note_on,,,,,0,0,1,,75,64,0
18600,note_off,,,,,60,0,1,,77,64,0
18660,note_on,,,,,0,0,1,,77,64,0
18660,note_off,,,,,60,0,1,,75,64,0
18720,note_off,,,,,120,0,2,,53,64,1
18720,note_off,,,,,60,0,1,,77,64,0
18720,note_on,,,,,0,0,2,,62,64,1
18720,note_on,,,,,0,0,1,,70,64,0
18780,note_off,,,,,60,0,2,,62,64,1
18780,note_on,,,,,0,0,2,,65,64,1
18780,note_off,,,,,60,0,1,,70,64,0
18780,note_on,,,,,0,0,1,,74,64,0
18840,note_off,,,,,60,0,2,,65,64,1
18840,note_off,,,,,60,0,1,,74,64,0
18840,note_on,,,,,0,0,1,,72,64,0
18840,note_on,,,,,0,0,2,,63,64,1
18900,note_off,,,,,60,0,1,,72,64,0
18900,note_on,,,,,0,0,1,,74,64,0
18900,note_off,,,,,60,0,2,,63,64,1
18900,note_on,,,,,0,0,2,,65,64,1
18960,note_on,,,,,0,0,2,,62,64,1
18960,note_off,,,,,60,0,2,,65,64,1
18960,note_on,,,,,0,0,1,,70,64,0
18960,note_off,,,,,60,0,1,,74,64,0
19020,note_on,,,,,0,0,2,,65,64,1
19020,note_off,,,,,60,0,2,,62,64,1
19020,note_off,,,,,60,0,1,,70,64,0
19020,note_on,,,,,0,0,1,,74,64,0
19080,note_on,,,,,0,0,2,,63,64,1
19080,note_off,,,,,60,0,2,,65,64,1
19080,note_on,,,,,0,0,1,,72,64,0
19080,note_off,,,,,60,0,1,,74,64,0
19140,note_on,,,,,0,0,1,,74,64,0
19140,note_on,,,,,0,0,2,,65,64,1
19140,note_off,,,,,60,0,2,,63,64,1
19140,note_off,,,,,60,0,1,,72,64,0
19200,note_off,,,,,60,0,2,,65,64,1
19200,note_on,,,,,0,0,2,,62,64,1
19200,note_on,,,,,0,0,1,,70,64,0
19200,note_off,,,,,60,0,1,,74,64,0
19260,note_on,,,,,0,0,1,,74,64,0
19260,note_off,,,,,60,0,1,,70,64,0
19260,note_off,,,,,60,0,2,,62,64,1
19260,note_on,,,,,0,0,2,,65,64,1
19320,note_off,,,,,60,0,2,,65,64,1
19320,note_on,,,,,0,0,2,,63,64,1
19320,note_off,,,,,60,0,1,,74,64,0
19320,note_on,,,,,0,0,1,,72,64,0
19380,note_on,,,,,0,0,2,,65,64,1
19380,note_off,,,,,60,0,2,,63,64,1
19380,note_off,,,,,60,0,1,,72,64,0
19380,note_on,,,,,0,0,1,,74,64,0
19440,note_on,,,,,0,0,2,,58,64,1
19440,note_off,,,,,60,0,2,,65,64,1
19440,note_on,,,,,0,0,1,,67,64,0
19440,note_off,,,,,60,0,1,,74,64,0
19500,note_off,,,,,60,0,1,,67,64,0
19500,note_on,,,,,0,0,1,,70,64,0
19500,note_on,,,,,0,0,2,,62,64,1
19500,note_off,,,,,60,0,2,,58,64,1
19560,note_on,,,,,0,0,2,,60,64,1
19560,note_off,,,,,60,0,2,,62,64,1
19560,note_off,,,,,60,0,1,,70,64,0
19560,note_on,,,,,0,0,1,,69,64,0
19620,note_on,,,,,0,0,1,,70,64,0
19620,note_on,,,,,0,0,2,,62,64,1
19620,note_off,,,,,60,0,2,,60,64,1
19620,note_off,,,,,60,0,1,,69,64,0
19680,note_on,,,,,0,0,2,,58,64,1
19680,note_on,,,,,0,0,1,,67,64,0
19680,note_off,,,,,60,0,1,,70,64,0
19680,note_off,,,,,60,0,2,,62,64,1
19740,note_off,,,,,60,0,1,,67,64,0
19740,note_on,,,,,0,0,2,,62,64,1
19740,note_off,,,,,60,0,2,,58,64,1
19740,note_on,,,,,0,0,1,,70,64,0
19800,note_on,,,,,0,0,1,,69,64,0
19800,note_off,,,,,60,0,1,,70,64,0
19800,note_on,,,,,0,0,2,,60,64,1
19800,note_off,,,,,60,0,2,,62,64,1
19860,note_on,,,,,0,0,1,,70,64,0
19860,note_on,,,,,0,0,2,,62,64,1
19860,note_off,,,,,60,0,1,,69,64,0
19860,note_off,,,,,60,0,2,,60,64,1
19920,note_on,,,,,0,0,1,,67,64,0
19920,note_off,,,,,60,0,1,,70,64,0
19920,note_off,,,,,60,0,2,,62,64,1
19920,note_on,,,,,0,0,2,,58,64,1
19980,note_on,,,,,0,0,1,,70,64,0
19980,note_off,,,,,60,0,2,,58,64,1
19980,note_on,,,,,0,0,2,,62,64,1
19980,note_off,,,,,60,0,1,,67,64,0
20040,note_on,,,,,0,0,2,,60,64,1
20040,note_off,,,,,60,0,1,,70,64,0
20040,note_off,,,,,60,0,2,,62,64,1
20040,note_on,,,,,0,0,1,,69,64,0
20100,note_on,,,,,0,0,1,,70,64,0
20100,note_off,,,,,60,0,1,,69,64,0
20100,note_off,,,,,60,0,2,,60,64,1
20100,note_on,,,,,0,0,2,,62,64,1
20160,note_off,,,,,60,0,2,,62,64,1
20160,note_on,,,,,0,0,2,,55,64,1
20160,note_off,,,,,60,0,1,,70,64,0
20160,note_on,,,,,0,0,1,,64,64,0
20220,note_off,,,,,60,0,2,,55,64,1
20220,note_on,,,,,0,0,2,,58,64,1
20280,note_on,,,,,0,0,1,,60,64,0
20280,note_off,,,,,120,0,1,,64,64,0
20280,note_off,,,,,60,0,2,,58,64,1
20280,note_on,,,,,0,0,2,,57,64,1
20340,note_off,,,,,60,0,2,,57,64,1
20340,note_on,,,,,0,0,2,,58,64,1
20400,note_on,,,,,0,0,2,,55,64,1
20400,note_off,,,,,120,0,1,,60,64,0
20400,note_on,,,,,0,0,1,,67,64,0
20400,note_off,,,,,60,0,2,,58,64,1
20460,note_on,,,,,0,0,2,,58,64,1
20460,note_off,,,,,60,0,2,,55,64,1
20520,note_on,,,,,0,0,1,,64,64,0
20520,note_off,,,,,120,0,1,,67,64,0
20520,note_on,,,,,0,0,2,,57,64,1
20520,note_off,,,,,60,0,2,,58,64,1
20580,note_on,,,,,0,0,2,,58,64,1
20580,note_off,,,,,60,0,2,,57,64,1
20640,note_on,,,,,0,0,1,,70,64,0
20640,note_off,,,,,120,0,1,,64,64,0
20640,note_off,,,,,60,0,2,,58,64,1
20640,note_on,,,,,0,0,2,,55,64,1
20700,note_off,,,,,60,0,2,,55,64,1
20700,note_on,,,,,0,0,2,,58,64,1
20760,note_on,,,,,0,0,2,,57,64,1
20760,note_off,,,,,60,0,2,,58,64,1
20760,note_off,,,,,120,0,1,,70,64,0
20760,note_on,,,,,0,0,1,,67,64,0
20820,note_on,,,,,0,0,2,,58,64,1
20820,note_off,,,,,60,0,2,,57,64,1
20880,note_off,,,,,120,0,1,,67,64,0
20880,note_on,,,,,0,0,1,,72,64,0
20880,note_on,,,,,0,0,2,,52,64,1
20880,note_off,,,,,60,0,2,,58,64,1
20940,note_on,,,,,0,0,1,,74,64,0
20940,note_off,,,,,60,0,1,,72,64,0
21000,note_off,,,,,60,0,1,,74,64,0
21000,note_on,,,,,0,0,2,,48,64,1
21000,note_off,,,,,120,0,2,,52,64,1
21000,note_on,,,,,0,0,1,,72,64,0
21060,note_off,,,,,60,0,1,,72,64,0
21060,note_on,,,,,0,0,1,,70,64,0
21120,note_on,,,,,0,0,2,,53,64,1
21120,note_off,,,,,120,0,2,,48,64,1
21120,note_off,,,,,60,0,1,,70,64,0
21120,note_on,,,,,0,0,1,,69,64,0
21180,note_off,,,,,60,0,1,,69,64,0
21180,note_on,,,,,0,0,1,,70,64,0
21240,note_off,,,,,60,0,1,,70,64,0
21240,note_on,,,,,0,0,1,,69,64,0
21240,note_on,,,,,0,0,2,,48,64,1
21240,note_off,,,,,120,0,2,,53,64,1
21300,note_on,,,,,0,0,1,,67,64,0
21300,note_off,,,,,60,0,1,,69,64,0
21360,note_off,,,,,120,0,2,,48,64,1
21360,note_on,,,,,0,0,2,,57,64,1
21360,note_on,,,,,0,0,1,,65,64,0
21360,note_off,,,,,60,0,1,,67,64,0
21420,note_on,,,,,0,0,1,,67,64,0
21420,note_off,,,,,60,0,1,,65,64,0
21480,note_on,,,,,0,0,2,,53,64,1
21480,note_off,,,,,60,0,1,,67,64,0
21480,note_on,,,,,0,0,1,,65,64,0
21480,note_off,,,,,120,0,2,,57,64,1
21540,note_off,,,,,60,0,1,,65,64,0
21540,note_on,,,,,0,0,1,,63,64,0
21600,note_off,,,,,120,0,2,,53,64,1
21600,note_on,,,,,0,0,2,,58,64,1
21600,note_off,,,,,60,0,1,,63,64,0
21600,note_on,,,,,0,0,1,,62,64,0
21660,note_off,,,,,60,0,2,,58,64,1
21660,note_on,,,,,0,0,2,,60,64,1
21720,note_off,,,,,120,0,1,,62,64,0
21720,note_on,,,,,0,0,1,,67,64,0
21720,note_off,,,,,60,0,2,,60,64,1
21720,note_on,,,,,0,0,2,,58,64,1
21780,note_on,,,,,0,0,1,,65,64,0
21780,note_off,,,,,60,0,1,,67,64,0
21780,note_on,,,,,0,0,2,,57,64,1
21780,note_off,,,,,60,0,2,,58,64,1
21840,note_on,,,,,0,0,2,,55,64,1
21840,note_off,,,,,60,0,2,,57,64,1
21840,note_off,,,,,60,0,1,,65,64,0
21840,note_on,,,,,0,0,1,,64,64,0
21900,note_off,,,,,60,0,2,,55,64,1
21900,note_on,,,,,0,0,1,,65,64,0
21900,note_off,,,,,60,0,1,,64,64,0
21900,note_on,,,,,0,0,2,,57,64,1
21960,note_off,,,,,60,0,1,,65,64,0
21960,note_on,,,,,0,0,1,,64,64,0
21960,note_on,,,,,0,0,2,,55,64,1
21960,note_off,,,,,60,0,2,,57,64,1
22020,note_off,,,,,60,0,2,,55,64,1
22020,note_on,,,,,0,0,1,,62,64,0
22020,note_off,,,,,60,0,1,,64,64,0
22020,note_on,,,,,0,0,2,,53,64,1
22080,note_on,,,,,0,0,2,,52,64,1
22080,note_off,,,,,60,0,1,,62,64,0
22080,note_on,,,,,0,0,1,,60,64,0
22080,note_off,,,,,60,0,2,,53,64,1
22140,note_off,,,,,60,0,2,,52,64,1
22140,note_on,,,,,0,0,2,,53,64,1
22140,note_off,,,,,60,0,1,,60,64,0
22140,note_on,,,,,0,0,1,,62,64,0
22200,note_off,,,,,60,0,2,,53,64,1
22200,note_on,,,,,0,0,2,,52,64,1
22200,note_on,,,,,0,0,1,,60,64,0
22200,note_off,,,,,60,0,1,,62,64,0
22260,note_off,,,,,60,0,1,,60,64,0
22260,note_on,,,,,0,0,2,,50,64,1
22260,note_off,,,,,60,0,2,,52,64,1
22260,note_on,,,,,0,0,1,,58,64,0
22320,note_off,,,,,60,0,1,,58,64,0
22320,note_off,,,,,60,0,2,,50,64,1
22320,note_on,,,,,0,0,2,,48,64,1
22320,note_on,,,,,0,0,1,,57,64,0
22380,note_on,,,,,0,0,1,,58,64,0
22380,note_off,,,,,60,0,1,,57,64,0
22440,note_on,,,,,0,0,2,,53,64,1
22440,note_off,,,,,60,0,1,,58,64,0
22440,note_on,,,,,0,0,1,,57,64,0
22440,note_off,,,,,120,0,2,,48,64,1
22500,note_on,,,,,0,0,2,,52,64,1
22500,note_on,,,,,0,0,1,,55,64,0
22500,note_off,,,,,60,0,1,,57,64,0
22500,note_off,,,,,60,0,2,,53,64,1
22560,note_on,,,,,0,0,2,,50,64,1
22560,note_off,,,,,60,0,1,,55,64,0
22560,note_off,,,,,60,0,2,,52,64,1
22560,note_on,,,,,0,0,1,,53,64,0
22620,note_off,,,,,60,0,2,,50,64,1
22620,note_on,,,,,0,0,2,,52,64,1
22680,note_on,,,,,0,0,1,,65,64,0
22680,note_off,,,,,120,0,1,,53,64,0
22680,note_on,,,,,0,0,2,,50,64,1
22680,note_off,,,,,60,0,2,,52,64,1
22740,note_on,,,,,0,0,1,,64,64,0
22740,note_off,,,,,60,0,1,,65,64,0
22740,note_on,,,,,0,0,2,,48,64,1
22740,note_off,,,,,60,0,2,,50,64,1
22800,note_off,,,,,60,0,1,,64,64,0
22800,note_on,,,,,0,0,2,,46,64,1
22800,note_off,,,,,60,0,2,,48,64,1
22800,note_on,,,,,0,0,1,,65,64,0
22860,note_off,,,,,60,0,2,,46,64,1
22860,note_on,,,,,0,0,2,,48,64,1
22920,note_on,,,,,0,0,1,,57,64,0
22920,note_off,,,,,120,0,1,,65,64,0
22920,note_on,,,,,0,0,2,,46,64,1
22920,note_off,,,,,60,0,2,,48,64,1
22980,note_off,,,,,60,0,2,,46,64,1
22980,note_on,,,,,0,0,2,,45,64,1
23040,note_off,,,,,120,0,1,,57,64,0
23040,note_on,,,,,0,0,2,,43,64,1
23040,note_off,,,,,60,0,2,,45,64,1
23040,note_on,,,,,0,0,1,,58,64,0
23100,note_on,,,,,0,0,2,,45,64,1
23100,note_off,,,,,60,0,2,,43,64,1
23160,note_on,,,,,0,0,2,,43,64,1
23160,note_on,,,,,0,0,1,,65,64,0
23160,note_off,,,,,120,0,1,,58,64,0
23160,note_off,,,,,60,0,2,,45,64,1
23220,note_off,,,,,60,0,2,,43,64,1
23220,note_on,,,,,0,0,2,,41,64,1
23280,note_off,,,,,120,0,1,,65,64,0
23280,note_on,,,,,0,0,1,,57,64,0
23280,note_on,,,,,0,0,2,,48,64,1
23280,note_off,,,,,60,0,2,,41,64,1
23340,note_on,,,,,0,0,2,,46,64,1
23340,note_off,,,,,60,0,2,,48,64,1
23400,note_on,,,,,0,0,1,,65,64,0
23400,note_off,,,,,120,0,1,,57,64,0
23400,note_off,,,,,60,0,2,,46,64,1
23400,note_on,,,,,0,0,2,,45,64,1
23460,note_off,,,,,60,0,2,,45,64,1
23460,note_on,,,,,0,0,2,,46,64,1
23520,note_on,,,,,0,0,2,,48,64,1
23520,note_on,,,,,0,0,1,,55,64,0
23520,note_off,,,,,120,0,1,,65,64,0
23520,note_off,,,,,60,0,2,,46,64,1
23640,note_on,,,,,0,0,2,,36,64,1
23640,note_off,,,,,120,0,1,,55,64,0
23640,note_off,,,,,120,0,2,,48,64,1
23640,note_on,,,,,0,0,1,,64,64,0
23760,note_off,,,,,120,0,2,,36,64,1
23760,note_on,,,,,0,0,1,,65,64,0
23760,note_on,,,,,0,0,1,,57,64,0
23760,note_on,,,,,0,0,1,,60,64,0
23760,note_off,,,,,120,0,1,,64,64,0
23760,note_on,,,,,0,0,2,,41,64,1
24240,end_of_track,,,,,0,1,1,,,,
24240,note_off,,,,,480,0,1,,65,64,0
24240,note_off,,,,,0,0,1,,57,64,0
24240,note_off,,,,,0,0,1,,60,64,0
24240,note_off,,,,,480,0,2,,41,64,1
24240,end_of_track,,,,,0,1,2,,,,
