tick,type,key,time,meta,track,tempo,numerator,denominator,clocks_per_click,notated_32nd_notes_per_beat,control,value,channel,program,note,velocity
0,key_signature,A,0,1,0,,,,,,,,,,,
0,note_on,,0,0,1,,,,,,,,0,,76,127
0,program_change,,0,0,1,,,,,,,,0,0,,
0,control_change,,0,0,1,,,,,,10,35,0,,,
0,control_change,,0,0,1,,,,,,7,90,0,,,
0,track_name,,0,1,1,,,,,,,,,,,
0,track_name,,0,1,2,,,,,,,,,,,
0,control_change,,0,0,2,,,,,,10,90,1,,,
0,note_on,,0,0,2,,,,,,,,1,,57,127
0,set_tempo,,0,1,0,461538,,,,,,,,,,
0,time_signature,,0,1,0,,2,4,24,8,,,,,,
0,control_change,,0,0,2,,,,,,7,85,1,,,
0,program_change,,0,0,2,,,,,,,,1,0,,
60,note_on,,0,0,1,,,,,,,,0,,76,0
60,note_on,,60,0,1,,,,,,,,0,,73,127
119,note_on,,119,0,2,,,,,,,,1,,57,0
120,polytouch,,1,0,2,,,,,,,64,1,,57,
120,note_on,,60,0,1,,,,,,,,0,,71,127
120,note_on,,0,0,1,,,,,,,,0,,73,0
140,note_on,,20,0,1,,,,,,,,0,,73,127
140,note_on,,0,0,1,,,,,,,,0,,71,0
160,note_on,,0,0,1,,,,,,,,0,,73,0
160,note_on,,20,0,1,,,,,,,,0,,71,127
180,note_on,,20,0,1,,,,,,,,0,,69,127
180,note_on,,0,0,1,,,,,,,,0,,71,0
240,note_on,,60,0,1,,,,,,,,0,,81,127
240,note_on,,0,0,1,,,,,,,,0,,69,0
240,note_on,,120,0,2,,,,,,,,1,,45,127
300,note_on,,0,0,2,,,,,,,,1,,45,0
300,note_on,,60,0,2,,,,,,,,1,,57,127
359,note_on,,119,0,1,,,,,,,,0,,81,0
360,note_on,,0,0,2,,,,,,,,1,,57,0
360,note_on,,60,0,2,,,,,,,,1,,52,127
360,polytouch,,1,0,1,,,,,,,64,0,,81,
420,note_on,,60,0,2,,,,,,,,1,,49,127
420,note_on,,0,0,2,,,,,,,,1,,52,0
480,note_on,,60,0,2,,,,,,,,1,,45,127
480,note_on,,120,0,1,,,,,,,,0,,76,127
480,note_on,,0,0,2,,,,,,,,1,,49,0
540,note_on,,60,0,1,,,,,,,,0,,73,127
540,note_on,,0,0,1,,,,,,,,0,,76,0
599,note_on,,119,0,2,,,,,,,,1,,45,0
600,note_on,,60,0,1,,,,,,,,0,,71,127
600,note_on,,0,0,1,,,,,,,,0,,73,0
600,polytouch,,1,0,2,,,,,,,64,1,,57,
620,note_on,,20,0,1,,,,,,,,0,,73,127
620,note_on,,0,0,1,,,,,,,,0,,71,0
640,note_on,,20,0,1,,,,,,,,0,,71,127
640,note_on,,0,0,1,,,,,,,,0,,73,0
660,note_on,,0,0,1,,,,,,,,0,,71,0
660,note_on,,20,0,1,,,,,,,,0,,69,127
720,note_on,,60,0,1,,,,,,,,0,,81,127
720,note_on,,120,0,2,,,,,,,,1,,45,127
720,note_on,,0,0,1,,,,,,,,0,,69,0
780,note_on,,0,0,2,,,,,,,,1,,45,0
780,note_on,,60,0,2,,,,,,,,1,,57,127
837,note_on,,57,0,2,,,,,,,,1,,57,0
839,note_on,,119,0,1,,,,,,,,0,,81,0
840,polytouch,,1,0,1,,,,,,,64,0,,81,
840,note_on,,3,0,2,,,,,,,,1,,49,127
900,note_on,,60,0,2,,,,,,,,1,,57,127
900,note_on,,0,0,2,,,,,,,,1,,49,0
957,note_on,,57,0,2,,,,,,,,1,,57,0
960,note_on,,120,0,1,,,,,,,,0,,81,127
960,note_on,,3,0,2,,,,,,,,1,,47,127
1020,note_on,,0,0,1,,,,,,,,0,,81,0
1020,note_on,,60,0,1,,,,,,,,0,,80,127
1020,note_on,,0,0,2,,,,,,,,1,,47,0
1020,note_on,,60,0,2,,,,,,,,1,,59,127
1077,note_on,,57,0,1,,,,,,,,0,,80,0
1077,note_on,,57,0,2,,,,,,,,1,,59,0
1080,note_on,,3,0,2,,,,,,,,1,,57,127
1080,note_on,,3,0,1,,,,,,,,0,,80,127
1140,note_on,,60,0,1,,,,,,,,0,,78,127
1140,note_on,,0,0,1,,,,,,,,0,,80,0
1197,note_on,,57,0,1,,,,,,,,0,,78,0
1199,note_on,,119,0,2,,,,,,,,1,,57,0
1200,note_on,,1,0,2,,,,,,,,1,,56,127
1200,note_on,,3,0,1,,,,,,,,0,,78,127
1260,note_on,,0,0,1,,,,,,,,0,,78,0
1260,note_on,,60,0,1,,,,,,,,0,,76,127
1317,note_on,,57,0,1,,,,,,,,0,,76,0
1319,note_on,,119,0,2,,,,,,,,1,,56,0
1320,note_on,,1,0,2,,,,,,,,1,,54,127
1320,note_on,,3,0,1,,,,,,,,0,,76,127
1380,note_on,,0,0,1,,,,,,,,0,,76,0
1380,note_on,,60,0,1,,,,,,,,0,,74,127
1437,note_on,,57,0,1,,,,,,,,0,,74,0
1439,note_on,,119,0,2,,,,,,,,1,,54,0
1440,note_on,,1,0,2,,,,,,,,1,,52,127
1440,note_on,,3,0,1,,,,,,,,0,,73,127
1500,note_on,,0,0,1,,,,,,,,0,,73,0
1500,note_on,,60,0,1,,,,,,,,0,,76,127
1557,note_on,,57,0,1,,,,,,,,0,,76,0
1559,note_on,,119,0,2,,,,,,,,1,,52,0
1560,note_on,,1,0,2,,,,,,,,1,,50,127
1560,note_on,,3,0,1,,,,,,,,0,,68,127
1619,note_on,,59,0,1,,,,,,,,0,,68,0
1620,note_on,,1,0,1,,,,,,,,0,,71,127
1679,note_on,,59,0,1,,,,,,,,0,,71,0
1679,note_on,,119,0,2,,,,,,,,1,,50,0
1680,note_on,,1,0,2,,,,,,,,1,,49,127
1680,note_on,,1,0,1,,,,,,,,0,,69,127
1799,note_on,,119,0,2,,,,,,,,1,,49,0
1799,note_on,,119,0,1,,,,,,,,0,,69,0
1800,note_on,,1,0,2,,,,,,,,1,,45,127
1800,polytouch,,1,0,1,,,,,,,64,0,,69,
1919,note_on,,119,0,2,,,,,,,,1,,45,0
1920,note_on,,1,0,2,,,,,,,,1,,57,127
1920,note_on,,120,0,1,,,,,,,,0,,76,127
1980,note_on,,0,0,1,,,,,,,,0,,76,0
1980,note_on,,60,0,1,,,,,,,,0,,73,127
2039,note_on,,119,0,2,,,,,,,,1,,57,0
2040,note_on,,60,0,1,,,,,,,,0,,71,127
2040,polytouch,,1,0,2,,,,,,,64,1,,57,
2040,note_on,,0,0,1,,,,,,,,0,,73,0
2060,note_on,,20,0,1,,,,,,,,0,,73,127
2060,note_on,,0,0,1,,,,,,,,0,,71,0
2080,note_on,,20,0,1,,,,,,,,0,,71,127
2080,note_on,,0,0,1,,,,,,,,0,,73,0
2100,note_on,,20,0,1,,,,,,,,0,,69,127
2100,note_on,,0,0,1,,,,,,,,0,,71,0
2160,note_on,,120,0,2,,,,,,,,1,,45,127
2160,note_on,,60,0,1,,,,,,,,0,,81,127
2160,note_on,,0,0,1,,,,,,,,0,,69,0
2220,note_on,,0,0,2,,,,,,,,1,,45,0
2220,note_on,,60,0,2,,,,,,,,1,,57,127
2279,note_on,,119,0,1,,,,,,,,0,,81,0
2280,note_on,,0,0,2,,,,,,,,1,,57,0
2280,note_on,,60,0,2,,,,,,,,1,,52,127
2280,polytouch,,1,0,1,,,,,,,64,0,,81,
2340,note_on,,60,0,2,,,,,,,,1,,49,127
2340,note_on,,0,0,2,,,,,,,,1,,52,0
2400,note_on,,120,0,1,,,,,,,,0,,76,127
2400,note_on,,0,0,2,,,,,,,,1,,49,0
2400,note_on,,60,0,2,,,,,,,,1,,45,127
2460,note_on,,0,0,1,,,,,,,,0,,76,0
2460,note_on,,60,0,1,,,,,,,,0,,73,127
2519,note_on,,119,0,2,,,,,,,,1,,45,0
2520,note_on,,0,0,1,,,,,,,,0,,73,0
2520,note_on,,60,0,1,,,,,,,,0,,71,127
2520,polytouch,,1,0,2,,,,,,,64,1,,57,
2540,note_on,,20,0,1,,,,,,,,0,,73,127
2540,note_on,,0,0,1,,,,,,,,0,,71,0
2560,note_on,,0,0,1,,,,,,,,0,,73,0
2560,note_on,,20,0,1,,,,,,,,0,,71,127
2580,note_on,,0,0,1,,,,,,,,0,,71,0
2580,note_on,,20,0,1,,,,,,,,0,,69,127
2640,note_on,,0,0,1,,,,,,,,0,,69,0
2640,note_on,,60,0,1,,,,,,,,0,,81,127
2640,note_on,,120,0,2,,,,,,,,1,,45,127
2700,note_on,,60,0,2,,,,,,,,1,,57,127
2700,note_on,,0,0,2,,,,,,,,1,,45,0
2757,note_on,,57,0,2,,,,,,,,1,,57,0
2759,note_on,,119,0,1,,,,,,,,0,,81,0
2760,note_on,,3,0,2,,,,,,,,1,,49,127
2760,polytouch,,1,0,1,,,,,,,64,0,,81,
2819,note_on,,59,0,2,,,,,,,,1,,49,0
2820,note_on,,1,0,2,,,,,,,,1,,52,127
2879,note_on,,59,0,2,,,,,,,,1,,52,0
2880,note_on,,120,0,1,,,,,,,,0,,81,127
2880,note_on,,1,0,2,,,,,,,,1,,47,127
2940,note_on,,60,0,2,,,,,,,,1,,59,127
2940,note_on,,0,0,2,,,,,,,,1,,47,0
2940,note_on,,60,0,1,,,,,,,,0,,80,127
2940,note_on,,0,0,1,,,,,,,,0,,81,0
2997,note_on,,57,0,1,,,,,,,,0,,80,0
2997,note_on,,57,0,2,,,,,,,,1,,59,0
3000,note_on,,3,0,1,,,,,,,,0,,80,127
3000,note_on,,3,0,2,,,,,,,,1,,57,127
3060,note_on,,60,0,1,,,,,,,,0,,78,127
3060,note_on,,0,0,1,,,,,,,,0,,80,0
3117,note_on,,57,0,1,,,,,,,,0,,78,0
3119,note_on,,119,0,2,,,,,,,,1,,57,0
3120,note_on,,3,0,1,,,,,,,,0,,78,127
3120,note_on,,1,0,2,,,,,,,,1,,56,127
3180,note_on,,60,0,1,,,,,,,,0,,76,127
3180,note_on,,0,0,1,,,,,,,,0,,78,0
3237,note_on,,57,0,1,,,,,,,,0,,76,0
3239,note_on,,119,0,2,,,,,,,,1,,56,0
3240,note_on,,1,0,2,,,,,,,,1,,54,127
3240,note_on,,3,0,1,,,,,,,,0,,76,127
3300,note_on,,0,0,1,,,,,,,,0,,76,0
3300,note_on,,60,0,1,,,,,,,,0,,74,127
3357,note_on,,57,0,1,,,,,,,,0,,74,0
3359,note_on,,119,0,2,,,,,,,,1,,54,0
3360,note_on,,1,0,2,,,,,,,,1,,52,127
3360,note_on,,3,0,1,,,,,,,,0,,73,127
3420,note_on,,0,0,1,,,,,,,,0,,73,0
3420,note_on,,60,0,1,,,,,,,,0,,76,127
3477,note_on,,57,0,1,,,,,,,,0,,76,0
3479,note_on,,119,0,2,,,,,,,,1,,52,0
3480,note_on,,1,0,2,,,,,,,,1,,50,127
3480,note_on,,3,0,1,,,,,,,,0,,68,127
3539,note_on,,59,0,1,,,,,,,,0,,68,0
3540,note_on,,1,0,1,,,,,,,,0,,71,127
3599,note_on,,119,0,2,,,,,,,,1,,50,0
3599,note_on,,59,0,1,,,,,,,,0,,71,0
3600,note_on,,1,0,2,,,,,,,,1,,49,127
3600,note_on,,1,0,1,,,,,,,,0,,69,127
3659,note_on,,59,0,2,,,,,,,,1,,49,0
3660,note_on,,1,0,2,,,,,,,,1,,57,127
3719,note_on,,119,0,1,,,,,,,,0,,69,0
3719,note_on,,59,0,2,,,,,,,,1,,57,0
3720,polytouch,,1,0,1,,,,,,,64,0,,69,
3720,note_on,,1,0,2,,,,,,,,1,,52,127
3779,note_on,,59,0,2,,,,,,,,1,,52,0
3780,note_on,,1,0,2,,,,,,,,1,,49,127
3839,note_on,,59,0,2,,,,,,,,1,,49,0
3840,note_on,,1,0,2,,,,,,,,1,,57,127
3840,note_on,,120,0,1,,,,,,,,0,,76,127
3900,note_on,,60,0,1,,,,,,,,0,,73,127
3900,note_on,,0,0,1,,,,,,,,0,,76,0
3959,note_on,,119,0,2,,,,,,,,1,,57,0
3960,polytouch,,1,0,2,,,,,,,64,1,,57,
3960,note_on,,0,0,1,,,,,,,,0,,73,0
3960,note_on,,60,0,1,,,,,,,,0,,71,127
3980,note_on,,20,0,1,,,,,,,,0,,73,127
3980,note_on,,0,0,1,,,,,,,,0,,71,0
4000,note_on,,20,0,1,,,,,,,,0,,71,127
4000,note_on,,0,0,1,,,,,,,,0,,73,0
4020,note_on,,20,0,1,,,,,,,,0,,69,127
4020,note_on,,0,0,1,,,,,,,,0,,71,0
4080,note_on,,60,0,1,,,,,,,,0,,81,127
4080,note_on,,120,0,2,,,,,,,,1,,45,127
4080,note_on,,0,0,1,,,,,,,,0,,69,0
4140,note_on,,0,0,2,,,,,,,,1,,45,0
4140,note_on,,60,0,2,,,,,,,,1,,57,127
4199,note_on,,119,0,1,,,,,,,,0,,81,0
4200,note_on,,0,0,2,,,,,,,,1,,57,0
4200,note_on,,60,0,2,,,,,,,,1,,52,127
4200,polytouch,,1,0,1,,,,,,,64,0,,81,
4260,note_on,,0,0,2,,,,,,,,1,,52,0
4260,note_on,,60,0,2,,,,,,,,1,,49,127
4320,note_on,,120,0,1,,,,,,,,0,,76,127
4320,note_on,,0,0,2,,,,,,,,1,,49,0
4320,note_on,,60,0,2,,,,,,,,1,,45,127
4380,note_on,,60,0,1,,,,,,,,0,,73,127
4380,note_on,,0,0,1,,,,,,,,0,,76,0
4439,note_on,,119,0,2,,,,,,,,1,,45,0
4440,note_on,,0,0,1,,,,,,,,0,,73,0
4440,note_on,,60,0,1,,,,,,,,0,,71,127
4440,polytouch,,1,0,2,,,,,,,64,1,,57,
4460,note_on,,20,0,1,,,,,,,,0,,73,127
4460,note_on,,0,0,1,,,,,,,,0,,71,0
4480,note_on,,20,0,1,,,,,,,,0,,71,127
4480,note_on,,0,0,1,,,,,,,,0,,73,0
4500,note_on,,0,0,1,,,,,,,,0,,71,0
4500,note_on,,20,0,1,,,,,,,,0,,69,127
4560,note_on,,0,0,1,,,,,,,,0,,69,0
4560,note_on,,120,0,2,,,,,,,,1,,45,127
4560,note_on,,60,0,1,,,,,,,,0,,81,127
4620,note_on,,0,0,2,,,,,,,,1,,45,0
4620,note_on,,60,0,2,,,,,,,,1,,57,127
4677,note_on,,57,0,2,,,,,,,,1,,57,0
4679,note_on,,119,0,1,,,,,,,,0,,81,0
4680,polytouch,,1,0,1,,,,,,,64,0,,81,
4680,note_on,,3,0,2,,,,,,,,1,,49,127
4740,note_on,,60,0,2,,,,,,,,1,,57,127
4740,note_on,,0,0,2,,,,,,,,1,,49,0
4797,note_on,,57,0,2,,,,,,,,1,,57,0
4800,note_on,,3,0,2,,,,,,,,1,,47,127
4800,note_on,,120,0,1,,,,,,,,0,,81,127
4860,note_on,,0,0,1,,,,,,,,0,,81,0
4860,note_on,,60,0,1,,,,,,,,0,,80,127
4860,note_on,,60,0,2,,,,,,,,1,,59,127
4860,note_on,,0,0,2,,,,,,,,1,,47,0
4917,note_on,,57,0,1,,,,,,,,0,,80,0
4917,note_on,,57,0,2,,,,,,,,1,,59,0
4920,note_on,,3,0,2,,,,,,,,1,,57,127
4920,note_on,,3,0,1,,,,,,,,0,,80,127
4980,note_on,,60,0,1,,,,,,,,0,,78,127
4980,note_on,,0,0,1,,,,,,,,0,,80,0
5037,note_on,,57,0,1,,,,,,,,0,,78,0
5039,note_on,,119,0,2,,,,,,,,1,,57,0
5040,note_on,,3,0,1,,,,,,,,0,,78,127
5040,note_on,,1,0,2,,,,,,,,1,,56,127
5100,note_on,,0,0,1,,,,,,,,0,,78,0
5100,note_on,,60,0,1,,,,,,,,0,,76,127
5157,note_on,,57,0,1,,,,,,,,0,,76,0
5159,note_on,,119,0,2,,,,,,,,1,,56,0
5160,note_on,,1,0,2,,,,,,,,1,,54,127
5160,note_on,,3,0,1,,,,,,,,0,,76,127
5220,note_on,,60,0,1,,,,,,,,0,,74,127
5220,note_on,,0,0,1,,,,,,,,0,,76,0
5277,note_on,,57,0,1,,,,,,,,0,,74,0
5279,note_on,,119,0,2,,,,,,,,1,,54,0
5280,note_on,,3,0,1,,,,,,,,0,,73,127
5280,note_on,,1,0,2,,,,,,,,1,,52,127
5340,note_on,,60,0,1,,,,,,,,0,,76,127
5340,note_on,,0,0,1,,,,,,,,0,,73,0
5397,note_on,,57,0,1,,,,,,,,0,,76,0
5399,note_on,,119,0,2,,,,,,,,1,,52,0
5400,note_on,,3,0,1,,,,,,,,0,,68,127
5400,note_on,,1,0,2,,,,,,,,1,,50,127
5459,note_on,,59,0,1,,,,,,,,0,,68,0
5460,note_on,,1,0,1,,,,,,,,0,,71,127
5519,note_on,,119,0,2,,,,,,,,1,,50,0
5519,note_on,,59,0,1,,,,,,,,0,,71,0
5520,note_on,,1,0,1,,,,,,,,0,,69,127
5520,note_on,,1,0,2,,,,,,,,1,,49,127
5639,note_on,,119,0,2,,,,,,,,1,,49,0
5639,note_on,,119,0,1,,,,,,,,0,,69,0
5640,note_on,,1,0,2,,,,,,,,1,,45,127
5640,polytouch,,1,0,1,,,,,,,64,0,,69,
5759,note_on,,119,0,2,,,,,,,,1,,45,0
5760,note_on,,1,0,2,,,,,,,,1,,57,127
5760,note_on,,120,0,1,,,,,,,,0,,76,127
5820,note_on,,60,0,1,,,,,,,,0,,73,127
5820,note_on,,0,0,1,,,,,,,,0,,76,0
5879,note_on,,119,0,2,,,,,,,,1,,57,0
5880,note_on,,60,0,1,,,,,,,,0,,71,127
5880,note_on,,0,0,1,,,,,,,,0,,73,0
5880,polytouch,,1,0,2,,,,,,,64,1,,57,
5900,note_on,,20,0,1,,,,,,,,0,,73,127
5900,note_on,,0,0,1,,,,,,,,0,,71,0
5920,note_on,,20,0,1,,,,,,,,0,,71,127
5920,note_on,,0,0,1,,,,,,,,0,,73,0
5940,note_on,,20,0,1,,,,,,,,0,,69,127
5940,note_on,,0,0,1,,,,,,,,0,,71,0
6000,note_on,,120,0,2,,,,,,,,1,,45,127
6000,note_on,,0,0,1,,,,,,,,0,,69,0
6000,note_on,,60,0,1,,,,,,,,0,,81,127
6060,note_on,,0,0,2,,,,,,,,1,,45,0
6060,note_on,,60,0,2,,,,,,,,1,,57,127
6119,note_on,,119,0,1,,,,,,,,0,,81,0
6120,polytouch,,1,0,1,,,,,,,64,0,,81,
6120,note_on,,60,0,2,,,,,,,,1,,52,127
6120,note_on,,0,0,2,,,,,,,,1,,57,0
6180,note_on,,0,0,2,,,,,,,,1,,52,0
6180,note_on,,60,0,2,,,,,,,,1,,49,127
6240,note_on,,60,0,2,,,,,,,,1,,45,127
6240,note_on,,0,0,2,,,,,,,,1,,49,0
6240,note_on,,120,0,1,,,,,,,,0,,76,127
6300,note_on,,60,0,1,,,,,,,,0,,73,127
6300,note_on,,0,0,1,,,,,,,,0,,76,0
6359,note_on,,119,0,2,,,,,,,,1,,45,0
6360,note_on,,0,0,1,,,,,,,,0,,73,0
6360,note_on,,60,0,1,,,,,,,,0,,71,127
6360,polytouch,,1,0,2,,,,,,,64,1,,57,
6380,note_on,,0,0,1,,,,,,,,0,,71,0
6380,note_on,,20,0,1,,,,,,,,0,,73,127
6400,note_on,,20,0,1,,,,,,,,0,,71,127
6400,note_on,,0,0,1,,,,,,,,0,,73,0
6420,note_on,,20,0,1,,,,,,,,0,,69,127
6420,note_on,,0,0,1,,,,,,,,0,,71,0
6480,note_on,,120,0,2,,,,,,,,1,,45,127
6480,note_on,,60,0,1,,,,,,,,0,,81,127
6480,note_on,,0,0,1,,,,,,,,0,,69,0
6540,note_on,,60,0,2,,,,,,,,1,,57,127
6540,note_on,,0,0,2,,,,,,,,1,,45,0
6597,note_on,,57,0,2,,,,,,,,1,,57,0
6599,note_on,,119,0,1,,,,,,,,0,,81,0
6600,polytouch,,1,0,1,,,,,,,64,0,,81,
6600,note_on,,3,0,2,,,,,,,,1,,49,127
6659,note_on,,59,0,2,,,,,,,,1,,49,0
6660,note_on,,1,0,2,,,,,,,,1,,52,127
6719,note_on,,59,0,2,,,,,,,,1,,52,0
6720,note_on,,120,0,1,,,,,,,,0,,81,127
6720,note_on,,1,0,2,,,,,,,,1,,47,127
6780,note_on,,60,0,1,,,,,,,,0,,80,127
6780,note_on,,0,0,1,,,,,,,,0,,81,0
6780,note_on,,0,0,2,,,,,,,,1,,47,0
6780,note_on,,60,0,2,,,,,,,,1,,59,127
6837,note_on,,57,0,2,,,,,,,,1,,59,0
6837,note_on,,57,0,1,,,,,,,,0,,80,0
6840,note_on,,3,0,2,,,,,,,,1,,57,127
6840,note_on,,3,0,1,,,,,,,,0,,80,127
6900,note_on,,0,0,1,,,,,,,,0,,80,0
6900,note_on,,60,0,1,,,,,,,,0,,78,127
6957,note_on,,57,0,1,,,,,,,,0,,78,0
6959,note_on,,119,0,2,,,,,,,,1,,57,0
6960,note_on,,3,0,1,,,,,,,,0,,78,127
6960,note_on,,1,0,2,,,,,,,,1,,56,127
7020,note_on,,0,0,1,,,,,,,,0,,78,0
7020,note_on,,60,0,1,,,,,,,,0,,76,127
7077,note_on,,57,0,1,,,,,,,,0,,76,0
7079,note_on,,119,0,2,,,,,,,,1,,56,0
7080,note_on,,3,0,1,,,,,,,,0,,76,127
7080,note_on,,1,0,2,,,,,,,,1,,54,127
7140,note_on,,60,0,1,,,,,,,,0,,74,127
7140,note_on,,0,0,1,,,,,,,,0,,76,0
7197,note_on,,57,0,1,,,,,,,,0,,74,0
7199,note_on,,119,0,2,,,,,,,,1,,54,0
7200,note_on,,3,0,1,,,,,,,,0,,73,127
7200,note_on,,1,0,2,,,,,,,,1,,52,127
7260,note_on,,0,0,1,,,,,,,,0,,73,0
7260,note_on,,60,0,1,,,,,,,,0,,76,127
7317,note_on,,57,0,1,,,,,,,,0,,76,0
7319,note_on,,119,0,2,,,,,,,,1,,52,0
7320,note_on,,1,0,2,,,,,,,,1,,50,127
7320,note_on,,3,0,1,,,,,,,,0,,68,127
7379,note_on,,59,0,1,,,,,,,,0,,68,0
7380,note_on,,1,0,1,,,,,,,,0,,71,127
7439,note_on,,59,0,1,,,,,,,,0,,71,0
7439,note_on,,119,0,2,,,,,,,,1,,50,0
7440,note_on,,1,0,2,,,,,,,,1,,49,127
7440,note_on,,1,0,1,,,,,,,,0,,69,127
7499,note_on,,59,0,2,,,,,,,,1,,49,0
7500,note_on,,1,0,2,,,,,,,,1,,57,127
7559,note_on,,119,0,1,,,,,,,,0,,69,0
7559,note_on,,59,0,2,,,,,,,,1,,57,0
7560,polytouch,,1,0,1,,,,,,,64,0,,69,
7560,note_on,,1,0,2,,,,,,,,1,,52,127
7619,note_on,,59,0,2,,,,,,,,1,,52,0
7620,note_on,,1,0,2,,,,,,,,1,,49,127
7679,note_on,,59,0,2,,,,,,,,1,,49,0
7680,polytouch,,120,0,1,,,,,,,64,0,,73,
7680,note_on,,1,0,2,,,,,,,,1,,57,127
7799,note_on,,119,0,2,,,,,,,,1,,57,0
7800,note_on,,0,0,1,,,,,,,,0,,72,127
7800,note_on,,120,0,1,,,,,,,,0,,76,127
7800,polytouch,,1,0,2,,,,,,,64,1,,57,
7919,note_on,,0,0,1,,,,,,,,0,,76,0
7919,note_on,,119,0,1,,,,,,,,0,,72,0
7920,polytouch,,1,0,1,,,,,,,64,0,,73,
7920,note_on,,120,0,2,,,,,,,,1,,50,127
8039,note_on,,119,0,2,,,,,,,,1,,50,0
8040,note_on,,0,0,1,,,,,,,,0,,74,127
8040,note_on,,120,0,1,,,,,,,,0,,77,127
8040,polytouch,,1,0,2,,,,,,,64,1,,57,
8159,note_on,,0,0,1,,,,,,,,0,,77,0
8159,note_on,,119,0,1,,,,,,,,0,,74,0
8160,polytouch,,1,0,1,,,,,,,64,0,,74,
8160,note_on,,120,0,2,,,,,,,,1,,52,127
8279,note_on,,119,0,2,,,,,,,,1,,52,0
8280,polytouch,,1,0,2,,,,,,,64,1,,52,
8280,note_on,,120,0,1,,,,,,,,0,,80,127
8280,note_on,,0,0,1,,,,,,,,0,,71,127
8399,note_on,,119,0,1,,,,,,,,0,,71,0
8399,note_on,,0,0,1,,,,,,,,0,,80,0
8400,note_on,,120,0,2,,,,,,,,1,,45,127
8400,polytouch,,1,0,1,,,,,,,64,0,,80,
8519,note_on,,119,0,2,,,,,,,,1,,45,0
8520,note_on,,0,0,1,,,,,,,,0,,72,127
8520,note_on,,120,0,1,,,,,,,,0,,81,127
8520,polytouch,,1,0,2,,,,,,,64,1,,45,
8639,note_on,,0,0,1,,,,,,,,0,,81,0
8639,note_on,,119,0,1,,,,,,,,0,,72,0
8640,note_on,,0,0,1,,,,,,,,0,,68,127
8640,note_on,,0,0,2,,,,,,,,1,,40,127
8640,note_on,,120,0,2,,,,,,,,1,,52,127
8640,note_on,,1,0,1,,,,,,,,0,,71,127
8760,note_on,,0,0,1,,,,,,,,0,,71,0
8760,note_on,,0,0,1,,,,,,,,0,,68,0
8760,note_on,,0,0,1,,,,,,,,0,,69,127
8760,note_on,,120,0,1,,,,,,,,0,,72,127
8877,note_on,,117,0,1,,,,,,,,0,,72,0
8877,note_on,,0,0,1,,,,,,,,0,,69,0
8879,note_on,,239,0,2,,,,,,,,1,,40,0
8879,note_on,,0,0,2,,,,,,,,1,,52,0
8880,note_on,,0,0,2,,,,,,,,1,,40,127
8880,note_on,,3,0,1,,,,,,,,0,,74,127
8880,note_on,,0,0,1,,,,,,,,0,,71,127
8880,note_on,,1,0,2,,,,,,,,1,,52,127
8999,note_on,,0,0,2,,,,,,,,1,,52,0
8999,note_on,,119,0,2,,,,,,,,1,,40,0
9000,note_on,,0,0,1,,,,,,,,0,,69,127
9000,note_on,,0,0,1,,,,,,,,0,,71,0
9000,note_on,,0,0,1,,,,,,,,0,,74,0
9000,note_on,,120,0,1,,,,,,,,0,,72,127
9000,note_on,,1,0,2,,,,,,,,1,,52,127
9000,note_on,,0,0,2,,,,,,,,1,,40,127
9117,note_on,,117,0,1,,,,,,,,0,,72,0
9117,note_on,,0,0,1,,,,,,,,0,,69,0
9119,note_on,,119,0,2,,,,,,,,1,,40,0
9119,note_on,,0,0,2,,,,,,,,1,,52,0
9120,note_on,,1,0,2,,,,,,,,1,,52,127
9120,note_on,,0,0,2,,,,,,,,1,,40,127
9120,note_on,,0,0,1,,,,,,,,0,,68,127
9120,note_on,,3,0,1,,,,,,,,0,,71,127
9179,note_on,,59,0,2,,,,,,,,1,,40,0
9179,note_on,,0,0,2,,,,,,,,1,,52,0
9179,note_on,,0,0,1,,,,,,,,0,,71,0
9179,note_on,,59,0,1,,,,,,,,0,,68,0
9180,note_on,,0,0,1,,,,,,,,0,,69,127
9180,note_on,,1,0,1,,,,,,,,0,,72,127
9180,note_on,,0,0,2,,,,,,,,1,,40,127
9180,note_on,,1,0,2,,,,,,,,1,,52,127
9239,note_on,,0,0,1,,,,,,,,0,,72,0
9239,note_on,,59,0,1,,,,,,,,0,,69,0
9239,note_on,,59,0,2,,,,,,,,1,,40,0
9239,note_on,,0,0,2,,,,,,,,1,,52,0
9240,note_on,,0,0,1,,,,,,,,0,,71,127
9240,note_on,,1,0,1,,,,,,,,0,,74,127
9240,note_on,,1,0,2,,,,,,,,1,,52,127
9240,note_on,,0,0,2,,,,,,,,1,,40,127
9299,note_on,,59,0,2,,,,,,,,1,,40,0
9299,note_on,,0,0,2,,,,,,,,1,,52,0
9299,note_on,,59,0,1,,,,,,,,0,,71,0
9299,note_on,,0,0,1,,,,,,,,0,,74,0
9300,note_on,,1,0,1,,,,,,,,0,,72,127
9300,note_on,,0,0,2,,,,,,,,1,,40,127
9300,note_on,,0,0,1,,,,,,,,0,,69,127
9300,note_on,,1,0,2,,,,,,,,1,,52,127
9359,note_on,,59,0,2,,,,,,,,1,,40,0
9359,note_on,,59,0,1,,,,,,,,0,,69,0
9359,note_on,,0,0,1,,,,,,,,0,,72,0
9359,note_on,,0,0,2,,,,,,,,1,,52,0
9360,note_on,,0,0,1,,,,,,,,0,,68,127
9360,note_on,,1,0,1,,,,,,,,0,,71,127
9360,note_on,,1,0,2,,,,,,,,1,,52,127
9479,note_on,,119,0,2,,,,,,,,1,,52,0
9480,note_on,,1,0,2,,,,,,,,1,,40,127
9599,note_on,,0,0,1,,,,,,,,0,,71,0
9599,note_on,,239,0,1,,,,,,,,0,,68,0
9599,note_on,,119,0,2,,,,,,,,1,,40,0
9600,polytouch,,1,0,1,,,,,,,64,0,,73,
9600,note_on,,1,0,2,,,,,,,,1,,57,127
9719,note_on,,119,0,2,,,,,,,,1,,57,0
9720,note_on,,120,0,1,,,,,,,,0,,76,127
9720,polytouch,,1,0,2,,,,,,,64,1,,57,
9720,note_on,,0,0,1,,,,,,,,0,,73,127
9839,note_on,,0,0,1,,,,,,,,0,,76,0
9839,note_on,,119,0,1,,,,,,,,0,,73,0
9840,polytouch,,1,0,1,,,,,,,64,0,,73,
9840,note_on,,120,0,2,,,,,,,,1,,50,127
9959,note_on,,119,0,2,,,,,,,,1,,50,0
9960,polytouch,,1,0,2,,,,,,,64,1,,57,
9960,note_on,,0,0,1,,,,,,,,0,,74,127
9960,note_on,,120,0,1,,,,,,,,0,,77,127
10079,note_on,,0,0,1,,,,,,,,0,,77,0
10079,note_on,,119,0,1,,,,,,,,0,,74,0
10080,polytouch,,1,0,1,,,,,,,64,0,,74,
10080,note_on,,120,0,2,,,,,,,,1,,51,127
10199,note_on,,119,0,2,,,,,,,,1,,51,0
10200,note_on,,120,0,1,,,,,,,,0,,78,127
10200,polytouch,,1,0,2,,,,,,,64,1,,52,
10200,note_on,,0,0,1,,,,,,,,0,,71,127
10319,note_on,,119,0,1,,,,,,,,0,,71,0
10319,note_on,,0,0,1,,,,,,,,0,,78,0
10320,note_on,,120,0,2,,,,,,,,1,,52,127
10320,polytouch,,1,0,1,,,,,,,64,0,,80,
10439,note_on,,119,0,2,,,,,,,,1,,52,0
10440,note_on,,120,0,1,,,,,,,,0,,80,127
10440,polytouch,,1,0,2,,,,,,,64,1,,45,
10440,note_on,,0,0,1,,,,,,,,0,,74,127
10559,note_on,,0,0,1,,,,,,,,0,,80,0
10559,note_on,,119,0,1,,,,,,,,0,,74,0
10560,note_on,,0,0,1,,,,,,,,0,,72,127
10560,note_on,,0,0,2,,,,,,,,1,,45,127
10560,note_on,,120,0,2,,,,,,,,1,,57,127
10560,note_on,,1,0,1,,,,,,,,0,,81,127
10680,note_on,,120,0,1,,,,,,,,0,,77,127
10680,note_on,,0,0,1,,,,,,,,0,,81,0
10680,note_on,,0,0,1,,,,,,,,0,,72,0
10680,note_on,,0,0,1,,,,,,,,0,,74,127
10797,note_on,,117,0,1,,,,,,,,0,,77,0
10797,note_on,,0,0,1,,,,,,,,0,,74,0
10799,note_on,,239,0,2,,,,,,,,1,,45,0
10799,note_on,,0,0,2,,,,,,,,1,,57,0
10800,note_on,,3,0,1,,,,,,,,0,,76,127
10800,note_on,,0,0,1,,,,,,,,0,,72,127
10800,note_on,,1,0,2,,,,,,,,1,,57,127
10800,note_on,,0,0,2,,,,,,,,1,,45,127
10919,note_on,,119,0,2,,,,,,,,1,,45,0
10919,note_on,,0,0,2,,,,,,,,1,,57,0
10920,note_on,,0,0,1,,,,,,,,0,,76,0
10920,note_on,,0,0,1,,,,,,,,0,,71,127
10920,note_on,,120,0,1,,,,,,,,0,,74,127
10920,note_on,,1,0,2,,,,,,,,1,,57,127
10920,note_on,,0,0,1,,,,,,,,0,,72,0
10920,note_on,,0,0,2,,,,,,,,1,,45,127
11037,note_on,,0,0,1,,,,,,,,0,,71,0
11037,note_on,,117,0,1,,,,,,,,0,,74,0
11039,note_on,,119,0,2,,,,,,,,1,,45,0
11039,note_on,,0,0,2,,,,,,,,1,,57,0
11040,note_on,,3,0,1,,,,,,,,0,,72,127
11040,note_on,,0,0,1,,,,,,,,0,,69,127
11040,note_on,,1,0,2,,,,,,,,1,,57,127
11040,note_on,,0,0,2,,,,,,,,1,,45,127
11099,note_on,,0,0,1,,,,,,,,0,,72,0
11099,note_on,,59,0,1,,,,,,,,0,,69,0
11099,note_on,,59,0,2,,,,,,,,1,,45,0
11099,note_on,,0,0,2,,,,,,,,1,,57,0
11100,note_on,,0,0,1,,,,,,,,0,,72,127
11100,note_on,,1,0,1,,,,,,,,0,,76,127
11100,note_on,,1,0,2,,,,,,,,1,,57,127
11100,note_on,,0,0,2,,,,,,,,1,,45,127
11159,note_on,,0,0,1,,,,,,,,0,,76,0
11159,note_on,,0,0,2,,,,,,,,1,,57,0
11159,note_on,,59,0,2,,,,,,,,1,,45,0
11159,note_on,,59,0,1,,,,,,,,0,,72,0
11160,note_on,,0,0,1,,,,,,,,0,,71,127
11160,note_on,,1,0,1,,,,,,,,0,,74,127
11160,note_on,,1,0,2,,,,,,,,1,,57,127
11160,note_on,,0,0,2,,,,,,,,1,,45,127
11219,note_on,,59,0,1,,,,,,,,0,,71,0
11219,note_on,,0,0,1,,,,,,,,0,,74,0
11219,note_on,,59,0,2,,,,,,,,1,,45,0
11219,note_on,,0,0,2,,,,,,,,1,,57,0
11220,note_on,,0,0,2,,,,,,,,1,,45,127
11220,note_on,,1,0,2,,,,,,,,1,,57,127
11220,note_on,,1,0,1,,,,,,,,0,,71,127
11220,note_on,,0,0,1,,,,,,,,0,,68,127
11279,note_on,,59,0,2,,,,,,,,1,,45,0
11279,note_on,,0,0,2,,,,,,,,1,,57,0
11279,note_on,,59,0,1,,,,,,,,0,,68,0
11279,note_on,,0,0,1,,,,,,,,0,,71,0
11280,note_on,,0,0,1,,,,,,,,0,,60,127
11280,note_on,,0,0,1,,,,,,,,0,,64,127
11280,note_on,,1,0,1,,,,,,,,0,,69,127
11280,note_on,,1,0,2,,,,,,,,1,,57,127
11280,note_on,,0,0,2,,,,,,,,1,,52,127
11280,note_on,,0,0,2,,,,,,,,1,,48,127
11280,note_on,,0,0,2,,,,,,,,1,,45,127
11519,note_on,,239,0,1,,,,,,,,0,,60,0
11519,note_on,,239,0,2,,,,,,,,1,,45,0
11519,note_on,,0,0,2,,,,,,,,1,,57,0
11519,note_on,,0,0,2,,,,,,,,1,,52,0
11519,note_on,,0,0,2,,,,,,,,1,,48,0
11519,note_on,,0,0,1,,,,,,,,0,,69,0
11519,note_on,,0,0,1,,,,,,,,0,,64,0
11520,note_on,,1,0,2,,,,,,,,1,,57,127
11520,polytouch,,1,0,1,,,,,,,64,0,,73,
11639,note_on,,119,0,2,,,,,,,,1,,57,0
11640,note_on,,0,0,1,,,,,,,,0,,72,127
11640,note_on,,120,0,1,,,,,,,,0,,76,127
11640,polytouch,,1,0,2,,,,,,,64,1,,57,
11759,note_on,,0,0,1,,,,,,,,0,,76,0
11759,note_on,,119,0,1,,,,,,,,0,,72,0
11760,polytouch,,1,0,1,,,,,,,64,0,,73,
11760,note_on,,120,0,2,,,,,,,,1,,50,127
11879,note_on,,119,0,2,,,,,,,,1,,50,0
11880,note_on,,0,0,1,,,,,,,,0,,74,127
11880,note_on,,120,0,1,,,,,,,,0,,77,127
11880,polytouch,,1,0,2,,,,,,,64,1,,57,
11999,note_on,,119,0,1,,,,,,,,0,,74,0
11999,note_on,,0,0,1,,,,,,,,0,,77,0
12000,polytouch,,1,0,1,,,,,,,64,0,,74,
12000,note_on,,120,0,2,,,,,,,,1,,52,127
12119,note_on,,119,0,2,,,,,,,,1,,52,0
12120,note_on,,0,0,1,,,,,,,,0,,71,127
12120,note_on,,120,0,1,,,,,,,,0,,80,127
12120,polytouch,,1,0,2,,,,,,,64,1,,52,
12239,note_on,,0,0,1,,,,,,,,0,,80,0
12239,note_on,,119,0,1,,,,,,,,0,,71,0
12240,polytouch,,1,0,1,,,,,,,64,0,,80,
12240,note_on,,120,0,2,,,,,,,,1,,45,127
12359,note_on,,119,0,2,,,,,,,,1,,45,0
12360,polytouch,,1,0,2,,,,,,,64,1,,45,
12360,note_on,,120,0,1,,,,,,,,0,,81,127
12360,note_on,,0,0,1,,,,,,,,0,,72,127
12479,note_on,,119,0,1,,,,,,,,0,,72,0
12479,note_on,,0,0,1,,,,,,,,0,,81,0
12480,note_on,,1,0,1,,,,,,,,0,,71,127
12480,note_on,,120,0,2,,,,,,,,1,,52,127
12480,note_on,,0,0,2,,,,,,,,1,,40,127
12480,note_on,,0,0,1,,,,,,,,0,,68,127
12600,note_on,,0,0,1,,,,,,,,0,,71,0
12600,note_on,,0,0,1,,,,,,,,0,,69,127
12600,note_on,,0,0,1,,,,,,,,0,,68,0
12600,note_on,,120,0,1,,,,,,,,0,,72,127
12717,note_on,,117,0,1,,,,,,,,0,,72,0
12717,note_on,,0,0,1,,,,,,,,0,,69,0
12719,note_on,,0,0,2,,,,,,,,1,,52,0
12719,note_on,,239,0,2,,,,,,,,1,,40,0
12720,note_on,,3,0,1,,,,,,,,0,,74,127
12720,note_on,,0,0,2,,,,,,,,1,,40,127
12720,note_on,,0,0,1,,,,,,,,0,,71,127
12720,note_on,,1,0,2,,,,,,,,1,,52,127
12839,note_on,,119,0,2,,,,,,,,1,,40,0
12839,note_on,,0,0,2,,,,,,,,1,,52,0
12840,note_on,,0,0,1,,,,,,,,0,,69,127
12840,note_on,,0,0,1,,,,,,,,0,,71,0
12840,note_on,,0,0,1,,,,,,,,0,,74,0
12840,note_on,,1,0,2,,,,,,,,1,,52,127
12840,note_on,,0,0,2,,,,,,,,1,,40,127
12840,note_on,,120,0,1,,,,,,,,0,,72,127
12957,note_on,,117,0,1,,,,,,,,0,,72,0
12957,note_on,,0,0,1,,,,,,,,0,,69,0
12959,note_on,,119,0,2,,,,,,,,1,,40,0
12959,note_on,,0,0,2,,,,,,,,1,,52,0
12960,note_on,,1,0,2,,,,,,,,1,,52,127
12960,note_on,,0,0,2,,,,,,,,1,,40,127
12960,note_on,,3,0,1,,,,,,,,0,,71,127
12960,note_on,,0,0,1,,,,,,,,0,,68,127
13019,note_on,,59,0,1,,,,,,,,0,,68,0
13019,note_on,,0,0,1,,,,,,,,0,,71,0
13019,note_on,,59,0,2,,,,,,,,1,,40,0
13019,note_on,,0,0,2,,,,,,,,1,,52,0
13020,note_on,,1,0,1,,,,,,,,0,,72,127
13020,note_on,,0,0,1,,,,,,,,0,,69,127
13020,note_on,,1,0,2,,,,,,,,1,,52,127
13020,note_on,,0,0,2,,,,,,,,1,,40,127
13079,note_on,,59,0,2,,,,,,,,1,,40,0
13079,note_on,,0,0,2,,,,,,,,1,,52,0
13079,note_on,,59,0,1,,,,,,,,0,,69,0
13079,note_on,,0,0,1,,,,,,,,0,,72,0
13080,note_on,,0,0,2,,,,,,,,1,,40,127
13080,note_on,,0,0,1,,,,,,,,0,,71,127
13080,note_on,,1,0,2,,,,,,,,1,,52,127
13080,note_on,,1,0,1,,,,,,,,0,,74,127
13139,note_on,,59,0,1,,,,,,,,0,,71,0
13139,note_on,,0,0,2,,,,,,,,1,,52,0
13139,note_on,,59,0,2,,,,,,,,1,,40,0
13139,note_on,,0,0,1,,,,,,,,0,,74,0
13140,note_on,,0,0,2,,,,,,,,1,,40,127
13140,note_on,,1,0,2,,,,,,,,1,,52,127
13140,note_on,,1,0,1,,,,,,,,0,,72,127
13140,note_on,,0,0,1,,,,,,,,0,,69,127
13199,note_on,,0,0,1,,,,,,,,0,,72,0
13199,note_on,,59,0,2,,,,,,,,1,,40,0
13199,note_on,,0,0,2,,,,,,,,1,,52,0
13199,note_on,,59,0,1,,,,,,,,0,,69,0
13200,note_on,,1,0,1,,,,,,,,0,,71,127
13200,note_on,,1,0,2,,,,,,,,1,,52,127
13200,note_on,,0,0,1,,,,,,,,0,,68,127
13319,note_on,,119,0,2,,,,,,,,1,,52,0
13320,note_on,,1,0,2,,,,,,,,1,,40,127
13439,note_on,,119,0,2,,,,,,,,1,,40,0
13439,note_on,,0,0,1,,,,,,,,0,,71,0
13439,note_on,,239,0,1,,,,,,,,0,,68,0
13440,polytouch,,1,0,1,,,,,,,64,0,,73,
13440,note_on,,1,0,2,,,,,,,,1,,57,127
13559,note_on,,119,0,2,,,,,,,,1,,57,0
13560,polytouch,,1,0,2,,,,,,,64,1,,57,
13560,note_on,,120,0,1,,,,,,,,0,,76,127
13560,note_on,,0,0,1,,,,,,,,0,,73,127
13679,note_on,,119,0,1,,,,,,,,0,,73,0
13679,note_on,,0,0,1,,,,,,,,0,,76,0
13680,note_on,,120,0,2,,,,,,,,1,,50,127
13680,polytouch,,1,0,1,,,,,,,64,0,,73,
13799,note_on,,119,0,2,,,,,,,,1,,50,0
13800,polytouch,,1,0,2,,,,,,,64,1,,57,
13800,note_on,,0,0,1,,,,,,,,0,,74,127
13800,note_on,,120,0,1,,,,,,,,0,,77,127
13919,note_on,,119,0,1,,,,,,,,0,,74,0
13919,note_on,,0,0,1,,,,,,,,0,,77,0
13920,note_on,,120,0,2,,,,,,,,1,,51,127
13920,polytouch,,1,0,1,,,,,,,64,0,,74,
14039,note_on,,119,0,2,,,,,,,,1,,51,0
14040,polytouch,,1,0,2,,,,,,,64,1,,52,
14040,note_on,,120,0,1,,,,,,,,0,,78,127
14040,note_on,,0,0,1,,,,,,,,0,,71,127
14159,note_on,,0,0,1,,,,,,,,0,,78,0
14159,note_on,,119,0,1,,,,,,,,0,,71,0
14160,polytouch,,1,0,1,,,,,,,64,0,,80,
14160,note_on,,120,0,2,,,,,,,,1,,52,127
14279,note_on,,119,0,2,,,,,,,,1,,52,0
14280,polytouch,,1,0,2,,,,,,,64,1,,45,
14280,note_on,,120,0,1,,,,,,,,0,,80,127
14280,note_on,,0,0,1,,,,,,,,0,,74,127
14399,note_on,,119,0,1,,,,,,,,0,,74,0
14399,note_on,,0,0,1,,,,,,,,0,,80,0
14400,note_on,,0,0,2,,,,,,,,1,,45,127
14400,note_on,,120,0,2,,,,,,,,1,,57,127
14400,note_on,,0,0,1,,,,,,,,0,,72,127
14400,note_on,,1,0,1,,,,,,,,0,,81,127
14520,note_on,,0,0,1,,,,,,,,0,,81,0
14520,note_on,,0,0,1,,,,,,,,0,,72,0
14520,note_on,,120,0,1,,,,,,,,0,,77,127
14520,note_on,,0,0,1,,,,,,,,0,,74,127
14637,note_on,,0,0,1,,,,,,,,0,,74,0
14637,note_on,,117,0,1,,,,,,,,0,,77,0
14639,note_on,,239,0,2,,,,,,,,1,,45,0
14639,note_on,,0,0,2,,,,,,,,1,,57,0
14640,note_on,,3,0,1,,,,,,,,0,,76,127
14640,note_on,,0,0,1,,,,,,,,0,,72,127
14640,note_on,,1,0,2,,,,,,,,1,,57,127
14640,note_on,,0,0,2,,,,,,,,1,,45,127
14759,note_on,,119,0,2,,,,,,,,1,,45,0
14759,note_on,,0,0,2,,,,,,,,1,,57,0
14760,note_on,,1,0,2,,,,,,,,1,,57,127
14760,note_on,,0,0,2,,,,,,,,1,,45,127
14760,note_on,,0,0,1,,,,,,,,0,,72,0
14760,note_on,,0,0,1,,,,,,,,0,,76,0
14760,note_on,,120,0,1,,,,,,,,0,,74,127
14760,note_on,,0,0,1,,,,,,,,0,,71,127
14877,note_on,,0,0,1,,,,,,,,0,,71,0
14877,note_on,,117,0,1,,,,,,,,0,,74,0
14879,note_on,,0,0,2,,,,,,,,1,,57,0
14879,note_on,,119,0,2,,,,,,,,1,,45,0
14880,note_on,,0,0,2,,,,,,,,1,,45,127
14880,note_on,,1,0,2,,,,,,,,1,,57,127
14880,note_on,,0,0,1,,,,,,,,0,,69,127
14880,note_on,,3,0,1,,,,,,,,0,,72,127
14939,note_on,,0,0,2,,,,,,,,1,,57,0
14939,note_on,,0,0,1,,,,,,,,0,,72,0
14939,note_on,,59,0,2,,,,,,,,1,,45,0
14939,note_on,,59,0,1,,,,,,,,0,,69,0
14940,note_on,,0,0,1,,,,,,,,0,,72,127
14940,note_on,,1,0,1,,,,,,,,0,,76,127
14940,note_on,,0,0,2,,,,,,,,1,,45,127
14940,note_on,,1,0,2,,,,,,,,1,,57,127
14999,note_on,,59,0,1,,,,,,,,0,,72,0
14999,note_on,,0,0,2,,,,,,,,1,,57,0
14999,note_on,,59,0,2,,,,,,,,1,,45,0
14999,note_on,,0,0,1,,,,,,,,0,,76,0
15000,note_on,,1,0,1,,,,,,,,0,,74,127
15000,note_on,,0,0,1,,,,,,,,0,,71,127
15000,set_tempo,,15000,1,0,461538,,,,,,,,,,
15000,note_on,,0,0,2,,,,,,,,1,,45,127
15000,note_on,,1,0,2,,,,,,,,1,,57,127
15012,set_tempo,,12,1,0,465116,,,,,,,,,,
15024,set_tempo,,12,1,0,468750,,,,,,,,,,
15036,set_tempo,,12,1,0,472440,,,,,,,,,,
15048,set_tempo,,12,1,0,476190,,,,,,,,,,
15059,note_on,,59,0,1,,,,,,,,0,,71,0
15059,note_on,,59,0,2,,,,,,,,1,,45,0
15059,note_on,,0,0,1,,,,,,,,0,,74,0
15059,note_on,,0,0,2,,,,,,,,1,,57,0
15060,note_on,,1,0,1,,,,,,,,0,,71,127
15060,note_on,,0,0,1,,,,,,,,0,,68,127
15060,note_on,,0,0,2,,,,,,,,1,,45,127
15060,set_tempo,,12,1,0,480000,,,,,,,,,,
15060,note_on,,1,0,2,,,,,,,,1,,57,127
15072,set_tempo,,12,1,0,483870,,,,,,,,,,
15084,set_tempo,,12,1,0,487804,,,,,,,,,,
15096,set_tempo,,12,1,0,491803,,,,,,,,,,
15108,set_tempo,,12,1,0,495867,,,,,,,,,,
15119,note_on,,59,0,2,,,,,,,,1,,45,0
15119,note_on,,0,0,2,,,,,,,,1,,57,0
15119,note_on,,0,0,1,,,,,,,,0,,71,0
15119,note_on,,59,0,1,,,,,,,,0,,68,0
15120,note_on,,1,0,2,,,,,,,,1,,57,127
15120,end_of_track,,0,1,0,,,,,,,,,,,
15120,note_on,,0,0,2,,,,,,,,1,,45,127
15120,note_on,,0,0,2,,,,,,,,1,,52,127
15120,note_on,,1,0,1,,,,,,,,0,,69,127
15120,note_on,,0,0,1,,,,,,,,0,,64,127
15120,note_on,,0,0,1,,,,,,,,0,,60,127
15120,set_tempo,,12,1,0,545454,,,,,,,,,,
15120,note_on,,0,0,2,,,,,,,,1,,48,127
15359,note_on,,239,0,2,,,,,,,,1,,45,0
15359,note_on,,0,0,2,,,,,,,,1,,57,0
15359,note_on,,0,0,2,,,,,,,,1,,52,0
15359,note_on,,0,0,1,,,,,,,,0,,69,0
15359,note_on,,0,0,2,,,,,,,,1,,48,0
15359,note_on,,239,0,1,,,,,,,,0,,60,0
15359,note_on,,0,0,1,,,,,,,,0,,64,0
15359,end_of_track,,0,1,1,,,,,,,,,,,
15359,end_of_track,,0,1,2,,,,,,,,,,,
