tick,type,time,meta,track,numerator,denominator,clocks_per_click,notated_32nd_notes_per_beat,key,tempo,control,value,channel,program,note,velocity
0,track_name,0,1,0,,,,,,,,,,,,
0,control_change,0,0,1,,,,,,,10,32,0,,,
0,program_change,0,0,1,,,,,,,,,0,0,,
0,end_of_track,0,1,16,,,,,,,,,,,,
0,control_change,0,0,2,,,,,,,0,0,1,,,
0,control_change,0,0,2,,,,,,,7,100,1,,,
0,control_change,0,0,2,,,,,,,10,95,1,,,
0,program_change,0,0,2,,,,,,,,,1,0,,
0,end_of_track,0,1,3,,,,,,,,,,,,
0,end_of_track,0,1,4,,,,,,,,,,,,
0,control_change,0,0,1,,,,,,,7,105,0,,,
0,end_of_track,0,1,5,,,,,,,,,,,,
0,end_of_track,0,1,7,,,,,,,,,,,,
0,end_of_track,0,1,8,,,,,,,,,,,,
0,end_of_track,0,1,9,,,,,,,,,,,,
0,end_of_track,0,1,10,,,,,,,,,,,,
0,end_of_track,0,1,11,,,,,,,,,,,,
0,end_of_track,0,1,12,,,,,,,,,,,,
0,end_of_track,0,1,13,,,,,,,,,,,,
0,end_of_track,0,1,14,,,,,,,,,,,,
0,end_of_track,0,1,15,,,,,,,,,,,,
0,end_of_track,0,1,6,,,,,,,,,,,,
0,control_change,0,0,1,,,,,,,0,0,0,,,
0,end_of_track,0,1,17,,,,,,,,,,,,
0,track_name,0,1,0,,,,,,,,,,,,
0,text,0,1,0,,,,,,,,,,,,
0,text,0,1,0,,,,,,,,,,,,
0,text,0,1,0,,,,,,,,,,,,
0,time_signature,0,1,0,3,8,12,8,,,,,,,,
0,key_signature,0,1,0,,,,,F,,,,,,,
0,set_tempo,0,1,0,,,,,,600000,,,,,,
120,note_on,120,0,1,,,,,,,,,0,,65,100
120,set_tempo,120,1,0,,,,,,600000,,,,,,
135,note_on,15,0,1,,,,,,,,,0,,65,0
135,note_on,0,0,1,,,,,,,,,0,,67,100
150,note_on,0,0,1,,,,,,,,,0,,69,100
150,note_on,15,0,1,,,,,,,,,0,,67,0
165,note_on,0,0,1,,,,,,,,,0,,70,100
165,note_on,15,0,1,,,,,,,,,0,,69,0
180,note_on,0,0,2,,,,,,,,,1,,53,100
180,note_on,180,0,2,,,,,,,,,1,,57,100
180,note_on,0,0,1,,,,,,,,,0,,72,100
180,note_on,15,0,1,,,,,,,,,0,,70,0
205,note_on,0,0,2,,,,,,,,,1,,57,0
205,note_on,25,0,1,,,,,,,,,0,,72,0
205,note_on,25,0,2,,,,,,,,,1,,53,0
240,note_on,35,0,1,,,,,,,,,0,,72,100
240,note_on,35,0,2,,,,,,,,,1,,57,100
240,note_on,0,0,2,,,,,,,,,1,,53,100
265,note_on,25,0,1,,,,,,,,,0,,72,0
265,note_on,0,0,2,,,,,,,,,1,,57,0
265,note_on,25,0,2,,,,,,,,,1,,53,0
300,note_on,0,0,2,,,,,,,,,1,,53,100
300,note_on,35,0,1,,,,,,,,,0,,72,100
300,note_on,35,0,2,,,,,,,,,1,,57,100
325,note_on,25,0,2,,,,,,,,,1,,53,0
325,note_on,25,0,1,,,,,,,,,0,,72,0
325,note_on,0,0,2,,,,,,,,,1,,57,0
360,note_on,35,0,2,,,,,,,,,1,,57,100
360,note_on,0,0,2,,,,,,,,,1,,53,100
360,note_on,35,0,1,,,,,,,,,0,,72,100
385,note_on,25,0,2,,,,,,,,,1,,53,0
385,note_on,0,0,2,,,,,,,,,1,,57,0
420,note_on,35,0,2,,,,,,,,,1,,57,100
420,note_on,0,0,2,,,,,,,,,1,,53,100
445,note_on,25,0,2,,,,,,,,,1,,53,0
445,note_on,0,0,2,,,,,,,,,1,,57,0
479,note_on,119,0,1,,,,,,,,,0,,72,0
480,note_on,1,0,1,,,,,,,,,0,,73,100
480,note_on,35,0,2,,,,,,,,,1,,57,100
480,note_on,0,0,2,,,,,,,,,1,,53,100
505,note_on,0,0,2,,,,,,,,,1,,57,0
505,note_on,25,0,2,,,,,,,,,1,,53,0
539,note_on,59,0,1,,,,,,,,,0,,73,0
540,note_on,0,0,2,,,,,,,,,1,,53,100
540,note_on,1,0,1,,,,,,,,,0,,74,100
540,note_on,35,0,2,,,,,,,,,1,,58,100
599,note_on,59,0,1,,,,,,,,,0,,74,0
600,note_on,1,0,1,,,,,,,,,0,,82,100
659,note_on,59,0,1,,,,,,,,,0,,82,0
660,note_on,1,0,1,,,,,,,,,0,,74,100
685,note_on,25,0,1,,,,,,,,,0,,74,0
719,note_on,179,0,2,,,,,,,,,1,,53,0
719,note_on,0,0,2,,,,,,,,,1,,58,0
720,note_on,35,0,1,,,,,,,,,0,,72,100
720,note_on,0,0,2,,,,,,,,,1,,53,100
720,note_on,1,0,2,,,,,,,,,1,,57,100
779,note_on,59,0,1,,,,,,,,,0,,72,0
780,note_on,1,0,1,,,,,,,,,0,,81,100
839,note_on,59,0,1,,,,,,,,,0,,81,0
840,note_on,1,0,1,,,,,,,,,0,,72,100
865,note_on,25,0,1,,,,,,,,,0,,72,0
899,note_on,0,0,2,,,,,,,,,1,,57,0
899,note_on,179,0,2,,,,,,,,,1,,53,0
900,note_on,1,0,2,,,,,,,,,1,,58,100
900,note_on,35,0,1,,,,,,,,,0,,74,100
929,note_on,29,0,1,,,,,,,,,0,,74,0
930,note_on,1,0,1,,,,,,,,,0,,72,100
959,note_on,29,0,1,,,,,,,,,0,,72,0
960,note_on,1,0,1,,,,,,,,,0,,70,100
989,note_on,29,0,1,,,,,,,,,0,,70,0
990,note_on,1,0,1,,,,,,,,,0,,69,100
1019,note_on,119,0,2,,,,,,,,,1,,58,0
1019,note_on,29,0,1,,,,,,,,,0,,69,0
1020,note_on,1,0,2,,,,,,,,,1,,59,100
1020,note_on,1,0,1,,,,,,,,,0,,67,100
1049,note_on,29,0,1,,,,,,,,,0,,67,0
1050,note_on,1,0,1,,,,,,,,,0,,65,100
1079,note_on,59,0,2,,,,,,,,,1,,59,0
1079,note_on,29,0,1,,,,,,,,,0,,65,0
1080,note_on,1,0,2,,,,,,,,,1,,60,100
1080,note_on,1,0,1,,,,,,,,,0,,64,100
1139,note_on,59,0,2,,,,,,,,,1,,60,0
1139,note_on,59,0,1,,,,,,,,,0,,64,0
1140,note_on,1,0,2,,,,,,,,,1,,48,100
1140,note_on,1,0,1,,,,,,,,,0,,60,100
1199,note_on,59,0,2,,,,,,,,,1,,48,0
1199,note_on,59,0,1,,,,,,,,,0,,60,0
1200,note_on,1,0,1,,,,,,,,,0,,65,100
1215,note_on,0,0,1,,,,,,,,,0,,67,100
1215,note_on,15,0,1,,,,,,,,,0,,65,0
1230,note_on,0,0,1,,,,,,,,,0,,69,100
1230,note_on,15,0,1,,,,,,,,,0,,67,0
1245,note_on,0,0,1,,,,,,,,,0,,70,100
1245,note_on,15,0,1,,,,,,,,,0,,69,0
1260,note_on,0,0,2,,,,,,,,,1,,53,100
1260,note_on,61,0,2,,,,,,,,,1,,57,100
1260,note_on,0,0,1,,,,,,,,,0,,72,100
1260,note_on,15,0,1,,,,,,,,,0,,70,0
1285,note_on,25,0,2,,,,,,,,,1,,53,0
1285,note_on,0,0,2,,,,,,,,,1,,57,0
1285,note_on,25,0,1,,,,,,,,,0,,72,0
1320,note_on,35,0,1,,,,,,,,,0,,72,100
1320,note_on,35,0,2,,,,,,,,,1,,57,100
1320,note_on,0,0,2,,,,,,,,,1,,53,100
1345,note_on,25,0,1,,,,,,,,,0,,72,0
1345,note_on,25,0,2,,,,,,,,,1,,53,0
1345,note_on,0,0,2,,,,,,,,,1,,57,0
1380,note_on,35,0,1,,,,,,,,,0,,72,100
1380,note_on,35,0,2,,,,,,,,,1,,57,100
1380,note_on,0,0,2,,,,,,,,,1,,53,100
1405,note_on,25,0,2,,,,,,,,,1,,53,0
1405,note_on,0,0,2,,,,,,,,,1,,57,0
1405,note_on,25,0,1,,,,,,,,,0,,72,0
1440,note_on,35,0,1,,,,,,,,,0,,72,100
1440,note_on,35,0,2,,,,,,,,,1,,57,100
1440,note_on,0,0,2,,,,,,,,,1,,53,100
1465,note_on,25,0,2,,,,,,,,,1,,53,0
1465,note_on,0,0,2,,,,,,,,,1,,57,0
1500,note_on,35,0,2,,,,,,,,,1,,57,100
1500,note_on,0,0,2,,,,,,,,,1,,53,100
1525,note_on,25,0,2,,,,,,,,,1,,53,0
1525,note_on,0,0,2,,,,,,,,,1,,57,0
1559,note_on,119,0,1,,,,,,,,,0,,72,0
1560,note_on,0,0,2,,,,,,,,,1,,53,100
1560,note_on,35,0,2,,,,,,,,,1,,57,100
1560,note_on,1,0,1,,,,,,,,,0,,73,100
1585,note_on,25,0,2,,,,,,,,,1,,53,0
1585,note_on,0,0,2,,,,,,,,,1,,57,0
1619,note_on,59,0,1,,,,,,,,,0,,73,0
1620,note_on,35,0,2,,,,,,,,,1,,58,100
1620,note_on,0,0,2,,,,,,,,,1,,53,100
1620,note_on,1,0,1,,,,,,,,,0,,74,100
1679,note_on,59,0,2,,,,,,,,,1,,53,0
1679,note_on,0,0,2,,,,,,,,,1,,58,0
1679,note_on,59,0,1,,,,,,,,,0,,74,0
1680,note_on,1,0,1,,,,,,,,,0,,82,100
1739,note_on,59,0,1,,,,,,,,,0,,82,0
1740,note_on,1,0,1,,,,,,,,,0,,74,100
1765,note_on,25,0,1,,,,,,,,,0,,74,0
1800,note_on,0,0,2,,,,,,,,,1,,53,100
1800,note_on,121,0,2,,,,,,,,,1,,57,100
1800,note_on,35,0,1,,,,,,,,,0,,72,100
1859,note_on,59,0,1,,,,,,,,,0,,72,0
1859,note_on,0,0,2,,,,,,,,,1,,57,0
1859,note_on,59,0,2,,,,,,,,,1,,53,0
1860,note_on,1,0,1,,,,,,,,,0,,81,100
1919,note_on,59,0,1,,,,,,,,,0,,81,0
1920,note_on,1,0,1,,,,,,,,,0,,72,100
1945,note_on,25,0,1,,,,,,,,,0,,72,0
1980,note_on,121,0,2,,,,,,,,,1,,52,100
1980,note_on,35,0,1,,,,,,,,,0,,70,100
2039,note_on,59,0,2,,,,,,,,,1,,52,0
2039,note_on,59,0,1,,,,,,,,,0,,70,0
2040,note_on,1,0,2,,,,,,,,,1,,48,100
2040,note_on,1,0,1,,,,,,,,,0,,79,100
2069,note_on,29,0,2,,,,,,,,,1,,48,0
2070,note_on,1,0,2,,,,,,,,,1,,50,100
2099,note_on,29,0,2,,,,,,,,,1,,50,0
2099,note_on,59,0,1,,,,,,,,,0,,79,0
2100,note_on,1,0,1,,,,,,,,,0,,70,100
2100,note_on,1,0,2,,,,,,,,,1,,52,100
2125,note_on,25,0,1,,,,,,,,,0,,70,0
2129,note_on,29,0,2,,,,,,,,,1,,52,0
2130,note_on,1,0,2,,,,,,,,,1,,48,100
2159,note_on,29,0,2,,,,,,,,,1,,48,0
2160,note_on,1,0,2,,,,,,,,,1,,53,100
2160,note_on,35,0,1,,,,,,,,,0,,69,100
2219,note_on,59,0,1,,,,,,,,,0,,69,0
2220,note_on,1,0,1,,,,,,,,,0,,77,100
2279,note_on,119,0,2,,,,,,,,,1,,53,0
2279,note_on,59,0,1,,,,,,,,,0,,77,0
2280,note_on,1,0,2,,,,,,,,,1,,57,100
2280,note_on,1,0,1,,,,,,,,,0,,72,100
2305,note_on,25,0,1,,,,,,,,,0,,72,0
2339,note_on,59,0,2,,,,,,,,,1,,57,0
2340,note_on,35,0,1,,,,,,,,,0,,74,100
2340,note_on,1,0,2,,,,,,,,,1,,58,100
2360,note_on,0,0,1,,,,,,,,,0,,72,100
2360,note_on,20,0,1,,,,,,,,,0,,74,0
2380,note_on,0,0,1,,,,,,,,,0,,70,100
2380,note_on,20,0,1,,,,,,,,,0,,72,0
2399,note_on,59,0,2,,,,,,,,,1,,58,0
2400,note_on,20,0,1,,,,,,,,,0,,70,0
2400,note_on,0,0,1,,,,,,,,,0,,69,100
2400,note_on,1,0,2,,,,,,,,,1,,60,100
2459,note_on,59,0,1,,,,,,,,,0,,69,0
2459,note_on,59,0,2,,,,,,,,,1,,60,0
2460,note_on,1,0,1,,,,,,,,,0,,67,100
2460,note_on,1,0,2,,,,,,,,,1,,48,100
2480,note_on,0,0,1,,,,,,,,,0,,69,100
2480,note_on,20,0,1,,,,,,,,,0,,67,0
2500,note_on,0,0,1,,,,,,,,,0,,67,100
2500,note_on,20,0,1,,,,,,,,,0,,69,0
2519,note_on,59,0,2,,,,,,,,,1,,48,0
2520,note_on,0,0,1,,,,,,,,,0,,65,100
2520,note_on,20,0,1,,,,,,,,,0,,67,0
2520,note_on,1,0,2,,,,,,,,,1,,53,100
2579,note_on,59,0,2,,,,,,,,,1,,53,0
2580,note_on,1,0,2,,,,,,,,,1,,41,100
2639,note_on,59,0,2,,,,,,,,,1,,41,0
2639,note_on,119,0,1,,,,,,,,,0,,65,0
2640,note_on,1,0,1,,,,,,,,,0,,65,100
2655,note_on,15,0,1,,,,,,,,,0,,65,0
2655,note_on,0,0,1,,,,,,,,,0,,67,100
2670,note_on,15,0,1,,,,,,,,,0,,67,0
2670,note_on,0,0,1,,,,,,,,,0,,69,100
2685,note_on,0,0,1,,,,,,,,,0,,70,100
2685,note_on,15,0,1,,,,,,,,,0,,69,0
2700,note_on,15,0,1,,,,,,,,,0,,70,0
2700,note_on,0,0,1,,,,,,,,,0,,72,100
2700,note_on,61,0,2,,,,,,,,,1,,57,100
2700,note_on,0,0,2,,,,,,,,,1,,53,100
2725,note_on,25,0,2,,,,,,,,,1,,53,0
2725,note_on,0,0,2,,,,,,,,,1,,57,0
2725,note_on,25,0,1,,,,,,,,,0,,72,0
2760,note_on,35,0,1,,,,,,,,,0,,72,100
2760,note_on,0,0,2,,,,,,,,,1,,53,100
2760,note_on,35,0,2,,,,,,,,,1,,57,100
2785,note_on,25,0,2,,,,,,,,,1,,53,0
2785,note_on,25,0,1,,,,,,,,,0,,72,0
2785,note_on,0,0,2,,,,,,,,,1,,57,0
2820,note_on,35,0,1,,,,,,,,,0,,72,100
2820,note_on,35,0,2,,,,,,,,,1,,57,100
2820,note_on,0,0,2,,,,,,,,,1,,53,100
2845,note_on,25,0,1,,,,,,,,,0,,72,0
2845,note_on,0,0,2,,,,,,,,,1,,57,0
2845,note_on,25,0,2,,,,,,,,,1,,53,0
2880,note_on,0,0,2,,,,,,,,,1,,53,100
2880,note_on,35,0,2,,,,,,,,,1,,57,100
2880,note_on,35,0,1,,,,,,,,,0,,72,100
2905,note_on,0,0,2,,,,,,,,,1,,57,0
2905,note_on,25,0,2,,,,,,,,,1,,53,0
2940,note_on,0,0,2,,,,,,,,,1,,53,100
2940,note_on,35,0,2,,,,,,,,,1,,57,100
2965,note_on,0,0,2,,,,,,,,,1,,57,0
2965,note_on,25,0,2,,,,,,,,,1,,53,0
2999,note_on,119,0,1,,,,,,,,,0,,72,0
3000,note_on,1,0,1,,,,,,,,,0,,73,100
3000,note_on,0,0,2,,,,,,,,,1,,53,100
3000,note_on,35,0,2,,,,,,,,,1,,57,100
3025,note_on,25,0,2,,,,,,,,,1,,53,0
3025,note_on,0,0,2,,,,,,,,,1,,57,0
3059,note_on,59,0,1,,,,,,,,,0,,73,0
3060,note_on,1,0,1,,,,,,,,,0,,74,100
3060,note_on,35,0,2,,,,,,,,,1,,58,100
3060,note_on,0,0,2,,,,,,,,,1,,53,100
3119,note_on,59,0,1,,,,,,,,,0,,74,0
3120,note_on,1,0,1,,,,,,,,,0,,82,100
3179,note_on,59,0,1,,,,,,,,,0,,82,0
3180,note_on,1,0,1,,,,,,,,,0,,74,100
3205,note_on,25,0,1,,,,,,,,,0,,74,0
3239,note_on,0,0,2,,,,,,,,,1,,58,0
3239,note_on,179,0,2,,,,,,,,,1,,53,0
3240,note_on,35,0,1,,,,,,,,,0,,72,100
3240,note_on,0,0,2,,,,,,,,,1,,53,100
3240,note_on,1,0,2,,,,,,,,,1,,57,100
3299,note_on,59,0,1,,,,,,,,,0,,72,0
3300,note_on,1,0,1,,,,,,,,,0,,81,100
3359,note_on,59,0,1,,,,,,,,,0,,81,0
3360,note_on,1,0,1,,,,,,,,,0,,72,100
3385,note_on,25,0,1,,,,,,,,,0,,72,0
3419,note_on,179,0,2,,,,,,,,,1,,53,0
3419,note_on,0,0,2,,,,,,,,,1,,57,0
3420,note_on,1,0,2,,,,,,,,,1,,58,100
3420,note_on,35,0,1,,,,,,,,,0,,74,100
3449,note_on,29,0,1,,,,,,,,,0,,74,0
3450,note_on,1,0,1,,,,,,,,,0,,72,100
3479,note_on,29,0,1,,,,,,,,,0,,72,0
3480,note_on,1,0,1,,,,,,,,,0,,70,100
3509,note_on,29,0,1,,,,,,,,,0,,70,0
3510,note_on,1,0,1,,,,,,,,,0,,69,100
3539,note_on,119,0,2,,,,,,,,,1,,58,0
3539,note_on,29,0,1,,,,,,,,,0,,69,0
3540,note_on,1,0,2,,,,,,,,,1,,59,100
3540,note_on,1,0,1,,,,,,,,,0,,67,100
3569,note_on,29,0,1,,,,,,,,,0,,67,0
3570,note_on,1,0,1,,,,,,,,,0,,65,100
3599,note_on,29,0,1,,,,,,,,,0,,65,0
3599,note_on,59,0,2,,,,,,,,,1,,59,0
3600,note_on,1,0,1,,,,,,,,,0,,64,100
3600,note_on,1,0,2,,,,,,,,,1,,60,100
3659,note_on,59,0,1,,,,,,,,,0,,64,0
3659,note_on,59,0,2,,,,,,,,,1,,60,0
3660,note_on,1,0,1,,,,,,,,,0,,60,100
3660,note_on,1,0,2,,,,,,,,,1,,48,100
3719,note_on,59,0,2,,,,,,,,,1,,48,0
3719,note_on,59,0,1,,,,,,,,,0,,60,0
3720,note_on,1,0,1,,,,,,,,,0,,65,100
3735,note_on,0,0,1,,,,,,,,,0,,67,100
3735,note_on,15,0,1,,,,,,,,,0,,65,0
3750,note_on,15,0,1,,,,,,,,,0,,67,0
3750,note_on,0,0,1,,,,,,,,,0,,69,100
3765,note_on,0,0,1,,,,,,,,,0,,70,100
3765,note_on,15,0,1,,,,,,,,,0,,69,0
3780,note_on,0,0,2,,,,,,,,,1,,53,100
3780,note_on,0,0,1,,,,,,,,,0,,72,100
3780,note_on,15,0,1,,,,,,,,,0,,70,0
3780,note_on,61,0,2,,,,,,,,,1,,57,100
3805,note_on,25,0,2,,,,,,,,,1,,53,0
3805,note_on,0,0,2,,,,,,,,,1,,57,0
3805,note_on,25,0,1,,,,,,,,,0,,72,0
3840,note_on,35,0,1,,,,,,,,,0,,72,100
3840,note_on,35,0,2,,,,,,,,,1,,57,100
3840,note_on,0,0,2,,,,,,,,,1,,53,100
3865,note_on,0,0,2,,,,,,,,,1,,57,0
3865,note_on,25,0,1,,,,,,,,,0,,72,0
3865,note_on,25,0,2,,,,,,,,,1,,53,0
3900,note_on,0,0,2,,,,,,,,,1,,53,100
3900,note_on,35,0,1,,,,,,,,,0,,72,100
3900,note_on,35,0,2,,,,,,,,,1,,57,100
3925,note_on,0,0,2,,,,,,,,,1,,57,0
3925,note_on,25,0,2,,,,,,,,,1,,53,0
3925,note_on,25,0,1,,,,,,,,,0,,72,0
3960,note_on,35,0,2,,,,,,,,,1,,57,100
3960,note_on,35,0,1,,,,,,,,,0,,72,100
3960,note_on,0,0,2,,,,,,,,,1,,53,100
3985,note_on,25,0,2,,,,,,,,,1,,53,0
3985,note_on,0,0,2,,,,,,,,,1,,57,0
4020,note_on,35,0,2,,,,,,,,,1,,57,100
4020,note_on,0,0,2,,,,,,,,,1,,53,100
4045,note_on,25,0,2,,,,,,,,,1,,53,0
4045,note_on,0,0,2,,,,,,,,,1,,57,0
4079,note_on,119,0,1,,,,,,,,,0,,72,0
4080,note_on,1,0,1,,,,,,,,,0,,73,100
4080,note_on,35,0,2,,,,,,,,,1,,57,100
4080,note_on,0,0,2,,,,,,,,,1,,53,100
4105,note_on,0,0,2,,,,,,,,,1,,57,0
4105,note_on,25,0,2,,,,,,,,,1,,53,0
4139,note_on,59,0,1,,,,,,,,,0,,73,0
4140,note_on,1,0,1,,,,,,,,,0,,74,100
4140,note_on,0,0,2,,,,,,,,,1,,53,100
4140,note_on,35,0,2,,,,,,,,,1,,58,100
4199,note_on,59,0,1,,,,,,,,,0,,74,0
4199,note_on,0,0,2,,,,,,,,,1,,58,0
4199,note_on,59,0,2,,,,,,,,,1,,53,0
4200,note_on,1,0,1,,,,,,,,,0,,82,100
4259,note_on,59,0,1,,,,,,,,,0,,82,0
4260,note_on,1,0,1,,,,,,,,,0,,74,100
4285,note_on,25,0,1,,,,,,,,,0,,74,0
4320,note_on,121,0,2,,,,,,,,,1,,57,100
4320,note_on,35,0,1,,,,,,,,,0,,72,100
4320,note_on,0,0,2,,,,,,,,,1,,53,100
4379,note_on,59,0,2,,,,,,,,,1,,53,0
4379,note_on,59,0,1,,,,,,,,,0,,72,0
4379,note_on,0,0,2,,,,,,,,,1,,57,0
4380,note_on,1,0,1,,,,,,,,,0,,81,100
4439,note_on,59,0,1,,,,,,,,,0,,81,0
4440,note_on,1,0,1,,,,,,,,,0,,72,100
4465,note_on,25,0,1,,,,,,,,,0,,72,0
4500,note_on,35,0,1,,,,,,,,,0,,70,100
4500,note_on,121,0,2,,,,,,,,,1,,52,100
4559,note_on,59,0,1,,,,,,,,,0,,70,0
4559,note_on,59,0,2,,,,,,,,,1,,52,0
4560,note_on,1,0,1,,,,,,,,,0,,79,100
4560,note_on,1,0,2,,,,,,,,,1,,48,100
4589,note_on,29,0,2,,,,,,,,,1,,48,0
4590,note_on,1,0,2,,,,,,,,,1,,50,100
4619,note_on,59,0,1,,,,,,,,,0,,79,0
4619,note_on,29,0,2,,,,,,,,,1,,50,0
4620,note_on,1,0,1,,,,,,,,,0,,70,100
4620,note_on,1,0,2,,,,,,,,,1,,52,100
4645,note_on,25,0,1,,,,,,,,,0,,70,0
4649,note_on,29,0,2,,,,,,,,,1,,52,0
4650,note_on,1,0,2,,,,,,,,,1,,48,100
4679,note_on,29,0,2,,,,,,,,,1,,48,0
4680,note_on,1,0,2,,,,,,,,,1,,53,100
4680,note_on,35,0,1,,,,,,,,,0,,69,100
4739,note_on,59,0,1,,,,,,,,,0,,69,0
4740,note_on,1,0,1,,,,,,,,,0,,77,100
4799,note_on,119,0,2,,,,,,,,,1,,53,0
4799,note_on,59,0,1,,,,,,,,,0,,77,0
4800,note_on,1,0,1,,,,,,,,,0,,72,100
4800,note_on,1,0,2,,,,,,,,,1,,57,100
4825,note_on,25,0,1,,,,,,,,,0,,72,0
4859,note_on,59,0,2,,,,,,,,,1,,57,0
4860,note_on,35,0,1,,,,,,,,,0,,74,100
4860,note_on,1,0,2,,,,,,,,,1,,58,100
4880,note_on,0,0,1,,,,,,,,,0,,72,100
4880,note_on,20,0,1,,,,,,,,,0,,74,0
4900,note_on,0,0,1,,,,,,,,,0,,70,100
4900,note_on,20,0,1,,,,,,,,,0,,72,0
4919,note_on,59,0,2,,,,,,,,,1,,58,0
4920,note_on,0,0,1,,,,,,,,,0,,69,100
4920,note_on,20,0,1,,,,,,,,,0,,70,0
4920,note_on,1,0,2,,,,,,,,,1,,60,100
4979,note_on,59,0,2,,,,,,,,,1,,60,0
4979,note_on,59,0,1,,,,,,,,,0,,69,0
4980,note_on,1,0,1,,,,,,,,,0,,67,100
4980,note_on,1,0,2,,,,,,,,,1,,48,100
5000,note_on,20,0,1,,,,,,,,,0,,67,0
5000,note_on,0,0,1,,,,,,,,,0,,69,100
5020,note_on,0,0,1,,,,,,,,,0,,67,100
5020,note_on,20,0,1,,,,,,,,,0,,69,0
5039,note_on,59,0,2,,,,,,,,,1,,48,0
5040,note_on,1,0,2,,,,,,,,,1,,53,100
5040,note_on,0,0,1,,,,,,,,,0,,65,100
5040,note_on,20,0,1,,,,,,,,,0,,67,0
5099,note_on,59,0,2,,,,,,,,,1,,53,0
5100,note_on,1,0,2,,,,,,,,,1,,41,100
5159,note_on,119,0,1,,,,,,,,,0,,65,0
5159,note_on,59,0,2,,,,,,,,,1,,41,0
5160,note_on,1,0,1,,,,,,,,,0,,60,100
5160,set_tempo,5040,1,0,,,,,,600000,,,,,,
5175,note_on,0,0,1,,,,,,,,,0,,62,100
5175,note_on,15,0,1,,,,,,,,,0,,60,0
5190,note_on,15,0,1,,,,,,,,,0,,62,0
5190,note_on,0,0,1,,,,,,,,,0,,64,100
5205,note_on,15,0,1,,,,,,,,,0,,64,0
5205,note_on,0,0,1,,,,,,,,,0,,65,100
5220,note_on,0,0,2,,,,,,,,,1,,48,100
5220,note_on,15,0,1,,,,,,,,,0,,65,0
5220,note_on,61,0,2,,,,,,,,,1,,52,100
5220,note_on,0,0,1,,,,,,,,,0,,67,100
5245,note_on,25,0,2,,,,,,,,,1,,48,0
5245,note_on,0,0,2,,,,,,,,,1,,52,0
5245,note_on,25,0,1,,,,,,,,,0,,67,0
5280,note_on,35,0,1,,,,,,,,,0,,67,100
5280,note_on,0,0,2,,,,,,,,,1,,48,100
5280,note_on,35,0,2,,,,,,,,,1,,52,100
5305,note_on,25,0,2,,,,,,,,,1,,48,0
5305,note_on,25,0,1,,,,,,,,,0,,67,0
5305,note_on,0,0,2,,,,,,,,,1,,52,0
5340,note_on,0,0,2,,,,,,,,,1,,48,100
5340,note_on,35,0,2,,,,,,,,,1,,52,100
5340,note_on,35,0,1,,,,,,,,,0,,67,100
5365,note_on,25,0,1,,,,,,,,,0,,67,0
5365,note_on,0,0,2,,,,,,,,,1,,52,0
5365,note_on,25,0,2,,,,,,,,,1,,48,0
5400,note_on,35,0,1,,,,,,,,,0,,67,100
5400,note_on,0,0,2,,,,,,,,,1,,48,100
5400,note_on,35,0,2,,,,,,,,,1,,52,100
5425,note_on,0,0,2,,,,,,,,,1,,52,0
5425,note_on,25,0,2,,,,,,,,,1,,48,0
5460,note_on,35,0,2,,,,,,,,,1,,52,100
5460,note_on,0,0,2,,,,,,,,,1,,48,100
5485,note_on,25,0,2,,,,,,,,,1,,48,0
5485,note_on,0,0,2,,,,,,,,,1,,52,0
5519,note_on,119,0,1,,,,,,,,,0,,67,0
5520,note_on,0,0,2,,,,,,,,,1,,48,100
5520,note_on,1,0,1,,,,,,,,,0,,68,100
5520,note_on,35,0,2,,,,,,,,,1,,52,100
5545,note_on,0,0,2,,,,,,,,,1,,52,0
5545,note_on,25,0,2,,,,,,,,,1,,48,0
5579,note_on,59,0,1,,,,,,,,,0,,68,0
5580,note_on,35,0,2,,,,,,,,,1,,53,100
5580,note_on,1,0,1,,,,,,,,,0,,69,100
5580,note_on,0,0,2,,,,,,,,,1,,48,100
5605,note_on,25,0,2,,,,,,,,,1,,48,0
5605,note_on,0,0,2,,,,,,,,,1,,53,0
5639,note_on,59,0,1,,,,,,,,,0,,69,0
5640,note_on,35,0,2,,,,,,,,,1,,53,100
5640,note_on,1,0,1,,,,,,,,,0,,77,100
5640,note_on,0,0,2,,,,,,,,,1,,48,100
5665,note_on,25,0,2,,,,,,,,,1,,48,0
5665,note_on,0,0,2,,,,,,,,,1,,53,0
5699,note_on,59,0,1,,,,,,,,,0,,77,0
5700,note_on,0,0,2,,,,,,,,,1,,48,100
5700,note_on,1,0,1,,,,,,,,,0,,69,100
5700,note_on,35,0,2,,,,,,,,,1,,53,100
5725,note_on,25,0,1,,,,,,,,,0,,69,0
5725,note_on,25,0,2,,,,,,,,,1,,48,0
5725,note_on,0,0,2,,,,,,,,,1,,53,0
5760,note_on,35,0,2,,,,,,,,,1,,52,100
5760,note_on,0,0,2,,,,,,,,,1,,48,100
5760,note_on,35,0,1,,,,,,,,,0,,67,100
5785,note_on,25,0,2,,,,,,,,,1,,48,0
5785,note_on,0,0,2,,,,,,,,,1,,52,0
5819,note_on,59,0,1,,,,,,,,,0,,67,0
5820,note_on,1,0,1,,,,,,,,,0,,76,100
5820,note_on,0,0,2,,,,,,,,,1,,48,100
5820,note_on,35,0,2,,,,,,,,,1,,52,100
5845,note_on,0,0,2,,,,,,,,,1,,52,0
5845,note_on,25,0,2,,,,,,,,,1,,48,0
5879,note_on,59,0,1,,,,,,,,,0,,76,0
5880,note_on,35,0,2,,,,,,,,,1,,52,100
5880,note_on,1,0,1,,,,,,,,,0,,72,100
5880,note_on,0,0,2,,,,,,,,,1,,48,100
5905,note_on,0,0,2,,,,,,,,,1,,52,0
5905,note_on,25,0,2,,,,,,,,,1,,48,0
5905,note_on,25,0,1,,,,,,,,,0,,72,0
5940,note_on,35,0,1,,,,,,,,,0,,69,100
5940,note_on,35,0,2,,,,,,,,,1,,53,100
5960,note_on,20,0,1,,,,,,,,,0,,69,0
5960,note_on,0,0,1,,,,,,,,,0,,67,100
5980,note_on,20,0,1,,,,,,,,,0,,67,0
5980,note_on,0,0,1,,,,,,,,,0,,65,100
5999,note_on,59,0,2,,,,,,,,,1,,53,0
6000,note_on,20,0,1,,,,,,,,,0,,65,0
6000,note_on,0,0,1,,,,,,,,,0,,64,100
6000,note_on,1,0,2,,,,,,,,,1,,55,100
6059,note_on,59,0,1,,,,,,,,,0,,64,0
6059,note_on,59,0,2,,,,,,,,,1,,55,0
6060,note_on,1,0,2,,,,,,,,,1,,43,100
6060,note_on,1,0,1,,,,,,,,,0,,62,100
6080,note_on,20,0,1,,,,,,,,,0,,62,0
6080,note_on,0,0,1,,,,,,,,,0,,64,100
6100,note_on,20,0,1,,,,,,,,,0,,64,0
6100,note_on,0,0,1,,,,,,,,,0,,62,100
6119,note_on,59,0,2,,,,,,,,,1,,43,0
6120,note_on,20,0,1,,,,,,,,,0,,62,0
6120,note_on,0,0,1,,,,,,,,,0,,60,100
6120,note_on,1,0,2,,,,,,,,,1,,48,100
6179,note_on,59,0,2,,,,,,,,,1,,48,0
6180,note_on,1,0,2,,,,,,,,,1,,36,100
6239,note_on,119,0,1,,,,,,,,,0,,60,0
6239,note_on,59,0,2,,,,,,,,,1,,36,0
6240,note_on,1,0,1,,,,,,,,,0,,65,100
6255,note_on,0,0,1,,,,,,,,,0,,67,100
6255,note_on,15,0,1,,,,,,,,,0,,65,0
6270,note_on,15,0,1,,,,,,,,,0,,67,0
6270,note_on,0,0,1,,,,,,,,,0,,69,100
6285,note_on,0,0,1,,,,,,,,,0,,70,100
6285,note_on,15,0,1,,,,,,,,,0,,69,0
6300,note_on,15,0,1,,,,,,,,,0,,70,0
6300,note_on,0,0,1,,,,,,,,,0,,72,100
6300,note_on,61,0,2,,,,,,,,,1,,54,100
6300,note_on,0,0,1,,,,,,,,,0,,69,100
6325,note_on,25,0,1,,,,,,,,,0,,69,0
6325,note_on,0,0,1,,,,,,,,,0,,72,0
6360,note_on,35,0,1,,,,,,,,,0,,72,100
6360,note_on,0,0,1,,,,,,,,,0,,69,100
6385,note_on,25,0,1,,,,,,,,,0,,69,0
6385,note_on,0,0,1,,,,,,,,,0,,72,0
6420,note_on,35,0,1,,,,,,,,,0,,74,100
6420,note_on,0,0,1,,,,,,,,,0,,70,100
6449,note_on,29,0,1,,,,,,,,,0,,70,0
6449,note_on,0,0,1,,,,,,,,,0,,74,0
6450,note_on,1,0,1,,,,,,,,,0,,72,100
6450,note_on,0,0,1,,,,,,,,,0,,69,100
6479,note_on,179,0,2,,,,,,,,,1,,54,0
6479,note_on,29,0,1,,,,,,,,,0,,69,0
6479,note_on,0,0,1,,,,,,,,,0,,72,0
6480,note_on,1,0,1,,,,,,,,,0,,72,100
6480,note_on,0,0,1,,,,,,,,,0,,69,100
6480,note_on,1,0,2,,,,,,,,,1,,55,100
6539,note_on,59,0,1,,,,,,,,,0,,69,0
6539,note_on,0,0,1,,,,,,,,,0,,72,0
6539,note_on,59,0,2,,,,,,,,,1,,55,0
6540,note_on,1,0,1,,,,,,,,,0,,70,100
6540,note_on,1,0,2,,,,,,,,,1,,43,100
6540,note_on,0,0,1,,,,,,,,,0,,67,100
6599,note_on,0,0,1,,,,,,,,,0,,70,0
6599,note_on,59,0,2,,,,,,,,,1,,43,0
6599,note_on,59,0,1,,,,,,,,,0,,67,0
6600,note_on,1,0,1,,,,,,,,,0,,64,100
6615,note_on,15,0,1,,,,,,,,,0,,64,0
6615,note_on,0,0,1,,,,,,,,,0,,65,100
6630,note_on,0,0,1,,,,,,,,,0,,67,100
6630,note_on,15,0,1,,,,,,,,,0,,65,0
6645,note_on,0,0,1,,,,,,,,,0,,69,100
6645,note_on,15,0,1,,,,,,,,,0,,67,0
6660,note_on,0,0,1,,,,,,,,,0,,67,100
6660,note_on,61,0,2,,,,,,,,,1,,52,100
6660,note_on,0,0,1,,,,,,,,,0,,70,100
6660,note_on,15,0,1,,,,,,,,,0,,69,0
6685,note_on,0,0,1,,,,,,,,,0,,70,0
6685,note_on,25,0,1,,,,,,,,,0,,67,0
6720,note_on,0,0,1,,,,,,,,,0,,67,100
6720,note_on,35,0,1,,,,,,,,,0,,70,100
6745,note_on,25,0,1,,,,,,,,,0,,67,0
6745,note_on,0,0,1,,,,,,,,,0,,70,0
6780,note_on,0,0,1,,,,,,,,,0,,69,100
6780,note_on,35,0,1,,,,,,,,,0,,72,100
6809,note_on,29,0,1,,,,,,,,,0,,69,0
6809,note_on,0,0,1,,,,,,,,,0,,72,0
6810,note_on,1,0,1,,,,,,,,,0,,70,100
6810,note_on,0,0,1,,,,,,,,,0,,67,100
6839,note_on,29,0,1,,,,,,,,,0,,67,0
6839,note_on,0,0,1,,,,,,,,,0,,70,0
6839,note_on,179,0,2,,,,,,,,,1,,52,0
6840,note_on,1,0,1,,,,,,,,,0,,70,100
6840,note_on,0,0,1,,,,,,,,,0,,67,100
6840,note_on,1,0,2,,,,,,,,,1,,53,100
6899,note_on,59,0,2,,,,,,,,,1,,53,0
6899,note_on,0,0,1,,,,,,,,,0,,70,0
6899,note_on,59,0,1,,,,,,,,,0,,67,0
6900,note_on,1,0,2,,,,,,,,,1,,41,100
6900,note_on,1,0,1,,,,,,,,,0,,69,100
6900,note_on,0,0,1,,,,,,,,,0,,65,100
6959,note_on,59,0,1,,,,,,,,,0,,65,0
6959,note_on,0,0,1,,,,,,,,,0,,69,0
6959,note_on,59,0,2,,,,,,,,,1,,41,0
6960,note_on,1,0,1,,,,,,,,,0,,65,100
6960,set_tempo,1800,1,0,,,,,,600000,,,,,,
6975,note_on,0,0,1,,,,,,,,,0,,67,100
6975,note_on,15,0,1,,,,,,,,,0,,65,0
6990,note_on,15,0,1,,,,,,,,,0,,67,0
6990,note_on,0,0,1,,,,,,,,,0,,69,100
7005,note_on,15,0,1,,,,,,,,,0,,69,0
7005,note_on,0,0,1,,,,,,,,,0,,70,100
7020,note_on,15,0,1,,,,,,,,,0,,70,0
7020,note_on,0,0,1,,,,,,,,,0,,72,100
7020,note_on,61,0,2,,,,,,,,,1,,57,100
7020,note_on,0,0,2,,,,,,,,,1,,53,100
7045,note_on,25,0,1,,,,,,,,,0,,72,0
7045,note_on,25,0,2,,,,,,,,,1,,53,0
7045,note_on,0,0,2,,,,,,,,,1,,57,0
7080,note_on,35,0,1,,,,,,,,,0,,72,100
7080,note_on,0,0,2,,,,,,,,,1,,53,100
7080,note_on,35,0,2,,,,,,,,,1,,57,100
7105,note_on,25,0,2,,,,,,,,,1,,53,0
7105,note_on,0,0,2,,,,,,,,,1,,57,0
7105,note_on,25,0,1,,,,,,,,,0,,72,0
7140,note_on,35,0,2,,,,,,,,,1,,57,100
7140,note_on,0,0,2,,,,,,,,,1,,53,100
7140,note_on,35,0,1,,,,,,,,,0,,72,100
7165,note_on,25,0,2,,,,,,,,,1,,53,0
7165,note_on,0,0,2,,,,,,,,,1,,57,0
7165,note_on,25,0,1,,,,,,,,,0,,72,0
7200,note_on,35,0,1,,,,,,,,,0,,72,100
7200,note_on,35,0,2,,,,,,,,,1,,57,100
7200,note_on,0,0,2,,,,,,,,,1,,53,100
7225,note_on,0,0,2,,,,,,,,,1,,57,0
7225,note_on,25,0,2,,,,,,,,,1,,53,0
7260,note_on,35,0,2,,,,,,,,,1,,57,100
7260,note_on,0,0,2,,,,,,,,,1,,53,100
7285,note_on,0,0,2,,,,,,,,,1,,57,0
7285,note_on,25,0,2,,,,,,,,,1,,53,0
7319,note_on,119,0,1,,,,,,,,,0,,72,0
7320,note_on,1,0,1,,,,,,,,,0,,73,100
7320,note_on,35,0,2,,,,,,,,,1,,57,100
7320,note_on,0,0,2,,,,,,,,,1,,53,100
7345,note_on,0,0,2,,,,,,,,,1,,57,0
7345,note_on,25,0,2,,,,,,,,,1,,53,0
7379,note_on,59,0,1,,,,,,,,,0,,73,0
7380,note_on,35,0,2,,,,,,,,,1,,58,100
7380,note_on,1,0,1,,,,,,,,,0,,74,100
7380,note_on,0,0,2,,,,,,,,,1,,53,100
7439,note_on,59,0,1,,,,,,,,,0,,74,0
7440,note_on,1,0,1,,,,,,,,,0,,82,100
7499,note_on,59,0,1,,,,,,,,,0,,82,0
7500,note_on,1,0,1,,,,,,,,,0,,74,100
7525,note_on,25,0,1,,,,,,,,,0,,74,0
7559,note_on,0,0,2,,,,,,,,,1,,58,0
7559,note_on,179,0,2,,,,,,,,,1,,53,0
7560,note_on,1,0,2,,,,,,,,,1,,57,100
7560,note_on,0,0,2,,,,,,,,,1,,53,100
7560,note_on,35,0,1,,,,,,,,,0,,72,100
7619,note_on,59,0,1,,,,,,,,,0,,72,0
7620,note_on,1,0,1,,,,,,,,,0,,81,100
7679,note_on,59,0,1,,,,,,,,,0,,81,0
7680,note_on,1,0,1,,,,,,,,,0,,72,100
7705,note_on,25,0,1,,,,,,,,,0,,72,0
7739,note_on,179,0,2,,,,,,,,,1,,53,0
7739,note_on,0,0,2,,,,,,,,,1,,57,0
7740,note_on,1,0,2,,,,,,,,,1,,58,100
7740,note_on,35,0,1,,,,,,,,,0,,74,100
7769,note_on,29,0,1,,,,,,,,,0,,74,0
7770,note_on,1,0,1,,,,,,,,,0,,72,100
7799,note_on,29,0,1,,,,,,,,,0,,72,0
7800,note_on,1,0,1,,,,,,,,,0,,70,100
7829,note_on,29,0,1,,,,,,,,,0,,70,0
7830,note_on,1,0,1,,,,,,,,,0,,69,100
7859,note_on,29,0,1,,,,,,,,,0,,69,0
7859,note_on,119,0,2,,,,,,,,,1,,58,0
7860,note_on,1,0,1,,,,,,,,,0,,67,100
7860,note_on,1,0,2,,,,,,,,,1,,59,100
7889,note_on,29,0,1,,,,,,,,,0,,67,0
7890,note_on,1,0,1,,,,,,,,,0,,65,100
7919,note_on,59,0,2,,,,,,,,,1,,59,0
7919,note_on,29,0,1,,,,,,,,,0,,65,0
7920,note_on,1,0,1,,,,,,,,,0,,64,100
7920,note_on,1,0,2,,,,,,,,,1,,60,100
7979,note_on,59,0,2,,,,,,,,,1,,60,0
7979,note_on,59,0,1,,,,,,,,,0,,64,0
7980,note_on,1,0,2,,,,,,,,,1,,48,100
7980,note_on,1,0,1,,,,,,,,,0,,60,100
8039,note_on,59,0,2,,,,,,,,,1,,48,0
8039,note_on,59,0,1,,,,,,,,,0,,60,0
8040,note_on,1,0,1,,,,,,,,,0,,65,100
8055,note_on,15,0,1,,,,,,,,,0,,65,0
8055,note_on,0,0,1,,,,,,,,,0,,67,100
8070,note_on,0,0,1,,,,,,,,,0,,69,100
8070,note_on,15,0,1,,,,,,,,,0,,67,0
8085,note_on,0,0,1,,,,,,,,,0,,70,100
8085,note_on,15,0,1,,,,,,,,,0,,69,0
8100,note_on,15,0,1,,,,,,,,,0,,70,0
8100,note_on,61,0,2,,,,,,,,,1,,57,100
8100,note_on,0,0,2,,,,,,,,,1,,53,100
8100,note_on,0,0,1,,,,,,,,,0,,72,100
8125,note_on,25,0,1,,,,,,,,,0,,72,0
8125,note_on,25,0,2,,,,,,,,,1,,53,0
8125,note_on,0,0,2,,,,,,,,,1,,57,0
8160,note_on,35,0,2,,,,,,,,,1,,57,100
8160,note_on,0,0,2,,,,,,,,,1,,53,100
8160,note_on,35,0,1,,,,,,,,,0,,72,100
8185,note_on,25,0,1,,,,,,,,,0,,72,0
8185,note_on,25,0,2,,,,,,,,,1,,53,0
8185,note_on,0,0,2,,,,,,,,,1,,57,0
8220,note_on,35,0,1,,,,,,,,,0,,72,100
8220,note_on,35,0,2,,,,,,,,,1,,57,100
8220,note_on,0,0,2,,,,,,,,,1,,53,100
8245,note_on,25,0,1,,,,,,,,,0,,72,0
8245,note_on,25,0,2,,,,,,,,,1,,53,0
8245,note_on,0,0,2,,,,,,,,,1,,57,0
8280,note_on,35,0,1,,,,,,,,,0,,72,100
8280,note_on,0,0,2,,,,,,,,,1,,53,100
8280,note_on,35,0,2,,,,,,,,,1,,57,100
8305,note_on,25,0,2,,,,,,,,,1,,53,0
8305,note_on,0,0,2,,,,,,,,,1,,57,0
8340,note_on,35,0,2,,,,,,,,,1,,57,100
8340,note_on,0,0,2,,,,,,,,,1,,53,100
8365,note_on,25,0,2,,,,,,,,,1,,53,0
8365,note_on,0,0,2,,,,,,,,,1,,57,0
8399,note_on,119,0,1,,,,,,,,,0,,72,0
8400,note_on,1,0,1,,,,,,,,,0,,73,100
8400,note_on,35,0,2,,,,,,,,,1,,57,100
8400,note_on,0,0,2,,,,,,,,,1,,53,100
8425,note_on,25,0,2,,,,,,,,,1,,53,0
8425,note_on,0,0,2,,,,,,,,,1,,57,0
8459,note_on,59,0,1,,,,,,,,,0,,73,0
8460,note_on,35,0,2,,,,,,,,,1,,58,100
8460,note_on,0,0,2,,,,,,,,,1,,53,100
8460,note_on,1,0,1,,,,,,,,,0,,74,100
8519,note_on,59,0,2,,,,,,,,,1,,53,0
8519,note_on,0,0,2,,,,,,,,,1,,58,0
8519,note_on,59,0,1,,,,,,,,,0,,74,0
8520,note_on,1,0,1,,,,,,,,,0,,82,100
8579,note_on,59,0,1,,,,,,,,,0,,82,0
8580,note_on,1,0,1,,,,,,,,,0,,74,100
8605,note_on,25,0,1,,,,,,,,,0,,74,0
8640,note_on,35,0,1,,,,,,,,,0,,72,100
8640,note_on,121,0,2,,,,,,,,,1,,57,100
8640,note_on,0,0,2,,,,,,,,,1,,53,100
8699,note_on,59,0,1,,,,,,,,,0,,72,0
8699,note_on,0,0,2,,,,,,,,,1,,57,0
8699,note_on,59,0,2,,,,,,,,,1,,53,0
8700,note_on,1,0,1,,,,,,,,,0,,81,100
8759,note_on,59,0,1,,,,,,,,,0,,81,0
8760,note_on,1,0,1,,,,,,,,,0,,72,100
8785,note_on,25,0,1,,,,,,,,,0,,72,0
8820,note_on,35,0,1,,,,,,,,,0,,70,100
8820,note_on,121,0,2,,,,,,,,,1,,52,100
8879,note_on,59,0,1,,,,,,,,,0,,70,0
8879,note_on,59,0,2,,,,,,,,,1,,52,0
8880,note_on,1,0,2,,,,,,,,,1,,48,100
8880,note_on,1,0,1,,,,,,,,,0,,79,100
8909,note_on,29,0,2,,,,,,,,,1,,48,0
8910,note_on,1,0,2,,,,,,,,,1,,50,100
8939,note_on,29,0,2,,,,,,,,,1,,50,0
8939,note_on,59,0,1,,,,,,,,,0,,79,0
8940,note_on,1,0,2,,,,,,,,,1,,52,100
8940,note_on,1,0,1,,,,,,,,,0,,70,100
8965,note_on,25,0,1,,,,,,,,,0,,70,0
8969,note_on,29,0,2,,,,,,,,,1,,52,0
8970,note_on,1,0,2,,,,,,,,,1,,48,100
8999,note_on,29,0,2,,,,,,,,,1,,48,0
9000,note_on,35,0,1,,,,,,,,,0,,69,100
9000,note_on,1,0,2,,,,,,,,,1,,53,100
9059,note_on,59,0,1,,,,,,,,,0,,69,0
9060,note_on,1,0,1,,,,,,,,,0,,77,100
9119,note_on,59,0,1,,,,,,,,,0,,77,0
9119,note_on,119,0,2,,,,,,,,,1,,53,0
9120,note_on,1,0,1,,,,,,,,,0,,72,100
9120,note_on,1,0,2,,,,,,,,,1,,57,100
9145,note_on,25,0,1,,,,,,,,,0,,72,0
9179,note_on,59,0,2,,,,,,,,,1,,57,0
9180,note_on,1,0,2,,,,,,,,,1,,58,100
9180,note_on,35,0,1,,,,,,,,,0,,74,100
9200,note_on,0,0,1,,,,,,,,,0,,72,100
9200,note_on,20,0,1,,,,,,,,,0,,74,0
9220,note_on,0,0,1,,,,,,,,,0,,70,100
9220,note_on,20,0,1,,,,,,,,,0,,72,0
9239,note_on,59,0,2,,,,,,,,,1,,58,0
9240,note_on,20,0,1,,,,,,,,,0,,70,0
9240,note_on,0,0,1,,,,,,,,,0,,69,100
9240,note_on,1,0,2,,,,,,,,,1,,60,100
9299,note_on,59,0,2,,,,,,,,,1,,60,0
9299,note_on,59,0,1,,,,,,,,,0,,69,0
9300,note_on,1,0,1,,,,,,,,,0,,67,100
9300,note_on,1,0,2,,,,,,,,,1,,48,100
9320,note_on,0,0,1,,,,,,,,,0,,69,100
9320,note_on,20,0,1,,,,,,,,,0,,67,0
9340,note_on,20,0,1,,,,,,,,,0,,69,0
9340,note_on,0,0,1,,,,,,,,,0,,67,100
9359,note_on,59,0,2,,,,,,,,,1,,48,0
9360,note_on,0,0,1,,,,,,,,,0,,65,100
9360,note_on,20,0,1,,,,,,,,,0,,67,0
9360,note_on,1,0,2,,,,,,,,,1,,53,100
9419,note_on,59,0,2,,,,,,,,,1,,53,0
9420,note_on,1,0,2,,,,,,,,,1,,41,100
9479,note_on,59,0,2,,,,,,,,,1,,41,0
9479,note_on,119,0,1,,,,,,,,,0,,65,0
9480,note_on,1,0,1,,,,,,,,,0,,60,100
9495,note_on,0,0,1,,,,,,,,,0,,62,100
9495,note_on,15,0,1,,,,,,,,,0,,60,0
9510,note_on,0,0,1,,,,,,,,,0,,64,100
9510,note_on,15,0,1,,,,,,,,,0,,62,0
9525,note_on,0,0,1,,,,,,,,,0,,65,100
9525,note_on,15,0,1,,,,,,,,,0,,64,0
9540,note_on,0,0,1,,,,,,,,,0,,67,100
9540,note_on,15,0,1,,,,,,,,,0,,65,0
9540,note_on,61,0,2,,,,,,,,,1,,52,100
9540,note_on,0,0,2,,,,,,,,,1,,48,100
9540,set_tempo,2580,1,0,,,,,,600000,,,,,,
9565,note_on,25,0,2,,,,,,,,,1,,48,0
9565,note_on,25,0,1,,,,,,,,,0,,67,0
9565,note_on,0,0,2,,,,,,,,,1,,52,0
9600,note_on,35,0,1,,,,,,,,,0,,67,100
9600,note_on,35,0,2,,,,,,,,,1,,52,100
9600,note_on,0,0,2,,,,,,,,,1,,48,100
9625,note_on,25,0,2,,,,,,,,,1,,48,0
9625,note_on,0,0,2,,,,,,,,,1,,52,0
9625,note_on,25,0,1,,,,,,,,,0,,67,0
9660,note_on,35,0,1,,,,,,,,,0,,67,100
9660,note_on,35,0,2,,,,,,,,,1,,52,100
9660,note_on,0,0,2,,,,,,,,,1,,48,100
9685,note_on,25,0,1,,,,,,,,,0,,67,0
9685,note_on,0,0,2,,,,,,,,,1,,52,0
9685,note_on,25,0,2,,,,,,,,,1,,48,0
9720,note_on,35,0,1,,,,,,,,,0,,67,100
9720,note_on,0,0,2,,,,,,,,,1,,48,100
9720,note_on,35,0,2,,,,,,,,,1,,52,100
9745,note_on,25,0,2,,,,,,,,,1,,48,0
9745,note_on,0,0,2,,,,,,,,,1,,52,0
9780,note_on,35,0,2,,,,,,,,,1,,52,100
9780,note_on,0,0,2,,,,,,,,,1,,48,100
9805,note_on,25,0,2,,,,,,,,,1,,48,0
9805,note_on,0,0,2,,,,,,,,,1,,52,0
9839,note_on,119,0,1,,,,,,,,,0,,67,0
9840,note_on,1,0,1,,,,,,,,,0,,68,100
9840,note_on,0,0,2,,,,,,,,,1,,48,100
9840,note_on,35,0,2,,,,,,,,,1,,52,100
9865,note_on,25,0,2,,,,,,,,,1,,48,0
9865,note_on,0,0,2,,,,,,,,,1,,52,0
9899,note_on,59,0,1,,,,,,,,,0,,68,0
9900,note_on,35,0,2,,,,,,,,,1,,53,100
9900,note_on,1,0,1,,,,,,,,,0,,69,100
9900,note_on,0,0,2,,,,,,,,,1,,48,100
9925,note_on,25,0,2,,,,,,,,,1,,48,0
9925,note_on,0,0,2,,,,,,,,,1,,53,0
9959,note_on,59,0,1,,,,,,,,,0,,69,0
9960,note_on,1,0,1,,,,,,,,,0,,77,100
9960,note_on,35,0,2,,,,,,,,,1,,53,100
9960,note_on,0,0,2,,,,,,,,,1,,48,100
9985,note_on,0,0,2,,,,,,,,,1,,53,0
9985,note_on,25,0,2,,,,,,,,,1,,48,0
10019,note_on,59,0,1,,,,,,,,,0,,77,0
10020,note_on,1,0,1,,,,,,,,,0,,69,100
10020,note_on,35,0,2,,,,,,,,,1,,53,100
10020,note_on,0,0,2,,,,,,,,,1,,48,100
10045,note_on,25,0,2,,,,,,,,,1,,48,0
10045,note_on,0,0,2,,,,,,,,,1,,53,0
10045,note_on,25,0,1,,,,,,,,,0,,69,0
10080,note_on,0,0,2,,,,,,,,,1,,48,100
10080,note_on,35,0,2,,,,,,,,,1,,52,100
10080,note_on,35,0,1,,,,,,,,,0,,67,100
10105,note_on,25,0,2,,,,,,,,,1,,48,0
10105,note_on,0,0,2,,,,,,,,,1,,52,0
10139,note_on,59,0,1,,,,,,,,,0,,67,0
10140,note_on,35,0,2,,,,,,,,,1,,52,100
10140,note_on,0,0,2,,,,,,,,,1,,48,100
10140,note_on,1,0,1,,,,,,,,,0,,76,100
10165,note_on,25,0,2,,,,,,,,,1,,48,0
10165,note_on,0,0,2,,,,,,,,,1,,52,0
10199,note_on,59,0,1,,,,,,,,,0,,76,0
10200,note_on,1,0,1,,,,,,,,,0,,72,100
10200,note_on,35,0,2,,,,,,,,,1,,52,100
10200,note_on,0,0,2,,,,,,,,,1,,48,100
10225,note_on,0,0,2,,,,,,,,,1,,52,0
10225,note_on,25,0,2,,,,,,,,,1,,48,0
10225,note_on,25,0,1,,,,,,,,,0,,72,0
10260,note_on,35,0,2,,,,,,,,,1,,53,100
10260,note_on,35,0,1,,,,,,,,,0,,69,100
10280,note_on,0,0,1,,,,,,,,,0,,67,100
10280,note_on,20,0,1,,,,,,,,,0,,69,0
10300,note_on,0,0,1,,,,,,,,,0,,65,100
10300,note_on,20,0,1,,,,,,,,,0,,67,0
10319,note_on,59,0,2,,,,,,,,,1,,53,0
10320,note_on,20,0,1,,,,,,,,,0,,65,0
10320,note_on,0,0,1,,,,,,,,,0,,64,100
10320,note_on,1,0,2,,,,,,,,,1,,55,100
10379,note_on,59,0,1,,,,,,,,,0,,64,0
10379,note_on,59,0,2,,,,,,,,,1,,55,0
10380,note_on,1,0,1,,,,,,,,,0,,62,100
10380,note_on,1,0,2,,,,,,,,,1,,43,100
10400,note_on,20,0,1,,,,,,,,,0,,62,0
10400,note_on,0,0,1,,,,,,,,,0,,64,100
10420,note_on,20,0,1,,,,,,,,,0,,64,0
10420,note_on,0,0,1,,,,,,,,,0,,62,100
10439,note_on,59,0,2,,,,,,,,,1,,43,0
10440,note_on,20,0,1,,,,,,,,,0,,62,0
10440,note_on,1,0,2,,,,,,,,,1,,48,100
10440,note_on,0,0,1,,,,,,,,,0,,60,100
10499,note_on,59,0,2,,,,,,,,,1,,48,0
10500,note_on,1,0,2,,,,,,,,,1,,36,100
10559,note_on,59,0,2,,,,,,,,,1,,36,0
10559,note_on,119,0,1,,,,,,,,,0,,60,0
10560,note_on,1,0,1,,,,,,,,,0,,65,100
10575,note_on,15,0,1,,,,,,,,,0,,65,0
10575,note_on,0,0,1,,,,,,,,,0,,67,100
10590,note_on,15,0,1,,,,,,,,,0,,67,0
10590,note_on,0,0,1,,,,,,,,,0,,69,100
10605,note_on,15,0,1,,,,,,,,,0,,69,0
10605,note_on,0,0,1,,,,,,,,,0,,70,100
10620,note_on,15,0,1,,,,,,,,,0,,70,0
10620,note_on,61,0,2,,,,,,,,,1,,54,100
10620,note_on,0,0,1,,,,,,,,,0,,72,100
10620,note_on,0,0,1,,,,,,,,,0,,69,100
10645,note_on,0,0,1,,,,,,,,,0,,72,0
10645,note_on,25,0,1,,,,,,,,,0,,69,0
10680,note_on,35,0,1,,,,,,,,,0,,72,100
10680,note_on,0,0,1,,,,,,,,,0,,69,100
10705,note_on,25,0,1,,,,,,,,,0,,69,0
10705,note_on,0,0,1,,,,,,,,,0,,72,0
10740,note_on,0,0,1,,,,,,,,,0,,70,100
10740,note_on,35,0,1,,,,,,,,,0,,74,100
10769,note_on,0,0,1,,,,,,,,,0,,74,0
10769,note_on,29,0,1,,,,,,,,,0,,70,0
10770,note_on,1,0,1,,,,,,,,,0,,72,100
10770,note_on,0,0,1,,,,,,,,,0,,69,100
10799,note_on,179,0,2,,,,,,,,,1,,54,0
10799,note_on,0,0,1,,,,,,,,,0,,72,0
10799,note_on,29,0,1,,,,,,,,,0,,69,0
10800,note_on,0,0,1,,,,,,,,,0,,69,100
10800,note_on,1,0,1,,,,,,,,,0,,72,100
10800,note_on,1,0,2,,,,,,,,,1,,55,100
10859,note_on,59,0,2,,,,,,,,,1,,55,0
10859,note_on,59,0,1,,,,,,,,,0,,69,0
10859,note_on,0,0,1,,,,,,,,,0,,72,0
10860,note_on,1,0,1,,,,,,,,,0,,70,100
10860,note_on,1,0,2,,,,,,,,,1,,43,100
10860,note_on,0,0,1,,,,,,,,,0,,67,100
10919,note_on,59,0,2,,,,,,,,,1,,43,0
10919,note_on,59,0,1,,,,,,,,,0,,67,0
10919,note_on,0,0,1,,,,,,,,,0,,70,0
10920,note_on,1,0,1,,,,,,,,,0,,64,100
10935,note_on,0,0,1,,,,,,,,,0,,65,100
10935,note_on,15,0,1,,,,,,,,,0,,64,0
10950,note_on,15,0,1,,,,,,,,,0,,65,0
10950,note_on,0,0,1,,,,,,,,,0,,67,100
10965,note_on,15,0,1,,,,,,,,,0,,67,0
10965,note_on,0,0,1,,,,,,,,,0,,69,100
10980,note_on,0,0,1,,,,,,,,,0,,67,100
10980,note_on,15,0,1,,,,,,,,,0,,69,0
10980,note_on,0,0,1,,,,,,,,,0,,70,100
10980,note_on,61,0,2,,,,,,,,,1,,52,100
11005,note_on,25,0,1,,,,,,,,,0,,67,0
11005,note_on,0,0,1,,,,,,,,,0,,70,0
11040,note_on,35,0,1,,,,,,,,,0,,70,100
11040,note_on,0,0,1,,,,,,,,,0,,67,100
11065,note_on,25,0,1,,,,,,,,,0,,67,0
11065,note_on,0,0,1,,,,,,,,,0,,70,0
11100,note_on,0,0,1,,,,,,,,,0,,69,100
11100,note_on,35,0,1,,,,,,,,,0,,72,100
11129,note_on,0,0,1,,,,,,,,,0,,72,0
11129,note_on,29,0,1,,,,,,,,,0,,69,0
11130,note_on,1,0,1,,,,,,,,,0,,70,100
11130,note_on,0,0,1,,,,,,,,,0,,67,100
11159,note_on,29,0,1,,,,,,,,,0,,67,0
11159,note_on,0,0,1,,,,,,,,,0,,70,0
11159,note_on,179,0,2,,,,,,,,,1,,52,0
11160,note_on,1,0,2,,,,,,,,,1,,53,100
11160,note_on,1,0,1,,,,,,,,,0,,70,100
11160,note_on,0,0,1,,,,,,,,,0,,67,100
11219,note_on,59,0,1,,,,,,,,,0,,67,0
11219,note_on,0,0,1,,,,,,,,,0,,70,0
11219,note_on,59,0,2,,,,,,,,,1,,53,0
11220,note_on,1,0,1,,,,,,,,,0,,69,100
11220,note_on,0,0,1,,,,,,,,,0,,65,100
11220,note_on,1,0,2,,,,,,,,,1,,41,100
11279,note_on,59,0,2,,,,,,,,,1,,41,0
11279,note_on,0,0,1,,,,,,,,,0,,69,0
11279,note_on,59,0,1,,,,,,,,,0,,65,0
11280,set_tempo,1740,1,0,,,,,,600000,,,,,,
11280,note_on,1,0,1,,,,,,,,,0,,65,100
11295,note_on,15,0,1,,,,,,,,,0,,65,0
11295,note_on,0,0,1,,,,,,,,,0,,67,100
11310,note_on,0,0,1,,,,,,,,,0,,69,100
11310,note_on,15,0,1,,,,,,,,,0,,67,0
11325,note_on,0,0,1,,,,,,,,,0,,70,100
11325,note_on,15,0,1,,,,,,,,,0,,69,0
11340,note_on,0,0,1,,,,,,,,,0,,72,100
11340,note_on,15,0,1,,,,,,,,,0,,70,0
11340,note_on,61,0,2,,,,,,,,,1,,57,100
11340,note_on,0,0,2,,,,,,,,,1,,53,100
11365,note_on,0,0,2,,,,,,,,,1,,57,0
11365,note_on,25,0,1,,,,,,,,,0,,72,0
11365,note_on,25,0,2,,,,,,,,,1,,53,0
11400,note_on,35,0,1,,,,,,,,,0,,72,100
11400,note_on,0,0,2,,,,,,,,,1,,53,100
11400,note_on,35,0,2,,,,,,,,,1,,57,100
11425,note_on,25,0,1,,,,,,,,,0,,72,0
11425,note_on,25,0,2,,,,,,,,,1,,53,0
11425,note_on,0,0,2,,,,,,,,,1,,57,0
11460,note_on,35,0,2,,,,,,,,,1,,57,100
11460,note_on,0,0,2,,,,,,,,,1,,53,100
11460,note_on,35,0,1,,,,,,,,,0,,72,100
11485,note_on,25,0,2,,,,,,,,,1,,53,0
11485,note_on,0,0,2,,,,,,,,,1,,57,0
11485,note_on,25,0,1,,,,,,,,,0,,72,0
11520,note_on,0,0,2,,,,,,,,,1,,53,100
11520,note_on,35,0,1,,,,,,,,,0,,72,100
11520,note_on,35,0,2,,,,,,,,,1,,57,100
11545,note_on,25,0,2,,,,,,,,,1,,53,0
11545,note_on,0,0,2,,,,,,,,,1,,57,0
11580,note_on,35,0,2,,,,,,,,,1,,57,100
11580,note_on,0,0,2,,,,,,,,,1,,53,100
11605,note_on,0,0,2,,,,,,,,,1,,57,0
11605,note_on,25,0,2,,,,,,,,,1,,53,0
11639,note_on,119,0,1,,,,,,,,,0,,72,0
11640,note_on,35,0,2,,,,,,,,,1,,57,100
11640,note_on,1,0,1,,,,,,,,,0,,73,100
11640,note_on,0,0,2,,,,,,,,,1,,53,100
11665,note_on,25,0,2,,,,,,,,,1,,53,0
11665,note_on,0,0,2,,,,,,,,,1,,57,0
11699,note_on,59,0,1,,,,,,,,,0,,73,0
11700,note_on,35,0,2,,,,,,,,,1,,58,100
11700,note_on,0,0,2,,,,,,,,,1,,53,100
11700,note_on,1,0,1,,,,,,,,,0,,74,100
11759,note_on,59,0,1,,,,,,,,,0,,74,0
11760,note_on,1,0,1,,,,,,,,,0,,82,100
11819,note_on,59,0,1,,,,,,,,,0,,82,0
11820,note_on,1,0,1,,,,,,,,,0,,74,100
11845,note_on,25,0,1,,,,,,,,,0,,74,0
11879,note_on,179,0,2,,,,,,,,,1,,53,0
11879,note_on,0,0,2,,,,,,,,,1,,58,0
11880,note_on,35,0,1,,,,,,,,,0,,72,100
11880,note_on,1,0,2,,,,,,,,,1,,57,100
11880,note_on,0,0,2,,,,,,,,,1,,53,100
11939,note_on,59,0,1,,,,,,,,,0,,72,0
11940,note_on,1,0,1,,,,,,,,,0,,81,100
11999,note_on,59,0,1,,,,,,,,,0,,81,0
12000,note_on,1,0,1,,,,,,,,,0,,72,100
12025,note_on,25,0,1,,,,,,,,,0,,72,0
12059,note_on,179,0,2,,,,,,,,,1,,53,0
12059,note_on,0,0,2,,,,,,,,,1,,57,0
12060,note_on,35,0,1,,,,,,,,,0,,74,100
12060,note_on,1,0,2,,,,,,,,,1,,58,100
12089,note_on,29,0,1,,,,,,,,,0,,74,0
12090,note_on,1,0,1,,,,,,,,,0,,72,100
12119,note_on,29,0,1,,,,,,,,,0,,72,0
12120,note_on,1,0,1,,,,,,,,,0,,70,100
12149,note_on,29,0,1,,,,,,,,,0,,70,0
12150,note_on,1,0,1,,,,,,,,,0,,69,100
12179,note_on,29,0,1,,,,,,,,,0,,69,0
12179,note_on,119,0,2,,,,,,,,,1,,58,0
12180,note_on,1,0,2,,,,,,,,,1,,59,100
12180,note_on,1,0,1,,,,,,,,,0,,67,100
12209,note_on,29,0,1,,,,,,,,,0,,67,0
12210,note_on,1,0,1,,,,,,,,,0,,65,100
12239,note_on,29,0,1,,,,,,,,,0,,65,0
12239,note_on,59,0,2,,,,,,,,,1,,59,0
12240,note_on,1,0,2,,,,,,,,,1,,60,100
12240,note_on,1,0,1,,,,,,,,,0,,64,100
12299,note_on,59,0,1,,,,,,,,,0,,64,0
12299,note_on,59,0,2,,,,,,,,,1,,60,0
12300,note_on,1,0,1,,,,,,,,,0,,60,100
12300,note_on,1,0,2,,,,,,,,,1,,48,100
12359,note_on,59,0,1,,,,,,,,,0,,60,0
12359,note_on,59,0,2,,,,,,,,,1,,48,0
12360,note_on,1,0,1,,,,,,,,,0,,65,100
12375,note_on,0,0,1,,,,,,,,,0,,67,100
12375,note_on,15,0,1,,,,,,,,,0,,65,0
12390,note_on,15,0,1,,,,,,,,,0,,67,0
12390,note_on,0,0,1,,,,,,,,,0,,69,100
12405,note_on,0,0,1,,,,,,,,,0,,70,100
12405,note_on,15,0,1,,,,,,,,,0,,69,0
12420,note_on,0,0,2,,,,,,,,,1,,53,100
12420,note_on,61,0,2,,,,,,,,,1,,57,100
12420,note_on,15,0,1,,,,,,,,,0,,70,0
12420,note_on,0,0,1,,,,,,,,,0,,72,100
12445,note_on,25,0,1,,,,,,,,,0,,72,0
12445,note_on,0,0,2,,,,,,,,,1,,57,0
12445,note_on,25,0,2,,,,,,,,,1,,53,0
12480,note_on,35,0,1,,,,,,,,,0,,72,100
12480,note_on,0,0,2,,,,,,,,,1,,53,100
12480,note_on,35,0,2,,,,,,,,,1,,57,100
12505,note_on,0,0,2,,,,,,,,,1,,57,0
12505,note_on,25,0,1,,,,,,,,,0,,72,0
12505,note_on,25,0,2,,,,,,,,,1,,53,0
12540,note_on,35,0,2,,,,,,,,,1,,57,100
12540,note_on,35,0,1,,,,,,,,,0,,72,100
12540,note_on,0,0,2,,,,,,,,,1,,53,100
12565,note_on,25,0,2,,,,,,,,,1,,53,0
12565,note_on,0,0,2,,,,,,,,,1,,57,0
12565,note_on,25,0,1,,,,,,,,,0,,72,0
12600,note_on,0,0,2,,,,,,,,,1,,53,100
12600,note_on,35,0,2,,,,,,,,,1,,57,100
12600,note_on,35,0,1,,,,,,,,,0,,72,100
12625,note_on,0,0,2,,,,,,,,,1,,57,0
12625,note_on,25,0,2,,,,,,,,,1,,53,0
12660,note_on,35,0,2,,,,,,,,,1,,57,100
12660,note_on,0,0,2,,,,,,,,,1,,53,100
12685,note_on,0,0,2,,,,,,,,,1,,57,0
12685,note_on,25,0,2,,,,,,,,,1,,53,0
12719,note_on,119,0,1,,,,,,,,,0,,72,0
12720,note_on,1,0,1,,,,,,,,,0,,73,100
12720,note_on,0,0,2,,,,,,,,,1,,53,100
12720,note_on,35,0,2,,,,,,,,,1,,57,100
12745,note_on,25,0,2,,,,,,,,,1,,53,0
12745,note_on,0,0,2,,,,,,,,,1,,57,0
12779,note_on,59,0,1,,,,,,,,,0,,73,0
12780,note_on,1,0,1,,,,,,,,,0,,74,100
12780,note_on,35,0,2,,,,,,,,,1,,58,100
12780,note_on,0,0,2,,,,,,,,,1,,53,100
12839,note_on,59,0,2,,,,,,,,,1,,53,0
12839,note_on,0,0,2,,,,,,,,,1,,58,0
12839,note_on,59,0,1,,,,,,,,,0,,74,0
12840,note_on,1,0,1,,,,,,,,,0,,82,100
12899,note_on,59,0,1,,,,,,,,,0,,82,0
12900,note_on,1,0,1,,,,,,,,,0,,74,100
12925,note_on,25,0,1,,,,,,,,,0,,74,0
12960,note_on,121,0,2,,,,,,,,,1,,57,100
12960,note_on,0,0,2,,,,,,,,,1,,53,100
12960,note_on,35,0,1,,,,,,,,,0,,72,100
13019,note_on,59,0,2,,,,,,,,,1,,53,0
13019,note_on,0,0,2,,,,,,,,,1,,57,0
13019,note_on,59,0,1,,,,,,,,,0,,72,0
13020,note_on,1,0,1,,,,,,,,,0,,81,100
13079,note_on,59,0,1,,,,,,,,,0,,81,0
13080,note_on,1,0,1,,,,,,,,,0,,72,100
13105,note_on,25,0,1,,,,,,,,,0,,72,0
13140,note_on,35,0,1,,,,,,,,,0,,70,100
13140,note_on,121,0,2,,,,,,,,,1,,52,100
13199,note_on,59,0,2,,,,,,,,,1,,52,0
13199,note_on,59,0,1,,,,,,,,,0,,70,0
13200,note_on,1,0,2,,,,,,,,,1,,48,100
13200,note_on,1,0,1,,,,,,,,,0,,79,100
13229,note_on,29,0,2,,,,,,,,,1,,48,0
13230,note_on,1,0,2,,,,,,,,,1,,50,100
13259,note_on,29,0,2,,,,,,,,,1,,50,0
13259,note_on,59,0,1,,,,,,,,,0,,79,0
13260,note_on,1,0,2,,,,,,,,,1,,52,100
13260,note_on,1,0,1,,,,,,,,,0,,70,100
13285,note_on,25,0,1,,,,,,,,,0,,70,0
13289,note_on,29,0,2,,,,,,,,,1,,52,0
13290,note_on,1,0,2,,,,,,,,,1,,48,100
13319,note_on,29,0,2,,,,,,,,,1,,48,0
13320,note_on,35,0,1,,,,,,,,,0,,69,100
13320,note_on,1,0,2,,,,,,,,,1,,53,100
13379,note_on,59,0,1,,,,,,,,,0,,69,0
13380,note_on,1,0,1,,,,,,,,,0,,77,100
13439,note_on,119,0,2,,,,,,,,,1,,53,0
13439,note_on,59,0,1,,,,,,,,,0,,77,0
13440,note_on,1,0,2,,,,,,,,,1,,57,100
13440,note_on,1,0,1,,,,,,,,,0,,72,100
13465,note_on,25,0,1,,,,,,,,,0,,72,0
13499,note_on,59,0,2,,,,,,,,,1,,57,0
13500,note_on,1,0,2,,,,,,,,,1,,58,100
13500,note_on,35,0,1,,,,,,,,,0,,74,100
13500,set_tempo,2220,1,0,,,,,,600000,,,,,,
13504,set_tempo,4,1,0,,,,,,606061,,,,,,
13509,set_tempo,5,1,0,,,,,,612245,,,,,,
13513,set_tempo,4,1,0,,,,,,618557,,,,,,
13518,set_tempo,5,1,0,,,,,,625000,,,,,,
13520,note_on,0,0,1,,,,,,,,,0,,72,100
13520,note_on,20,0,1,,,,,,,,,0,,74,0
13522,set_tempo,4,1,0,,,,,,631579,,,,,,
13527,set_tempo,5,1,0,,,,,,638298,,,,,,
13531,set_tempo,4,1,0,,,,,,645161,,,,,,
13536,set_tempo,5,1,0,,,,,,652174,,,,,,
13540,set_tempo,4,1,0,,,,,,659341,,,,,,
13540,note_on,20,0,1,,,,,,,,,0,,72,0
13540,note_on,0,0,1,,,,,,,,,0,,70,100
13545,set_tempo,5,1,0,,,,,,666667,,,,,,
13549,set_tempo,4,1,0,,,,,,674157,,,,,,
13554,set_tempo,5,1,0,,,,,,681818,,,,,,
13558,set_tempo,4,1,0,,,,,,689655,,,,,,
13559,note_on,59,0,2,,,,,,,,,1,,58,0
13560,note_on,1,0,2,,,,,,,,,1,,60,100
13560,note_on,0,0,1,,,,,,,,,0,,69,100
13560,note_on,20,0,1,,,,,,,,,0,,70,0
13563,set_tempo,5,1,0,,,,,,697674,,,,,,
13567,set_tempo,4,1,0,,,,,,705882,,,,,,
13572,set_tempo,5,1,0,,,,,,714286,,,,,,
13576,set_tempo,4,1,0,,,,,,722892,,,,,,
13581,set_tempo,5,1,0,,,,,,731707,,,,,,
13585,set_tempo,4,1,0,,,,,,740741,,,,,,
13590,set_tempo,5,1,0,,,,,,750000,,,,,,
13594,set_tempo,4,1,0,,,,,,759494,,,,,,
13599,set_tempo,5,1,0,,,,,,769231,,,,,,
13603,set_tempo,4,1,0,,,,,,779221,,,,,,
13608,set_tempo,5,1,0,,,,,,789474,,,,,,
13612,set_tempo,4,1,0,,,,,,800000,,,,,,
13617,set_tempo,5,1,0,,,,,,810811,,,,,,
13619,note_on,59,0,1,,,,,,,,,0,,69,0
13619,note_on,59,0,2,,,,,,,,,1,,60,0
13620,note_on,1,0,1,,,,,,,,,0,,67,100
13620,note_on,1,0,2,,,,,,,,,1,,48,100
13621,set_tempo,4,1,0,,,,,,821918,,,,,,
13626,set_tempo,5,1,0,,,,,,833333,,,,,,
13630,set_tempo,4,1,0,,,,,,845070,,,,,,
13635,note_on,15,0,1,,,,,,,,,0,,67,0
13635,note_on,0,0,1,,,,,,,,,0,,69,100
13635,set_tempo,5,1,0,,,,,,857143,,,,,,
13639,set_tempo,4,1,0,,,,,,869565,,,,,,
13644,set_tempo,5,1,0,,,,,,882353,,,,,,
13648,set_tempo,4,1,0,,,,,,895522,,,,,,
13650,note_on,0,0,1,,,,,,,,,0,,67,100
13650,note_on,15,0,1,,,,,,,,,0,,69,0
13653,set_tempo,5,1,0,,,,,,909091,,,,,,
13657,set_tempo,4,1,0,,,,,,923077,,,,,,
13662,set_tempo,5,1,0,,,,,,937500,,,,,,
13666,set_tempo,4,1,0,,,,,,952381,,,,,,
13671,set_tempo,5,1,0,,,,,,967742,,,,,,
13675,set_tempo,4,1,0,,,,,,983607,,,,,,
13679,note_on,29,0,1,,,,,,,,,0,,67,0
13679,note_on,59,0,2,,,,,,,,,1,,48,0
13680,end_of_track,0,1,0,,,,,,,,,,,,
13680,note_on,1,0,2,,,,,,,,,1,,53,100
13680,set_tempo,5,1,0,,,,,,1000000,,,,,,
13680,note_on,1,0,1,,,,,,,,,0,,65,100
13739,note_on,59,0,2,,,,,,,,,1,,53,0
13740,note_on,1,0,2,,,,,,,,,1,,41,100
13799,note_on,119,0,1,,,,,,,,,0,,65,0
13799,end_of_track,0,1,1,,,,,,,,,,,,
13799,end_of_track,0,1,2,,,,,,,,,,,,
13799,note_on,59,0,2,,,,,,,,,1,,41,0
