tick,type,numerator,denominator,clocks_per_click,notated_32nd_notes_per_beat,time,meta,track,data,tempo,control,value,channel,program,key,note,velocity
0,time_signature,4,4,96,8,0,1,0,,,,,,,,,
0,track_name,,,,,0,1,5,,,,,,,,,
0,control_change,,,,,0,0,5,,,0,0,4,,,,
0,control_change,,,,,0,0,5,,,10,84,4,,,,
0,control_change,,,,,0,0,5,,,7,127,4,,,,
0,program_change,,,,,0,0,5,,,,,4,19,,,
0,key_signature,,,,,0,1,5,,,,,,,Bb,,
0,note_on,,,,,0,0,4,,,,,3,,,55,82
0,note_on,,,,,0,0,5,,,,,4,,,62,65
0,track_name,,,,,0,1,6,,,,,,,,,
0,control_change,,,,,0,0,6,,,0,0,5,,,,
0,control_change,,,,,0,0,6,,,10,39,5,,,,
0,control_change,,,,,0,0,6,,,7,127,5,,,,
0,program_change,,,,,0,0,6,,,,,5,19,,,
0,key_signature,,,,,0,1,6,,,,,,,Bb,,
0,note_on,,,,,0,0,5,,,,,4,,,67,65
0,key_signature,,,,,0,1,4,,,,,,,Bb,,
0,program_change,,,,,0,0,4,,,,,3,70,,,
0,control_change,,,,,0,0,4,,,7,127,3,,,,
0,control_change,,,,,0,0,2,,,10,24,1,,,,
0,control_change,,,,,0,0,2,,,7,127,1,,,,
0,program_change,,,,,0,0,2,,,,,1,71,,,
0,key_signature,,,,,0,1,2,,,,,,,Bb,,
0,note_on,,,,,0,0,2,,,,,1,,,62,82
0,track_name,,,,,0,1,3,,,,,,,,,
0,control_change,,,,,0,0,3,,,0,0,2,,,,
0,control_change,,,,,0,0,3,,,10,105,2,,,,
0,control_change,,,,,0,0,3,,,7,127,2,,,,
0,program_change,,,,,0,0,3,,,,,2,58,,,
0,key_signature,,,,,0,1,3,,,,,,,Bb,,
0,note_on,,,,,0,0,3,,,,,2,,,58,82
0,track_name,,,,,0,1,4,,,,,,,,,
0,control_change,,,,,0,0,4,,,0,0,3,,,,
0,control_change,,,,,0,0,4,,,10,127,3,,,,
0,note_on,,,,,0,0,6,,,,,5,,,55,65
0,note_on,,,,,0,0,6,,,,,5,,,58,65
0,key_signature,,,,,0,1,16,,,,,,,C,,
0,track_name,,,,,0,1,7,,,,,,,,,
0,key_signature,,,,,0,1,10,,,,,,,C,,
0,end_of_track,,,,,0,1,10,,,,,,,,,
0,track_name,,,,,0,1,11,,,,,,,,,
0,key_signature,,,,,0,1,11,,,,,,,C,,
0,end_of_track,,,,,0,1,11,,,,,,,,,
0,track_name,,,,,0,1,12,,,,,,,,,
0,key_signature,,,,,0,1,12,,,,,,,C,,
0,end_of_track,,,,,0,1,12,,,,,,,,,
0,track_name,,,,,0,1,13,,,,,,,,,
0,key_signature,,,,,0,1,13,,,,,,,C,,
0,end_of_track,,,,,0,1,13,,,,,,,,,
0,key_signature,,,,,0,1,14,,,,,,,C,,
0,end_of_track,,,,,0,1,14,,,,,,,,,
0,key_signature,,,,,0,1,15,,,,,,,C,,
0,end_of_track,,,,,0,1,15,,,,,,,,,
0,track_name,,,,,0,1,10,,,,,,,,,
0,control_change,,,,,0,0,2,,,0,0,1,,,,
0,end_of_track,,,,,0,1,9,,,,,,,,,
0,track_name,,,,,0,1,9,,,,,,,,,
0,control_change,,,,,0,0,7,,,0,0,6,,,,
0,control_change,,,,,0,0,7,,,10,39,6,,,,
0,control_change,,,,,0,0,7,,,7,127,6,,,,
0,program_change,,,,,0,0,7,,,,,6,48,,,
0,key_signature,,,,,0,1,7,,,,,,,Bb,,
0,note_on,,,,,0,0,7,,,,,6,,,62,83
0,note_on,,,,,0,0,7,,,,,6,,,67,83
0,track_name,,,,,0,1,8,,,,,,,,,
0,control_change,,,,,0,0,8,,,0,0,7,,,,
0,control_change,,,,,0,0,8,,,10,84,7,,,,
0,control_change,,,,,0,0,8,,,7,127,7,,,,
0,program_change,,,,,0,0,8,,,,,7,48,,,
0,key_signature,,,,,0,1,8,,,,,,,Bb,,
0,note_on,,,,,0,0,8,,,,,7,,,55,83
0,note_on,,,,,0,0,8,,,,,7,,,58,83
0,key_signature,,,,,0,1,9,,,,,,,C,,
0,track_name,,,,,0,1,2,,,,,,,,,
0,end_of_track,,,,,0,1,16,,,,,,,,,
0,sequencer_specific,,,,,0,1,0,"(0, 0, 65)",,,,,,,,
0,set_tempo,,,,,0,1,0,,1000000,,,,,,,
0,track_name,,,,,0,1,1,,,,,,,,,
0,control_change,,,,,0,0,1,,,0,0,0,,,,
0,control_change,,,,,0,0,1,,,10,0,0,,,,
0,control_change,,,,,0,0,1,,,7,127,0,,,,
0,program_change,,,,,0,0,1,,,,,0,68,,,
0,key_signature,,,,,0,1,1,,,,,,,Bb,,
0,note_on,,,,,0,0,1,,,,,0,,,67,84
380,note_off,,,,,380,0,6,,,,,5,,,55,0
380,note_off,,,,,0,0,8,,,,,7,,,58,0
380,note_off,,,,,380,0,8,,,,,7,,,55,0
380,note_off,,,,,0,0,7,,,,,6,,,67,0
380,note_off,,,,,380,0,7,,,,,6,,,62,0
380,note_off,,,,,380,0,4,,,,,3,,,55,0
380,note_off,,,,,380,0,3,,,,,2,,,58,0
380,note_off,,,,,380,0,2,,,,,1,,,62,0
380,note_off,,,,,0,0,5,,,,,4,,,67,0
380,note_off,,,,,380,0,5,,,,,4,,,62,0
380,note_off,,,,,380,0,1,,,,,0,,,67,0
380,note_off,,,,,0,0,6,,,,,5,,,58,0
384,note_on,,,,,0,0,6,,,,,5,,,60,65
384,note_on,,,,,4,0,3,,,,,2,,,60,82
384,note_on,,,,,4,0,2,,,,,1,,,63,82
384,note_on,,,,,0,0,5,,,,,4,,,67,65
384,note_on,,,,,4,0,5,,,,,4,,,63,65
384,note_on,,,,,4,0,7,,,,,6,,,63,83
384,note_on,,,,,0,0,7,,,,,6,,,67,83
384,note_on,,,,,4,0,8,,,,,7,,,48,83
384,note_on,,,,,0,0,8,,,,,7,,,60,83
384,note_on,,,,,4,0,6,,,,,5,,,48,65
384,note_on,,,,,4,0,4,,,,,3,,,48,82
384,note_on,,,,,4,0,1,,,,,0,,,67,84
572,note_off,,,,,188,0,4,,,,,3,,,48,0
572,note_off,,,,,188,0,6,,,,,5,,,48,0
572,note_off,,,,,188,0,8,,,,,7,,,48,0
576,note_on,,,,,4,0,4,,,,,3,,,50,82
576,note_on,,,,,4,0,8,,,,,7,,,50,83
576,note_on,,,,,4,0,6,,,,,5,,,50,65
764,note_off,,,,,0,0,5,,,,,4,,,67,0
764,note_off,,,,,380,0,5,,,,,4,,,63,0
764,note_off,,,,,0,0,7,,,,,6,,,67,0
764,note_off,,,,,380,0,7,,,,,6,,,63,0
764,note_off,,,,,0,0,6,,,,,5,,,50,0
764,note_off,,,,,188,0,8,,,,,7,,,60,0
764,note_off,,,,,380,0,3,,,,,2,,,60,0
764,note_off,,,,,380,0,1,,,,,0,,,67,0
764,note_off,,,,,380,0,2,,,,,1,,,63,0
764,note_off,,,,,188,0,4,,,,,3,,,50,0
764,note_off,,,,,0,0,8,,,,,7,,,50,0
764,note_off,,,,,188,0,6,,,,,5,,,60,0
768,note_on,,,,,4,0,8,,,,,7,,,51,83
768,note_on,,,,,4,0,1,,,,,0,,,67,84
768,note_on,,,,,0,0,8,,,,,7,,,55,83
768,note_on,,,,,4,0,5,,,,,4,,,58,65
768,note_on,,,,,0,0,5,,,,,4,,,67,65
768,note_on,,,,,4,0,3,,,,,2,,,55,82
768,note_on,,,,,4,0,6,,,,,5,,,51,65
768,note_on,,,,,4,0,2,,,,,1,,,58,82
768,note_on,,,,,0,0,7,,,,,6,,,67,83
768,note_on,,,,,4,0,7,,,,,6,,,58,83
768,note_on,,,,,0,0,6,,,,,5,,,55,65
768,note_on,,,,,4,0,4,,,,,3,,,51,82
956,note_off,,,,,188,0,2,,,,,1,,,58,0
956,note_off,,,,,188,0,5,,,,,4,,,58,0
956,note_off,,,,,188,0,7,,,,,6,,,58,0
960,note_on,,,,,4,0,2,,,,,1,,,60,82
960,note_on,,,,,4,0,7,,,,,6,,,60,83
960,note_on,,,,,4,0,5,,,,,4,,,60,65
1148,note_off,,,,,380,0,6,,,,,5,,,51,0
1148,note_off,,,,,0,0,6,,,,,5,,,55,0
1148,note_off,,,,,188,0,5,,,,,4,,,67,0
1148,note_off,,,,,380,0,3,,,,,2,,,55,0
1148,note_off,,,,,0,0,7,,,,,6,,,60,0
1148,note_off,,,,,188,0,7,,,,,6,,,67,0
1148,note_off,,,,,0,0,5,,,,,4,,,60,0
1148,note_off,,,,,188,0,2,,,,,1,,,60,0
1148,note_off,,,,,380,0,1,,,,,0,,,67,0
1148,note_off,,,,,380,0,8,,,,,7,,,51,0
1148,note_off,,,,,0,0,8,,,,,7,,,55,0
1148,note_off,,,,,380,0,4,,,,,3,,,51,0
1152,note_on,,,,,4,0,3,,,,,2,,,57,82
1152,note_on,,,,,4,0,7,,,,,6,,,62,83
1152,note_on,,,,,4,0,1,,,,,0,,,66,84
1152,note_on,,,,,4,0,4,,,,,3,,,50,82
1152,note_on,,,,,4,0,2,,,,,1,,,62,82
1152,note_on,,,,,0,0,5,,,,,4,,,66,65
1152,note_on,,,,,0,0,6,,,,,5,,,57,65
1152,note_on,,,,,4,0,6,,,,,5,,,50,65
1152,note_on,,,,,0,0,7,,,,,6,,,66,83
1152,note_on,,,,,0,0,8,,,,,7,,,57,83
1152,note_on,,,,,4,0,8,,,,,7,,,50,83
1152,note_on,,,,,4,0,5,,,,,4,,,62,65
1340,note_off,,,,,188,0,6,,,,,5,,,57,0
1340,note_off,,,,,188,0,3,,,,,2,,,57,0
1340,note_off,,,,,188,0,7,,,,,6,,,66,0
1340,note_off,,,,,188,0,1,,,,,0,,,66,0
1340,note_off,,,,,188,0,5,,,,,4,,,66,0
1340,note_off,,,,,188,0,8,,,,,7,,,57,0
1344,note_on,,,,,4,0,8,,,,,7,,,55,83
1344,note_on,,,,,4,0,1,,,,,0,,,64,84
1344,note_on,,,,,4,0,5,,,,,4,,,64,65
1344,note_on,,,,,4,0,3,,,,,2,,,55,82
1344,note_on,,,,,4,0,7,,,,,6,,,64,83
1344,note_on,,,,,4,0,6,,,,,5,,,55,65
1532,note_off,,,,,188,0,5,,,,,4,,,62,0
1532,note_off,,,,,380,0,4,,,,,3,,,50,0
1532,note_off,,,,,188,0,6,,,,,5,,,50,0
1532,note_off,,,,,0,0,6,,,,,5,,,55,0
1532,note_off,,,,,188,0,8,,,,,7,,,50,0
1532,note_off,,,,,380,0,2,,,,,1,,,62,0
1532,note_off,,,,,188,0,3,,,,,2,,,55,0
1532,note_off,,,,,188,0,7,,,,,6,,,62,0
1532,note_off,,,,,0,0,7,,,,,6,,,64,0
1532,note_off,,,,,188,0,1,,,,,0,,,64,0
1532,note_off,,,,,0,0,8,,,,,7,,,55,0
1532,note_off,,,,,0,0,5,,,,,4,,,64,0
1536,note_on,,,,,0,0,6,,,,,5,,,54,65
1536,note_on,,,,,4,0,3,,,,,2,,,54,82
1536,note_on,,,,,4,0,1,,,,,0,,,62,84
1536,note_on,,,,,4,0,6,,,,,5,,,50,65
1536,note_on,,,,,4,0,2,,,,,1,,,57,82
1536,note_on,,,,,4,0,4,,,,,3,,,50,82
1536,note_on,,,,,4,0,8,,,,,7,,,50,83
1536,note_on,,,,,0,0,7,,,,,6,,,62,83
1536,note_on,,,,,4,0,7,,,,,6,,,57,83
1536,note_on,,,,,0,0,5,,,,,4,,,62,65
1536,note_on,,,,,4,0,5,,,,,4,,,57,65
1536,note_on,,,,,0,0,8,,,,,7,,,54,83
1724,note_off,,,,,188,0,6,,,,,5,,,50,0
1724,note_off,,,,,188,0,4,,,,,3,,,50,0
1724,note_off,,,,,188,0,8,,,,,7,,,50,0
1728,note_on,,,,,4,0,6,,,,,5,,,48,65
1728,note_on,,,,,4,0,8,,,,,7,,,48,83
1728,note_on,,,,,4,0,4,,,,,3,,,48,82
1916,note_off,,,,,0,0,5,,,,,4,,,62,0
1916,note_off,,,,,0,0,6,,,,,5,,,48,0
1916,note_off,,,,,380,0,3,,,,,2,,,54,0
1916,note_off,,,,,380,0,5,,,,,4,,,57,0
1916,note_off,,,,,188,0,4,,,,,3,,,48,0
1916,note_off,,,,,188,0,6,,,,,5,,,54,0
1916,note_off,,,,,0,0,8,,,,,7,,,48,0
1916,note_off,,,,,188,0,8,,,,,7,,,54,0
1916,note_off,,,,,380,0,1,,,,,0,,,62,0
1916,note_off,,,,,380,0,7,,,,,6,,,57,0
1916,note_off,,,,,380,0,2,,,,,1,,,57,0
1916,note_off,,,,,0,0,7,,,,,6,,,62,0
1920,note_on,,,,,4,0,1,,,,,0,,,67,84
1920,note_on,,,,,4,0,4,,,,,3,,,46,82
1920,note_on,,,,,0,0,7,,,,,6,,,67,83
1920,note_on,,,,,4,0,5,,,,,4,,,62,65
1920,note_on,,,,,0,0,5,,,,,4,,,67,65
1920,note_on,,,,,4,0,7,,,,,6,,,62,83
1920,note_on,,,,,4,0,2,,,,,1,,,62,82
1920,note_on,,,,,4,0,8,,,,,7,,,46,83
1920,note_on,,,,,4,0,3,,,,,2,,,55,82
1920,note_on,,,,,0,0,8,,,,,7,,,55,83
1920,note_on,,,,,4,0,6,,,,,5,,,46,65
1920,note_on,,,,,0,0,6,,,,,5,,,55,65
2300,note_off,,,,,0,0,8,,,,,7,,,55,0
2300,note_off,,,,,380,0,4,,,,,3,,,46,0
2300,note_off,,,,,380,0,1,,,,,0,,,67,0
2300,note_off,,,,,0,0,7,,,,,6,,,67,0
2300,note_off,,,,,0,0,6,,,,,5,,,55,0
2300,note_off,,,,,380,0,7,,,,,6,,,62,0
2300,note_off,,,,,380,0,5,,,,,4,,,62,0
2300,note_off,,,,,380,0,2,,,,,1,,,62,0
2300,note_off,,,,,0,0,5,,,,,4,,,67,0
2300,note_off,,,,,380,0,3,,,,,2,,,55,0
2300,note_off,,,,,380,0,8,,,,,7,,,46,0
2300,note_off,,,,,380,0,6,,,,,5,,,46,0
2304,note_on,,,,,4,0,7,,,,,6,,,62,83
2304,note_on,,,,,0,0,7,,,,,6,,,69,83
2304,note_on,,,,,4,0,1,,,,,0,,,69,84
2304,note_on,,,,,4,0,8,,,,,7,,,50,83
2304,note_on,,,,,4,0,5,,,,,4,,,62,65
2304,note_on,,,,,0,0,8,,,,,7,,,54,83
2304,note_on,,,,,4,0,3,,,,,2,,,54,82
2304,note_on,,,,,4,0,2,,,,,1,,,62,82
2304,note_on,,,,,4,0,6,,,,,5,,,50,65
2304,note_on,,,,,4,0,4,,,,,3,,,50,82
2304,note_on,,,,,0,0,6,,,,,5,,,54,65
2304,note_on,,,,,0,0,5,,,,,4,,,69,65
2684,note_off,,,,,380,0,1,,,,,0,,,69,0
2684,note_off,,,,,380,0,4,,,,,3,,,50,0
2684,note_off,,,,,380,0,7,,,,,6,,,62,0
2684,note_off,,,,,0,0,8,,,,,7,,,54,0
2684,note_off,,,,,0,0,7,,,,,6,,,69,0
2684,note_off,,,,,380,0,8,,,,,7,,,50,0
2684,note_off,,,,,380,0,6,,,,,5,,,50,0
2684,note_off,,,,,0,0,6,,,,,5,,,54,0
2684,note_off,,,,,380,0,2,,,,,1,,,62,0
2684,note_off,,,,,380,0,5,,,,,4,,,62,0
2684,note_off,,,,,380,0,3,,,,,2,,,54,0
2684,note_off,,,,,0,0,5,,,,,4,,,69,0
2688,note_on,,,,,4,0,4,,,,,3,,,43,82
2688,note_on,,,,,4,0,7,,,,,6,,,62,83
2688,note_on,,,,,0,0,7,,,,,6,,,70,83
2688,note_on,,,,,4,0,2,,,,,1,,,62,82
2688,note_on,,,,,0,0,5,,,,,4,,,70,65
2688,note_on,,,,,4,0,8,,,,,7,,,43,83
2688,note_on,,,,,4,0,5,,,,,4,,,62,65
2688,note_on,,,,,0,0,8,,,,,7,,,55,83
2688,note_on,,,,,4,0,6,,,,,5,,,43,65
2688,note_on,,,,,4,0,1,,,,,0,,,70,84
2688,note_on,,,,,0,0,6,,,,,5,,,55,65
2688,note_on,,,,,4,0,3,,,,,2,,,55,82
2876,note_off,,,,,188,0,3,,,,,2,,,55,0
2876,note_off,,,,,188,0,6,,,,,5,,,55,0
2876,note_off,,,,,188,0,8,,,,,7,,,55,0
2880,note_on,,,,,4,0,3,,,,,2,,,57,82
2880,note_on,,,,,4,0,8,,,,,7,,,57,83
2880,note_on,,,,,4,0,6,,,,,5,,,57,65
3068,note_off,,,,,188,0,3,,,,,2,,,57,0
3068,note_off,,,,,380,0,2,,,,,1,,,62,0
3068,note_off,,,,,188,0,6,,,,,5,,,43,0
3068,note_off,,,,,0,0,6,,,,,5,,,57,0
3068,note_off,,,,,380,0,4,,,,,3,,,43,0
3068,note_off,,,,,188,0,8,,,,,7,,,43,0
3068,note_off,,,,,380,0,5,,,,,4,,,62,0
3068,note_off,,,,,0,0,8,,,,,7,,,57,0
3068,note_off,,,,,0,0,5,,,,,4,,,70,0
3068,note_off,,,,,380,0,7,,,,,6,,,62,0
3068,note_off,,,,,380,0,1,,,,,0,,,70,0
3068,note_off,,,,,0,0,7,,,,,6,,,70,0
3072,note_on,,,,,4,0,2,,,,,1,,,62,82
3072,note_on,,,,,4,0,5,,,,,4,,,62,65
3072,note_on,,,,,0,0,5,,,,,4,,,70,65
3072,note_on,,,,,0,0,8,,,,,7,,,58,83
3072,note_on,,,,,4,0,3,,,,,2,,,58,82
3072,note_on,,,,,4,0,8,,,,,7,,,55,83
3072,note_on,,,,,4,0,1,,,,,0,,,70,84
3072,note_on,,,,,0,0,7,,,,,6,,,70,83
3072,note_on,,,,,4,0,6,,,,,5,,,55,65
3072,note_on,,,,,0,0,6,,,,,5,,,58,65
3072,note_on,,,,,4,0,4,,,,,3,,,55,82
3072,note_on,,,,,4,0,7,,,,,6,,,62,83
3452,note_off,,,,,380,0,7,,,,,6,,,62,0
3452,note_off,,,,,380,0,4,,,,,3,,,55,0
3452,note_off,,,,,380,0,8,,,,,7,,,55,0
3452,note_off,,,,,0,0,5,,,,,4,,,70,0
3452,note_off,,,,,380,0,5,,,,,4,,,62,0
3452,note_off,,,,,0,0,6,,,,,5,,,58,0
3452,note_off,,,,,380,0,1,,,,,0,,,70,0
3452,note_off,,,,,0,0,7,,,,,6,,,70,0
3452,note_off,,,,,0,0,8,,,,,7,,,58,0
3452,note_off,,,,,380,0,6,,,,,5,,,55,0
3452,note_off,,,,,380,0,2,,,,,1,,,62,0
3452,note_off,,,,,380,0,3,,,,,2,,,58,0
3456,note_on,,,,,4,0,6,,,,,5,,,54,65
3456,note_on,,,,,4,0,1,,,,,0,,,72,84
3456,note_on,,,,,4,0,8,,,,,7,,,54,83
3456,note_on,,,,,0,0,8,,,,,7,,,57,83
3456,note_on,,,,,0,0,6,,,,,5,,,57,65
3456,note_on,,,,,0,0,5,,,,,4,,,72,65
3456,note_on,,,,,4,0,5,,,,,4,,,62,65
3456,note_on,,,,,4,0,4,,,,,3,,,54,82
3456,note_on,,,,,4,0,3,,,,,2,,,57,82
3456,note_on,,,,,4,0,2,,,,,1,,,62,82
3456,note_on,,,,,4,0,7,,,,,6,,,62,83
3456,note_on,,,,,0,0,7,,,,,6,,,72,83
3836,note_off,,,,,380,0,3,,,,,2,,,57,0
3836,note_off,,,,,380,0,7,,,,,6,,,72,0
3836,note_off,,,,,380,0,8,,,,,7,,,54,0
3836,note_off,,,,,380,0,4,,,,,3,,,54,0
3836,note_off,,,,,0,0,8,,,,,7,,,57,0
3836,note_off,,,,,380,0,5,,,,,4,,,72,0
3836,note_off,,,,,380,0,1,,,,,0,,,72,0
3836,note_off,,,,,0,0,6,,,,,5,,,57,0
3836,note_off,,,,,380,0,6,,,,,5,,,54,0
3840,note_on,,,,,4,0,7,,,,,6,,,70,83
3840,note_on,,,,,4,0,6,,,,,5,,,55,65
3840,note_on,,,,,4,0,5,,,,,4,,,70,65
3840,note_on,,,,,0,0,8,,,,,7,,,55,83
3840,note_on,,,,,4,0,8,,,,,7,,,55,83
3840,note_on,,,,,4,0,4,,,,,3,,,55,82
3840,note_on,,,,,0,0,6,,,,,5,,,55,65
3840,note_on,,,,,4,0,3,,,,,2,,,55,82
3840,note_on,,,,,4,0,1,,,,,0,,,70,84
4220,note_off,,,,,0,0,8,,,,,7,,,55,0
4220,note_off,,,,,764,0,2,,,,,1,,,62,0
4220,note_off,,,,,380,0,8,,,,,7,,,55,0
4220,note_off,,,,,0,0,5,,,,,4,,,70,0
4220,note_off,,,,,380,0,5,,,,,4,,,62,0
4220,note_off,,,,,380,0,7,,,,,6,,,62,0
4220,note_off,,,,,0,0,6,,,,,5,,,55,0
4220,note_off,,,,,380,0,4,,,,,3,,,55,0
4220,note_off,,,,,0,0,7,,,,,6,,,70,0
4220,note_off,,,,,380,0,6,,,,,5,,,55,0
4220,note_off,,,,,380,0,3,,,,,2,,,55,0
4220,note_off,,,,,380,0,1,,,,,0,,,70,0
4224,note_on,,,,,4,0,1,,,,,0,,,69,84
4224,note_on,,,,,0,0,5,,,,,4,,,69,65
4224,note_on,,,,,4,0,5,,,,,4,,,62,65
4224,note_on,,,,,4,0,6,,,,,5,,,50,65
4224,note_on,,,,,4,0,3,,,,,2,,,54,82
4224,note_on,,,,,0,0,6,,,,,5,,,54,65
4224,note_on,,,,,4,0,2,,,,,1,,,62,82
4224,note_on,,,,,0,0,8,,,,,7,,,54,83
4224,set_tempo,,,,,4224,1,0,,857142,,,,,,,
4224,note_on,,,,,4,0,7,,,,,6,,,62,83
4224,note_on,,,,,0,0,7,,,,,6,,,69,83
4224,note_on,,,,,4,0,4,,,,,3,,,50,82
4224,note_on,,,,,4,0,8,,,,,7,,,50,83
4988,note_off,,,,,764,0,5,,,,,4,,,62,0
4988,note_off,,,,,764,0,3,,,,,2,,,54,0
4988,note_off,,,,,0,0,7,,,,,6,,,69,0
4988,note_off,,,,,764,0,7,,,,,6,,,62,0
4988,note_off,,,,,0,0,8,,,,,7,,,54,0
4988,note_off,,,,,764,0,2,,,,,1,,,62,0
4988,note_off,,,,,0,0,5,,,,,4,,,69,0
4988,note_off,,,,,764,0,1,,,,,0,,,69,0
4988,note_off,,,,,764,0,4,,,,,3,,,50,0
4988,note_off,,,,,0,0,6,,,,,5,,,54,0
4988,note_off,,,,,764,0,8,,,,,7,,,50,0
4988,note_off,,,,,764,0,6,,,,,5,,,50,0
4992,note_on,,,,,0,0,6,,,,,5,,,54,65
4992,note_on,,,,,4,0,3,,,,,2,,,54,82
4992,note_on,,,,,4,0,6,,,,,5,,,50,65
4992,note_on,,,,,0,0,8,,,,,7,,,54,83
4992,note_on,,,,,4,0,5,,,,,4,,,62,65
4992,note_on,,,,,4,0,4,,,,,3,,,50,82
4992,note_on,,,,,4,0,2,,,,,1,,,62,82
4992,set_tempo,,,,,768,1,0,,1000000,,,,,,,
4992,note_on,,,,,0,0,7,,,,,6,,,69,83
4992,note_on,,,,,4,0,7,,,,,6,,,62,83
4992,note_on,,,,,4,0,8,,,,,7,,,50,83
4992,note_on,,,,,0,0,5,,,,,4,,,69,65
4992,note_on,,,,,4,0,1,,,,,0,,,69,84
5372,note_off,,,,,380,0,2,,,,,1,,,62,0
5372,note_off,,,,,380,0,6,,,,,5,,,50,0
5372,note_off,,,,,0,0,6,,,,,5,,,54,0
5372,note_off,,,,,380,0,1,,,,,0,,,69,0
5372,note_off,,,,,380,0,5,,,,,4,,,62,0
5372,note_off,,,,,0,0,7,,,,,6,,,69,0
5372,note_off,,,,,380,0,4,,,,,3,,,50,0
5372,note_off,,,,,380,0,7,,,,,6,,,62,0
5372,note_off,,,,,0,0,8,,,,,7,,,54,0
5372,note_off,,,,,380,0,8,,,,,7,,,50,0
5372,note_off,,,,,0,0,5,,,,,4,,,69,0
5372,note_off,,,,,380,0,3,,,,,2,,,54,0
5376,note_on,,,,,4,0,7,,,,,6,,,62,83
5376,note_on,,,,,4,0,4,,,,,3,,,55,82
5376,note_on,,,,,0,0,6,,,,,5,,,55,65
5376,note_on,,,,,4,0,3,,,,,2,,,55,82
5376,note_on,,,,,0,0,8,,,,,7,,,55,83
5376,note_on,,,,,4,0,8,,,,,7,,,55,83
5376,note_on,,,,,4,0,5,,,,,4,,,62,65
5376,note_on,,,,,0,0,5,,,,,4,,,70,65
5376,note_on,,,,,4,0,1,,,,,0,,,70,84
5376,note_on,,,,,0,0,7,,,,,6,,,70,83
5376,note_on,,,,,4,0,2,,,,,1,,,62,82
5376,note_on,,,,,4,0,6,,,,,5,,,55,65
5756,note_off,,,,,380,0,3,,,,,2,,,55,0
5756,note_off,,,,,380,0,8,,,,,7,,,55,0
5756,note_off,,,,,380,0,5,,,,,4,,,62,0
5756,note_off,,,,,0,0,5,,,,,4,,,70,0
5756,note_off,,,,,380,0,1,,,,,0,,,70,0
5756,note_off,,,,,380,0,2,,,,,1,,,62,0
5756,note_off,,,,,0,0,8,,,,,7,,,55,0
5756,note_off,,,,,380,0,4,,,,,3,,,55,0
5756,note_off,,,,,0,0,6,,,,,5,,,55,0
5756,note_off,,,,,380,0,6,,,,,5,,,55,0
5756,note_off,,,,,380,0,7,,,,,6,,,62,0
5756,note_off,,,,,0,0,7,,,,,6,,,70,0
5760,note_on,,,,,0,0,6,,,,,5,,,57,65
5760,note_on,,,,,4,0,3,,,,,2,,,57,82
5760,note_on,,,,,4,0,6,,,,,5,,,53,65
5760,note_on,,,,,4,0,2,,,,,1,,,65,82
5760,note_on,,,,,4,0,1,,,,,0,,,72,84
5760,note_on,,,,,0,0,7,,,,,6,,,72,83
5760,note_on,,,,,0,0,8,,,,,7,,,57,83
5760,note_on,,,,,4,0,8,,,,,7,,,53,83
5760,note_on,,,,,4,0,5,,,,,4,,,65,65
5760,note_on,,,,,0,0,5,,,,,4,,,72,65
5760,note_on,,,,,4,0,7,,,,,6,,,65,83
5760,note_on,,,,,4,0,4,,,,,3,,,53,82
6140,note_off,,,,,380,0,4,,,,,3,,,53,0
6140,note_off,,,,,380,0,7,,,,,6,,,65,0
6140,note_off,,,,,0,0,7,,,,,6,,,72,0
6140,note_off,,,,,0,0,6,,,,,5,,,57,0
6140,note_off,,,,,380,0,6,,,,,5,,,53,0
6140,note_off,,,,,380,0,5,,,,,4,,,65,0
6140,note_off,,,,,0,0,5,,,,,4,,,72,0
6140,note_off,,,,,380,0,1,,,,,0,,,72,0
6140,note_off,,,,,0,0,8,,,,,7,,,57,0
6140,note_off,,,,,380,0,8,,,,,7,,,53,0
6140,note_off,,,,,380,0,3,,,,,2,,,57,0
6140,note_off,,,,,380,0,2,,,,,1,,,65,0
6144,note_on,,,,,4,0,2,,,,,1,,,65,82
6144,note_on,,,,,4,0,7,,,,,6,,,65,83
6144,note_on,,,,,0,0,7,,,,,6,,,74,83
6144,note_on,,,,,4,0,1,,,,,0,,,74,84
6144,note_on,,,,,0,0,8,,,,,7,,,58,83
6144,note_on,,,,,4,0,6,,,,,5,,,46,65
6144,note_on,,,,,0,0,6,,,,,5,,,58,65
6144,note_on,,,,,4,0,4,,,,,3,,,46,82
6144,note_on,,,,,4,0,3,,,,,2,,,58,82
6144,note_on,,,,,0,0,5,,,,,4,,,74,65
6144,note_on,,,,,4,0,5,,,,,4,,,65,65
6144,note_on,,,,,4,0,8,,,,,7,,,46,83
6332,note_off,,,,,188,0,6,,,,,5,,,58,0
6332,note_off,,,,,188,0,3,,,,,2,,,58,0
6332,note_off,,,,,188,0,5,,,,,4,,,74,0
6332,note_off,,,,,188,0,1,,,,,0,,,74,0
6332,note_off,,,,,188,0,8,,,,,7,,,58,0
6332,note_off,,,,,188,0,7,,,,,6,,,74,0
6336,note_on,,,,,4,0,1,,,,,0,,,72,84
6336,note_on,,,,,4,0,5,,,,,4,,,72,65
6336,note_on,,,,,4,0,8,,,,,7,,,57,83
6336,note_on,,,,,4,0,3,,,,,2,,,57,82
6336,note_on,,,,,4,0,6,,,,,5,,,57,65
6336,note_on,,,,,4,0,7,,,,,6,,,72,83
6524,note_off,,,,,0,0,5,,,,,4,,,72,0
6524,note_off,,,,,380,0,2,,,,,1,,,65,0
6524,note_off,,,,,0,0,7,,,,,6,,,72,0
6524,note_off,,,,,188,0,5,,,,,4,,,65,0
6524,note_off,,,,,188,0,7,,,,,6,,,65,0
6524,note_off,,,,,188,0,6,,,,,5,,,46,0
6524,note_off,,,,,188,0,3,,,,,2,,,57,0
6524,note_off,,,,,188,0,1,,,,,0,,,72,0
6524,note_off,,,,,380,0,4,,,,,3,,,46,0
6524,note_off,,,,,0,0,6,,,,,5,,,57,0
6524,note_off,,,,,0,0,8,,,,,7,,,57,0
6524,note_off,,,,,188,0,8,,,,,7,,,46,0
6528,note_on,,,,,0,0,8,,,,,7,,,55,83
6528,note_on,,,,,4,0,8,,,,,7,,,51,83
6528,note_on,,,,,4,0,1,,,,,0,,,70,84
6528,note_on,,,,,0,0,7,,,,,6,,,70,83
6528,note_on,,,,,4,0,7,,,,,6,,,67,83
6528,note_on,,,,,4,0,4,,,,,3,,,51,82
6528,note_on,,,,,4,0,3,,,,,2,,,55,82
6528,note_on,,,,,4,0,2,,,,,1,,,67,82
6528,note_on,,,,,4,0,6,,,,,5,,,51,65
6528,note_on,,,,,0,0,6,,,,,5,,,55,65
6528,note_on,,,,,0,0,5,,,,,4,,,70,65
6528,note_on,,,,,4,0,5,,,,,4,,,67,65
6716,note_off,,,,,188,0,7,,,,,6,,,67,0
6716,note_off,,,,,188,0,4,,,,,3,,,51,0
6716,note_off,,,,,188,0,2,,,,,1,,,67,0
6716,note_off,,,,,188,0,5,,,,,4,,,67,0
6716,note_off,,,,,188,0,3,,,,,2,,,55,0
6716,note_off,,,,,0,0,6,,,,,5,,,55,0
6716,note_off,,,,,0,0,8,,,,,7,,,55,0
6716,note_off,,,,,188,0,8,,,,,7,,,51,0
6716,note_off,,,,,188,0,6,,,,,5,,,51,0
6720,note_on,,,,,0,0,6,,,,,5,,,57,65
6720,note_on,,,,,4,0,4,,,,,3,,,53,82
6720,note_on,,,,,4,0,6,,,,,5,,,53,65
6720,note_on,,,,,4,0,3,,,,,2,,,57,82
6720,note_on,,,,,4,0,2,,,,,1,,,65,82
6720,note_on,,,,,4,0,7,,,,,6,,,65,83
6720,note_on,,,,,4,0,8,,,,,7,,,53,83
6720,note_on,,,,,0,0,8,,,,,7,,,57,83
6720,note_on,,,,,4,0,5,,,,,4,,,65,65
6908,note_off,,,,,380,0,1,,,,,0,,,70,0
6908,note_off,,,,,188,0,3,,,,,2,,,57,0
6908,note_off,,,,,188,0,8,,,,,7,,,53,0
6908,note_off,,,,,188,0,4,,,,,3,,,53,0
6908,note_off,,,,,0,0,8,,,,,7,,,57,0
6908,note_off,,,,,188,0,2,,,,,1,,,65,0
6908,note_off,,,,,188,0,6,,,,,5,,,53,0
6908,note_off,,,,,188,0,5,,,,,4,,,70,0
6908,note_off,,,,,0,0,5,,,,,4,,,65,0
6908,note_off,,,,,0,0,7,,,,,6,,,65,0
6908,note_off,,,,,188,0,7,,,,,6,,,70,0
6908,note_off,,,,,0,0,6,,,,,5,,,57,0
6912,note_on,,,,,4,0,6,,,,,5,,,55,65
6912,note_on,,,,,4,0,8,,,,,7,,,55,83
6912,note_on,,,,,4,0,2,,,,,1,,,63,82
6912,note_on,,,,,4,0,7,,,,,6,,,63,83
6912,note_on,,,,,0,0,7,,,,,6,,,75,83
6912,note_on,,,,,4,0,1,,,,,0,,,75,84
6912,note_on,,,,,4,0,3,,,,,2,,,58,82
6912,note_on,,,,,0,0,6,,,,,5,,,58,65
6912,note_on,,,,,0,0,5,,,,,4,,,75,65
6912,note_on,,,,,4,0,5,,,,,4,,,63,65
6912,note_on,,,,,4,0,4,,,,,3,,,55,82
6912,note_on,,,,,0,0,8,,,,,7,,,58,83
7292,note_off,,,,,0,0,7,,,,,6,,,75,0
7292,note_off,,,,,380,0,7,,,,,6,,,63,0
7292,note_off,,,,,380,0,3,,,,,2,,,58,0
7292,note_off,,,,,380,0,6,,,,,5,,,55,0
7292,note_off,,,,,380,0,2,,,,,1,,,63,0
7292,note_off,,,,,0,0,6,,,,,5,,,58,0
7292,note_off,,,,,380,0,1,,,,,0,,,75,0
7292,note_off,,,,,380,0,5,,,,,4,,,63,0
7292,note_off,,,,,380,0,4,,,,,3,,,55,0
7292,note_off,,,,,0,0,5,,,,,4,,,75,0
7292,note_off,,,,,380,0,8,,,,,7,,,55,0
7292,note_off,,,,,0,0,8,,,,,7,,,58,0
7296,note_on,,,,,4,0,8,,,,,7,,,57,83
7296,note_on,,,,,0,0,7,,,,,6,,,75,83
7296,note_on,,,,,4,0,4,,,,,3,,,57,82
7296,note_on,,,,,4,0,5,,,,,4,,,65,65
7296,note_on,,,,,0,0,8,,,,,7,,,60,83
7296,note_on,,,,,4,0,6,,,,,5,,,57,65
7296,note_on,,,,,4,0,7,,,,,6,,,65,83
7296,note_on,,,,,0,0,6,,,,,5,,,60,65
7296,note_on,,,,,4,0,1,,,,,0,,,75,84
7296,note_on,,,,,0,0,5,,,,,4,,,75,65
7296,note_on,,,,,4,0,2,,,,,1,,,65,82
7296,note_on,,,,,4,0,3,,,,,2,,,60,82
7676,note_off,,,,,380,0,6,,,,,5,,,57,0
7676,note_off,,,,,380,0,1,,,,,0,,,75,0
7676,note_off,,,,,380,0,5,,,,,4,,,65,0
7676,note_off,,,,,380,0,8,,,,,7,,,57,0
7676,note_off,,,,,380,0,3,,,,,2,,,60,0
7676,note_off,,,,,380,0,2,,,,,1,,,65,0
7676,note_off,,,,,380,0,4,,,,,3,,,57,0
7676,note_off,,,,,0,0,8,,,,,7,,,60,0
7676,note_off,,,,,0,0,7,,,,,6,,,75,0
7676,note_off,,,,,380,0,7,,,,,6,,,65,0
7676,note_off,,,,,0,0,6,,,,,5,,,60,0
7676,note_off,,,,,0,0,5,,,,,4,,,75,0
7680,note_on,,,,,4,0,3,,,,,2,,,60,82
7680,note_on,,,,,0,0,5,,,,,4,,,74,65
7680,note_on,,,,,4,0,5,,,,,4,,,65,65
7680,note_on,,,,,4,0,8,,,,,7,,,58,83
7680,note_on,,,,,4,0,7,,,,,6,,,65,83
7680,note_on,,,,,4,0,4,,,,,3,,,58,82
7680,note_on,,,,,4,0,2,,,,,1,,,65,82
7680,note_on,,,,,0,0,7,,,,,6,,,74,83
7680,note_on,,,,,4,0,6,,,,,5,,,58,65
7680,note_on,,,,,4,0,1,,,,,0,,,74,84
7680,note_on,,,,,0,0,6,,,,,5,,,60,65
7680,note_on,,,,,0,0,8,,,,,7,,,60,83
7868,note_off,,,,,188,0,8,,,,,7,,,58,0
7868,note_off,,,,,188,0,1,,,,,0,,,74,0
7868,note_off,,,,,188,0,7,,,,,6,,,74,0
7868,note_off,,,,,188,0,6,,,,,5,,,58,0
7868,note_off,,,,,188,0,4,,,,,3,,,58,0
7868,note_off,,,,,188,0,5,,,,,4,,,74,0
7872,note_on,,,,,4,0,4,,,,,3,,,57,82
7872,note_on,,,,,4,0,8,,,,,7,,,57,83
7872,note_on,,,,,4,0,1,,,,,0,,,72,84
7872,note_on,,,,,4,0,6,,,,,5,,,57,65
7872,note_on,,,,,4,0,7,,,,,6,,,72,83
7872,note_on,,,,,4,0,5,,,,,4,,,72,65
8060,note_off,,,,,188,0,4,,,,,3,,,57,0
8060,note_off,,,,,188,0,1,,,,,0,,,72,0
8060,note_off,,,,,380,0,2,,,,,1,,,65,0
8060,note_off,,,,,188,0,8,,,,,7,,,60,0
8060,note_off,,,,,188,0,6,,,,,5,,,60,0
8060,note_off,,,,,188,0,7,,,,,6,,,65,0
8060,note_off,,,,,0,0,7,,,,,6,,,72,0
8060,note_off,,,,,0,0,6,,,,,5,,,57,0
8060,note_off,,,,,0,0,8,,,,,7,,,57,0
8060,note_off,,,,,380,0,3,,,,,2,,,60,0
8060,note_off,,,,,0,0,5,,,,,4,,,72,0
8060,note_off,,,,,188,0,5,,,,,4,,,65,0
8064,note_on,,,,,4,0,3,,,,,2,,,58,82
8064,note_on,,,,,4,0,8,,,,,7,,,55,83
8064,note_on,,,,,0,0,6,,,,,5,,,58,65
8064,note_on,,,,,4,0,6,,,,,5,,,55,65
8064,note_on,,,,,4,0,1,,,,,0,,,74,84
8064,note_on,,,,,0,0,5,,,,,4,,,74,65
8064,note_on,,,,,0,0,8,,,,,7,,,58,83
8064,note_on,,,,,4,0,4,,,,,3,,,55,82
8064,note_on,,,,,4,0,5,,,,,4,,,70,65
8064,note_on,,,,,0,0,7,,,,,6,,,74,83
8064,note_on,,,,,4,0,2,,,,,1,,,70,82
8064,note_on,,,,,4,0,7,,,,,6,,,70,83
8252,note_off,,,,,188,0,6,,,,,5,,,55,0
8252,note_off,,,,,188,0,5,,,,,4,,,70,0
8252,note_off,,,,,188,0,2,,,,,1,,,70,0
8252,note_off,,,,,188,0,7,,,,,6,,,70,0
8252,note_off,,,,,188,0,8,,,,,7,,,55,0
8252,note_off,,,,,188,0,4,,,,,3,,,55,0
8256,note_on,,,,,4,0,2,,,,,1,,,69,82
8256,note_on,,,,,4,0,8,,,,,7,,,53,83
8256,note_on,,,,,4,0,5,,,,,4,,,69,65
8256,note_on,,,,,4,0,7,,,,,6,,,69,83
8256,note_on,,,,,4,0,6,,,,,5,,,53,65
8256,note_on,,,,,4,0,4,,,,,3,,,53,82
8444,note_off,,,,,380,0,3,,,,,2,,,58,0
8444,note_off,,,,,188,0,6,,,,,5,,,58,0
8444,note_off,,,,,188,0,8,,,,,7,,,58,0
8444,note_off,,,,,0,0,8,,,,,7,,,53,0
8444,note_off,,,,,0,0,6,,,,,5,,,53,0
8444,note_off,,,,,380,0,1,,,,,0,,,74,0
8444,note_off,,,,,0,0,5,,,,,4,,,69,0
8444,note_off,,,,,188,0,5,,,,,4,,,74,0
8444,note_off,,,,,188,0,4,,,,,3,,,53,0
8444,note_off,,,,,188,0,2,,,,,1,,,69,0
8444,note_off,,,,,188,0,7,,,,,6,,,74,0
8444,note_off,,,,,0,0,7,,,,,6,,,69,0
8448,note_on,,,,,0,0,7,,,,,6,,,72,83
8448,note_on,,,,,0,0,8,,,,,7,,,58,83
8448,note_on,,,,,4,0,8,,,,,7,,,51,83
8448,note_on,,,,,4,0,6,,,,,5,,,51,65
8448,note_on,,,,,4,0,7,,,,,6,,,67,83
8448,note_on,,,,,4,0,5,,,,,4,,,67,65
8448,note_on,,,,,0,0,6,,,,,5,,,58,65
8448,note_on,,,,,0,0,5,,,,,4,,,72,65
8448,note_on,,,,,4,0,3,,,,,2,,,58,82
8448,note_on,,,,,4,0,2,,,,,1,,,67,82
8448,note_on,,,,,4,0,4,,,,,3,,,51,82
8448,note_on,,,,,4,0,1,,,,,0,,,72,84
8828,note_off,,,,,0,0,6,,,,,5,,,58,0
8828,note_off,,,,,380,0,2,,,,,1,,,67,0
8828,note_off,,,,,380,0,3,,,,,2,,,58,0
8828,note_off,,,,,380,0,4,,,,,3,,,51,0
8828,note_off,,,,,0,0,8,,,,,7,,,58,0
8828,note_off,,,,,380,0,8,,,,,7,,,51,0
8828,note_off,,,,,380,0,6,,,,,5,,,51,0
8828,note_off,,,,,380,0,5,,,,,4,,,67,0
8828,note_off,,,,,380,0,7,,,,,6,,,67,0
8832,note_on,,,,,4,0,4,,,,,3,,,53,82
8832,note_on,,,,,4,0,7,,,,,6,,,65,83
8832,note_on,,,,,0,0,8,,,,,7,,,57,83
8832,note_on,,,,,4,0,3,,,,,2,,,57,82
8832,note_on,,,,,4,0,8,,,,,7,,,53,83
8832,note_on,,,,,4,0,2,,,,,1,,,65,82
8832,note_on,,,,,0,0,6,,,,,5,,,57,65
8832,note_on,,,,,4,0,6,,,,,5,,,53,65
8832,note_on,,,,,4,0,5,,,,,4,,,65,65
9020,note_off,,,,,188,0,2,,,,,1,,,65,0
9020,note_off,,,,,188,0,5,,,,,4,,,65,0
9020,note_off,,,,,188,0,7,,,,,6,,,65,0
9024,note_on,,,,,4,0,2,,,,,1,,,63,82
9024,note_on,,,,,4,0,7,,,,,6,,,63,83
9024,note_on,,,,,4,0,5,,,,,4,,,63,65
9212,note_off,,,,,0,0,6,,,,,5,,,57,0
9212,note_off,,,,,188,0,7,,,,,6,,,72,0
9212,note_off,,,,,0,0,7,,,,,6,,,63,0
9212,note_off,,,,,188,0,2,,,,,1,,,63,0
9212,note_off,,,,,380,0,6,,,,,5,,,53,0
9212,note_off,,,,,0,0,5,,,,,4,,,63,0
9212,note_off,,,,,188,0,5,,,,,4,,,72,0
9212,note_off,,,,,0,0,8,,,,,7,,,57,0
9212,note_off,,,,,380,0,8,,,,,7,,,53,0
9212,note_off,,,,,764,0,1,,,,,0,,,72,0
9212,note_off,,,,,380,0,3,,,,,2,,,57,0
9212,note_off,,,,,380,0,4,,,,,3,,,53,0
9216,note_on,,,,,4,0,7,,,,,6,,,62,83
9216,note_on,,,,,4,0,1,,,,,0,,,70,84
9216,note_on,,,,,4,0,4,,,,,3,,,46,82
9216,note_on,,,,,0,0,7,,,,,6,,,70,83
9216,note_on,,,,,0,0,6,,,,,5,,,53,65
9216,note_on,,,,,4,0,6,,,,,5,,,46,65
9216,note_on,,,,,4,0,3,,,,,2,,,53,82
9216,note_on,,,,,0,0,5,,,,,4,,,70,65
9216,note_on,,,,,4,0,2,,,,,1,,,62,82
9216,note_on,,,,,0,0,8,,,,,7,,,53,83
9216,note_on,,,,,4,0,8,,,,,7,,,46,83
9216,note_on,,,,,4,0,5,,,,,4,,,62,65
9980,note_off,,,,,764,0,7,,,,,6,,,62,0
9980,note_off,,,,,764,0,1,,,,,0,,,70,0
9980,note_off,,,,,0,0,8,,,,,7,,,53,0
9980,note_off,,,,,764,0,8,,,,,7,,,46,0
9980,note_off,,,,,0,0,6,,,,,5,,,53,0
9980,note_off,,,,,764,0,3,,,,,2,,,53,0
9980,note_off,,,,,0,0,7,,,,,6,,,70,0
9980,note_off,,,,,764,0,4,,,,,3,,,46,0
9980,note_off,,,,,0,0,5,,,,,4,,,70,0
9980,note_off,,,,,764,0,2,,,,,1,,,62,0
9980,note_off,,,,,764,0,5,,,,,4,,,62,0
9980,note_off,,,,,764,0,6,,,,,5,,,46,0
9984,note_on,,,,,4,0,6,,,,,5,,,43,65
9984,note_on,,,,,0,0,5,,,,,4,,,70,65
9984,note_on,,,,,4,0,5,,,,,4,,,62,65
9984,note_on,,,,,4,0,8,,,,,7,,,43,83
9984,note_on,,,,,4,0,3,,,,,2,,,55,82
9984,note_on,,,,,4,0,1,,,,,0,,,70,84
9984,note_on,,,,,4,0,2,,,,,1,,,62,82
9984,note_on,,,,,0,0,7,,,,,6,,,70,83
9984,note_on,,,,,4,0,4,,,,,3,,,43,82
9984,note_on,,,,,4,0,7,,,,,6,,,62,83
9984,note_on,,,,,0,0,8,,,,,7,,,55,83
9984,note_on,,,,,0,0,6,,,,,5,,,55,65
10172,note_off,,,,,188,0,3,,,,,2,,,55,0
10172,note_off,,,,,188,0,6,,,,,5,,,55,0
10172,note_off,,,,,188,0,8,,,,,7,,,55,0
10176,note_on,,,,,4,0,6,,,,,5,,,53,65
10176,note_on,,,,,4,0,3,,,,,2,,,53,82
10176,note_on,,,,,4,0,8,,,,,7,,,53,83
10364,note_off,,,,,380,0,7,,,,,6,,,62,0
10364,note_off,,,,,0,0,7,,,,,6,,,70,0
10364,note_off,,,,,0,0,5,,,,,4,,,70,0
10364,note_off,,,,,380,0,2,,,,,1,,,62,0
10364,note_off,,,,,380,0,5,,,,,4,,,62,0
10364,note_off,,,,,0,0,6,,,,,5,,,53,0
10364,note_off,,,,,188,0,6,,,,,5,,,43,0
10364,note_off,,,,,188,0,8,,,,,7,,,43,0
10364,note_off,,,,,0,0,8,,,,,7,,,53,0
10364,note_off,,,,,380,0,4,,,,,3,,,43,0
10364,note_off,,,,,380,0,1,,,,,0,,,70,0
10364,note_off,,,,,188,0,3,,,,,2,,,53,0
10368,note_on,,,,,4,0,7,,,,,6,,,60,83
10368,note_on,,,,,4,0,4,,,,,3,,,48,82
10368,note_on,,,,,0,0,7,,,,,6,,,69,83
10368,note_on,,,,,4,0,2,,,,,1,,,60,82
10368,note_on,,,,,4,0,8,,,,,7,,,48,83
10368,note_on,,,,,4,0,6,,,,,5,,,48,65
10368,note_on,,,,,0,0,6,,,,,5,,,51,65
10368,note_on,,,,,0,0,8,,,,,7,,,51,83
10368,note_on,,,,,4,0,3,,,,,2,,,51,82
10368,note_on,,,,,4,0,1,,,,,0,,,69,84
10368,note_on,,,,,0,0,5,,,,,4,,,69,65
10368,note_on,,,,,4,0,5,,,,,4,,,60,65
10556,note_off,,,,,188,0,6,,,,,5,,,48,0
10556,note_off,,,,,188,0,4,,,,,3,,,48,0
10556,note_off,,,,,188,0,8,,,,,7,,,48,0
10560,note_on,,,,,4,0,8,,,,,7,,,50,83
10560,note_on,,,,,4,0,4,,,,,3,,,50,82
10560,note_on,,,,,4,0,6,,,,,5,,,50,65
10748,note_off,,,,,380,0,1,,,,,0,,,69,0
10748,note_off,,,,,380,0,5,,,,,4,,,60,0
10748,note_off,,,,,380,0,2,,,,,1,,,60,0
10748,note_off,,,,,0,0,5,,,,,4,,,69,0
10748,note_off,,,,,380,0,3,,,,,2,,,51,0
10748,note_off,,,,,0,0,8,,,,,7,,,50,0
10748,note_off,,,,,188,0,4,,,,,3,,,50,0
10748,note_off,,,,,0,0,7,,,,,6,,,69,0
10748,note_off,,,,,188,0,8,,,,,7,,,51,0
10748,note_off,,,,,380,0,7,,,,,6,,,60,0
10748,note_off,,,,,0,0,6,,,,,5,,,50,0
10748,note_off,,,,,188,0,6,,,,,5,,,51,0
10752,note_on,,,,,4,0,4,,,,,3,,,51,82
10752,note_on,,,,,0,0,5,,,,,4,,,67,65
10752,note_on,,,,,4,0,1,,,,,0,,,67,84
10752,note_on,,,,,0,0,7,,,,,6,,,67,83
10752,note_on,,,,,4,0,5,,,,,4,,,58,65
10752,note_on,,,,,4,0,8,,,,,7,,,51,83
10752,note_on,,,,,4,0,3,,,,,2,,,51,82
10752,note_on,,,,,4,0,2,,,,,1,,,58,82
10752,note_on,,,,,0,0,8,,,,,7,,,51,83
10752,note_on,,,,,4,0,7,,,,,6,,,58,83
10752,note_on,,,,,4,0,6,,,,,5,,,51,65
10752,note_on,,,,,0,0,6,,,,,5,,,51,65
10940,note_off,,,,,188,0,6,,,,,5,,,51,0
10940,note_off,,,,,188,0,8,,,,,7,,,51,0
10940,note_off,,,,,188,0,3,,,,,2,,,51,0
10944,note_on,,,,,4,0,8,,,,,7,,,50,83
10944,note_on,,,,,4,0,6,,,,,5,,,50,65
10944,note_on,,,,,4,0,3,,,,,2,,,50,82
11132,note_off,,,,,380,0,7,,,,,6,,,58,0
11132,note_off,,,,,380,0,2,,,,,1,,,58,0
11132,note_off,,,,,0,0,5,,,,,4,,,67,0
11132,note_off,,,,,380,0,5,,,,,4,,,58,0
11132,note_off,,,,,0,0,7,,,,,6,,,67,0
11132,note_off,,,,,380,0,1,,,,,0,,,67,0
11132,note_off,,,,,0,0,8,,,,,7,,,50,0
11132,note_off,,,,,380,0,4,,,,,3,,,51,0
11132,note_off,,,,,188,0,8,,,,,7,,,51,0
11132,note_off,,,,,0,0,6,,,,,5,,,50,0
11132,note_off,,,,,188,0,3,,,,,2,,,50,0
11132,note_off,,,,,188,0,6,,,,,5,,,51,0
11136,note_on,,,,,4,0,3,,,,,2,,,48,82
11136,note_on,,,,,4,0,1,,,,,0,,,65,84
11136,note_on,,,,,4,0,6,,,,,5,,,45,65
11136,note_on,,,,,4,0,5,,,,,4,,,60,65
11136,note_on,,,,,0,0,8,,,,,7,,,48,83
11136,note_on,,,,,4,0,7,,,,,6,,,60,83
11136,note_on,,,,,0,0,5,,,,,4,,,65,65
11136,note_on,,,,,4,0,8,,,,,7,,,45,83
11136,note_on,,,,,4,0,2,,,,,1,,,60,82
11136,note_on,,,,,4,0,4,,,,,3,,,45,82
11136,note_on,,,,,0,0,6,,,,,5,,,48,65
11136,note_on,,,,,0,0,7,,,,,6,,,65,83
11324,note_off,,,,,188,0,8,,,,,7,,,48,0
11324,note_off,,,,,188,0,6,,,,,5,,,48,0
11324,note_off,,,,,188,0,3,,,,,2,,,48,0
11328,note_on,,,,,4,0,3,,,,,2,,,53,82
11328,note_on,,,,,4,0,8,,,,,7,,,53,83
11328,note_on,,,,,4,0,6,,,,,5,,,53,65
11516,note_off,,,,,0,0,5,,,,,4,,,65,0
11516,note_off,,,,,380,0,4,,,,,3,,,45,0
11516,note_off,,,,,380,0,2,,,,,1,,,60,0
11516,note_off,,,,,380,0,5,,,,,4,,,60,0
11516,note_off,,,,,0,0,7,,,,,6,,,65,0
11516,note_off,,,,,0,0,8,,,,,7,,,53,0
11516,note_off,,,,,188,0,8,,,,,7,,,45,0
11516,note_off,,,,,380,0,1,,,,,0,,,65,0
11516,note_off,,,,,188,0,3,,,,,2,,,53,0
11516,note_off,,,,,0,0,6,,,,,5,,,53,0
11516,note_off,,,,,188,0,6,,,,,5,,,45,0
11516,note_off,,,,,380,0,7,,,,,6,,,60,0
11520,note_on,,,,,4,0,7,,,,,6,,,58,83
11520,note_on,,,,,4,0,8,,,,,7,,,46,83
11520,note_on,,,,,0,0,7,,,,,6,,,62,83
11520,note_on,,,,,0,0,8,,,,,7,,,53,83
11520,note_on,,,,,4,0,1,,,,,0,,,62,84
11520,note_on,,,,,4,0,4,,,,,3,,,46,82
11520,note_on,,,,,4,0,3,,,,,2,,,53,82
11520,note_on,,,,,4,0,5,,,,,4,,,58,65
11520,note_on,,,,,0,0,5,,,,,4,,,62,65
11520,note_on,,,,,0,0,6,,,,,5,,,53,65
11520,note_on,,,,,4,0,6,,,,,5,,,46,65
11520,note_on,,,,,4,0,2,,,,,1,,,58,82
11708,note_off,,,,,188,0,2,,,,,1,,,58,0
11708,note_off,,,,,188,0,7,,,,,6,,,58,0
11708,note_off,,,,,0,0,7,,,,,6,,,62,0
11708,note_off,,,,,0,0,5,,,,,4,,,62,0
11708,note_off,,,,,188,0,5,,,,,4,,,58,0
11708,note_off,,,,,188,0,1,,,,,0,,,62,0
11712,note_on,,,,,4,0,7,,,,,6,,,60,83
11712,note_on,,,,,4,0,2,,,,,1,,,60,82
11712,note_on,,,,,4,0,1,,,,,0,,,63,84
11712,note_on,,,,,0,0,5,,,,,4,,,63,65
11712,note_on,,,,,4,0,5,,,,,4,,,60,65
11712,note_on,,,,,0,0,7,,,,,6,,,63,83
11900,note_off,,,,,188,0,7,,,,,6,,,60,0
11900,note_off,,,,,0,0,7,,,,,6,,,63,0
11900,note_off,,,,,188,0,2,,,,,1,,,60,0
11900,note_off,,,,,380,0,3,,,,,2,,,53,0
11900,note_off,,,,,188,0,1,,,,,0,,,63,0
11900,note_off,,,,,380,0,4,,,,,3,,,46,0
11900,note_off,,,,,188,0,5,,,,,4,,,60,0
11900,note_off,,,,,0,0,5,,,,,4,,,63,0
11900,note_off,,,,,380,0,8,,,,,7,,,46,0
11900,note_off,,,,,0,0,8,,,,,7,,,53,0
11900,note_off,,,,,0,0,6,,,,,5,,,53,0
11900,note_off,,,,,380,0,6,,,,,5,,,46,0
11904,note_on,,,,,4,0,4,,,,,3,,,58,82
11904,note_on,,,,,0,0,6,,,,,5,,,58,65
11904,note_on,,,,,0,0,7,,,,,6,,,65,83
11904,note_on,,,,,4,0,7,,,,,6,,,62,83
11904,note_on,,,,,4,0,3,,,,,2,,,58,82
11904,note_on,,,,,4,0,6,,,,,5,,,58,65
11904,note_on,,,,,4,0,8,,,,,7,,,58,83
11904,note_on,,,,,4,0,5,,,,,4,,,62,65
11904,note_on,,,,,0,0,5,,,,,4,,,65,65
11904,note_on,,,,,4,0,1,,,,,0,,,65,84
11904,note_on,,,,,4,0,2,,,,,1,,,62,82
11904,note_on,,,,,0,0,8,,,,,7,,,58,83
12092,note_off,,,,,188,0,4,,,,,3,,,58,0
12092,note_off,,,,,188,0,6,,,,,5,,,58,0
12092,note_off,,,,,188,0,8,,,,,7,,,58,0
12096,note_on,,,,,4,0,8,,,,,7,,,56,83
12096,note_on,,,,,4,0,6,,,,,5,,,56,65
12096,note_on,,,,,4,0,4,,,,,3,,,56,82
12284,note_off,,,,,0,0,7,,,,,6,,,65,0
12284,note_off,,,,,380,0,7,,,,,6,,,62,0
12284,note_off,,,,,380,0,3,,,,,2,,,58,0
12284,note_off,,,,,188,0,6,,,,,5,,,58,0
12284,note_off,,,,,0,0,6,,,,,5,,,56,0
12284,note_off,,,,,380,0,5,,,,,4,,,62,0
12284,note_off,,,,,0,0,5,,,,,4,,,65,0
12284,note_off,,,,,380,0,2,,,,,1,,,62,0
12284,note_off,,,,,380,0,1,,,,,0,,,65,0
12284,note_off,,,,,188,0,8,,,,,7,,,58,0
12284,note_off,,,,,0,0,8,,,,,7,,,56,0
12284,note_off,,,,,188,0,4,,,,,3,,,56,0
12288,note_on,,,,,4,0,1,,,,,0,,,65,84
12288,note_on,,,,,4,0,5,,,,,4,,,62,65
12288,note_on,,,,,4,0,3,,,,,2,,,58,82
12288,note_on,,,,,4,0,8,,,,,7,,,55,83
12288,note_on,,,,,4,0,7,,,,,6,,,62,83
12288,note_on,,,,,0,0,5,,,,,4,,,65,65
12288,note_on,,,,,0,0,8,,,,,7,,,58,83
12288,note_on,,,,,4,0,6,,,,,5,,,55,65
12288,note_on,,,,,0,0,7,,,,,6,,,65,83
12288,note_on,,,,,4,0,4,,,,,3,,,55,82
12288,note_on,,,,,4,0,2,,,,,1,,,62,82
12288,note_on,,,,,0,0,6,,,,,5,,,58,65
12476,note_off,,,,,188,0,8,,,,,7,,,55,0
12476,note_off,,,,,188,0,4,,,,,3,,,55,0
12476,note_off,,,,,188,0,6,,,,,5,,,55,0
12480,note_on,,,,,4,0,8,,,,,7,,,53,83
12480,note_on,,,,,4,0,4,,,,,3,,,53,82
12480,note_on,,,,,4,0,6,,,,,5,,,53,65
12668,note_off,,,,,188,0,6,,,,,5,,,58,0
12668,note_off,,,,,188,0,8,,,,,7,,,58,0
12668,note_off,,,,,0,0,6,,,,,5,,,53,0
12668,note_off,,,,,380,0,1,,,,,0,,,65,0
12668,note_off,,,,,0,0,8,,,,,7,,,53,0
12668,note_off,,,,,380,0,3,,,,,2,,,58,0
12668,note_off,,,,,380,0,5,,,,,4,,,62,0
12668,note_off,,,,,0,0,5,,,,,4,,,65,0
12668,note_off,,,,,380,0,7,,,,,6,,,62,0
12668,note_off,,,,,0,0,7,,,,,6,,,65,0
12668,note_off,,,,,380,0,2,,,,,1,,,62,0
12668,note_off,,,,,188,0,4,,,,,3,,,53,0
12672,note_on,,,,,4,0,1,,,,,0,,,67,84
12672,note_on,,,,,0,0,8,,,,,7,,,58,83
12672,note_on,,,,,0,0,7,,,,,6,,,67,83
12672,note_on,,,,,4,0,4,,,,,3,,,51,82
12672,note_on,,,,,4,0,6,,,,,5,,,51,65
12672,note_on,,,,,0,0,6,,,,,5,,,58,65
12672,note_on,,,,,4,0,7,,,,,6,,,63,83
12672,note_on,,,,,4,0,3,,,,,2,,,58,82
12672,note_on,,,,,4,0,5,,,,,4,,,63,65
12672,note_on,,,,,0,0,5,,,,,4,,,67,65
12672,note_on,,,,,4,0,2,,,,,1,,,63,82
12672,note_on,,,,,4,0,8,,,,,7,,,51,83
12860,note_off,,,,,188,0,8,,,,,7,,,51,0
12860,note_off,,,,,188,0,6,,,,,5,,,51,0
12860,note_off,,,,,188,0,4,,,,,3,,,51,0
12864,note_on,,,,,4,0,8,,,,,7,,,50,83
12864,note_on,,,,,4,0,6,,,,,5,,,50,65
12864,note_on,,,,,4,0,4,,,,,3,,,50,82
13052,note_off,,,,,0,0,7,,,,,6,,,67,0
13052,note_off,,,,,380,0,3,,,,,2,,,58,0
13052,note_off,,,,,380,0,7,,,,,6,,,63,0
13052,note_off,,,,,0,0,6,,,,,5,,,50,0
13052,note_off,,,,,188,0,6,,,,,5,,,58,0
13052,note_off,,,,,380,0,5,,,,,4,,,63,0
13052,note_off,,,,,380,0,1,,,,,0,,,67,0
13052,note_off,,,,,380,0,2,,,,,1,,,63,0
13052,note_off,,,,,188,0,8,,,,,7,,,58,0
13052,note_off,,,,,188,0,4,,,,,3,,,50,0
13052,note_off,,,,,0,0,8,,,,,7,,,50,0
13052,note_off,,,,,0,0,5,,,,,4,,,67,0
13056,note_on,,,,,4,0,1,,,,,0,,,65,84
13056,note_on,,,,,4,0,4,,,,,3,,,48,82
13056,note_on,,,,,0,0,8,,,,,7,,,56,83
13056,note_on,,,,,4,0,8,,,,,7,,,48,83
13056,note_on,,,,,4,0,6,,,,,5,,,48,65
13056,note_on,,,,,0,0,6,,,,,5,,,56,65
13056,note_on,,,,,0,0,7,,,,,6,,,65,83
13056,note_on,,,,,4,0,7,,,,,6,,,62,83
13056,note_on,,,,,4,0,3,,,,,2,,,56,82
13056,note_on,,,,,4,0,2,,,,,1,,,62,82
13056,note_on,,,,,0,0,5,,,,,4,,,65,65
13056,note_on,,,,,4,0,5,,,,,4,,,62,65
13244,note_off,,,,,188,0,4,,,,,3,,,48,0
13244,note_off,,,,,188,0,6,,,,,5,,,48,0
13244,note_off,,,,,188,0,8,,,,,7,,,48,0
13248,note_on,,,,,4,0,8,,,,,7,,,47,83
13248,note_on,,,,,4,0,4,,,,,3,,,47,82
13248,note_on,,,,,4,0,6,,,,,5,,,47,65
13436,note_off,,,,,188,0,4,,,,,3,,,47,0
13436,note_off,,,,,380,0,5,,,,,4,,,62,0
13436,note_off,,,,,0,0,5,,,,,4,,,65,0
13436,note_off,,,,,380,0,3,,,,,2,,,56,0
13436,note_off,,,,,380,0,1,,,,,0,,,65,0
13436,note_off,,,,,0,0,8,,,,,7,,,47,0
13436,note_off,,,,,188,0,8,,,,,7,,,56,0
13436,note_off,,,,,0,0,6,,,,,5,,,47,0
13436,note_off,,,,,380,0,2,,,,,1,,,62,0
13436,note_off,,,,,188,0,6,,,,,5,,,56,0
13436,note_off,,,,,380,0,7,,,,,6,,,62,0
13436,note_off,,,,,0,0,7,,,,,6,,,65,0
13440,note_on,,,,,4,0,4,,,,,3,,,48,82
13440,note_on,,,,,4,0,3,,,,,2,,,55,82
13440,note_on,,,,,4,0,7,,,,,6,,,62,83
13440,note_on,,,,,0,0,7,,,,,6,,,63,83
13440,note_on,,,,,0,0,6,,,,,5,,,55,65
13440,note_on,,,,,0,0,5,,,,,4,,,63,65
13440,note_on,,,,,4,0,5,,,,,4,,,62,65
13440,note_on,,,,,4,0,1,,,,,0,,,63,84
13440,note_on,,,,,4,0,6,,,,,5,,,48,65
13440,note_on,,,,,4,0,2,,,,,1,,,62,82
13440,note_on,,,,,4,0,8,,,,,7,,,48,83
13440,note_on,,,,,0,0,8,,,,,7,,,55,83
13628,note_off,,,,,188,0,2,,,,,1,,,62,0
13628,note_off,,,,,188,0,7,,,,,6,,,62,0
13628,note_off,,,,,188,0,5,,,,,4,,,62,0
13632,note_on,,,,,4,0,7,,,,,6,,,59,83
13632,note_on,,,,,4,0,2,,,,,1,,,59,82
13632,note_on,,,,,4,0,5,,,,,4,,,59,65
13820,note_off,,,,,188,0,5,,,,,4,,,59,0
13820,note_off,,,,,188,0,7,,,,,6,,,59,0
13820,note_off,,,,,188,0,2,,,,,1,,,59,0
13824,note_on,,,,,4,0,5,,,,,4,,,60,65
13824,note_on,,,,,4,0,7,,,,,6,,,60,83
13824,note_on,,,,,4,0,2,,,,,1,,,60,82
14012,note_off,,,,,572,0,6,,,,,5,,,55,0
14012,note_off,,,,,572,0,8,,,,,7,,,55,0
14012,note_off,,,,,572,0,3,,,,,2,,,55,0
14016,note_on,,,,,4,0,6,,,,,5,,,54,65
14016,note_on,,,,,4,0,8,,,,,7,,,54,83
14016,note_on,,,,,4,0,3,,,,,2,,,54,82
14108,note_off,,,,,92,0,3,,,,,2,,,54,0
14108,note_off,,,,,92,0,6,,,,,5,,,54,0
14108,note_off,,,,,92,0,8,,,,,7,,,54,0
14112,note_on,,,,,4,0,8,,,,,7,,,55,83
14112,note_on,,,,,4,0,6,,,,,5,,,55,65
14112,note_on,,,,,4,0,3,,,,,2,,,55,82
14204,note_off,,,,,0,0,7,,,,,6,,,60,0
14204,note_off,,,,,380,0,7,,,,,6,,,63,0
14204,note_off,,,,,0,0,5,,,,,4,,,60,0
14204,note_off,,,,,380,0,2,,,,,1,,,60,0
14204,note_off,,,,,764,0,1,,,,,0,,,63,0
14204,note_off,,,,,0,0,6,,,,,5,,,55,0
14204,note_off,,,,,92,0,6,,,,,5,,,48,0
14204,note_off,,,,,380,0,5,,,,,4,,,63,0
14204,note_off,,,,,92,0,8,,,,,7,,,48,0
14204,note_off,,,,,764,0,4,,,,,3,,,48,0
14204,note_off,,,,,92,0,3,,,,,2,,,55,0
14204,note_off,,,,,0,0,8,,,,,7,,,55,0
14208,note_on,,,,,4,0,8,,,,,7,,,42,83
14208,note_on,,,,,0,0,8,,,,,7,,,57,83
14208,note_on,,,,,4,0,3,,,,,2,,,57,82
14208,note_on,,,,,4,0,6,,,,,5,,,42,65
14208,note_on,,,,,0,0,6,,,,,5,,,57,65
14208,note_on,,,,,4,0,7,,,,,6,,,60,83
14208,note_on,,,,,0,0,7,,,,,6,,,62,83
14208,note_on,,,,,4,0,4,,,,,3,,,42,82
14208,note_on,,,,,4,0,5,,,,,4,,,60,65
14208,note_on,,,,,0,0,5,,,,,4,,,62,65
14208,note_on,,,,,4,0,2,,,,,1,,,60,82
14208,note_on,,,,,4,0,1,,,,,0,,,62,84
14592,set_tempo,,,,,9600,1,0,,1200000,,,,,,,
14972,note_off,,,,,0,0,5,,,,,4,,,62,0
14972,note_off,,,,,764,0,4,,,,,3,,,42,0
14972,note_off,,,,,764,0,1,,,,,0,,,62,0
14972,note_off,,,,,764,0,5,,,,,4,,,60,0
14972,note_off,,,,,0,0,6,,,,,5,,,57,0
14972,note_off,,,,,764,0,3,,,,,2,,,57,0
14972,note_off,,,,,764,0,8,,,,,7,,,42,0
14972,note_off,,,,,0,0,8,,,,,7,,,57,0
14972,note_off,,,,,0,0,7,,,,,6,,,62,0
14972,note_off,,,,,764,0,2,,,,,1,,,60,0
14972,note_off,,,,,764,0,6,,,,,5,,,42,0
14972,note_off,,,,,764,0,7,,,,,6,,,60,0
14976,note_on,,,,,0,0,6,,,,,5,,,55,65
14976,note_on,,,,,4,0,6,,,,,5,,,43,65
14976,note_on,,,,,4,0,5,,,,,4,,,58,65
14976,note_on,,,,,4,0,3,,,,,2,,,55,82
14976,note_on,,,,,0,0,5,,,,,4,,,74,65
14976,note_on,,,,,4,0,4,,,,,3,,,43,82
14976,note_on,,,,,4,0,8,,,,,7,,,43,83
14976,note_on,,,,,4,0,2,,,,,1,,,58,82
14976,note_on,,,,,0,0,8,,,,,7,,,55,83
14976,note_on,,,,,4,0,7,,,,,6,,,58,83
14976,note_on,,,,,0,0,7,,,,,6,,,74,83
14976,note_on,,,,,4,0,1,,,,,0,,,74,84
15356,note_off,,,,,380,0,5,,,,,4,,,58,0
15356,note_off,,,,,380,0,4,,,,,3,,,43,0
15356,note_off,,,,,380,0,2,,,,,1,,,58,0
15356,note_off,,,,,380,0,3,,,,,2,,,55,0
15356,note_off,,,,,0,0,5,,,,,4,,,74,0
15356,note_off,,,,,0,0,6,,,,,5,,,55,0
15356,note_off,,,,,0,0,7,,,,,6,,,74,0
15356,note_off,,,,,380,0,7,,,,,6,,,58,0
15356,note_off,,,,,380,0,8,,,,,7,,,43,0
15356,note_off,,,,,380,0,6,,,,,5,,,43,0
15356,note_off,,,,,0,0,8,,,,,7,,,55,0
15356,note_off,,,,,380,0,1,,,,,0,,,74,0
15360,note_on,,,,,0,0,7,,,,,6,,,72,83
15360,note_on,,,,,4,0,7,,,,,6,,,63,83
15360,note_on,,,,,4,0,4,,,,,3,,,45,82
15360,note_on,,,,,0,0,5,,,,,4,,,72,65
15360,note_on,,,,,4,0,5,,,,,4,,,63,65
15360,note_on,,,,,4,0,1,,,,,0,,,72,84
15360,note_on,,,,,4,0,3,,,,,2,,,55,82
15360,note_on,,,,,4,0,2,,,,,1,,,63,82
15360,note_on,,,,,4,0,8,,,,,7,,,45,83
15360,note_on,,,,,0,0,8,,,,,7,,,55,83
15360,note_on,,,,,4,0,6,,,,,5,,,45,65
15360,note_on,,,,,0,0,6,,,,,5,,,55,65
15548,note_off,,,,,188,0,3,,,,,2,,,55,0
15548,note_off,,,,,188,0,6,,,,,5,,,55,0
15548,note_off,,,,,188,0,8,,,,,7,,,55,0
15552,note_on,,,,,4,0,8,,,,,7,,,54,83
15552,note_on,,,,,4,0,6,,,,,5,,,54,65
15552,note_on,,,,,4,0,3,,,,,2,,,54,82
15740,note_off,,,,,0,0,6,,,,,5,,,54,0
15740,note_off,,,,,380,0,5,,,,,4,,,63,0
15740,note_off,,,,,380,0,4,,,,,3,,,45,0
15740,note_off,,,,,0,0,5,,,,,4,,,72,0
15740,note_off,,,,,0,0,8,,,,,7,,,54,0
15740,note_off,,,,,188,0,8,,,,,7,,,45,0
15740,note_off,,,,,380,0,1,,,,,0,,,72,0
15740,note_off,,,,,380,0,7,,,,,6,,,63,0
15740,note_off,,,,,0,0,7,,,,,6,,,72,0
15740,note_off,,,,,380,0,2,,,,,1,,,63,0
15740,note_off,,,,,188,0,3,,,,,2,,,54,0
15740,note_off,,,,,188,0,6,,,,,5,,,45,0
15744,note_on,,,,,4,0,6,,,,,5,,,46,65
15744,note_on,,,,,4,0,3,,,,,2,,,55,82
15744,note_on,,,,,0,0,6,,,,,5,,,55,65
15744,note_on,,,,,0,0,7,,,,,6,,,70,83
15744,note_on,,,,,0,0,8,,,,,7,,,55,83
15744,note_on,,,,,4,0,8,,,,,7,,,46,83
15744,note_on,,,,,0,0,5,,,,,4,,,70,65
15744,note_on,,,,,4,0,5,,,,,4,,,62,65
15744,note_on,,,,,4,0,4,,,,,3,,,46,82
15744,note_on,,,,,4,0,7,,,,,6,,,62,83
15744,note_on,,,,,4,0,1,,,,,0,,,70,84
15744,note_on,,,,,4,0,2,,,,,1,,,62,82
15932,note_off,,,,,188,0,4,,,,,3,,,46,0
15932,note_off,,,,,188,0,8,,,,,7,,,46,0
15932,note_off,,,,,188,0,6,,,,,5,,,46,0
15936,note_on,,,,,4,0,8,,,,,7,,,48,83
15936,note_on,,,,,4,0,4,,,,,3,,,48,82
15936,note_on,,,,,4,0,6,,,,,5,,,48,65
16124,note_off,,,,,188,0,8,,,,,7,,,55,0
16124,note_off,,,,,0,0,8,,,,,7,,,48,0
16124,note_off,,,,,380,0,2,,,,,1,,,62,0
16124,note_off,,,,,380,0,1,,,,,0,,,70,0
16124,note_off,,,,,380,0,7,,,,,6,,,62,0
16124,note_off,,,,,188,0,4,,,,,3,,,48,0
16124,note_off,,,,,188,0,6,,,,,5,,,55,0
16124,note_off,,,,,0,0,6,,,,,5,,,48,0
16124,note_off,,,,,0,0,5,,,,,4,,,70,0
16124,note_off,,,,,380,0,5,,,,,4,,,62,0
16124,note_off,,,,,0,0,7,,,,,6,,,70,0
16124,note_off,,,,,380,0,3,,,,,2,,,55,0
16128,note_on,,,,,4,0,6,,,,,5,,,50,65
16128,note_on,,,,,4,0,2,,,,,1,,,62,82
16128,note_on,,,,,4,0,4,,,,,3,,,50,82
16128,note_on,,,,,0,0,7,,,,,6,,,69,83
16128,note_on,,,,,4,0,1,,,,,0,,,69,84
16128,note_on,,,,,0,0,6,,,,,5,,,55,65
16128,note_on,,,,,4,0,5,,,,,4,,,62,65
16128,note_on,,,,,0,0,5,,,,,4,,,69,65
16128,note_on,,,,,4,0,8,,,,,7,,,50,83
16128,note_on,,,,,0,0,8,,,,,7,,,55,83
16128,note_on,,,,,4,0,7,,,,,6,,,62,83
16128,note_on,,,,,4,0,3,,,,,2,,,55,82
16508,note_off,,,,,380,0,8,,,,,7,,,55,0
16508,note_off,,,,,380,0,6,,,,,5,,,55,0
16508,note_off,,,,,380,0,3,,,,,2,,,55,0
16512,note_on,,,,,4,0,3,,,,,2,,,54,82
16512,note_on,,,,,4,0,8,,,,,7,,,54,83
16512,note_on,,,,,4,0,6,,,,,5,,,54,65
16700,note_off,,,,,572,0,2,,,,,1,,,62,0
16700,note_off,,,,,572,0,5,,,,,4,,,62,0
16700,note_off,,,,,572,0,7,,,,,6,,,62,0
16704,note_on,,,,,4,0,5,,,,,4,,,60,65
16704,note_on,,,,,4,0,2,,,,,1,,,60,82
16704,note_on,,,,,4,0,7,,,,,6,,,60,83
16892,note_off,,,,,0,0,8,,,,,7,,,54,0
16892,note_off,,,,,380,0,8,,,,,7,,,50,0
16892,note_off,,,,,380,0,6,,,,,5,,,50,0
16892,note_off,,,,,0,0,6,,,,,5,,,54,0
16892,note_off,,,,,188,0,7,,,,,6,,,69,0
16892,note_off,,,,,0,0,5,,,,,4,,,60,0
16892,note_off,,,,,188,0,5,,,,,4,,,69,0
16892,note_off,,,,,380,0,3,,,,,2,,,54,0
16892,note_off,,,,,188,0,2,,,,,1,,,60,0
16892,note_off,,,,,764,0,4,,,,,3,,,50,0
16892,note_off,,,,,0,0,7,,,,,6,,,60,0
16892,note_off,,,,,764,0,1,,,,,0,,,69,0
16896,note_on,,,,,0,0,8,,,,,7,,,50,83
16896,note_on,,,,,4,0,8,,,,,7,,,43,83
16896,note_on,,,,,4,0,7,,,,,6,,,59,83
16896,note_on,,,,,4,0,3,,,,,2,,,50,82
16896,note_on,,,,,4,0,1,,,,,0,,,67,84
16896,note_on,,,,,0,0,5,,,,,4,,,67,65
16896,note_on,,,,,4,0,6,,,,,5,,,43,65
16896,note_on,,,,,0,0,6,,,,,5,,,50,65
16896,note_on,,,,,0,0,7,,,,,6,,,67,83
16896,note_on,,,,,4,0,2,,,,,1,,,59,82
16896,note_on,,,,,4,0,5,,,,,4,,,59,65
16896,note_on,,,,,4,0,4,,,,,3,,,43,82
16896,set_tempo,,,,,2304,1,0,,1000000,,,,,,,
18428,note_off,,,,,1532,0,7,,,,,6,,,59,0
18428,end_of_track,,,,,0,1,2,,,,,,,,,
18428,end_of_track,,,,,0,1,3,,,,,,,,,
18428,note_off,,,,,1532,0,3,,,,,2,,,50,0
18428,end_of_track,,,,,0,1,5,,,,,,,,,
18428,note_off,,,,,0,0,5,,,,,4,,,67,0
18428,note_off,,,,,1532,0,1,,,,,0,,,67,0
18428,end_of_track,,,,,0,1,8,,,,,,,,,
18428,note_off,,,,,0,0,8,,,,,7,,,50,0
18428,note_off,,,,,1532,0,8,,,,,7,,,43,0
18428,end_of_track,,,,,0,1,1,,,,,,,,,
18428,end_of_track,,,,,0,1,4,,,,,,,,,
18428,note_off,,,,,1532,0,4,,,,,3,,,43,0
18428,end_of_track,,,,,0,1,7,,,,,,,,,
18428,note_off,,,,,1532,0,2,,,,,1,,,59,0
18428,end_of_track,,,,,0,1,6,,,,,,,,,
18428,note_off,,,,,0,0,6,,,,,5,,,50,0
18428,note_off,,,,,1532,0,6,,,,,5,,,43,0
18428,note_off,,,,,1532,0,5,,,,,4,,,59,0
18428,note_off,,,,,0,0,7,,,,,6,,,67,0
18432,end_of_track,,,,,0,1,0,,,,,,,,,
18432,set_tempo,,,,,1536,1,0,,1200000,,,,,,,
