tick,type,tempo,time,meta,track,numerator,denominator,clocks_per_click,notated_32nd_notes_per_beat,program,channel,note,velocity
0,set_tempo,1034480,0,1,0,,,,,,,,
0,track_name,,0,1,2,,,,,,,,
0,note_on,,0,0,1,,,,,,0,65,92
0,program_change,,0,0,1,,,,,19,0,,
0,track_name,,0,1,1,,,,,,,,
0,track_name,,0,1,3,,,,,,,,
0,time_signature,,0,1,0,3,8,24,8,,,,
96,note_off,,96,0,1,,,,,,0,65,64
96,note_on,,0,0,1,,,,,,0,64,92
192,note_off,,96,0,1,,,,,,0,64,64
192,note_on,,0,0,1,,,,,,0,65,92
288,note_off,,96,0,1,,,,,,0,65,64
288,note_on,,0,0,1,,,,,,0,67,92
384,note_on,,0,0,1,,,,,,0,69,92
384,note_off,,96,0,1,,,,,,0,67,64
480,note_on,,0,0,1,,,,,,0,70,92
480,note_off,,96,0,1,,,,,,0,69,64
576,note_on,,0,0,1,,,,,,0,72,92
576,note_on,,0,0,1,,,,,,0,69,92
576,note_off,,96,0,1,,,,,,0,70,64
576,note_on,,576,0,2,,,,,,0,53,92
672,note_off,,96,0,2,,,,,,0,53,64
672,note_on,,0,0,2,,,,,,0,52,92
768,note_on,,0,0,2,,,,,,0,53,92
768,note_off,,96,0,2,,,,,,0,52,64
768,note_off,,192,0,1,,,,,,0,72,64
768,note_off,,0,0,1,,,,,,0,69,64
768,note_on,,0,0,1,,,,,,0,69,92
768,note_on,,0,0,1,,,,,,0,72,92
864,note_off,,96,0,2,,,,,,0,53,64
864,note_on,,0,0,2,,,,,,0,55,92
960,note_on,,0,0,1,,,,,,0,69,92
960,note_on,,0,0,1,,,,,,0,72,92
960,note_off,,192,0,1,,,,,,0,72,64
960,note_on,,0,0,2,,,,,,0,57,92
960,note_off,,0,0,1,,,,,,0,69,64
960,note_off,,96,0,2,,,,,,0,55,64
1056,note_on,,0,0,2,,,,,,0,58,92
1056,note_off,,96,0,2,,,,,,0,57,64
1152,note_off,,192,0,1,,,,,,0,72,64
1152,note_off,,0,0,1,,,,,,0,69,64
1152,note_on,,0,0,1,,,,,,0,69,92
1152,note_on,,0,0,1,,,,,,0,72,92
1152,note_on,,0,0,2,,,,,,0,60,92
1152,note_off,,96,0,2,,,,,,0,58,64
1344,note_on,,0,0,2,,,,,,0,60,92
1344,note_off,,192,0,2,,,,,,0,60,64
1344,note_off,,0,0,1,,,,,,0,69,64
1344,note_off,,192,0,1,,,,,,0,72,64
1344,note_on,,0,0,1,,,,,,0,70,92
1344,note_on,,0,0,1,,,,,,0,74,92
1440,note_off,,0,0,1,,,,,,0,70,64
1440,note_off,,96,0,1,,,,,,0,74,64
1440,note_on,,0,0,1,,,,,,0,69,92
1440,note_on,,0,0,1,,,,,,0,72,92
1536,note_on,,0,0,2,,,,,,0,60,92
1536,note_off,,192,0,2,,,,,,0,60,64
1536,note_off,,96,0,1,,,,,,0,72,64
1536,note_off,,0,0,1,,,,,,0,69,64
1536,note_on,,0,0,1,,,,,,0,70,92
1536,note_on,,0,0,1,,,,,,0,67,92
1632,note_on,,0,0,1,,,,,,0,69,92
1632,note_on,,0,0,1,,,,,,0,65,92
1632,note_off,,0,0,1,,,,,,0,67,64
1632,note_off,,96,0,1,,,,,,0,70,64
1728,note_on,,0,0,2,,,,,,0,60,92
1728,note_off,,192,0,2,,,,,,0,60,64
1728,note_on,,0,0,1,,,,,,0,64,92
1728,note_off,,96,0,1,,,,,,0,69,64
1728,note_off,,0,0,1,,,,,,0,65,64
1728,note_on,,0,0,1,,,,,,0,67,92
1824,note_off,,96,0,2,,,,,,0,60,64
1824,note_on,,0,0,2,,,,,,0,62,92
1920,note_on,,0,0,2,,,,,,0,60,92
1920,note_off,,96,0,2,,,,,,0,62,64
2016,note_off,,96,0,2,,,,,,0,60,64
2016,note_on,,0,0,2,,,,,,0,58,92
2112,note_off,,96,0,2,,,,,,0,58,64
2112,note_on,,0,0,2,,,,,,0,57,92
2208,note_off,,96,0,2,,,,,,0,57,64
2208,note_on,,0,0,2,,,,,,0,55,92
2304,note_on,,2304,0,3,,,,,,0,41,102
2304,note_off,,576,0,1,,,,,,0,67,64
2304,note_off,,0,0,1,,,,,,0,64,64
2304,note_on,,0,0,1,,,,,,0,65,92
2304,note_off,,96,0,2,,,,,,0,55,64
2304,note_on,,0,0,2,,,,,,0,53,92
2368,note_off,,64,0,1,,,,,,0,65,64
2368,note_on,,0,0,1,,,,,,0,69,92
2432,note_off,,64,0,1,,,,,,0,69,64
2432,note_on,,0,0,1,,,,,,0,72,92
2496,note_on,,0,0,2,,,,,,0,57,92
2496,note_off,,192,0,2,,,,,,0,53,64
2496,note_on,,0,0,1,,,,,,0,65,92
2496,note_off,,64,0,1,,,,,,0,72,64
2560,note_off,,64,0,1,,,,,,0,65,64
2560,note_on,,0,0,1,,,,,,0,69,92
2624,note_on,,0,0,1,,,,,,0,72,92
2624,note_off,,64,0,1,,,,,,0,69,64
2688,note_off,,64,0,1,,,,,,0,72,64
2688,note_on,,0,0,1,,,,,,0,65,92
2688,note_on,,0,0,2,,,,,,0,53,92
2688,note_off,,192,0,2,,,,,,0,57,64
2688,note_off,,384,0,3,,,,,,0,41,64
2752,note_off,,64,0,1,,,,,,0,65,64
2752,note_on,,0,0,1,,,,,,0,69,92
2816,note_off,,64,0,1,,,,,,0,69,64
2816,note_on,,0,0,1,,,,,,0,72,92
2880,note_on,,0,0,1,,,,,,0,65,92
2880,note_off,,64,0,1,,,,,,0,72,64
2880,note_on,,192,0,3,,,,,,0,46,102
2880,note_on,,0,0,2,,,,,,0,58,92
2880,note_off,,192,0,2,,,,,,0,53,64
2944,note_off,,64,0,1,,,,,,0,65,64
2944,note_on,,0,0,1,,,,,,0,70,92
3008,note_off,,64,0,1,,,,,,0,70,64
3008,note_on,,0,0,1,,,,,,0,74,92
3072,note_on,,0,0,1,,,,,,0,65,92
3072,note_off,,192,0,2,,,,,,0,58,64
3072,note_on,,0,0,2,,,,,,0,62,92
3072,note_off,,64,0,1,,,,,,0,74,64
3136,note_off,,64,0,1,,,,,,0,65,64
3136,note_on,,0,0,1,,,,,,0,70,92
3200,note_off,,64,0,1,,,,,,0,70,64
3200,note_on,,0,0,1,,,,,,0,74,92
3264,note_off,,192,0,2,,,,,,0,62,64
3264,note_on,,0,0,2,,,,,,0,58,92
3264,note_off,,384,0,3,,,,,,0,46,64
3264,note_off,,64,0,1,,,,,,0,74,64
3264,note_on,,0,0,1,,,,,,0,65,92
3328,note_on,,0,0,1,,,,,,0,70,92
3328,note_off,,64,0,1,,,,,,0,65,64
3392,note_on,,0,0,1,,,,,,0,74,92
3392,note_off,,64,0,1,,,,,,0,70,64
3456,note_on,,192,0,3,,,,,,0,43,102
3456,note_off,,64,0,1,,,,,,0,74,64
3456,note_on,,0,0,2,,,,,,0,55,92
3456,note_off,,192,0,2,,,,,,0,58,64
3456,note_on,,0,0,1,,,,,,0,67,92
3520,note_on,,0,0,1,,,,,,0,71,92
3520,note_off,,64,0,1,,,,,,0,67,64
3584,note_off,,64,0,1,,,,,,0,71,64
3584,note_on,,0,0,1,,,,,,0,74,92
3648,note_on,,0,0,2,,,,,,0,59,92
3648,note_off,,192,0,2,,,,,,0,55,64
3648,note_off,,64,0,1,,,,,,0,74,64
3648,note_on,,0,0,1,,,,,,0,67,92
3712,note_on,,0,0,1,,,,,,0,71,92
3712,note_off,,64,0,1,,,,,,0,67,64
3776,note_off,,64,0,1,,,,,,0,71,64
3776,note_on,,0,0,1,,,,,,0,74,92
3840,note_off,,192,0,2,,,,,,0,59,64
3840,note_on,,0,0,2,,,,,,0,55,92
3840,note_off,,384,0,3,,,,,,0,43,64
3840,note_off,,64,0,1,,,,,,0,74,64
3840,note_on,,0,0,1,,,,,,0,67,92
3904,note_on,,0,0,1,,,,,,0,71,92
3904,note_off,,64,0,1,,,,,,0,67,64
3968,note_off,,64,0,1,,,,,,0,71,64
3968,note_on,,0,0,1,,,,,,0,74,92
4032,note_off,,64,0,1,,,,,,0,74,64
4032,note_on,,0,0,1,,,,,,0,67,92
4032,note_on,,0,0,2,,,,,,0,60,92
4032,note_off,,192,0,2,,,,,,0,55,64
4032,note_on,,192,0,3,,,,,,0,48,102
4096,note_off,,64,0,1,,,,,,0,67,64
4096,note_on,,0,0,1,,,,,,0,72,92
4160,note_off,,64,0,1,,,,,,0,72,64
4160,note_on,,0,0,1,,,,,,0,76,92
4224,note_off,,192,0,2,,,,,,0,60,64
4224,note_on,,0,0,1,,,,,,0,67,92
4224,note_off,,64,0,1,,,,,,0,76,64
4224,note_on,,0,0,2,,,,,,0,64,92
4288,note_on,,0,0,1,,,,,,0,72,92
4288,note_off,,64,0,1,,,,,,0,67,64
4352,note_on,,0,0,1,,,,,,0,76,92
4352,note_off,,64,0,1,,,,,,0,72,64
4416,note_on,,0,0,2,,,,,,0,60,92
4416,note_off,,64,0,1,,,,,,0,76,64
4416,note_off,,192,0,2,,,,,,0,64,64
4416,note_on,,0,0,1,,,,,,0,67,92
4416,note_off,,384,0,3,,,,,,0,48,64
4480,note_on,,0,0,1,,,,,,0,72,92
4480,note_off,,64,0,1,,,,,,0,67,64
4544,note_on,,0,0,1,,,,,,0,76,92
4544,note_off,,64,0,1,,,,,,0,72,64
4608,note_on,,0,0,2,,,,,,0,57,92
4608,note_off,,192,0,2,,,,,,0,60,64
4608,note_on,,192,0,3,,,,,,0,45,102
4608,note_on,,0,0,1,,,,,,0,69,92
4608,note_off,,64,0,1,,,,,,0,76,64
4672,note_off,,64,0,1,,,,,,0,69,64
4672,note_on,,0,0,1,,,,,,0,73,92
4736,note_on,,0,0,1,,,,,,0,76,92
4736,note_off,,64,0,1,,,,,,0,73,64
4800,note_on,,0,0,2,,,,,,0,61,92
4800,note_off,,64,0,1,,,,,,0,76,64
4800,note_on,,0,0,1,,,,,,0,69,92
4800,note_off,,192,0,2,,,,,,0,57,64
4864,note_off,,64,0,1,,,,,,0,69,64
4864,note_on,,0,0,1,,,,,,0,73,92
4928,note_on,,0,0,1,,,,,,0,76,92
4928,note_off,,64,0,1,,,,,,0,73,64
4992,note_on,,0,0,2,,,,,,0,57,92
4992,note_off,,384,0,3,,,,,,0,45,64
4992,note_off,,64,0,1,,,,,,0,76,64
4992,note_on,,0,0,1,,,,,,0,69,92
4992,note_off,,192,0,2,,,,,,0,61,64
5056,note_on,,0,0,1,,,,,,0,73,92
5056,note_off,,64,0,1,,,,,,0,69,64
5120,note_off,,64,0,1,,,,,,0,73,64
5120,note_on,,0,0,1,,,,,,0,76,92
5184,note_on,,192,0,3,,,,,,0,50,102
5184,note_on,,0,0,2,,,,,,0,62,92
5184,note_off,,192,0,2,,,,,,0,57,64
5184,note_off,,64,0,1,,,,,,0,76,64
5184,note_on,,0,0,1,,,,,,0,69,92
5248,note_on,,0,0,1,,,,,,0,74,92
5248,note_off,,64,0,1,,,,,,0,69,64
5312,note_on,,0,0,1,,,,,,0,77,92
5312,note_off,,64,0,1,,,,,,0,74,64
5376,note_on,,0,0,2,,,,,,0,65,92
5376,note_off,,192,0,2,,,,,,0,62,64
5376,note_off,,64,0,1,,,,,,0,77,64
5376,note_on,,0,0,1,,,,,,0,69,92
5440,note_off,,64,0,1,,,,,,0,69,64
5440,note_on,,0,0,1,,,,,,0,74,92
5504,note_on,,0,0,1,,,,,,0,77,92
5504,note_off,,64,0,1,,,,,,0,74,64
5568,note_on,,0,0,1,,,,,,0,69,92
5568,note_on,,0,0,2,,,,,,0,62,92
5568,note_off,,384,0,3,,,,,,0,50,64
5568,note_off,,192,0,2,,,,,,0,65,64
5568,note_off,,64,0,1,,,,,,0,77,64
5632,note_on,,0,0,1,,,,,,0,74,92
5632,note_off,,64,0,1,,,,,,0,69,64
5696,note_off,,64,0,1,,,,,,0,74,64
5696,note_on,,0,0,1,,,,,,0,77,92
5760,note_on,,0,0,2,,,,,,0,58,92
5760,note_on,,192,0,3,,,,,,0,46,102
5760,note_off,,192,0,2,,,,,,0,62,64
5760,note_off,,64,0,1,,,,,,0,77,64
5760,note_on,,0,0,1,,,,,,0,70,92
5824,note_off,,64,0,1,,,,,,0,70,64
5824,note_on,,0,0,1,,,,,,0,74,92
5888,note_off,,64,0,1,,,,,,0,74,64
5888,note_on,,0,0,1,,,,,,0,79,92
5952,note_off,,64,0,1,,,,,,0,79,64
5952,note_on,,0,0,1,,,,,,0,70,92
5952,note_on,,0,0,2,,,,,,0,62,92
5952,note_off,,192,0,2,,,,,,0,58,64
6016,note_on,,0,0,1,,,,,,0,74,92
6016,note_off,,64,0,1,,,,,,0,70,64
6080,note_off,,64,0,1,,,,,,0,74,64
6080,note_on,,0,0,1,,,,,,0,79,92
6144,note_off,,192,0,2,,,,,,0,62,64
6144,note_off,,384,0,3,,,,,,0,46,64
6144,note_on,,0,0,2,,,,,,0,58,92
6144,note_off,,64,0,1,,,,,,0,79,64
6144,note_on,,0,0,1,,,,,,0,70,92
6208,note_on,,0,0,1,,,,,,0,74,92
6208,note_off,,64,0,1,,,,,,0,70,64
6272,note_on,,0,0,1,,,,,,0,79,92
6272,note_off,,64,0,1,,,,,,0,74,64
6336,note_off,,192,0,2,,,,,,0,58,64
6336,note_on,,192,0,3,,,,,,0,46,102
6336,note_on,,0,0,2,,,,,,0,60,92
6336,note_on,,0,0,2,,,,,,0,58,92
6336,note_off,,64,0,1,,,,,,0,79,64
6336,note_on,,0,0,1,,,,,,0,67,92
6336,note_on,,0,0,1,,,,,,0,76,92
6432,note_on,,0,0,1,,,,,,0,72,92
6432,note_off,,96,0,1,,,,,,0,76,64
6528,note_off,,96,0,1,,,,,,0,72,64
6528,note_on,,0,0,1,,,,,,0,74,92
6624,note_off,,96,0,1,,,,,,0,74,64
6624,note_on,,0,0,1,,,,,,0,76,92
6720,note_on,,0,0,2,,,,,,0,60,92
6720,note_on,,0,0,2,,,,,,0,57,92
6720,note_off,,0,0,2,,,,,,0,58,64
6720,note_off,,384,0,3,,,,,,0,46,64
6720,note_off,,96,0,1,,,,,,0,76,64
6720,note_off,,0,0,1,,,,,,0,67,64
6720,note_on,,0,0,1,,,,,,0,65,92
6720,note_on,,0,0,3,,,,,,0,45,102
6720,note_on,,0,0,1,,,,,,0,77,92
6720,note_off,,384,0,2,,,,,,0,60,64
6912,note_off,,192,0,1,,,,,,0,65,64
6912,note_off,,192,0,3,,,,,,0,45,64
6912,note_on,,0,0,3,,,,,,0,46,102
6912,note_on,,0,0,2,,,,,,0,62,92
6912,note_off,,0,0,2,,,,,,0,57,64
6912,note_off,,192,0,2,,,,,,0,60,64
6912,note_on,,0,0,2,,,,,,0,58,92
6912,note_on,,0,0,1,,,,,,0,65,92
7008,note_on,,0,0,1,,,,,,0,70,92
7008,note_off,,96,0,1,,,,,,0,77,64
7104,note_on,,0,0,1,,,,,,0,67,92
7104,note_off,,96,0,1,,,,,,0,70,64
7104,note_off,,192,0,2,,,,,,0,62,64
7104,note_off,,0,0,2,,,,,,0,58,64
7104,note_on,,0,0,2,,,,,,0,60,92
7104,note_off,,192,0,3,,,,,,0,46,64
7104,note_on,,0,0,3,,,,,,0,48,102
7296,note_on,,0,0,1,,,,,,0,64,92
7296,note_off,,192,0,1,,,,,,0,65,64
7392,note_on,,0,0,1,,,,,,0,65,92
7392,note_off,,96,0,1,,,,,,0,67,64
7488,note_off,,384,0,2,,,,,,0,60,64
7488,note_on,,0,0,3,,,,,,0,41,102
7488,note_on,,0,0,2,,,,,,0,53,92
7488,note_off,,384,0,3,,,,,,0,48,64
7488,note_off,,0,0,1,,,,,,0,64,64
7488,note_on,,0,0,2,,,,,,0,57,92
7488,note_on,,0,0,1,,,,,,0,60,92
7488,note_off,,96,0,1,,,,,,0,65,64
7488,note_on,,0,0,1,,,,,,0,65,92
8064,note_off,,576,0,1,,,,,,0,65,64
8064,note_off,,0,0,2,,,,,,0,53,64
8064,note_on,,0,0,2,,,,,,0,53,92
8064,note_off,,576,0,3,,,,,,0,41,64
8064,note_off,,576,0,2,,,,,,0,57,64
8064,note_off,,0,0,1,,,,,,0,60,64
8064,note_on,,0,0,1,,,,,,0,69,92
8128,note_off,,64,0,2,,,,,,0,53,64
8128,note_on,,0,0,2,,,,,,0,57,92
8192,note_off,,64,0,2,,,,,,0,57,64
8192,note_on,,0,0,2,,,,,,0,60,92
8256,note_on,,0,0,2,,,,,,0,53,92
8256,note_on,,0,0,1,,,,,,0,72,92
8256,note_off,,64,0,2,,,,,,0,60,64
8256,note_off,,192,0,1,,,,,,0,69,64
8320,note_on,,0,0,2,,,,,,0,57,92
8320,note_off,,64,0,2,,,,,,0,53,64
8384,note_on,,0,0,2,,,,,,0,60,92
8384,note_off,,64,0,2,,,,,,0,57,64
8448,note_off,,64,0,2,,,,,,0,60,64
8448,note_on,,0,0,1,,,,,,0,69,92
8448,note_off,,192,0,1,,,,,,0,72,64
8448,note_on,,0,0,2,,,,,,0,53,92
8512,note_on,,0,0,2,,,,,,0,57,92
8512,note_off,,64,0,2,,,,,,0,53,64
8576,note_on,,0,0,2,,,,,,0,60,92
8576,note_off,,64,0,2,,,,,,0,57,64
8640,note_on,,0,0,2,,,,,,0,52,92
8640,note_off,,64,0,2,,,,,,0,60,64
8640,note_on,,0,0,1,,,,,,0,67,92
8640,note_off,,192,0,1,,,,,,0,69,64
8704,note_off,,64,0,2,,,,,,0,52,64
8704,note_on,,0,0,2,,,,,,0,55,92
8768,note_off,,64,0,2,,,,,,0,55,64
8768,note_on,,0,0,2,,,,,,0,60,92
8832,note_on,,0,0,1,,,,,,0,72,92
8832,note_off,,192,0,1,,,,,,0,67,64
8832,note_off,,64,0,2,,,,,,0,60,64
8832,note_on,,0,0,2,,,,,,0,52,92
8896,note_on,,0,0,2,,,,,,0,55,92
8896,note_off,,64,0,2,,,,,,0,52,64
8960,note_off,,64,0,2,,,,,,0,55,64
8960,note_on,,0,0,2,,,,,,0,60,92
9024,note_on,,0,0,2,,,,,,0,52,92
9024,note_off,,64,0,2,,,,,,0,60,64
9024,note_on,,0,0,1,,,,,,0,67,92
9024,note_off,,192,0,1,,,,,,0,72,64
9088,note_on,,0,0,2,,,,,,0,55,92
9088,note_off,,64,0,2,,,,,,0,52,64
9152,note_off,,64,0,2,,,,,,0,55,64
9152,note_on,,0,0,2,,,,,,0,60,92
9216,note_on,,0,0,1,,,,,,0,69,92
9216,note_off,,64,0,2,,,,,,0,60,64
9216,note_off,,192,0,1,,,,,,0,67,64
9216,note_on,,0,0,2,,,,,,0,53,92
9280,note_off,,64,0,2,,,,,,0,53,64
9280,note_on,,0,0,2,,,,,,0,57,92
9344,note_on,,0,0,2,,,,,,0,60,92
9344,note_off,,64,0,2,,,,,,0,57,64
9408,note_off,,64,0,2,,,,,,0,60,64
9408,note_off,,192,0,1,,,,,,0,69,64
9408,note_on,,0,0,2,,,,,,0,53,92
9408,note_on,,0,0,1,,,,,,0,72,92
9472,note_off,,64,0,2,,,,,,0,53,64
9472,note_on,,0,0,2,,,,,,0,57,92
9536,note_on,,0,0,2,,,,,,0,60,92
9536,note_off,,64,0,2,,,,,,0,57,64
9600,note_off,,192,0,1,,,,,,0,72,64
9600,note_off,,64,0,2,,,,,,0,60,64
9600,note_on,,0,0,1,,,,,,0,69,92
9600,note_on,,0,0,2,,,,,,0,53,92
9664,note_off,,64,0,2,,,,,,0,53,64
9664,note_on,,0,0,2,,,,,,0,57,92
9728,note_off,,64,0,2,,,,,,0,57,64
9728,note_on,,0,0,2,,,,,,0,60,92
9792,note_on,,0,0,1,,,,,,0,67,92
9792,note_on,,0,0,1,,,,,,0,64,92
9792,note_off,,192,0,1,,,,,,0,69,64
9792,note_off,,64,0,2,,,,,,0,60,64
9792,note_on,,0,0,2,,,,,,0,48,92
9888,note_on,,0,0,1,,,,,,0,65,92
9888,note_off,,0,0,1,,,,,,0,64,64
9888,note_on,,0,0,1,,,,,,0,62,92
9888,note_off,,96,0,1,,,,,,0,67,64
9984,note_off,,0,0,1,,,,,,0,62,64
9984,note_on,,0,0,1,,,,,,0,64,92
9984,note_on,,0,0,1,,,,,,0,67,92
9984,note_off,,96,0,1,,,,,,0,65,64
10080,note_off,,288,0,2,,,,,,0,48,64
10080,note_on,,0,0,2,,,,,,0,60,92
10176,note_on,,0,0,2,,,,,,0,58,92
10176,note_off,,96,0,2,,,,,,0,60,64
10272,note_off,,96,0,2,,,,,,0,58,64
10272,note_on,,0,0,2,,,,,,0,57,92
10368,note_off,,384,0,1,,,,,,0,67,64
10368,note_on,,0,0,2,,,,,,0,55,92
10368,note_off,,0,0,1,,,,,,0,64,64
10368,note_on,,0,0,1,,,,,,0,70,92
10368,note_off,,96,0,2,,,,,,0,57,64
10432,note_off,,64,0,2,,,,,,0,55,64
10432,note_on,,0,0,2,,,,,,0,58,92
10496,note_on,,0,0,2,,,,,,0,62,92
10496,note_off,,64,0,2,,,,,,0,58,64
10560,note_off,,64,0,2,,,,,,0,62,64
10560,note_on,,0,0,1,,,,,,0,74,92
10560,note_off,,192,0,1,,,,,,0,70,64
10560,note_on,,0,0,2,,,,,,0,55,92
10624,note_off,,64,0,2,,,,,,0,55,64
10624,note_on,,0,0,2,,,,,,0,58,92
10688,note_off,,64,0,2,,,,,,0,58,64
10688,note_on,,0,0,2,,,,,,0,62,92
10752,note_off,,64,0,2,,,,,,0,62,64
10752,note_on,,0,0,2,,,,,,0,55,92
10752,note_on,,0,0,1,,,,,,0,70,92
10752,note_off,,192,0,1,,,,,,0,74,64
10816,note_off,,64,0,2,,,,,,0,55,64
10816,note_on,,0,0,2,,,,,,0,58,92
10880,note_off,,64,0,2,,,,,,0,58,64
10880,note_on,,0,0,2,,,,,,0,62,92
10944,note_off,,64,0,2,,,,,,0,62,64
10944,note_on,,0,0,2,,,,,,0,54,92
10944,note_off,,192,0,1,,,,,,0,70,64
10944,note_on,,0,0,1,,,,,,0,69,92
11008,note_on,,0,0,2,,,,,,0,57,92
11008,note_off,,64,0,2,,,,,,0,54,64
11072,note_on,,0,0,2,,,,,,0,62,92
11072,note_off,,64,0,2,,,,,,0,57,64
11136,note_off,,192,0,1,,,,,,0,69,64
11136,note_on,,0,0,1,,,,,,0,74,92
11136,note_on,,0,0,2,,,,,,0,54,92
11136,note_off,,64,0,2,,,,,,0,62,64
11200,note_on,,0,0,2,,,,,,0,57,92
11200,note_off,,64,0,2,,,,,,0,54,64
11264,note_on,,0,0,2,,,,,,0,62,92
11264,note_off,,64,0,2,,,,,,0,57,64
11328,note_on,,0,0,2,,,,,,0,54,92
11328,note_off,,64,0,2,,,,,,0,62,64
11328,note_off,,192,0,1,,,,,,0,74,64
11328,note_on,,0,0,1,,,,,,0,69,92
11392,note_on,,0,0,2,,,,,,0,57,92
11392,note_off,,64,0,2,,,,,,0,54,64
11456,note_on,,0,0,2,,,,,,0,62,92
11456,note_off,,64,0,2,,,,,,0,57,64
11520,note_on,,0,0,2,,,,,,0,55,92
11520,note_off,,64,0,2,,,,,,0,62,64
11520,note_off,,192,0,1,,,,,,0,69,64
11520,note_on,,0,0,1,,,,,,0,70,92
11584,note_on,,0,0,2,,,,,,0,58,92
11584,note_off,,64,0,2,,,,,,0,55,64
11648,note_off,,64,0,2,,,,,,0,58,64
11648,note_on,,0,0,2,,,,,,0,62,92
11712,note_off,,192,0,1,,,,,,0,70,64
11712,note_off,,64,0,2,,,,,,0,62,64
11712,note_on,,0,0,2,,,,,,0,55,92
11712,note_on,,0,0,1,,,,,,0,74,92
11776,note_off,,64,0,2,,,,,,0,55,64
11776,note_on,,0,0,2,,,,,,0,58,92
11840,note_off,,64,0,2,,,,,,0,58,64
11840,note_on,,0,0,2,,,,,,0,62,92
11904,note_off,,192,0,1,,,,,,0,74,64
11904,note_on,,0,0,1,,,,,,0,70,92
11904,note_off,,64,0,2,,,,,,0,62,64
11904,note_on,,0,0,2,,,,,,0,55,92
11968,note_off,,64,0,2,,,,,,0,55,64
11968,note_on,,0,0,2,,,,,,0,58,92
12032,note_off,,64,0,2,,,,,,0,58,64
12032,note_on,,0,0,2,,,,,,0,62,92
12096,note_off,,64,0,2,,,,,,0,62,64
12096,note_on,,0,0,2,,,,,,0,50,92
12096,note_on,,0,0,1,,,,,,0,66,92
12096,note_off,,192,0,1,,,,,,0,70,64
12096,note_on,,0,0,1,,,,,,0,69,92
12192,note_off,,0,0,1,,,,,,0,66,64
12192,note_on,,0,0,1,,,,,,0,67,92
12192,note_on,,0,0,1,,,,,,0,64,92
12192,note_off,,96,0,1,,,,,,0,69,64
12288,note_on,,0,0,1,,,,,,0,69,92
12288,note_on,,0,0,1,,,,,,0,66,92
12288,note_off,,0,0,1,,,,,,0,64,64
12288,note_off,,96,0,1,,,,,,0,67,64
12384,note_off,,288,0,2,,,,,,0,50,64
12384,note_on,,0,0,2,,,,,,0,51,92
12480,note_on,,0,0,2,,,,,,0,50,92
12480,note_off,,96,0,2,,,,,,0,51,64
12576,note_on,,0,0,2,,,,,,0,48,92
12576,note_off,,96,0,2,,,,,,0,50,64
12672,note_off,,96,0,2,,,,,,0,48,64
12672,note_off,,0,0,1,,,,,,0,66,64
12672,note_on,,0,0,1,,,,,,0,62,92
12672,note_off,,384,0,1,,,,,,0,69,64
12672,note_on,,0,0,2,,,,,,0,46,92
12736,note_off,,64,0,2,,,,,,0,46,64
12736,note_on,,0,0,2,,,,,,0,50,92
12736,note_off,,64,0,1,,,,,,0,62,64
12736,note_on,,0,0,1,,,,,,0,67,92
12800,note_off,,64,0,2,,,,,,0,50,64
12800,note_on,,0,0,2,,,,,,0,55,92
12800,note_off,,64,0,1,,,,,,0,67,64
12800,note_on,,0,0,1,,,,,,0,70,92
12864,note_off,,64,0,2,,,,,,0,55,64
12864,note_on,,0,0,2,,,,,,0,46,92
12864,note_off,,64,0,1,,,,,,0,70,64
12864,note_on,,0,0,1,,,,,,0,62,92
12928,note_on,,0,0,1,,,,,,0,67,92
12928,note_off,,64,0,1,,,,,,0,62,64
12928,note_off,,64,0,2,,,,,,0,46,64
12928,note_on,,0,0,2,,,,,,0,50,92
12992,note_on,,0,0,1,,,,,,0,70,92
12992,note_off,,64,0,2,,,,,,0,50,64
12992,note_on,,0,0,2,,,,,,0,55,92
12992,note_off,,64,0,1,,,,,,0,67,64
13056,note_on,,0,0,1,,,,,,0,62,92
13056,note_off,,64,0,1,,,,,,0,70,64
13056,note_off,,64,0,2,,,,,,0,55,64
13056,note_on,,0,0,2,,,,,,0,46,92
13120,note_on,,0,0,1,,,,,,0,67,92
13120,note_off,,64,0,1,,,,,,0,62,64
13120,note_on,,0,0,2,,,,,,0,50,92
13120,note_off,,64,0,2,,,,,,0,46,64
13184,note_on,,0,0,1,,,,,,0,70,92
13184,note_off,,64,0,1,,,,,,0,67,64
13184,note_off,,64,0,2,,,,,,0,50,64
13184,note_on,,0,0,2,,,,,,0,55,92
13248,note_off,,64,0,1,,,,,,0,70,64
13248,note_on,,0,0,1,,,,,,0,66,92
13248,note_off,,64,0,2,,,,,,0,55,64
13248,note_on,,0,0,2,,,,,,0,45,92
13312,note_on,,0,0,1,,,,,,0,69,92
13312,note_off,,64,0,1,,,,,,0,66,64
13312,note_on,,0,0,2,,,,,,0,48,92
13312,note_off,,64,0,2,,,,,,0,45,64
13376,note_on,,0,0,2,,,,,,0,51,92
13376,note_off,,64,0,2,,,,,,0,48,64
13376,note_on,,0,0,1,,,,,,0,72,92
13376,note_off,,64,0,1,,,,,,0,69,64
13440,note_on,,0,0,2,,,,,,0,45,92
13440,note_off,,64,0,2,,,,,,0,51,64
13440,note_on,,0,0,1,,,,,,0,66,92
13440,note_off,,64,0,1,,,,,,0,72,64
13504,note_on,,0,0,1,,,,,,0,69,92
13504,note_on,,0,0,2,,,,,,0,48,92
13504,note_off,,64,0,1,,,,,,0,66,64
13504,note_off,,64,0,2,,,,,,0,45,64
13568,note_on,,0,0,1,,,,,,0,72,92
13568,note_on,,0,0,2,,,,,,0,51,92
13568,note_off,,64,0,2,,,,,,0,48,64
13568,note_off,,64,0,1,,,,,,0,69,64
13632,note_off,,64,0,2,,,,,,0,51,64
13632,note_on,,0,0,1,,,,,,0,66,92
13632,note_on,,0,0,2,,,,,,0,45,92
13632,note_off,,64,0,1,,,,,,0,72,64
13696,note_on,,0,0,1,,,,,,0,69,92
13696,note_off,,64,0,1,,,,,,0,66,64
13696,note_on,,0,0,2,,,,,,0,48,92
13696,note_off,,64,0,2,,,,,,0,45,64
13760,note_on,,0,0,2,,,,,,0,51,92
13760,note_off,,64,0,2,,,,,,0,48,64
13760,note_off,,64,0,1,,,,,,0,69,64
13760,note_on,,0,0,1,,,,,,0,72,92
13824,note_off,,64,0,1,,,,,,0,72,64
13824,note_on,,0,0,1,,,,,,0,62,92
13824,note_off,,64,0,2,,,,,,0,51,64
13824,note_on,,0,0,2,,,,,,0,46,92
13888,note_off,,64,0,1,,,,,,0,62,64
13888,note_on,,0,0,2,,,,,,0,50,92
13888,note_off,,64,0,2,,,,,,0,46,64
13888,note_on,,0,0,1,,,,,,0,67,92
13952,note_on,,0,0,2,,,,,,0,55,92
13952,note_off,,64,0,2,,,,,,0,50,64
13952,note_off,,64,0,1,,,,,,0,67,64
13952,note_on,,0,0,1,,,,,,0,70,92
14016,note_on,,0,0,1,,,,,,0,62,92
14016,note_off,,64,0,1,,,,,,0,70,64
14016,note_on,,0,0,2,,,,,,0,46,92
14016,note_off,,64,0,2,,,,,,0,55,64
14080,note_on,,0,0,1,,,,,,0,67,92
14080,note_off,,64,0,1,,,,,,0,62,64
14080,note_on,,0,0,2,,,,,,0,50,92
14080,note_off,,64,0,2,,,,,,0,46,64
14144,note_on,,0,0,1,,,,,,0,70,92
14144,note_off,,64,0,1,,,,,,0,67,64
14144,note_on,,0,0,2,,,,,,0,55,92
14144,note_off,,64,0,2,,,,,,0,50,64
14208,note_off,,64,0,1,,,,,,0,70,64
14208,note_on,,0,0,2,,,,,,0,46,92
14208,note_on,,0,0,1,,,,,,0,62,92
14208,note_off,,64,0,2,,,,,,0,55,64
14272,note_off,,64,0,2,,,,,,0,46,64
14272,note_on,,0,0,2,,,,,,0,50,92
14272,note_on,,0,0,1,,,,,,0,67,92
14272,note_off,,64,0,1,,,,,,0,62,64
14336,note_off,,64,0,2,,,,,,0,50,64
14336,note_off,,64,0,1,,,,,,0,67,64
14336,note_on,,0,0,2,,,,,,0,55,92
14336,note_on,,0,0,1,,,,,,0,70,92
14400,note_off,,64,0,2,,,,,,0,55,64
14400,note_off,,64,0,1,,,,,,0,70,64
14400,note_on,,0,0,1,,,,,,0,61,92
14400,note_on,,0,0,2,,,,,,0,55,92
14464,note_off,,64,0,1,,,,,,0,61,64
14464,note_on,,0,0,1,,,,,,0,64,92
14528,note_on,,0,0,1,,,,,,0,69,92
14528,note_off,,64,0,1,,,,,,0,64,64
14592,note_off,,64,0,1,,,,,,0,69,64
14592,note_on,,0,0,1,,,,,,0,61,92
14656,note_off,,64,0,1,,,,,,0,61,64
14656,note_on,,0,0,1,,,,,,0,64,92
14720,note_off,,64,0,1,,,,,,0,64,64
14720,note_on,,0,0,1,,,,,,0,69,92
14784,note_off,,64,0,1,,,,,,0,69,64
14784,note_on,,0,0,1,,,,,,0,61,92
14784,note_on,,0,0,2,,,,,,0,53,92
14784,note_off,,384,0,2,,,,,,0,55,64
14848,note_off,,64,0,1,,,,,,0,61,64
14848,note_on,,0,0,1,,,,,,0,64,92
14912,note_off,,64,0,1,,,,,,0,64,64
14912,note_on,,0,0,1,,,,,,0,69,92
14976,note_off,,64,0,1,,,,,,0,69,64
14976,note_on,,0,0,2,,,,,,0,52,92
14976,note_on,,0,0,1,,,,,,0,67,92
14976,note_off,,192,0,2,,,,,,0,53,64
15072,note_off,,96,0,1,,,,,,0,67,64
15072,note_on,,0,0,1,,,,,,0,65,92
15168,note_on,,0,0,2,,,,,,0,57,92
15168,note_off,,96,0,1,,,,,,0,65,64
15168,note_on,,0,0,1,,,,,,0,64,92
15168,note_off,,192,0,2,,,,,,0,52,64
15264,note_off,,96,0,1,,,,,,0,64,64
15264,note_on,,0,0,1,,,,,,0,74,92
15360,note_on,,0,0,1,,,,,,0,73,92
15360,note_off,,192,0,2,,,,,,0,57,64
15360,note_on,,0,0,2,,,,,,0,45,92
15360,note_off,,96,0,1,,,,,,0,74,64
15456,note_on,,0,0,1,,,,,,0,67,92
15456,note_off,,96,0,1,,,,,,0,73,64
15552,note_off,,192,0,2,,,,,,0,45,64
15552,note_on,,0,0,2,,,,,,0,50,92
15552,note_on,,0,0,1,,,,,,0,65,92
15552,note_on,,0,0,1,,,,,,0,74,92
15552,note_off,,96,0,1,,,,,,0,67,64
15744,note_off,,192,0,2,,,,,,0,50,64
15744,note_on,,0,0,2,,,,,,0,38,92
15840,note_off,,96,0,2,,,,,,0,38,64
15840,note_on,,0,0,2,,,,,,0,50,92
15936,note_off,,96,0,2,,,,,,0,50,64
15936,note_on,,0,0,2,,,,,,0,48,92
16032,note_off,,96,0,2,,,,,,0,48,64
16032,note_on,,0,0,2,,,,,,0,46,92
16128,note_off,,96,0,2,,,,,,0,46,64
16128,note_on,,0,0,2,,,,,,0,45,92
16128,note_off,,576,0,1,,,,,,0,65,64
16128,note_on,,0,0,1,,,,,,0,60,92
16128,note_off,,0,0,1,,,,,,0,74,64
16192,note_on,,0,0,1,,,,,,0,65,92
16192,note_off,,64,0,1,,,,,,0,60,64
16192,note_off,,64,0,2,,,,,,0,45,64
16192,note_on,,0,0,2,,,,,,0,48,92
16256,note_on,,0,0,1,,,,,,0,69,92
16256,note_off,,64,0,1,,,,,,0,65,64
16256,note_off,,64,0,2,,,,,,0,48,64
16256,note_on,,0,0,2,,,,,,0,53,92
16320,note_off,,64,0,1,,,,,,0,69,64
16320,note_on,,0,0,1,,,,,,0,60,92
16320,note_off,,64,0,2,,,,,,0,53,64
16320,note_on,,0,0,2,,,,,,0,45,92
16384,note_off,,64,0,1,,,,,,0,60,64
16384,note_on,,0,0,2,,,,,,0,48,92
16384,note_on,,0,0,1,,,,,,0,65,92
16384,note_off,,64,0,2,,,,,,0,45,64
16448,note_on,,0,0,1,,,,,,0,69,92
16448,note_off,,64,0,1,,,,,,0,65,64
16448,note_on,,0,0,2,,,,,,0,53,92
16448,note_off,,64,0,2,,,,,,0,48,64
16512,note_on,,0,0,2,,,,,,0,45,92
16512,note_on,,0,0,1,,,,,,0,60,92
16512,note_off,,64,0,1,,,,,,0,69,64
16512,note_off,,64,0,2,,,,,,0,53,64
16576,note_on,,0,0,1,,,,,,0,65,92
16576,note_off,,64,0,1,,,,,,0,60,64
16576,note_off,,64,0,2,,,,,,0,45,64
16576,note_on,,0,0,2,,,,,,0,48,92
16640,note_on,,0,0,2,,,,,,0,53,92
16640,note_on,,0,0,1,,,,,,0,69,92
16640,note_off,,64,0,2,,,,,,0,48,64
16640,note_off,,64,0,1,,,,,,0,65,64
16704,note_off,,64,0,2,,,,,,0,53,64
16704,note_on,,0,0,1,,,,,,0,64,92
16704,note_off,,64,0,1,,,,,,0,69,64
16704,note_on,,0,0,2,,,,,,0,43,92
16768,note_on,,0,0,2,,,,,,0,46,92
16768,note_off,,64,0,2,,,,,,0,43,64
16768,note_off,,64,0,1,,,,,,0,64,64
16768,note_on,,0,0,1,,,,,,0,67,92
16832,note_on,,0,0,2,,,,,,0,52,92
16832,note_off,,64,0,2,,,,,,0,46,64
16832,note_off,,64,0,1,,,,,,0,67,64
16832,note_on,,0,0,1,,,,,,0,70,92
16896,note_off,,64,0,1,,,,,,0,70,64
16896,note_on,,0,0,1,,,,,,0,64,92
16896,note_off,,64,0,2,,,,,,0,52,64
16896,note_on,,0,0,2,,,,,,0,43,92
16960,note_off,,64,0,1,,,,,,0,64,64
16960,note_on,,0,0,1,,,,,,0,67,92
16960,note_off,,64,0,2,,,,,,0,43,64
16960,note_on,,0,0,2,,,,,,0,46,92
17024,note_off,,64,0,2,,,,,,0,46,64
17024,note_on,,0,0,2,,,,,,0,52,92
17024,note_off,,64,0,1,,,,,,0,67,64
17024,note_on,,0,0,1,,,,,,0,70,92
17088,note_off,,64,0,2,,,,,,0,52,64
17088,note_on,,0,0,2,,,,,,0,43,92
17088,note_on,,0,0,1,,,,,,0,64,92
17088,note_off,,64,0,1,,,,,,0,70,64
17152,note_off,,64,0,2,,,,,,0,43,64
17152,note_on,,0,0,2,,,,,,0,46,92
17152,note_on,,0,0,1,,,,,,0,67,92
17152,note_off,,64,0,1,,,,,,0,64,64
17216,note_on,,0,0,2,,,,,,0,52,92
17216,note_off,,64,0,1,,,,,,0,67,64
17216,note_off,,64,0,2,,,,,,0,46,64
17216,note_on,,0,0,1,,,,,,0,70,92
17280,note_on,,0,0,1,,,,,,0,60,92
17280,note_off,,64,0,1,,,,,,0,70,64
17280,note_on,,0,0,2,,,,,,0,45,92
17280,note_off,,64,0,2,,,,,,0,52,64
17344,note_on,,0,0,2,,,,,,0,48,92
17344,note_off,,64,0,2,,,,,,0,45,64
17344,note_off,,64,0,1,,,,,,0,60,64
17344,note_on,,0,0,1,,,,,,0,65,92
17408,note_off,,64,0,1,,,,,,0,65,64
17408,note_on,,0,0,1,,,,,,0,69,92
17408,note_on,,0,0,2,,,,,,0,53,92
17408,note_off,,64,0,2,,,,,,0,48,64
17472,note_off,,64,0,1,,,,,,0,69,64
17472,note_on,,0,0,1,,,,,,0,60,92
17472,note_on,,0,0,2,,,,,,0,45,92
17472,note_off,,64,0,2,,,,,,0,53,64
17536,note_off,,64,0,2,,,,,,0,45,64
17536,note_on,,0,0,2,,,,,,0,48,92
17536,note_off,,64,0,1,,,,,,0,60,64
17536,note_on,,0,0,1,,,,,,0,65,92
17600,note_off,,64,0,1,,,,,,0,65,64
17600,note_on,,0,0,1,,,,,,0,69,92
17600,note_off,,64,0,2,,,,,,0,48,64
17600,note_on,,0,0,2,,,,,,0,53,92
17664,note_off,,64,0,1,,,,,,0,69,64
17664,note_off,,64,0,2,,,,,,0,53,64
17664,note_on,,0,0,2,,,,,,0,45,92
17664,note_on,,0,0,1,,,,,,0,60,92
17728,note_off,,64,0,1,,,,,,0,60,64
17728,note_off,,64,0,2,,,,,,0,45,64
17728,note_on,,0,0,2,,,,,,0,48,92
17728,note_on,,0,0,1,,,,,,0,65,92
17792,note_off,,64,0,1,,,,,,0,65,64
17792,note_off,,64,0,2,,,,,,0,48,64
17792,note_on,,0,0,2,,,,,,0,53,92
17792,note_on,,0,0,1,,,,,,0,69,92
17856,note_on,,0,0,2,,,,,,0,53,92
17856,note_on,,0,0,1,,,,,,0,59,92
17856,note_off,,64,0,1,,,,,,0,69,64
17856,note_off,,64,0,2,,,,,,0,53,64
17920,note_on,,0,0,1,,,,,,0,62,92
17920,note_off,,64,0,1,,,,,,0,59,64
17984,note_on,,0,0,1,,,,,,0,67,92
17984,note_off,,64,0,1,,,,,,0,62,64
18048,note_on,,0,0,1,,,,,,0,59,92
18048,note_off,,64,0,1,,,,,,0,67,64
18112,note_on,,0,0,1,,,,,,0,62,92
18112,note_off,,64,0,1,,,,,,0,59,64
18176,note_on,,0,0,1,,,,,,0,67,92
18176,note_off,,64,0,1,,,,,,0,62,64
18240,note_off,,64,0,1,,,,,,0,67,64
18240,note_on,,0,0,2,,,,,,0,52,92
18240,note_off,,384,0,2,,,,,,0,53,64
18240,note_on,,0,0,1,,,,,,0,59,92
18304,note_on,,0,0,1,,,,,,0,62,92
18304,note_off,,64,0,1,,,,,,0,59,64
18368,note_on,,0,0,1,,,,,,0,67,92
18368,note_off,,64,0,1,,,,,,0,62,64
18432,note_on,,0,0,1,,,,,,0,65,92
18432,note_off,,64,0,1,,,,,,0,67,64
18432,note_on,,0,0,2,,,,,,0,50,92
18432,note_off,,192,0,2,,,,,,0,52,64
18528,note_on,,0,0,1,,,,,,0,64,92
18528,note_off,,96,0,1,,,,,,0,65,64
18624,note_off,,192,0,2,,,,,,0,50,64
18624,note_on,,0,0,2,,,,,,0,55,92
18624,note_on,,0,0,1,,,,,,0,62,92
18624,note_off,,96,0,1,,,,,,0,64,64
18720,note_on,,0,0,1,,,,,,0,72,92
18720,note_off,,96,0,1,,,,,,0,62,64
18816,note_off,,96,0,1,,,,,,0,72,64
18816,note_on,,0,0,1,,,,,,0,71,92
18816,note_on,,0,0,2,,,,,,0,43,92
18816,note_off,,192,0,2,,,,,,0,55,64
18912,note_on,,0,0,1,,,,,,0,65,92
18912,note_off,,96,0,1,,,,,,0,71,64
19008,note_on,,0,0,1,,,,,,0,64,92
19008,note_on,,0,0,1,,,,,,0,67,92
19008,note_on,,0,0,1,,,,,,0,72,92
19008,note_off,,192,0,2,,,,,,0,43,64
19008,note_on,,0,0,2,,,,,,0,48,92
19008,note_off,,96,0,1,,,,,,0,65,64
19200,note_on,,0,0,2,,,,,,0,36,92
19200,note_off,,192,0,2,,,,,,0,48,64
19392,note_off,,192,0,2,,,,,,0,36,64
19584,note_on,,11520,0,3,,,,,,0,48,102
19584,note_off,,576,0,1,,,,,,0,64,64
19584,note_off,,0,0,1,,,,,,0,67,64
19584,note_off,,0,0,1,,,,,,0,72,64
19584,note_on,,0,0,1,,,,,,0,60,92
19584,note_on,,192,0,2,,,,,,0,48,92
19648,note_off,,64,0,1,,,,,,0,60,64
19648,note_on,,0,0,1,,,,,,0,64,92
19712,note_off,,64,0,1,,,,,,0,64,64
19712,note_on,,0,0,1,,,,,,0,67,92
19776,note_off,,192,0,2,,,,,,0,48,64
19776,note_on,,0,0,1,,,,,,0,60,92
19776,note_on,,0,0,2,,,,,,0,52,92
19776,note_off,,64,0,1,,,,,,0,67,64
19840,note_off,,64,0,1,,,,,,0,60,64
19840,note_on,,0,0,1,,,,,,0,64,92
19904,note_off,,64,0,1,,,,,,0,64,64
19904,note_on,,0,0,1,,,,,,0,67,92
19968,note_off,,64,0,1,,,,,,0,67,64
19968,note_on,,0,0,1,,,,,,0,60,92
19968,note_off,,384,0,3,,,,,,0,48,64
19968,note_on,,0,0,2,,,,,,0,48,92
19968,note_off,,192,0,2,,,,,,0,52,64
20032,note_off,,64,0,1,,,,,,0,60,64
20032,note_on,,0,0,1,,,,,,0,64,92
20096,note_on,,0,0,1,,,,,,0,67,92
20096,note_off,,64,0,1,,,,,,0,64,64
20160,note_off,,192,0,2,,,,,,0,48,64
20160,note_on,,192,0,3,,,,,,0,41,102
20160,note_on,,0,0,2,,,,,,0,53,92
20160,note_off,,64,0,1,,,,,,0,67,64
20160,note_on,,0,0,1,,,,,,0,60,92
20224,note_on,,0,0,1,,,,,,0,65,92
20224,note_off,,64,0,1,,,,,,0,60,64
20288,note_off,,64,0,1,,,,,,0,65,64
20288,note_on,,0,0,1,,,,,,0,69,92
20352,note_on,,0,0,2,,,,,,0,57,92
20352,note_off,,192,0,2,,,,,,0,53,64
20352,note_off,,64,0,1,,,,,,0,69,64
20352,note_on,,0,0,1,,,,,,0,60,92
20416,note_off,,64,0,1,,,,,,0,60,64
20416,note_on,,0,0,1,,,,,,0,65,92
20480,note_on,,0,0,1,,,,,,0,69,92
20480,note_off,,64,0,1,,,,,,0,65,64
20544,note_off,,192,0,2,,,,,,0,57,64
20544,note_on,,0,0,2,,,,,,0,53,92
20544,note_off,,384,0,3,,,,,,0,41,64
20544,note_off,,64,0,1,,,,,,0,69,64
20544,note_on,,0,0,1,,,,,,0,60,92
20608,note_off,,64,0,1,,,,,,0,60,64
20608,note_on,,0,0,1,,,,,,0,65,92
20672,note_off,,64,0,1,,,,,,0,65,64
20672,note_on,,0,0,1,,,,,,0,69,92
20736,note_on,,0,0,1,,,,,,0,62,92
20736,note_on,,192,0,3,,,,,,0,50,102
20736,note_on,,0,0,2,,,,,,0,50,92
20736,note_off,,192,0,2,,,,,,0,53,64
20736,note_off,,64,0,1,,,,,,0,69,64
20800,note_on,,0,0,1,,,,,,0,66,92
20800,note_off,,64,0,1,,,,,,0,62,64
20864,note_off,,64,0,1,,,,,,0,66,64
20864,note_on,,0,0,1,,,,,,0,69,92
20928,note_off,,192,0,2,,,,,,0,50,64
20928,note_off,,64,0,1,,,,,,0,69,64
20928,note_on,,0,0,2,,,,,,0,54,92
20928,note_on,,0,0,1,,,,,,0,62,92
20992,note_off,,64,0,1,,,,,,0,62,64
20992,note_on,,0,0,1,,,,,,0,66,92
21056,note_on,,0,0,1,,,,,,0,69,92
21056,note_off,,64,0,1,,,,,,0,66,64
21120,note_on,,0,0,2,,,,,,0,50,92
21120,note_on,,0,0,1,,,,,,0,62,92
21120,note_off,,64,0,1,,,,,,0,69,64
21120,note_off,,384,0,3,,,,,,0,50,64
21120,note_off,,192,0,2,,,,,,0,54,64
21184,note_on,,0,0,1,,,,,,0,66,92
21184,note_off,,64,0,1,,,,,,0,62,64
21248,note_on,,0,0,1,,,,,,0,69,92
21248,note_off,,64,0,1,,,,,,0,66,64
21312,note_off,,192,0,2,,,,,,0,50,64
21312,note_on,,0,0,2,,,,,,0,55,92
21312,note_on,,192,0,3,,,,,,0,43,102
21312,note_off,,64,0,1,,,,,,0,69,64
21312,note_on,,0,0,1,,,,,,0,62,92
21376,note_off,,64,0,1,,,,,,0,62,64
21376,note_on,,0,0,1,,,,,,0,67,92
21440,note_off,,64,0,1,,,,,,0,67,64
21440,note_on,,0,0,1,,,,,,0,71,92
21504,note_off,,64,0,1,,,,,,0,71,64
21504,note_on,,0,0,1,,,,,,0,62,92
21504,note_on,,0,0,2,,,,,,0,59,92
21504,note_off,,192,0,2,,,,,,0,55,64
21568,note_off,,64,0,1,,,,,,0,62,64
21568,note_on,,0,0,1,,,,,,0,67,92
21632,note_on,,0,0,1,,,,,,0,71,92
21632,note_off,,64,0,1,,,,,,0,67,64
21696,note_off,,384,0,3,,,,,,0,43,64
21696,note_on,,0,0,2,,,,,,0,55,92
21696,note_off,,192,0,2,,,,,,0,59,64
21696,note_on,,0,0,1,,,,,,0,62,92
21696,note_off,,64,0,1,,,,,,0,71,64
21760,note_off,,64,0,1,,,,,,0,62,64
21760,note_on,,0,0,1,,,,,,0,67,92
21824,note_on,,0,0,1,,,,,,0,71,92
21824,note_off,,64,0,1,,,,,,0,67,64
21888,note_off,,192,0,2,,,,,,0,55,64
21888,note_on,,0,0,2,,,,,,0,52,92
21888,note_on,,192,0,3,,,,,,0,52,102
21888,note_on,,0,0,1,,,,,,0,64,92
21888,note_off,,64,0,1,,,,,,0,71,64
21952,note_on,,0,0,1,,,,,,0,68,92
21952,note_off,,64,0,1,,,,,,0,64,64
22016,note_on,,0,0,1,,,,,,0,71,92
22016,note_off,,64,0,1,,,,,,0,68,64
22080,note_on,,0,0,1,,,,,,0,64,92
22080,note_off,,64,0,1,,,,,,0,71,64
22080,note_off,,192,0,2,,,,,,0,52,64
22080,note_on,,0,0,2,,,,,,0,56,92
22144,note_on,,0,0,1,,,,,,0,68,92
22144,note_off,,64,0,1,,,,,,0,64,64
22208,note_on,,0,0,1,,,,,,0,71,92
22208,note_off,,64,0,1,,,,,,0,68,64
22272,note_on,,0,0,2,,,,,,0,52,92
22272,note_off,,192,0,2,,,,,,0,56,64
22272,note_off,,384,0,3,,,,,,0,52,64
22272,note_on,,0,0,1,,,,,,0,64,92
22272,note_off,,64,0,1,,,,,,0,71,64
22336,note_off,,64,0,1,,,,,,0,64,64
22336,note_on,,0,0,1,,,,,,0,68,92
22400,note_off,,64,0,1,,,,,,0,68,64
22400,note_on,,0,0,1,,,,,,0,71,92
22464,note_off,,192,0,2,,,,,,0,52,64
22464,note_off,,64,0,1,,,,,,0,71,64
22464,note_on,,0,0,1,,,,,,0,64,92
22464,note_on,,192,0,3,,,,,,0,45,102
22464,note_on,,0,0,2,,,,,,0,57,92
22528,note_on,,0,0,1,,,,,,0,69,92
22528,note_off,,64,0,1,,,,,,0,64,64
22592,note_off,,64,0,1,,,,,,0,69,64
22592,note_on,,0,0,1,,,,,,0,72,92
22656,note_on,,0,0,1,,,,,,0,64,92
22656,note_off,,64,0,1,,,,,,0,72,64
22656,note_off,,192,0,2,,,,,,0,57,64
22656,note_on,,0,0,2,,,,,,0,60,92
22720,note_on,,0,0,1,,,,,,0,69,92
22720,note_off,,64,0,1,,,,,,0,64,64
22784,note_on,,0,0,1,,,,,,0,72,92
22784,note_off,,64,0,1,,,,,,0,69,64
22848,note_off,,192,0,2,,,,,,0,60,64
22848,note_off,,64,0,1,,,,,,0,72,64
22848,note_on,,0,0,1,,,,,,0,64,92
22848,note_on,,0,0,2,,,,,,0,57,92
22848,note_off,,384,0,3,,,,,,0,45,64
22912,note_off,,64,0,1,,,,,,0,64,64
22912,note_on,,0,0,1,,,,,,0,69,92
22976,note_on,,0,0,1,,,,,,0,72,92
22976,note_off,,64,0,1,,,,,,0,69,64
23040,note_off,,64,0,1,,,,,,0,72,64
23040,note_on,,192,0,3,,,,,,0,51,102
23040,note_on,,0,0,2,,,,,,0,54,92
23040,note_on,,0,0,2,,,,,,0,59,92
23040,note_off,,192,0,2,,,,,,0,57,64
23040,note_on,,0,0,1,,,,,,0,66,92
23104,note_on,,0,0,1,,,,,,0,69,92
23104,note_off,,64,0,1,,,,,,0,66,64
23168,note_off,,64,0,1,,,,,,0,69,64
23168,note_on,,0,0,1,,,,,,0,71,92
23232,note_off,,64,0,1,,,,,,0,71,64
23232,note_on,,0,0,1,,,,,,0,66,92
23296,note_off,,64,0,1,,,,,,0,66,64
23296,note_on,,0,0,1,,,,,,0,69,92
23360,note_off,,64,0,1,,,,,,0,69,64
23360,note_on,,0,0,1,,,,,,0,71,92
23424,note_off,,384,0,3,,,,,,0,51,64
23424,note_off,,64,0,1,,,,,,0,71,64
23424,note_on,,0,0,1,,,,,,0,66,92
23488,note_off,,64,0,1,,,,,,0,66,64
23488,note_on,,0,0,1,,,,,,0,69,92
23552,note_on,,0,0,1,,,,,,0,71,92
23552,note_off,,64,0,1,,,,,,0,69,64
23616,note_off,,64,0,1,,,,,,0,71,64
23616,note_on,,0,0,1,,,,,,0,68,92
23616,note_on,,0,0,2,,,,,,0,52,92
23616,note_off,,576,0,2,,,,,,0,54,64
23616,note_on,,192,0,3,,,,,,0,52,102
23712,note_off,,96,0,1,,,,,,0,68,64
23712,note_on,,0,0,1,,,,,,0,64,92
23808,note_on,,0,0,3,,,,,,0,50,102
23808,note_off,,192,0,3,,,,,,0,52,64
23808,note_on,,0,0,1,,,,,,0,66,92
23808,note_off,,96,0,1,,,,,,0,64,64
23904,note_off,,96,0,1,,,,,,0,66,64
23904,note_on,,0,0,1,,,,,,0,68,92
24000,note_on,,0,0,2,,,,,,0,57,92
24000,note_off,,0,0,2,,,,,,0,59,64
24000,note_off,,192,0,3,,,,,,0,50,64
24000,note_on,,0,0,3,,,,,,0,48,102
24000,note_off,,384,0,2,,,,,,0,52,64
24000,note_on,,0,0,1,,,,,,0,69,92
24000,note_off,,96,0,1,,,,,,0,68,64
24096,note_off,,96,0,1,,,,,,0,69,64
24096,note_on,,0,0,1,,,,,,0,71,92
24192,note_off,,192,0,3,,,,,,0,48,64
24192,note_on,,0,0,1,,,,,,0,72,92
24192,note_on,,0,0,3,,,,,,0,45,102
24192,note_off,,96,0,1,,,,,,0,71,64
24288,note_off,,96,0,1,,,,,,0,72,64
24288,note_on,,0,0,1,,,,,,0,74,92
24384,note_off,,192,0,3,,,,,,0,45,64
24384,note_on,,0,0,3,,,,,,0,52,102
24384,note_off,,96,0,1,,,,,,0,74,64
24384,note_on,,0,0,1,,,,,,0,71,92
24576,note_off,,576,0,2,,,,,,0,57,64
24576,note_on,,0,0,2,,,,,,0,56,92
24672,note_off,,288,0,1,,,,,,0,71,64
24672,note_on,,0,0,1,,,,,,0,69,92
24768,note_on,,0,0,2,,,,,,0,52,92
24768,note_on,,0,0,2,,,,,,0,57,92
24768,note_off,,192,0,2,,,,,,0,56,64
24768,note_on,,0,0,1,,,,,,0,64,92
24768,note_on,,0,0,1,,,,,,0,69,92
24768,note_off,,384,0,3,,,,,,0,52,64
24768,note_off,,96,0,1,,,,,,0,69,64
24768,note_on,,0,0,1,,,,,,0,60,92
24768,note_on,,0,0,3,,,,,,0,45,102
25344,note_off,,576,0,2,,,,,,0,57,64
25344,note_off,,0,0,2,,,,,,0,52,64
25344,note_off,,576,0,3,,,,,,0,45,64
25344,note_on,,0,0,1,,,,,,0,65,92
25344,note_off,,0,0,1,,,,,,0,60,64
25344,note_off,,0,0,1,,,,,,0,64,64
25344,note_off,,576,0,1,,,,,,0,69,64
25440,note_on,,0,0,1,,,,,,0,64,92
25440,note_off,,96,0,1,,,,,,0,65,64
25536,note_on,,0,0,1,,,,,,0,65,92
25536,note_off,,96,0,1,,,,,,0,64,64
25632,note_on,,0,0,1,,,,,,0,67,92
25632,note_off,,96,0,1,,,,,,0,65,64
25728,note_on,,0,0,1,,,,,,0,69,92
25728,note_off,,96,0,1,,,,,,0,67,64
25824,note_off,,96,0,1,,,,,,0,69,64
25824,note_on,,0,0,1,,,,,,0,70,92
25920,note_on,,576,0,2,,,,,,0,53,92
25920,note_off,,96,0,1,,,,,,0,70,64
25920,note_on,,0,0,1,,,,,,0,69,92
25920,note_on,,0,0,1,,,,,,0,72,92
26016,note_on,,0,0,2,,,,,,0,52,92
26016,note_off,,96,0,2,,,,,,0,53,64
26112,note_off,,192,0,1,,,,,,0,72,64
26112,note_on,,0,0,1,,,,,,0,72,92
26112,note_on,,0,0,1,,,,,,0,69,92
26112,note_off,,0,0,1,,,,,,0,69,64
26112,note_off,,96,0,2,,,,,,0,52,64
26112,note_on,,0,0,2,,,,,,0,53,92
26208,note_off,,96,0,2,,,,,,0,53,64
26208,note_on,,0,0,2,,,,,,0,55,92
26304,note_off,,96,0,2,,,,,,0,55,64
26304,note_on,,0,0,2,,,,,,0,57,92
26304,note_off,,192,0,1,,,,,,0,72,64
26304,note_off,,0,0,1,,,,,,0,69,64
26304,note_on,,0,0,1,,,,,,0,69,92
26304,note_on,,0,0,1,,,,,,0,72,92
26400,note_off,,96,0,2,,,,,,0,57,64
26400,note_on,,0,0,2,,,,,,0,58,92
26496,note_off,,192,0,1,,,,,,0,72,64
26496,note_on,,0,0,1,,,,,,0,69,92
26496,note_on,,0,0,1,,,,,,0,72,92
26496,note_off,,0,0,1,,,,,,0,69,64
26496,note_on,,0,0,2,,,,,,0,60,92
26496,note_off,,96,0,2,,,,,,0,58,64
26688,note_off,,0,0,1,,,,,,0,69,64
26688,note_off,,192,0,1,,,,,,0,72,64
26688,note_on,,0,0,1,,,,,,0,74,92
26688,note_on,,0,0,2,,,,,,0,60,92
26688,note_off,,192,0,2,,,,,,0,60,64
26688,note_on,,0,0,1,,,,,,0,70,92
26784,note_on,,0,0,1,,,,,,0,72,92
26784,note_off,,0,0,1,,,,,,0,70,64
26784,note_off,,96,0,1,,,,,,0,74,64
26784,note_on,,0,0,1,,,,,,0,69,92
26880,note_on,,0,0,2,,,,,,0,60,92
26880,note_off,,192,0,2,,,,,,0,60,64
26880,note_on,,0,0,1,,,,,,0,67,92
26880,note_off,,96,0,1,,,,,,0,72,64
26880,note_on,,0,0,1,,,,,,0,70,92
26880,note_off,,0,0,1,,,,,,0,69,64
26976,note_on,,0,0,1,,,,,,0,69,92
26976,note_on,,0,0,1,,,,,,0,65,92
26976,note_off,,0,0,1,,,,,,0,67,64
26976,note_off,,96,0,1,,,,,,0,70,64
27072,note_off,,0,0,1,,,,,,0,65,64
27072,note_off,,192,0,2,,,,,,0,60,64
27072,note_on,,0,0,2,,,,,,0,60,92
27072,note_on,,0,0,1,,,,,,0,67,92
27072,note_on,,0,0,1,,,,,,0,64,92
27072,note_off,,96,0,1,,,,,,0,69,64
27168,note_off,,96,0,2,,,,,,0,60,64
27168,note_on,,0,0,2,,,,,,0,62,92
27264,note_on,,0,0,2,,,,,,0,60,92
27264,note_off,,96,0,2,,,,,,0,62,64
27360,note_off,,96,0,2,,,,,,0,60,64
27360,note_on,,0,0,2,,,,,,0,58,92
27456,note_off,,96,0,2,,,,,,0,58,64
27456,note_on,,0,0,2,,,,,,0,57,92
27552,note_on,,0,0,2,,,,,,0,55,92
27552,note_off,,96,0,2,,,,,,0,57,64
27648,note_off,,576,0,1,,,,,,0,67,64
27648,note_off,,96,0,2,,,,,,0,55,64
27648,note_on,,0,0,2,,,,,,0,53,92
27648,note_on,,2304,0,3,,,,,,0,41,102
27648,note_off,,0,0,1,,,,,,0,64,64
27648,note_on,,0,0,1,,,,,,0,65,92
27712,note_off,,64,0,1,,,,,,0,65,64
27712,note_on,,0,0,1,,,,,,0,69,92
27776,note_off,,64,0,1,,,,,,0,69,64
27776,note_on,,0,0,1,,,,,,0,72,92
27840,note_on,,0,0,2,,,,,,0,57,92
27840,note_off,,192,0,2,,,,,,0,53,64
27840,note_off,,64,0,1,,,,,,0,72,64
27840,note_on,,0,0,1,,,,,,0,65,92
27904,note_off,,64,0,1,,,,,,0,65,64
27904,note_on,,0,0,1,,,,,,0,69,92
27968,note_off,,64,0,1,,,,,,0,69,64
27968,note_on,,0,0,1,,,,,,0,72,92
28032,note_on,,0,0,1,,,,,,0,65,92
28032,note_off,,64,0,1,,,,,,0,72,64
28032,note_on,,0,0,2,,,,,,0,53,92
28032,note_off,,384,0,3,,,,,,0,41,64
28032,note_off,,192,0,2,,,,,,0,57,64
28096,note_on,,0,0,1,,,,,,0,69,92
28096,note_off,,64,0,1,,,,,,0,65,64
28160,note_off,,64,0,1,,,,,,0,69,64
28160,note_on,,0,0,1,,,,,,0,72,92
28224,note_off,,64,0,1,,,,,,0,72,64
28224,note_on,,0,0,1,,,,,,0,65,92
28224,note_on,,192,0,3,,,,,,0,46,102
28224,note_on,,0,0,2,,,,,,0,58,92
28224,note_off,,192,0,2,,,,,,0,53,64
28288,note_on,,0,0,1,,,,,,0,70,92
28288,note_off,,64,0,1,,,,,,0,65,64
28352,note_off,,64,0,1,,,,,,0,70,64
28352,note_on,,0,0,1,,,,,,0,74,92
28416,note_off,,64,0,1,,,,,,0,74,64
28416,note_on,,0,0,1,,,,,,0,65,92
28416,note_off,,192,0,2,,,,,,0,58,64
28416,note_on,,0,0,2,,,,,,0,62,92
28480,note_on,,0,0,1,,,,,,0,70,92
28480,note_off,,64,0,1,,,,,,0,65,64
28544,note_on,,0,0,1,,,,,,0,74,92
28544,note_off,,64,0,1,,,,,,0,70,64
28608,note_off,,192,0,2,,,,,,0,62,64
28608,note_off,,64,0,1,,,,,,0,74,64
28608,note_on,,0,0,1,,,,,,0,65,92
28608,note_off,,384,0,3,,,,,,0,46,64
28608,note_on,,0,0,2,,,,,,0,58,92
28672,note_off,,64,0,1,,,,,,0,65,64
28672,note_on,,0,0,1,,,,,,0,70,92
28736,note_on,,0,0,1,,,,,,0,74,92
28736,note_off,,64,0,1,,,,,,0,70,64
28800,note_off,,64,0,1,,,,,,0,74,64
28800,note_on,,0,0,1,,,,,,0,67,92
28800,note_on,,192,0,3,,,,,,0,43,102
28800,note_on,,0,0,2,,,,,,0,55,92
28800,note_off,,192,0,2,,,,,,0,58,64
28864,note_off,,64,0,1,,,,,,0,67,64
28864,note_on,,0,0,1,,,,,,0,71,92
28928,note_on,,0,0,1,,,,,,0,74,92
28928,note_off,,64,0,1,,,,,,0,71,64
28992,note_off,,64,0,1,,,,,,0,74,64
28992,note_on,,0,0,1,,,,,,0,67,92
28992,note_on,,0,0,2,,,,,,0,59,92
28992,note_off,,192,0,2,,,,,,0,55,64
29056,note_off,,64,0,1,,,,,,0,67,64
29056,note_on,,0,0,1,,,,,,0,71,92
29120,note_off,,64,0,1,,,,,,0,71,64
29120,note_on,,0,0,1,,,,,,0,74,92
29184,note_off,,384,0,3,,,,,,0,43,64
29184,note_off,,64,0,1,,,,,,0,74,64
29184,note_on,,0,0,1,,,,,,0,67,92
29184,note_off,,192,0,2,,,,,,0,59,64
29184,note_on,,0,0,2,,,,,,0,55,92
29248,note_off,,64,0,1,,,,,,0,67,64
29248,note_on,,0,0,1,,,,,,0,71,92
29312,note_on,,0,0,1,,,,,,0,74,92
29312,note_off,,64,0,1,,,,,,0,71,64
29376,note_off,,64,0,1,,,,,,0,74,64
29376,note_off,,192,0,2,,,,,,0,55,64
29376,note_on,,0,0,1,,,,,,0,67,92
29376,note_on,,0,0,2,,,,,,0,60,92
29376,note_on,,192,0,3,,,,,,0,48,102
29440,note_off,,64,0,1,,,,,,0,67,64
29440,note_on,,0,0,1,,,,,,0,72,92
29504,note_off,,64,0,1,,,,,,0,72,64
29504,note_on,,0,0,1,,,,,,0,76,92
29568,note_on,,0,0,2,,,,,,0,64,92
29568,note_off,,192,0,2,,,,,,0,60,64
29568,note_on,,0,0,1,,,,,,0,67,92
29568,note_off,,64,0,1,,,,,,0,76,64
29632,note_off,,64,0,1,,,,,,0,67,64
29632,note_on,,0,0,1,,,,,,0,72,92
29696,note_off,,64,0,1,,,,,,0,72,64
29696,note_on,,0,0,1,,,,,,0,76,92
29760,note_on,,0,0,2,,,,,,0,60,92
29760,note_off,,64,0,1,,,,,,0,76,64
29760,note_on,,0,0,1,,,,,,0,67,92
29760,note_off,,384,0,3,,,,,,0,48,64
29760,note_off,,192,0,2,,,,,,0,64,64
29824,note_off,,64,0,1,,,,,,0,67,64
29824,note_on,,0,0,1,,,,,,0,72,92
29888,note_off,,64,0,1,,,,,,0,72,64
29888,note_on,,0,0,1,,,,,,0,76,92
29952,note_on,,0,0,1,,,,,,0,69,92
29952,note_off,,64,0,1,,,,,,0,76,64
29952,note_on,,192,0,3,,,,,,0,45,102
29952,note_off,,192,0,2,,,,,,0,60,64
29952,note_on,,0,0,2,,,,,,0,57,92
30016,note_off,,64,0,1,,,,,,0,69,64
30016,note_on,,0,0,1,,,,,,0,73,92
30080,note_off,,64,0,1,,,,,,0,73,64
30080,note_on,,0,0,1,,,,,,0,76,92
30144,note_off,,192,0,2,,,,,,0,57,64
30144,note_on,,0,0,2,,,,,,0,61,92
30144,note_off,,64,0,1,,,,,,0,76,64
30144,note_on,,0,0,1,,,,,,0,69,92
30208,note_off,,64,0,1,,,,,,0,69,64
30208,note_on,,0,0,1,,,,,,0,73,92
30272,note_off,,64,0,1,,,,,,0,73,64
30272,note_on,,0,0,1,,,,,,0,76,92
30336,note_off,,64,0,1,,,,,,0,76,64
30336,note_off,,192,0,2,,,,,,0,61,64
30336,note_on,,0,0,2,,,,,,0,57,92
30336,note_off,,384,0,3,,,,,,0,45,64
30336,note_on,,0,0,1,,,,,,0,69,92
30400,note_off,,64,0,1,,,,,,0,69,64
30400,note_on,,0,0,1,,,,,,0,73,92
30464,note_on,,0,0,1,,,,,,0,76,92
30464,note_off,,64,0,1,,,,,,0,73,64
30528,note_on,,192,0,3,,,,,,0,50,102
30528,note_off,,64,0,1,,,,,,0,76,64
30528,note_on,,0,0,1,,,,,,0,69,92
30528,note_off,,192,0,2,,,,,,0,57,64
30528,note_on,,0,0,2,,,,,,0,62,92
30592,note_on,,0,0,1,,,,,,0,74,92
30592,note_off,,64,0,1,,,,,,0,69,64
30656,note_on,,0,0,1,,,,,,0,77,92
30656,note_off,,64,0,1,,,,,,0,74,64
30720,note_off,,64,0,1,,,,,,0,77,64
30720,note_off,,192,0,2,,,,,,0,62,64
30720,note_on,,0,0,2,,,,,,0,65,92
30720,note_on,,0,0,1,,,,,,0,69,92
30784,note_off,,64,0,1,,,,,,0,69,64
30784,note_on,,0,0,1,,,,,,0,74,92
30848,note_off,,64,0,1,,,,,,0,74,64
30848,note_on,,0,0,1,,,,,,0,77,92
30912,note_off,,64,0,1,,,,,,0,77,64
30912,note_on,,0,0,1,,,,,,0,69,92
30912,note_off,,384,0,3,,,,,,0,50,64
30912,note_on,,0,0,2,,,,,,0,62,92
30912,note_off,,192,0,2,,,,,,0,65,64
30976,note_off,,64,0,1,,,,,,0,69,64
30976,note_on,,0,0,1,,,,,,0,74,92
31040,note_off,,64,0,1,,,,,,0,74,64
31040,note_on,,0,0,1,,,,,,0,77,92
31104,note_on,,0,0,2,,,,,,0,58,92
31104,note_off,,192,0,2,,,,,,0,62,64
31104,note_on,,0,0,1,,,,,,0,70,92
31104,note_off,,64,0,1,,,,,,0,77,64
31104,note_on,,192,0,3,,,,,,0,46,102
31168,note_off,,64,0,1,,,,,,0,70,64
31168,note_on,,0,0,1,,,,,,0,74,92
31232,note_off,,64,0,1,,,,,,0,74,64
31232,note_on,,0,0,1,,,,,,0,79,92
31296,note_off,,64,0,1,,,,,,0,79,64
31296,note_on,,0,0,1,,,,,,0,70,92
31296,note_off,,192,0,2,,,,,,0,58,64
31296,note_on,,0,0,2,,,,,,0,62,92
31360,note_on,,0,0,1,,,,,,0,74,92
31360,note_off,,64,0,1,,,,,,0,70,64
31424,note_on,,0,0,1,,,,,,0,79,92
31424,note_off,,64,0,1,,,,,,0,74,64
31488,note_off,,64,0,1,,,,,,0,79,64
31488,note_on,,0,0,1,,,,,,0,70,92
31488,note_off,,192,0,2,,,,,,0,62,64
31488,note_on,,0,0,2,,,,,,0,58,92
31488,note_off,,384,0,3,,,,,,0,46,64
31552,note_off,,64,0,1,,,,,,0,70,64
31552,note_on,,0,0,1,,,,,,0,74,92
31616,note_off,,64,0,1,,,,,,0,74,64
31616,note_on,,0,0,1,,,,,,0,79,92
31680,note_on,,0,0,2,,,,,,0,58,92
31680,note_on,,0,0,2,,,,,,0,60,92
31680,note_off,,192,0,2,,,,,,0,58,64
31680,note_on,,0,0,1,,,,,,0,67,92
31680,note_on,,0,0,1,,,,,,0,76,92
31680,note_off,,64,0,1,,,,,,0,79,64
31680,note_on,,192,0,3,,,,,,0,46,102
31776,note_off,,96,0,1,,,,,,0,76,64
31776,note_on,,0,0,1,,,,,,0,72,92
31872,note_on,,0,0,1,,,,,,0,74,92
31872,note_off,,96,0,1,,,,,,0,72,64
31968,note_off,,96,0,1,,,,,,0,74,64
31968,note_on,,0,0,1,,,,,,0,76,92
32064,note_off,,0,0,2,,,,,,0,58,64
32064,note_off,,384,0,2,,,,,,0,60,64
32064,note_off,,96,0,1,,,,,,0,76,64
32064,note_off,,0,0,1,,,,,,0,67,64
32064,note_on,,0,0,1,,,,,,0,65,92
32064,note_on,,0,0,1,,,,,,0,77,92
32064,note_on,,0,0,3,,,,,,0,45,102
32064,note_off,,384,0,3,,,,,,0,46,64
32064,note_on,,0,0,2,,,,,,0,60,92
32064,note_on,,0,0,2,,,,,,0,57,92
32256,note_off,,0,0,2,,,,,,0,60,64
32256,note_off,,192,0,2,,,,,,0,57,64
32256,note_off,,192,0,3,,,,,,0,45,64
32256,set_tempo,1200000,32256,1,0,,,,,,,,
32256,note_on,,0,0,2,,,,,,0,62,92
32256,note_on,,0,0,1,,,,,,0,65,92
32256,note_off,,192,0,1,,,,,,0,65,64
32256,note_on,,0,0,3,,,,,,0,46,102
32256,note_on,,0,0,2,,,,,,0,58,92
32352,note_off,,96,0,1,,,,,,0,77,64
32352,note_on,,0,0,1,,,,,,0,70,92
32448,note_on,,0,0,3,,,,,,0,48,102
32448,note_off,,0,0,2,,,,,,0,58,64
32448,note_on,,0,0,2,,,,,,0,60,92
32448,note_on,,0,0,1,,,,,,0,69,92
32448,note_off,,96,0,1,,,,,,0,70,64
32448,note_off,,192,0,3,,,,,,0,46,64
32448,note_off,,192,0,2,,,,,,0,62,64
32496,note_off,,48,0,1,,,,,,0,69,64
32496,note_on,,0,0,1,,,,,,0,67,92
32544,note_on,,0,0,1,,,,,,0,69,92
32544,note_off,,48,0,1,,,,,,0,67,64
32592,note_off,,48,0,1,,,,,,0,69,64
32592,note_on,,0,0,1,,,,,,0,67,92
32640,note_on,,0,0,1,,,,,,0,69,92
32640,note_off,,48,0,1,,,,,,0,67,64
32640,note_off,,0,0,1,,,,,,0,65,64
32640,note_on,,0,0,1,,,,,,0,64,92
32688,note_off,,48,0,1,,,,,,0,69,64
32688,note_on,,0,0,1,,,,,,0,67,92
32736,note_off,,48,0,1,,,,,,0,67,64
32736,note_on,,0,0,1,,,,,,0,65,92
32832,note_off,,96,0,1,,,,,,0,65,64
32832,note_off,,0,0,1,,,,,,0,64,64
32832,note_on,,0,0,1,,,,,,0,60,92
32832,note_on,,0,0,1,,,,,,0,65,92
32832,note_off,,384,0,3,,,,,,0,48,64
32832,note_on,,0,0,3,,,,,,0,41,102
32832,set_tempo,2000000,576,1,0,,,,,,,,
32832,note_off,,384,0,2,,,,,,0,60,64
32832,note_on,,0,0,2,,,,,,0,57,92
32832,note_on,,0,0,2,,,,,,0,53,92
33408,note_off,,576,0,3,,,,,,0,41,64
33408,note_off,,576,0,2,,,,,,0,53,64
33408,note_off,,0,0,2,,,,,,0,57,64
33408,note_off,,576,0,1,,,,,,0,65,64
33408,note_off,,0,0,1,,,,,,0,60,64
33984,set_tempo,833330,1152,1,0,,,,,,,,
33984,time_signature,,0,1,0,4,4,24,8,,,,
33984,program_change,,576,0,1,,,,,19,0,,
34560,note_on,,1152,0,2,,,,,,0,53,92
34752,note_off,,192,0,2,,,,,,0,53,64
34752,note_on,,0,0,2,,,,,,0,55,92
34944,note_off,,192,0,2,,,,,,0,55,64
34944,note_on,,0,0,2,,,,,,0,53,92
35136,note_on,,0,0,2,,,,,,0,55,92
35136,note_off,,192,0,2,,,,,,0,53,64
35328,note_off,,192,0,2,,,,,,0,55,64
35328,note_on,,0,0,2,,,,,,0,57,92
35520,note_off,,192,0,2,,,,,,0,57,64
35520,note_on,,0,0,2,,,,,,0,58,92
35616,note_off,,96,0,2,,,,,,0,58,64
35616,note_on,,0,0,2,,,,,,0,60,92
35712,note_off,,96,0,2,,,,,,0,60,64
35712,note_on,,0,0,2,,,,,,0,58,92
35808,note_on,,0,0,2,,,,,,0,60,92
35808,note_off,,96,0,2,,,,,,0,58,64
35904,note_on,,0,0,2,,,,,,0,58,92
35904,note_off,,96,0,2,,,,,,0,60,64
36000,note_on,,0,0,2,,,,,,0,60,92
36000,note_off,,96,0,2,,,,,,0,58,64
36096,note_on,,0,0,2,,,,,,0,58,92
36096,note_off,,96,0,2,,,,,,0,60,64
36192,note_on,,0,0,2,,,,,,0,60,92
36192,note_off,,96,0,2,,,,,,0,58,64
36288,note_off,,96,0,2,,,,,,0,60,64
36288,note_on,,0,0,2,,,,,,0,57,92
36384,note_off,,96,0,2,,,,,,0,57,64
36384,note_on,,0,0,2,,,,,,0,58,92
36480,note_off,,96,0,2,,,,,,0,58,64
36480,note_on,,0,0,2,,,,,,0,57,92
36576,note_off,,96,0,2,,,,,,0,57,64
36576,note_on,,0,0,2,,,,,,0,58,92
36672,note_on,,0,0,2,,,,,,0,57,92
36672,note_off,,96,0,2,,,,,,0,58,64
36768,note_off,,96,0,2,,,,,,0,57,64
36768,note_on,,0,0,2,,,,,,0,58,92
36864,note_off,,96,0,2,,,,,,0,58,64
36864,note_on,,0,0,2,,,,,,0,57,92
36960,note_off,,96,0,2,,,,,,0,57,64
36960,note_on,,0,0,2,,,,,,0,58,92
37056,note_off,,96,0,2,,,,,,0,58,64
37056,note_on,,0,0,2,,,,,,0,55,92
37248,note_off,,192,0,2,,,,,,0,55,64
37248,note_on,,0,0,2,,,,,,0,57,92
37344,note_off,,96,0,2,,,,,,0,57,64
37344,note_on,,0,0,2,,,,,,0,58,92
37440,note_on,,0,0,2,,,,,,0,60,92
37440,note_off,,96,0,2,,,,,,0,58,64
37632,note_off,,192,0,2,,,,,,0,60,64
37632,note_on,,0,0,2,,,,,,0,58,92
37824,note_off,,192,0,2,,,,,,0,58,64
37824,note_on,,0,0,2,,,,,,0,57,92
38016,note_off,,192,0,2,,,,,,0,57,64
38016,note_on,,0,0,2,,,,,,0,55,92
38208,note_on,,0,0,2,,,,,,0,57,92
38208,note_off,,192,0,2,,,,,,0,55,64
38400,note_on,,4416,0,1,,,,,,0,60,92
38400,note_off,,192,0,2,,,,,,0,57,64
38400,note_on,,0,0,2,,,,,,0,53,92
38592,note_off,,192,0,2,,,,,,0,53,64
38592,note_on,,0,0,2,,,,,,0,58,92
38592,note_off,,192,0,1,,,,,,0,60,64
38592,note_on,,0,0,1,,,,,,0,62,92
38784,note_off,,192,0,1,,,,,,0,62,64
38784,note_off,,192,0,2,,,,,,0,58,64
38784,note_on,,0,0,1,,,,,,0,60,92
38784,note_on,,0,0,2,,,,,,0,57,92
38976,note_on,,0,0,2,,,,,,0,58,92
38976,note_off,,192,0,1,,,,,,0,60,64
38976,note_off,,192,0,2,,,,,,0,57,64
38976,note_on,,0,0,1,,,,,,0,62,92
39168,note_on,,0,0,1,,,,,,0,64,92
39168,note_off,,192,0,1,,,,,,0,62,64
39168,note_off,,192,0,2,,,,,,0,58,64
39168,note_on,,0,0,2,,,,,,0,55,92
39360,note_on,,0,0,1,,,,,,0,65,92
39360,note_off,,192,0,2,,,,,,0,55,64
39360,note_on,,0,0,2,,,,,,0,57,92
39360,note_off,,192,0,1,,,,,,0,64,64
39456,note_off,,96,0,1,,,,,,0,65,64
39456,note_on,,0,0,1,,,,,,0,67,92
39552,note_off,,96,0,1,,,,,,0,67,64
39552,note_on,,0,0,1,,,,,,0,65,92
39648,note_off,,96,0,1,,,,,,0,65,64
39648,note_on,,0,0,1,,,,,,0,67,92
39744,note_on,,0,0,2,,,,,,0,62,92
39744,note_off,,384,0,2,,,,,,0,57,64
39744,note_off,,96,0,1,,,,,,0,67,64
39744,note_on,,0,0,1,,,,,,0,65,92
39840,note_off,,96,0,1,,,,,,0,65,64
39840,note_on,,0,0,1,,,,,,0,67,92
39936,note_on,,0,0,1,,,,,,0,65,92
39936,note_off,,96,0,1,,,,,,0,67,64
40032,note_off,,96,0,1,,,,,,0,65,64
40032,note_on,,0,0,1,,,,,,0,67,92
40128,note_on,,0,0,2,,,,,,0,55,92
40128,note_off,,96,0,1,,,,,,0,67,64
40128,note_on,,0,0,1,,,,,,0,64,92
40128,note_off,,384,0,2,,,,,,0,62,64
40224,note_off,,96,0,1,,,,,,0,64,64
40224,note_on,,0,0,1,,,,,,0,65,92
40320,note_off,,96,0,1,,,,,,0,65,64
40320,note_on,,0,0,1,,,,,,0,64,92
40416,note_on,,0,0,1,,,,,,0,65,92
40416,note_off,,96,0,1,,,,,,0,64,64
40512,note_off,,384,0,2,,,,,,0,55,64
40512,note_on,,0,0,2,,,,,,0,60,92
40512,note_off,,96,0,1,,,,,,0,65,64
40512,note_on,,0,0,1,,,,,,0,64,92
40608,note_on,,0,0,1,,,,,,0,65,92
40608,note_off,,96,0,1,,,,,,0,64,64
40704,note_off,,96,0,1,,,,,,0,65,64
40704,note_on,,0,0,1,,,,,,0,64,92
40800,note_on,,0,0,1,,,,,,0,65,92
40800,note_off,,96,0,1,,,,,,0,64,64
40896,note_off,,96,0,1,,,,,,0,65,64
40896,note_on,,0,0,1,,,,,,0,62,92
41088,note_off,,192,0,1,,,,,,0,62,64
41088,note_on,,0,0,1,,,,,,0,64,92
41184,note_off,,96,0,1,,,,,,0,64,64
41184,note_on,,0,0,1,,,,,,0,65,92
41280,note_off,,96,0,1,,,,,,0,65,64
41280,note_off,,768,0,2,,,,,,0,60,64
41280,note_on,,0,0,2,,,,,,0,59,92
41280,note_on,,0,0,1,,,,,,0,67,92
41472,note_on,,0,0,1,,,,,,0,65,92
41472,note_off,,192,0,1,,,,,,0,67,64
41664,note_off,,384,0,2,,,,,,0,59,64
41664,note_on,,0,0,2,,,,,,0,58,92
41664,note_on,,0,0,1,,,,,,0,64,92
41664,note_off,,192,0,1,,,,,,0,65,64
41856,note_off,,192,0,1,,,,,,0,64,64
41856,note_on,,0,0,1,,,,,,0,60,92
42048,note_on,,0,0,1,,,,,,0,65,92
42048,note_off,,192,0,1,,,,,,0,60,64
42048,note_on,,0,0,2,,,,,,0,57,92
42048,note_off,,384,0,2,,,,,,0,58,64
42240,note_off,,192,0,2,,,,,,0,57,64
42240,note_on,,0,0,2,,,,,,0,53,92
42432,note_on,,0,0,2,,,,,,0,55,92
42432,note_off,,192,0,2,,,,,,0,53,64
42624,note_off,,192,0,2,,,,,,0,55,64
42624,note_on,,0,0,2,,,,,,0,57,92
42720,note_on,,0,0,2,,,,,,0,58,92
42720,note_off,,96,0,2,,,,,,0,57,64
42816,note_off,,768,0,1,,,,,,0,65,64
42816,note_on,,0,0,1,,,,,,0,65,92
42816,note_off,,96,0,2,,,,,,0,58,64
42816,note_on,,0,0,2,,,,,,0,60,92
42864,note_off,,48,0,1,,,,,,0,65,64
42864,note_on,,0,0,1,,,,,,0,64,92
42912,note_on,,0,0,1,,,,,,0,65,92
42912,note_off,,48,0,1,,,,,,0,64,64
42960,note_off,,48,0,1,,,,,,0,65,64
42960,note_on,,0,0,1,,,,,,0,64,92
43008,note_on,,0,0,2,,,,,,0,58,92
43008,note_off,,192,0,2,,,,,,0,60,64
43008,note_on,,0,0,1,,,,,,0,65,92
43008,note_off,,48,0,1,,,,,,0,64,64
43056,note_on,,0,0,1,,,,,,0,64,92
43056,note_off,,48,0,1,,,,,,0,65,64
43104,note_off,,48,0,1,,,,,,0,64,64
43104,note_on,,0,0,1,,,,,,0,65,92
43152,note_off,,48,0,1,,,,,,0,65,64
43152,note_on,,0,0,1,,,,,,0,64,92
43200,note_off,,192,0,2,,,,,,0,58,64
43200,note_off,,48,0,1,,,,,,0,64,64
43200,note_on,,0,0,1,,,,,,0,65,92
43200,note_on,,0,0,2,,,,,,0,57,92
43392,note_off,,192,0,2,,,,,,0,57,64
43392,note_on,,0,0,2,,,,,,0,55,92
43584,note_off,,384,0,1,,,,,,0,65,64
43584,note_on,,0,0,2,,,,,,0,53,92
43584,note_on,,0,0,2,,,,,,0,57,92
43584,note_off,,192,0,2,,,,,,0,55,64
43776,note_on,,192,0,1,,,,,,0,65,92
43968,note_on,,0,0,1,,,,,,0,67,92
43968,note_off,,192,0,1,,,,,,0,65,64
43968,note_off,,384,0,2,,,,,,0,57,64
43968,note_on,,0,0,2,,,,,,0,55,92
44160,note_on,,0,0,1,,,,,,0,65,92
44160,note_off,,192,0,1,,,,,,0,67,64
44352,note_on,,0,0,1,,,,,,0,67,92
44352,note_off,,192,0,1,,,,,,0,65,64
44352,note_on,,0,0,2,,,,,,0,51,92
44352,note_off,,384,0,2,,,,,,0,53,64
44544,note_on,,0,0,1,,,,,,0,69,92
44544,note_off,,192,0,1,,,,,,0,67,64
44736,note_off,,0,0,2,,,,,,0,55,64
44736,note_on,,0,0,2,,,,,,0,50,92
44736,note_on,,0,0,2,,,,,,0,53,92
44736,note_off,,384,0,2,,,,,,0,51,64
44736,note_off,,192,0,1,,,,,,0,69,64
44736,note_on,,0,0,1,,,,,,0,70,92
44832,note_on,,0,0,1,,,,,,0,72,92
44832,note_off,,96,0,1,,,,,,0,70,64
44928,note_on,,0,0,1,,,,,,0,70,92
44928,note_off,,96,0,1,,,,,,0,72,64
45024,note_off,,96,0,1,,,,,,0,70,64
45024,note_on,,0,0,1,,,,,,0,72,92
45120,note_off,,0,0,2,,,,,,0,50,64
45120,note_off,,96,0,1,,,,,,0,72,64
45120,note_on,,0,0,1,,,,,,0,70,92
45120,note_off,,384,0,2,,,,,,0,53,64
45120,note_on,,0,0,2,,,,,,0,55,92
45216,note_off,,96,0,1,,,,,,0,70,64
45216,note_on,,0,0,1,,,,,,0,72,92
45312,note_off,,96,0,1,,,,,,0,72,64
45312,note_on,,0,0,1,,,,,,0,70,92
45408,note_on,,0,0,1,,,,,,0,72,92
45408,note_off,,96,0,1,,,,,,0,70,64
45504,note_off,,96,0,1,,,,,,0,72,64
45504,note_on,,0,0,1,,,,,,0,69,92
45504,note_on,,0,0,2,,,,,,0,52,92
45504,note_on,,0,0,2,,,,,,0,48,92
45504,note_off,,384,0,2,,,,,,0,55,64
45600,note_off,,96,0,1,,,,,,0,69,64
45600,note_on,,0,0,1,,,,,,0,70,92
45696,note_off,,96,0,1,,,,,,0,70,64
45696,note_on,,0,0,1,,,,,,0,69,92
45792,note_on,,0,0,1,,,,,,0,70,92
45792,note_off,,96,0,1,,,,,,0,69,64
45888,note_on,,0,0,2,,,,,,0,53,92
45888,note_on,,0,0,1,,,,,,0,69,92
45888,note_off,,384,0,2,,,,,,0,52,64
45888,note_off,,0,0,2,,,,,,0,48,64
45888,note_off,,96,0,1,,,,,,0,70,64
45984,note_off,,96,0,1,,,,,,0,69,64
45984,note_on,,0,0,1,,,,,,0,70,92
46080,note_off,,96,0,1,,,,,,0,70,64
46080,note_on,,0,0,1,,,,,,0,69,92
46176,note_off,,96,0,1,,,,,,0,69,64
46176,note_on,,0,0,1,,,,,,0,70,92
46272,note_on,,0,0,1,,,,,,0,67,92
46272,note_on,,384,0,2,,,,,,0,55,92
46272,note_off,,96,0,1,,,,,,0,70,64
46464,note_off,,192,0,1,,,,,,0,67,64
46464,note_on,,0,0,1,,,,,,0,69,92
46560,note_on,,0,0,1,,,,,,0,70,92
46560,note_off,,96,0,1,,,,,,0,69,64
46656,note_on,,0,0,1,,,,,,0,72,92
46656,note_off,,96,0,1,,,,,,0,70,64
46656,note_off,,384,0,2,,,,,,0,53,64
46656,note_on,,0,0,2,,,,,,0,52,92
46848,note_on,,0,0,1,,,,,,0,70,92
46848,note_off,,192,0,1,,,,,,0,72,64
47040,note_off,,0,0,2,,,,,,0,55,64
47040,note_off,,384,0,2,,,,,,0,52,64
47040,note_on,,0,0,2,,,,,,0,53,92
47040,note_on,,0,0,1,,,,,,0,69,92
47040,note_off,,192,0,1,,,,,,0,70,64
47232,note_on,,0,0,1,,,,,,0,65,92
47232,note_off,,192,0,1,,,,,,0,69,64
47424,note_on,,0,0,1,,,,,,0,72,92
47424,note_off,,192,0,1,,,,,,0,65,64
47424,note_off,,384,0,2,,,,,,0,53,64
47616,note_on,,192,0,2,,,,,,0,52,92
47616,note_on,,14208,0,3,,,,,,0,48,102
47616,note_on,,192,0,1,,,,,,0,67,92
47808,note_off,,192,0,3,,,,,,0,48,64
47808,note_on,,0,0,1,,,,,,0,65,92
47808,note_off,,192,0,2,,,,,,0,52,64
47808,note_on,,0,0,2,,,,,,0,53,92
47808,note_on,,0,0,3,,,,,,0,50,102
47808,note_off,,192,0,1,,,,,,0,67,64
48000,note_off,,192,0,3,,,,,,0,50,64
48000,note_on,,0,0,3,,,,,,0,48,102
48000,note_off,,192,0,2,,,,,,0,53,64
48000,note_on,,0,0,2,,,,,,0,52,92
48192,note_off,,192,0,3,,,,,,0,48,64
48192,note_on,,0,0,3,,,,,,0,50,102
48192,note_off,,384,0,1,,,,,,0,72,64
48192,note_on,,0,0,1,,,,,,0,70,92
48192,note_off,,192,0,2,,,,,,0,52,64
48192,note_on,,0,0,2,,,,,,0,53,92
48384,note_off,,192,0,1,,,,,,0,65,64
48384,note_on,,0,0,2,,,,,,0,55,92
48384,note_on,,0,0,1,,,,,,0,60,92
48384,note_off,,192,0,3,,,,,,0,50,64
48384,note_off,,192,0,2,,,,,,0,53,64
48384,note_on,,0,0,3,,,,,,0,52,102
48576,note_off,,192,0,3,,,,,,0,52,64
48576,note_on,,0,0,3,,,,,,0,53,102
48576,note_on,,0,0,1,,,,,,0,69,92
48576,note_on,,0,0,1,,,,,,0,60,92
48576,note_on,,0,0,2,,,,,,0,57,92
48576,note_off,,192,0,2,,,,,,0,55,64
48576,note_off,,0,0,1,,,,,,0,70,64
48576,note_off,,192,0,1,,,,,,0,60,64
48672,note_on,,0,0,3,,,,,,0,55,102
48672,note_off,,96,0,3,,,,,,0,53,64
48768,note_on,,0,0,3,,,,,,0,53,102
48768,note_off,,96,0,3,,,,,,0,55,64
48864,note_on,,0,0,3,,,,,,0,55,102
48864,note_off,,96,0,3,,,,,,0,53,64
48960,note_off,,384,0,1,,,,,,0,60,64
48960,note_off,,96,0,3,,,,,,0,55,64
48960,note_on,,0,0,3,,,,,,0,53,102
48960,note_off,,384,0,2,,,,,,0,57,64
48960,note_on,,0,0,1,,,,,,0,62,92
49056,note_off,,96,0,3,,,,,,0,53,64
49056,note_on,,0,0,3,,,,,,0,55,102
49152,note_off,,96,0,3,,,,,,0,55,64
49152,note_on,,0,0,3,,,,,,0,53,102
49248,note_on,,0,0,3,,,,,,0,55,102
49248,note_off,,96,0,3,,,,,,0,53,64
49344,note_off,,384,0,1,,,,,,0,69,64
49344,note_on,,0,0,3,,,,,,0,52,102
49344,note_on,,384,0,2,,,,,,0,55,92
49344,note_off,,96,0,3,,,,,,0,55,64
49344,note_on,,0,0,1,,,,,,0,67,92
49440,note_off,,96,0,3,,,,,,0,52,64
49440,note_on,,0,0,3,,,,,,0,53,102
49536,note_off,,96,0,3,,,,,,0,53,64
49536,note_on,,0,0,3,,,,,,0,52,102
49632,note_off,,96,0,3,,,,,,0,52,64
49632,note_on,,0,0,3,,,,,,0,53,102
49728,note_on,,0,0,1,,,,,,0,60,92
49728,note_off,,384,0,1,,,,,,0,62,64
49728,note_off,,96,0,3,,,,,,0,53,64
49728,note_on,,0,0,3,,,,,,0,52,102
49824,note_on,,0,0,3,,,,,,0,53,102
49824,note_off,,96,0,3,,,,,,0,52,64
49920,note_on,,0,0,3,,,,,,0,52,102
49920,note_off,,96,0,3,,,,,,0,53,64
50016,note_off,,96,0,3,,,,,,0,52,64
50016,note_on,,0,0,3,,,,,,0,53,102
50112,note_off,,96,0,3,,,,,,0,53,64
50112,note_on,,0,0,3,,,,,,0,50,102
50112,note_off,,384,0,1,,,,,,0,67,64
50112,note_off,,768,0,2,,,,,,0,55,64
50112,note_on,,0,0,2,,,,,,0,57,92
50112,note_on,,0,0,1,,,,,,0,65,92
50304,note_on,,0,0,1,,,,,,0,62,92
50304,note_off,,192,0,1,,,,,,0,60,64
50400,note_off,,96,0,1,,,,,,0,62,64
50400,note_on,,0,0,1,,,,,,0,60,92
50496,note_off,,384,0,2,,,,,,0,57,64
50496,note_off,,96,0,1,,,,,,0,60,64
50496,note_on,,0,0,1,,,,,,0,60,92
50496,note_off,,384,0,3,,,,,,0,50,64
50496,note_on,,0,0,2,,,,,,0,55,92
50496,note_on,,0,0,3,,,,,,0,55,102
50544,note_on,,0,0,1,,,,,,0,59,92
50544,note_off,,48,0,1,,,,,,0,60,64
50592,note_on,,0,0,1,,,,,,0,60,92
50592,note_off,,48,0,1,,,,,,0,59,64
50640,note_off,,48,0,1,,,,,,0,60,64
50640,note_on,,0,0,1,,,,,,0,59,92
50688,note_off,,48,0,1,,,,,,0,59,64
50688,note_on,,0,0,1,,,,,,0,60,92
50736,note_on,,0,0,1,,,,,,0,59,92
50736,note_off,,48,0,1,,,,,,0,60,64
50784,note_on,,0,0,1,,,,,,0,60,92
50784,note_off,,48,0,1,,,,,,0,59,64
50832,note_off,,48,0,1,,,,,,0,60,64
50832,note_on,,0,0,1,,,,,,0,59,92
50880,note_off,,48,0,1,,,,,,0,59,64
50880,note_off,,384,0,3,,,,,,0,55,64
50880,note_off,,0,0,1,,,,,,0,65,64
50880,note_on,,0,0,1,,,,,,0,60,92
50880,note_on,,0,0,3,,,,,,0,48,102
50880,note_on,,0,0,1,,,,,,0,64,92
50880,note_on,,0,0,2,,,,,,0,55,92
50880,note_off,,384,0,2,,,,,,0,55,64
51264,note_off,,0,0,1,,,,,,0,60,64
51264,note_off,,384,0,1,,,,,,0,64,64
51264,note_on,,0,0,1,,,,,,0,64,92
51456,note_on,,0,0,2,,,,,,0,53,92
51456,note_off,,576,0,2,,,,,,0,55,64
51648,note_on,,0,0,2,,,,,,0,55,92
51648,note_off,,192,0,2,,,,,,0,53,64
51840,note_off,,192,0,2,,,,,,0,55,64
51840,note_on,,0,0,2,,,,,,0,53,92
52032,note_on,,0,0,1,,,,,,0,63,92
52032,note_off,,192,0,2,,,,,,0,53,64
52032,note_on,,0,0,2,,,,,,0,55,92
52032,note_off,,768,0,1,,,,,,0,64,64
52224,note_on,,0,0,2,,,,,,0,57,92
52224,note_on,,0,0,1,,,,,,0,60,92
52224,note_off,,192,0,2,,,,,,0,55,64
52224,note_off,,192,0,1,,,,,,0,63,64
52416,note_off,,192,0,1,,,,,,0,60,64
52416,note_on,,0,0,1,,,,,,0,62,92
52416,note_off,,1536,0,3,,,,,,0,48,64
52416,note_on,,0,0,3,,,,,,0,55,102
52416,note_off,,192,0,2,,,,,,0,57,64
52416,note_on,,0,0,2,,,,,,0,58,92
52512,note_off,,96,0,2,,,,,,0,58,64
52512,note_on,,0,0,2,,,,,,0,60,92
52608,note_off,,96,0,2,,,,,,0,60,64
52608,note_on,,0,0,2,,,,,,0,58,92
52704,note_off,,96,0,2,,,,,,0,58,64
52704,note_on,,0,0,2,,,,,,0,60,92
52800,note_on,,0,0,1,,,,,,0,67,92
52800,note_off,,96,0,2,,,,,,0,60,64
52800,note_on,,0,0,2,,,,,,0,58,92
52800,note_off,,384,0,1,,,,,,0,62,64
52896,note_off,,96,0,2,,,,,,0,58,64
52896,note_on,,0,0,2,,,,,,0,60,92
52992,note_off,,96,0,2,,,,,,0,60,64
52992,note_on,,0,0,2,,,,,,0,58,92
53088,note_off,,96,0,2,,,,,,0,58,64
53088,note_on,,0,0,2,,,,,,0,60,92
53184,note_on,,0,0,2,,,,,,0,57,92
53184,note_off,,96,0,2,,,,,,0,60,64
53184,note_on,,0,0,3,,,,,,0,50,102
53184,note_off,,768,0,3,,,,,,0,55,64
53280,note_off,,480,0,1,,,,,,0,67,64
53280,note_on,,0,0,1,,,,,,0,69,92
53376,note_off,,96,0,1,,,,,,0,69,64
53376,note_on,,0,0,1,,,,,,0,67,92
53472,note_on,,0,0,1,,,,,,0,69,92
53472,note_off,,96,0,1,,,,,,0,67,64
53568,note_off,,384,0,2,,,,,,0,57,64
53568,note_off,,96,0,1,,,,,,0,69,64
53568,note_on,,0,0,1,,,,,,0,65,92
53568,note_on,,0,0,2,,,,,,0,62,92
53664,note_on,,0,0,1,,,,,,0,67,92
53664,note_off,,96,0,1,,,,,,0,65,64
53760,note_on,,0,0,1,,,,,,0,65,92
53760,note_off,,96,0,1,,,,,,0,67,64
53856,note_on,,0,0,1,,,,,,0,67,92
53856,note_off,,96,0,1,,,,,,0,65,64
53952,note_off,,96,0,1,,,,,,0,67,64
53952,note_on,,0,0,1,,,,,,0,64,92
53952,note_on,,0,0,3,,,,,,0,57,102
53952,note_off,,768,0,3,,,,,,0,50,64
54144,note_off,,576,0,2,,,,,,0,62,64
54144,note_on,,0,0,2,,,,,,0,60,92
54240,note_on,,0,0,2,,,,,,0,59,92
54240,note_off,,96,0,2,,,,,,0,60,64
54336,note_off,,96,0,2,,,,,,0,59,64
54336,note_on,,0,0,2,,,,,,0,60,92
54528,note_on,,0,0,1,,,,,,0,64,92
54528,note_on,,0,0,1,,,,,,0,72,92
54528,note_off,,576,0,1,,,,,,0,64,64
54720,note_on,,0,0,2,,,,,,0,58,92
54720,note_off,,192,0,1,,,,,,0,64,64
54720,note_off,,384,0,2,,,,,,0,60,64
54720,note_on,,0,0,1,,,,,,0,74,92
54720,note_off,,0,0,1,,,,,,0,72,64
54720,note_on,,0,0,1,,,,,,0,65,92
54912,note_off,,192,0,1,,,,,,0,65,64
54912,note_off,,0,0,1,,,,,,0,74,64
54912,note_on,,0,0,1,,,,,,0,72,92
54912,note_on,,0,0,1,,,,,,0,64,92
55104,note_off,,192,0,1,,,,,,0,64,64
55104,note_off,,0,0,1,,,,,,0,72,64
55104,note_on,,0,0,1,,,,,,0,74,92
55104,note_on,,0,0,1,,,,,,0,65,92
55296,note_on,,0,0,1,,,,,,0,67,92
55296,note_off,,192,0,1,,,,,,0,65,64
55296,note_off,,0,0,1,,,,,,0,74,64
55296,note_on,,0,0,1,,,,,,0,76,92
55296,note_off,,1344,0,3,,,,,,0,57,64
55296,note_on,,0,0,3,,,,,,0,55,102
55296,note_off,,576,0,2,,,,,,0,58,64
55296,note_on,,0,0,2,,,,,,0,58,92
55488,note_on,,0,0,1,,,,,,0,69,92
55488,note_on,,0,0,1,,,,,,0,77,92
55488,note_off,,0,0,1,,,,,,0,76,64
55488,note_off,,192,0,1,,,,,,0,67,64
55488,note_on,,0,0,3,,,,,,0,53,102
55488,note_off,,192,0,3,,,,,,0,55,64
55488,note_off,,192,0,2,,,,,,0,58,64
55488,note_on,,0,0,2,,,,,,0,60,92
55584,note_off,,96,0,1,,,,,,0,77,64
55584,note_on,,0,0,1,,,,,,0,79,92
55680,note_off,,96,0,1,,,,,,0,79,64
55680,note_on,,0,0,1,,,,,,0,69,92
55680,note_on,,0,0,1,,,,,,0,77,92
55680,note_off,,0,0,1,,,,,,0,69,64
55776,note_on,,0,0,1,,,,,,0,79,92
55776,note_off,,96,0,1,,,,,,0,77,64
55872,note_on,,0,0,2,,,,,,0,62,92
55872,note_off,,384,0,2,,,,,,0,60,64
55872,note_off,,384,0,3,,,,,,0,53,64
55872,note_off,,96,0,1,,,,,,0,79,64
55872,note_off,,0,0,1,,,,,,0,69,64
55872,note_on,,0,0,1,,,,,,0,77,92
55872,note_on,,0,0,1,,,,,,0,71,92
55872,note_on,,0,0,3,,,,,,0,50,102
55968,note_off,,96,0,1,,,,,,0,77,64
55968,note_on,,0,0,1,,,,,,0,79,92
56064,note_off,,96,0,1,,,,,,0,79,64
56064,note_off,,0,0,1,,,,,,0,71,64
56064,note_on,,0,0,1,,,,,,0,77,92
56064,note_on,,0,0,1,,,,,,0,71,92
56160,note_off,,96,0,1,,,,,,0,77,64
56160,note_on,,0,0,1,,,,,,0,79,92
56256,note_off,,384,0,3,,,,,,0,50,64
56256,note_off,,0,0,1,,,,,,0,71,64
56256,note_on,,0,0,1,,,,,,0,67,92
56256,note_on,,0,0,1,,,,,,0,76,92
56256,note_on,,0,0,3,,,,,,0,52,102
56256,note_on,,0,0,2,,,,,,0,55,92
56256,note_off,,384,0,2,,,,,,0,62,64
56256,note_off,,96,0,1,,,,,,0,79,64
56352,note_off,,96,0,1,,,,,,0,76,64
56352,note_on,,0,0,1,,,,,,0,77,92
56448,note_off,,96,0,1,,,,,,0,77,64
56448,note_off,,0,0,1,,,,,,0,67,64
56448,note_on,,0,0,1,,,,,,0,67,92
56448,note_on,,0,0,1,,,,,,0,76,92
56544,note_on,,0,0,1,,,,,,0,77,92
56544,note_off,,96,0,1,,,,,,0,76,64
56640,note_on,,0,0,1,,,,,,0,67,92
56640,note_off,,0,0,1,,,,,,0,67,64
56640,note_on,,0,0,3,,,,,,0,48,102
56640,note_off,,384,0,3,,,,,,0,52,64
56640,note_off,,96,0,1,,,,,,0,77,64
56640,note_off,,384,0,2,,,,,,0,55,64
56640,note_on,,0,0,2,,,,,,0,60,92
56640,note_on,,0,0,1,,,,,,0,76,92
56736,note_on,,0,0,1,,,,,,0,77,92
56736,note_off,,96,0,1,,,,,,0,76,64
56832,note_on,,0,0,1,,,,,,0,67,92
56832,note_on,,0,0,1,,,,,,0,76,92
56832,note_off,,96,0,1,,,,,,0,77,64
56832,note_off,,0,0,1,,,,,,0,67,64
56928,note_off,,96,0,1,,,,,,0,76,64
56928,note_on,,0,0,1,,,,,,0,77,92
57024,note_off,,0,0,1,,,,,,0,67,64
57024,note_on,,0,0,1,,,,,,0,67,92
57024,note_on,,0,0,1,,,,,,0,74,92
57024,note_off,,384,0,3,,,,,,0,48,64
57024,note_on,,0,0,3,,,,,,0,55,102
57024,note_off,,96,0,1,,,,,,0,77,64
57216,note_off,,192,0,1,,,,,,0,74,64
57216,note_on,,0,0,1,,,,,,0,76,92
57312,note_on,,0,0,1,,,,,,0,77,92
57312,note_off,,96,0,1,,,,,,0,76,64
57408,note_on,,0,0,2,,,,,,0,59,92
57408,note_off,,96,0,1,,,,,,0,77,64
57408,note_off,,768,0,2,,,,,,0,60,64
57408,note_on,,0,0,1,,,,,,0,79,92
57600,note_on,,0,0,1,,,,,,0,74,92
57600,note_on,,0,0,1,,,,,,0,77,92
57600,note_off,,0,0,1,,,,,,0,67,64
57600,note_off,,192,0,1,,,,,,0,79,64
57792,note_on,,0,0,3,,,,,,0,48,102
57792,note_off,,384,0,2,,,,,,0,59,64
57792,note_on,,0,0,2,,,,,,0,60,92
57792,note_on,,0,0,1,,,,,,0,76,92
57792,note_off,,192,0,1,,,,,,0,77,64
57792,note_off,,768,0,3,,,,,,0,55,64
57984,note_off,,192,0,1,,,,,,0,74,64
57984,note_on,,0,0,1,,,,,,0,72,92
58080,note_on,,0,0,1,,,,,,0,71,92
58080,note_off,,96,0,1,,,,,,0,72,64
58176,note_off,,384,0,3,,,,,,0,48,64
58176,note_on,,0,0,1,,,,,,0,72,92
58176,note_off,,96,0,1,,,,,,0,71,64
58176,note_off,,0,0,1,,,,,,0,76,64
58176,note_off,,384,0,2,,,,,,0,60,64
58368,note_on,,192,0,2,,,,,,0,60,92
58368,note_on,,192,0,1,,,,,,0,76,92
58560,note_on,,0,0,2,,,,,,0,62,92
58560,note_off,,192,0,2,,,,,,0,60,64
58560,note_off,,192,0,1,,,,,,0,76,64
58560,note_on,,0,0,1,,,,,,0,77,92
58752,note_on,,0,0,2,,,,,,0,60,92
58752,note_off,,192,0,2,,,,,,0,62,64
58944,note_on,,0,0,2,,,,,,0,62,92
58944,note_off,,384,0,1,,,,,,0,72,64
58944,note_on,,0,0,1,,,,,,0,70,92
58944,note_off,,192,0,2,,,,,,0,60,64
59136,note_on,,0,0,2,,,,,,0,64,92
59136,note_off,,192,0,2,,,,,,0,62,64
59136,note_off,,192,0,1,,,,,,0,77,64
59136,note_on,,0,0,1,,,,,,0,79,92
59328,note_off,,192,0,2,,,,,,0,64,64
59328,note_on,,0,0,2,,,,,,0,65,92
59328,note_off,,192,0,1,,,,,,0,79,64
59328,note_on,,0,0,1,,,,,,0,72,92
59520,note_off,,192,0,1,,,,,,0,70,64
59520,note_on,,0,0,1,,,,,,0,69,92
59616,note_off,,96,0,1,,,,,,0,69,64
59616,note_on,,0,0,1,,,,,,0,67,92
59712,note_on,,0,0,1,,,,,,0,69,92
59712,note_off,,384,0,2,,,,,,0,65,64
59712,note_off,,96,0,1,,,,,,0,67,64
59904,note_on,,0,0,1,,,,,,0,65,92
59904,note_on,,0,0,1,,,,,,0,74,92
59904,note_off,,0,0,1,,,,,,0,72,64
59904,note_off,,192,0,1,,,,,,0,69,64
59904,note_on,,192,0,2,,,,,,0,62,92
60096,note_off,,192,0,2,,,,,,0,62,64
60096,note_on,,0,0,2,,,,,,0,60,92
60096,note_on,,0,0,1,,,,,,0,67,92
60096,note_off,,192,0,1,,,,,,0,65,64
60096,note_off,,0,0,1,,,,,,0,74,64
60096,note_on,,0,0,1,,,,,,0,75,92
60288,note_off,,192,0,1,,,,,,0,67,64
60288,note_on,,0,0,1,,,,,,0,65,92
60480,note_off,,384,0,2,,,,,,0,60,64
60480,note_on,,0,0,1,,,,,,0,67,92
60480,note_off,,0,0,1,,,,,,0,75,64
60480,note_off,,192,0,1,,,,,,0,65,64
60672,note_on,,192,0,2,,,,,,0,53,92
60672,note_on,,0,0,1,,,,,,0,69,92
60672,note_on,,0,0,1,,,,,,0,72,92
60672,note_off,,192,0,1,,,,,,0,67,64
60864,note_off,,192,0,2,,,,,,0,53,64
60864,note_on,,0,0,2,,,,,,0,58,92
60864,note_off,,192,0,1,,,,,,0,69,64
60864,note_off,,0,0,1,,,,,,0,72,64
60864,note_on,,0,0,1,,,,,,0,74,92
60864,note_on,,0,0,1,,,,,,0,70,92
61056,note_on,,0,0,1,,,,,,0,72,92
61056,note_on,,0,0,1,,,,,,0,69,92
61056,note_off,,0,0,1,,,,,,0,74,64
61056,note_off,,192,0,1,,,,,,0,70,64
61248,note_off,,192,0,1,,,,,,0,69,64
61248,note_off,,0,0,1,,,,,,0,72,64
61248,note_on,,0,0,1,,,,,,0,70,92
61248,note_off,,384,0,2,,,,,,0,58,64
61248,note_on,,0,0,1,,,,,,0,74,92
61440,note_on,,192,0,2,,,,,,0,60,92
61440,note_off,,0,0,1,,,,,,0,74,64
61440,note_on,,0,0,1,,,,,,0,76,92
61440,note_on,,0,0,1,,,,,,0,67,92
61440,note_off,,192,0,1,,,,,,0,70,64
61632,note_on,,0,0,1,,,,,,0,69,92
61632,note_on,,0,0,1,,,,,,0,77,92
61632,note_off,,192,0,1,,,,,,0,67,64
61632,note_on,,0,0,2,,,,,,0,65,92
61632,note_off,,192,0,2,,,,,,0,60,64
61632,note_off,,0,0,1,,,,,,0,76,64
61824,note_off,,192,0,1,,,,,,0,77,64
61824,note_on,,0,0,1,,,,,,0,67,92
61824,note_on,,0,0,1,,,,,,0,76,92
61824,note_off,,0,0,1,,,,,,0,69,64
62016,note_off,,192,0,1,,,,,,0,76,64
62016,note_off,,0,0,1,,,,,,0,67,64
62016,note_on,,0,0,1,,,,,,0,77,92
62016,note_on,,0,0,1,,,,,,0,69,92
62016,note_off,,384,0,2,,,,,,0,65,64
62208,note_on,,192,0,2,,,,,,0,57,92
62208,note_on,,0,0,1,,,,,,0,72,92
62208,note_on,,4032,0,3,,,,,,0,53,102
62208,note_off,,192,0,1,,,,,,0,69,64
62400,note_off,,192,0,3,,,,,,0,53,64
62400,note_off,,192,0,2,,,,,,0,57,64
62400,note_on,,0,0,2,,,,,,0,58,92
62400,note_on,,0,0,1,,,,,,0,70,92
62400,note_off,,192,0,1,,,,,,0,72,64
62400,note_on,,0,0,3,,,,,,0,55,102
62592,note_off,,192,0,2,,,,,,0,58,64
62592,note_on,,0,0,2,,,,,,0,57,92
62592,note_off,,192,0,3,,,,,,0,55,64
62592,note_on,,0,0,3,,,,,,0,53,102
62784,note_on,,0,0,1,,,,,,0,75,92
62784,note_off,,384,0,1,,,,,,0,77,64
62784,note_on,,0,0,3,,,,,,0,55,102
62784,note_on,,0,0,2,,,,,,0,58,92
62784,note_off,,192,0,2,,,,,,0,57,64
62784,note_off,,192,0,3,,,,,,0,53,64
62976,note_off,,192,0,2,,,,,,0,58,64
62976,note_off,,192,0,1,,,,,,0,70,64
62976,note_on,,0,0,2,,,,,,0,60,92
62976,note_on,,0,0,1,,,,,,0,65,92
62976,note_off,,192,0,3,,,,,,0,55,64
62976,note_on,,0,0,3,,,,,,0,57,102
63168,note_on,,0,0,2,,,,,,0,58,92
63168,note_off,,192,0,2,,,,,,0,60,64
63168,note_off,,192,0,1,,,,,,0,65,64
63168,note_on,,0,0,1,,,,,,0,74,92
63168,note_off,,0,0,1,,,,,,0,75,64
63168,note_on,,0,0,3,,,,,,0,58,102
63168,note_off,,192,0,3,,,,,,0,57,64
63168,note_on,,0,0,1,,,,,,0,65,92
63264,note_on,,0,0,3,,,,,,0,60,102
63264,note_off,,96,0,3,,,,,,0,58,64
63360,note_off,,96,0,3,,,,,,0,60,64
63360,note_on,,0,0,3,,,,,,0,58,102
63456,note_on,,0,0,3,,,,,,0,60,102
63456,note_off,,96,0,3,,,,,,0,58,64
63552,note_off,,96,0,3,,,,,,0,60,64
63552,note_on,,0,0,3,,,,,,0,58,102
63552,note_on,,0,0,1,,,,,,0,67,92
63552,note_off,,384,0,1,,,,,,0,65,64
63648,note_off,,96,0,3,,,,,,0,58,64
63648,note_on,,0,0,3,,,,,,0,60,102
63744,note_on,,0,0,3,,,,,,0,58,102
63744,note_off,,96,0,3,,,,,,0,60,64
63840,note_on,,0,0,3,,,,,,0,60,102
63840,note_off,,96,0,3,,,,,,0,58,64
63936,note_on,,0,0,3,,,,,,0,57,102
63936,note_on,,0,0,1,,,,,,0,72,92
63936,note_off,,384,0,1,,,,,,0,74,64
63936,note_off,,96,0,3,,,,,,0,60,64
63936,note_on,,0,0,2,,,,,,0,60,92
63936,note_off,,768,0,2,,,,,,0,58,64
64032,note_on,,0,0,3,,,,,,0,58,102
64032,note_off,,96,0,3,,,,,,0,57,64
64128,note_on,,0,0,3,,,,,,0,57,102
64128,note_off,,96,0,3,,,,,,0,58,64
64224,note_on,,0,0,3,,,,,,0,58,102
64224,note_off,,96,0,3,,,,,,0,57,64
64320,note_on,,0,0,3,,,,,,0,57,102
64320,note_off,,96,0,3,,,,,,0,58,64
64320,note_on,,0,0,1,,,,,,0,65,92
64320,note_off,,384,0,1,,,,,,0,67,64
64416,note_off,,96,0,3,,,,,,0,57,64
64416,note_on,,0,0,3,,,,,,0,58,102
64512,note_on,,0,0,3,,,,,,0,57,102
64512,note_off,,96,0,3,,,,,,0,58,64
64608,note_on,,0,0,3,,,,,,0,58,102
64608,note_off,,96,0,3,,,,,,0,57,64
64704,note_off,,384,0,1,,,,,,0,72,64
64704,note_on,,0,0,3,,,,,,0,55,102
64704,note_off,,96,0,3,,,,,,0,58,64
64704,note_on,,0,0,2,,,,,,0,62,92
64704,note_off,,768,0,2,,,,,,0,60,64
64704,note_on,,0,0,1,,,,,,0,70,92
64896,note_on,,0,0,1,,,,,,0,67,92
64896,note_off,,192,0,1,,,,,,0,65,64
64992,note_on,,0,0,1,,,,,,0,65,92
64992,note_off,,96,0,1,,,,,,0,67,64
65088,note_off,,384,0,3,,,,,,0,55,64
65088,note_off,,384,0,2,,,,,,0,62,64
65088,note_on,,0,0,2,,,,,,0,60,92
65088,note_on,,0,0,1,,,,,,0,64,92
65088,note_off,,96,0,1,,,,,,0,65,64
65088,note_on,,0,0,3,,,,,,0,48,102
65376,note_on,,0,0,1,,,,,,0,65,92
65376,note_off,,288,0,1,,,,,,0,64,64
65472,note_on,,0,0,3,,,,,,0,53,102
65472,note_off,,384,0,3,,,,,,0,48,64
65472,note_off,,0,0,1,,,,,,0,70,64
65472,note_off,,96,0,1,,,,,,0,65,64
65472,note_on,,0,0,1,,,,,,0,69,92
65472,note_on,,0,0,1,,,,,,0,65,92
65472,note_off,,384,0,2,,,,,,0,60,64
65472,note_on,,0,0,2,,,,,,0,60,92
65568,note_on,,0,0,1,,,,,,0,70,92
65568,note_off,,96,0,1,,,,,,0,69,64
65664,note_on,,0,0,1,,,,,,0,69,92
65664,note_on,,0,0,1,,,,,,0,65,92
65664,note_off,,0,0,1,,,,,,0,65,64
65664,note_off,,96,0,1,,,,,,0,70,64
65760,note_off,,96,0,1,,,,,,0,69,64
65760,note_on,,0,0,1,,,,,,0,70,92
65856,note_on,,0,0,1,,,,,,0,69,92
65856,note_on,,0,0,1,,,,,,0,65,92
65856,note_off,,0,0,1,,,,,,0,65,64
65856,note_off,,96,0,1,,,,,,0,70,64
65856,note_off,,384,0,3,,,,,,0,53,64
65856,note_off,,384,0,2,,,,,,0,60,64
65952,note_on,,0,0,1,,,,,,0,70,92
65952,note_off,,96,0,1,,,,,,0,69,64
66048,note_on,,0,0,1,,,,,,0,65,92
66048,note_off,,96,0,1,,,,,,0,70,64
66048,note_off,,0,0,1,,,,,,0,65,64
66048,note_on,,0,0,1,,,,,,0,69,92
66144,note_off,,96,0,1,,,,,,0,69,64
66144,note_on,,0,0,1,,,,,,0,70,92
66240,note_on,,384,0,2,,,,,,0,60,92
66240,note_on,,384,0,3,,,,,,0,48,102
66240,note_off,,96,0,1,,,,,,0,70,64
66240,note_off,,0,0,1,,,,,,0,65,64
66240,note_on,,0,0,1,,,,,,0,67,92
66240,note_on,,0,0,1,,,,,,0,64,92
66336,note_off,,96,0,1,,,,,,0,67,64
66336,note_on,,0,0,1,,,,,,0,69,92
66432,note_off,,96,0,1,,,,,,0,69,64
66432,note_on,,0,0,1,,,,,,0,67,92
66432,note_off,,0,0,1,,,,,,0,64,64
66432,note_on,,0,0,1,,,,,,0,64,92
66528,note_on,,0,0,1,,,,,,0,69,92
66528,note_off,,96,0,1,,,,,,0,67,64
66624,note_off,,384,0,3,,,,,,0,48,64
66624,note_on,,0,0,1,,,,,,0,64,92
66624,note_off,,384,0,2,,,,,,0,60,64
66624,note_off,,0,0,1,,,,,,0,64,64
66624,note_off,,96,0,1,,,,,,0,69,64
66624,note_on,,0,0,1,,,,,,0,67,92
66720,note_on,,0,0,1,,,,,,0,69,92
66720,note_off,,96,0,1,,,,,,0,67,64
66816,note_on,,0,0,1,,,,,,0,64,92
66816,note_off,,0,0,1,,,,,,0,64,64
66816,note_on,,0,0,1,,,,,,0,67,92
66816,note_off,,96,0,1,,,,,,0,69,64
66912,note_off,,96,0,1,,,,,,0,67,64
66912,note_on,,0,0,1,,,,,,0,70,92
67008,note_off,,96,0,1,,,,,,0,70,64
67008,note_off,,0,0,1,,,,,,0,64,64
67008,note_on,,0,0,1,,,,,,0,69,92
67008,note_on,,0,0,1,,,,,,0,65,92
67008,note_on,,384,0,3,,,,,,0,53,102
67008,note_on,,384,0,2,,,,,,0,60,92
67104,note_on,,0,0,1,,,,,,0,70,92
67104,note_off,,96,0,1,,,,,,0,69,64
67200,note_on,,0,0,1,,,,,,0,65,92
67200,note_on,,0,0,1,,,,,,0,69,92
67200,note_off,,0,0,1,,,,,,0,65,64
67200,note_off,,96,0,1,,,,,,0,70,64
67296,note_on,,0,0,1,,,,,,0,70,92
67296,note_off,,96,0,1,,,,,,0,69,64
67392,note_on,,0,0,1,,,,,,0,65,92
67392,note_off,,384,0,2,,,,,,0,60,64
67392,note_on,,0,0,1,,,,,,0,69,92
67392,note_off,,0,0,1,,,,,,0,65,64
67392,note_off,,96,0,1,,,,,,0,70,64
67392,note_off,,384,0,3,,,,,,0,53,64
67488,note_off,,96,0,1,,,,,,0,69,64
67488,note_on,,0,0,1,,,,,,0,70,92
67584,note_off,,0,0,1,,,,,,0,65,64
67584,note_on,,0,0,1,,,,,,0,65,92
67584,note_on,,0,0,1,,,,,,0,69,92
67584,note_off,,96,0,1,,,,,,0,70,64
67680,note_on,,0,0,1,,,,,,0,70,92
67680,note_off,,96,0,1,,,,,,0,69,64
67776,note_on,,0,0,1,,,,,,0,67,92
67776,note_on,,0,0,1,,,,,,0,64,92
67776,note_off,,0,0,1,,,,,,0,65,64
67776,note_off,,96,0,1,,,,,,0,70,64
67776,note_on,,384,0,3,,,,,,0,48,102
67776,note_on,,384,0,2,,,,,,0,60,92
68160,note_off,,384,0,2,,,,,,0,60,64
68160,note_off,,384,0,1,,,,,,0,67,64
68160,note_off,,384,0,3,,,,,,0,48,64
68160,note_off,,0,0,1,,,,,,0,64,64
68352,note_on,,0,0,1,,,,,,0,72,92
68352,note_on,,192,0,2,,,,,,0,55,92
68352,note_on,,192,0,1,,,,,,0,64,92
68352,note_on,,192,0,3,,,,,,0,48,102
68544,note_on,,0,0,3,,,,,,0,50,102
68544,note_off,,192,0,3,,,,,,0,48,64
68544,note_off,,192,0,1,,,,,,0,64,64
68544,note_on,,0,0,1,,,,,,0,65,92
68544,note_off,,192,0,2,,,,,,0,55,64
68544,note_on,,0,0,2,,,,,,0,53,92
68736,note_off,,192,0,3,,,,,,0,50,64
68736,note_off,,192,0,2,,,,,,0,53,64
68736,note_on,,0,0,2,,,,,,0,52,92
68736,note_on,,0,0,3,,,,,,0,48,102
68928,note_on,,0,0,3,,,,,,0,50,102
68928,note_off,,192,0,2,,,,,,0,52,64
68928,note_off,,384,0,1,,,,,,0,72,64
68928,note_on,,0,0,1,,,,,,0,70,92
68928,note_on,,0,0,2,,,,,,0,53,92
68928,note_off,,192,0,3,,,,,,0,48,64
69120,note_off,,192,0,2,,,,,,0,53,64
69120,note_on,,0,0,2,,,,,,0,55,92
69120,note_off,,192,0,3,,,,,,0,50,64
69120,note_on,,0,0,3,,,,,,0,52,102
69120,note_off,,192,0,1,,,,,,0,65,64
69120,note_on,,0,0,1,,,,,,0,60,92
69312,note_off,,192,0,3,,,,,,0,52,64
69312,note_on,,0,0,3,,,,,,0,53,102
69312,note_off,,192,0,1,,,,,,0,60,64
69312,note_off,,0,0,1,,,,,,0,70,64
69312,note_on,,0,0,1,,,,,,0,69,92
69312,note_on,,0,0,1,,,,,,0,60,92
69312,note_on,,0,0,2,,,,,,0,53,92
69312,note_off,,192,0,2,,,,,,0,55,64
69408,note_off,,96,0,3,,,,,,0,53,64
69408,note_on,,0,0,3,,,,,,0,55,102
69504,note_on,,0,0,3,,,,,,0,53,102
69504,note_off,,96,0,3,,,,,,0,55,64
69600,note_on,,0,0,3,,,,,,0,55,102
69600,note_off,,96,0,3,,,,,,0,53,64
69696,note_off,,384,0,2,,,,,,0,53,64
69696,note_on,,0,0,2,,,,,,0,62,92
69696,note_on,,0,0,3,,,,,,0,53,102
69696,note_off,,384,0,1,,,,,,0,60,64
69696,note_off,,96,0,3,,,,,,0,55,64
69696,note_on,,0,0,1,,,,,,0,62,92
69792,note_off,,96,0,3,,,,,,0,53,64
69792,note_on,,0,0,3,,,,,,0,55,102
69888,note_off,,192,0,1,,,,,,0,69,64
69888,note_on,,0,0,3,,,,,,0,53,102
69888,note_off,,96,0,3,,,,,,0,55,64
69888,note_on,,0,0,1,,,,,,0,71,92
69984,note_on,,0,0,3,,,,,,0,55,102
69984,note_off,,96,0,3,,,,,,0,53,64
70080,note_on,,0,0,2,,,,,,0,60,92
70080,note_on,,0,0,3,,,,,,0,52,102
70080,note_off,,96,0,3,,,,,,0,55,64
70080,note_on,,0,0,1,,,,,,0,72,92
70080,note_off,,0,0,1,,,,,,0,62,64
70080,note_off,,192,0,1,,,,,,0,71,64
70080,note_on,,0,0,1,,,,,,0,67,92
70080,note_off,,384,0,2,,,,,,0,62,64
70176,note_off,,96,0,3,,,,,,0,52,64
70176,note_on,,0,0,3,,,,,,0,53,102
70272,note_off,,96,0,3,,,,,,0,53,64
70272,note_on,,0,0,3,,,,,,0,52,102
70368,note_off,,96,0,3,,,,,,0,52,64
70368,note_on,,0,0,3,,,,,,0,53,102
70464,note_off,,384,0,2,,,,,,0,60,64
70464,note_off,,384,0,1,,,,,,0,67,64
70464,note_off,,0,0,1,,,,,,0,72,64
70464,note_off,,96,0,3,,,,,,0,53,64
70464,note_on,,0,0,3,,,,,,0,52,102
70560,note_off,,96,0,3,,,,,,0,52,64
70560,note_on,,0,0,3,,,,,,0,53,102
70656,note_off,,96,0,3,,,,,,0,53,64
70656,note_on,,192,0,1,,,,,,0,67,92
70656,note_on,,0,0,1,,,,,,0,72,92
70656,note_on,,192,0,2,,,,,,0,60,92
70656,note_on,,0,0,3,,,,,,0,52,102
70752,note_on,,0,0,3,,,,,,0,53,102
70752,note_off,,96,0,3,,,,,,0,52,64
70848,note_on,,0,0,2,,,,,,0,62,92
70848,note_off,,192,0,1,,,,,,0,67,64
70848,note_off,,192,0,2,,,,,,0,60,64
70848,note_on,,0,0,3,,,,,,0,50,102
70848,note_on,,0,0,1,,,,,,0,65,92
70848,note_off,,96,0,3,,,,,,0,53,64
70944,note_off,,96,0,3,,,,,,0,50,64
70944,note_on,,0,0,3,,,,,,0,52,102
71040,note_off,,96,0,3,,,,,,0,52,64
71040,note_on,,0,0,3,,,,,,0,50,102
71136,note_off,,96,0,3,,,,,,0,50,64
71136,note_on,,0,0,3,,,,,,0,52,102
71232,note_off,,384,0,2,,,,,,0,62,64
71232,note_off,,384,0,1,,,,,,0,65,64
71232,note_off,,0,0,1,,,,,,0,72,64
71232,note_on,,0,0,3,,,,,,0,50,102
71232,note_off,,96,0,3,,,,,,0,52,64
71328,note_on,,0,0,3,,,,,,0,52,102
71328,note_off,,96,0,3,,,,,,0,50,64
71424,note_on,,192,0,2,,,,,,0,62,92
71424,note_on,,192,0,1,,,,,,0,70,92
71424,note_on,,0,0,1,,,,,,0,65,92
71424,note_on,,0,0,3,,,,,,0,50,102
71424,note_off,,96,0,3,,,,,,0,52,64
71520,note_off,,96,0,3,,,,,,0,50,64
71520,note_on,,0,0,3,,,,,,0,52,102
71616,note_on,,0,0,2,,,,,,0,64,92
71616,note_off,,192,0,1,,,,,,0,65,64
71616,note_off,,192,0,2,,,,,,0,62,64
71616,note_off,,96,0,3,,,,,,0,52,64
71616,note_on,,0,0,3,,,,,,0,48,102
71616,note_on,,0,0,1,,,,,,0,67,92
71712,note_off,,96,0,3,,,,,,0,48,64
71712,note_on,,0,0,3,,,,,,0,50,102
71808,note_off,,96,0,3,,,,,,0,50,64
71808,note_on,,0,0,3,,,,,,0,48,102
71904,note_off,,96,0,3,,,,,,0,48,64
71904,note_on,,0,0,3,,,,,,0,50,102
72000,note_off,,384,0,1,,,,,,0,67,64
72000,note_off,,0,0,1,,,,,,0,70,64
72000,note_off,,384,0,2,,,,,,0,64,64
72000,note_off,,96,0,3,,,,,,0,50,64
72000,note_on,,0,0,3,,,,,,0,48,102
72096,note_off,,96,0,3,,,,,,0,48,64
72096,note_on,,0,0,3,,,,,,0,50,102
72192,note_on,,192,0,1,,,,,,0,65,92
72192,note_on,,0,0,1,,,,,,0,69,92
72192,note_off,,96,0,3,,,,,,0,50,64
72192,note_on,,192,0,2,,,,,,0,60,92
72192,note_on,,0,0,3,,,,,,0,48,102
72288,note_on,,0,0,3,,,,,,0,50,102
72288,note_off,,96,0,3,,,,,,0,48,64
72384,note_off,,192,0,2,,,,,,0,60,64
72384,note_on,,0,0,3,,,,,,0,48,102
72384,note_off,,96,0,3,,,,,,0,50,64
72384,note_off,,192,0,1,,,,,,0,69,64
72384,note_on,,0,0,1,,,,,,0,67,92
72384,note_on,,0,0,2,,,,,,0,60,92
72576,note_off,,192,0,1,,,,,,0,65,64
72576,note_on,,0,0,1,,,,,,0,64,92
72672,note_off,,96,0,1,,,,,,0,64,64
72672,note_on,,0,0,1,,,,,,0,62,92
72768,note_off,,96,0,1,,,,,,0,62,64
72768,note_on,,0,0,1,,,,,,0,64,92
72768,note_off,,0,0,1,,,,,,0,67,64
72768,note_off,,384,0,3,,,,,,0,48,64
72768,note_off,,384,0,2,,,,,,0,60,64
72960,note_on,,192,0,3,,,,,,0,45,102
72960,note_on,,0,0,1,,,,,,0,65,92
72960,note_on,,0,0,1,,,,,,0,72,92
72960,note_off,,192,0,1,,,,,,0,64,64
72960,note_on,,0,0,2,,,,,,0,57,92
72960,note_on,,192,0,2,,,,,,0,60,92
73152,note_off,,192,0,3,,,,,,0,45,64
73152,note_on,,0,0,3,,,,,,0,46,102
73152,note_on,,0,0,2,,,,,,0,58,92
73152,note_off,,0,0,2,,,,,,0,60,64
73152,note_off,,192,0,2,,,,,,0,57,64
73152,note_off,,0,0,1,,,,,,0,72,64
73152,note_off,,192,0,1,,,,,,0,65,64
73152,note_on,,0,0,1,,,,,,0,74,92
73152,note_on,,0,0,1,,,,,,0,65,92
73344,note_off,,192,0,1,,,,,,0,65,64
73344,note_off,,0,0,1,,,,,,0,74,64
73344,note_on,,0,0,1,,,,,,0,72,92
73344,note_on,,0,0,1,,,,,,0,64,92
73536,note_on,,0,0,1,,,,,,0,65,92
73536,note_off,,192,0,1,,,,,,0,64,64
73536,note_off,,0,0,1,,,,,,0,72,64
73536,note_on,,0,0,1,,,,,,0,74,92
73728,note_off,,576,0,3,,,,,,0,46,64
73728,note_on,,0,0,3,,,,,,0,46,102
73728,note_on,,0,0,2,,,,,,0,58,92
73728,note_off,,576,0,2,,,,,,0,58,64
73728,note_off,,192,0,1,,,,,,0,65,64
73728,note_off,,0,0,1,,,,,,0,74,64
73728,note_on,,0,0,1,,,,,,0,76,92
73728,note_on,,0,0,1,,,,,,0,67,92
73920,note_on,,0,0,2,,,,,,0,60,92
73920,note_off,,192,0,2,,,,,,0,58,64
73920,note_off,,192,0,3,,,,,,0,46,64
73920,note_on,,0,0,3,,,,,,0,45,102
73920,note_on,,0,0,2,,,,,,0,57,92
73920,note_on,,0,0,1,,,,,,0,69,92
73920,note_on,,0,0,1,,,,,,0,77,92
73920,note_off,,0,0,1,,,,,,0,76,64
73920,note_off,,192,0,1,,,,,,0,67,64
73920,set_tempo,895520,39936,1,0,,,,,,,,
74016,note_off,,96,0,1,,,,,,0,77,64
74016,note_on,,0,0,1,,,,,,0,79,92
74112,note_on,,0,0,1,,,,,,0,69,92
74112,note_on,,0,0,1,,,,,,0,77,92
74112,note_off,,96,0,1,,,,,,0,79,64
74112,note_off,,0,0,1,,,,,,0,69,64
74208,note_on,,0,0,1,,,,,,0,79,92
74208,note_off,,96,0,1,,,,,,0,77,64
74304,note_off,,384,0,2,,,,,,0,60,64
74304,note_off,,0,0,2,,,,,,0,57,64
74304,note_off,,0,0,1,,,,,,0,69,64
74304,note_off,,384,0,3,,,,,,0,45,64
74304,note_on,,0,0,1,,,,,,0,77,92
74304,note_off,,96,0,1,,,,,,0,79,64
74304,note_on,,0,0,1,,,,,,0,69,92
74400,note_on,,0,0,1,,,,,,0,79,92
74400,note_off,,96,0,1,,,,,,0,77,64
74496,note_on,,192,0,3,,,,,,0,45,102
74496,note_on,,0,0,1,,,,,,0,69,92
74496,note_on,,0,0,1,,,,,,0,77,92
74496,note_on,,192,0,2,,,,,,0,57,92
74496,note_on,,0,0,2,,,,,,0,60,92
74496,note_off,,0,0,1,,,,,,0,69,64
74496,note_off,,96,0,1,,,,,,0,79,64
74592,note_off,,96,0,1,,,,,,0,77,64
74592,note_on,,0,0,1,,,,,,0,79,92
74688,note_on,,0,0,2,,,,,,0,58,92
74688,note_off,,0,0,2,,,,,,0,57,64
74688,note_off,,192,0,2,,,,,,0,60,64
74688,note_on,,0,0,1,,,,,,0,75,92
74688,note_on,,0,0,1,,,,,,0,70,92
74688,note_off,,96,0,1,,,,,,0,79,64
74688,note_off,,192,0,3,,,,,,0,45,64
74688,note_on,,0,0,3,,,,,,0,43,102
74688,note_on,,0,0,2,,,,,,0,55,92
74688,note_off,,0,0,1,,,,,,0,69,64
74880,note_off,,192,0,3,,,,,,0,43,64
74880,note_on,,0,0,3,,,,,,0,41,102
74880,note_on,,0,0,2,,,,,,0,57,92
74880,note_on,,0,0,2,,,,,,0,53,92
74880,note_off,,192,0,2,,,,,,0,55,64
74880,note_off,,0,0,2,,,,,,0,58,64
75072,note_off,,192,0,3,,,,,,0,41,64
75072,note_on,,0,0,3,,,,,,0,43,102
75072,note_off,,0,0,1,,,,,,0,70,64
75072,note_on,,0,0,2,,,,,,0,55,92
75072,note_on,,0,0,2,,,,,,0,58,92
75072,note_off,,0,0,2,,,,,,0,57,64
75072,note_off,,384,0,1,,,,,,0,75,64
75072,note_off,,192,0,2,,,,,,0,53,64
75264,note_on,,192,0,1,,,,,,0,76,92
75264,note_on,,0,0,1,,,,,,0,65,92
75264,note_off,,0,0,2,,,,,,0,58,64
75264,note_off,,192,0,2,,,,,,0,55,64
75264,note_off,,192,0,3,,,,,,0,43,64
75264,note_on,,0,0,3,,,,,,0,45,102
75264,note_on,,0,0,2,,,,,,0,60,92
75264,note_on,,0,0,2,,,,,,0,57,92
75456,note_off,,192,0,3,,,,,,0,45,64
75456,note_on,,0,0,3,,,,,,0,46,102
75456,note_off,,0,0,2,,,,,,0,60,64
75456,note_off,,192,0,2,,,,,,0,57,64
75456,set_tempo,967740,1536,1,0,,,,,,,,
75456,note_on,,0,0,2,,,,,,0,62,92
75456,note_off,,192,0,1,,,,,,0,65,64
75456,note_off,,0,0,1,,,,,,0,76,64
75456,note_on,,0,0,1,,,,,,0,74,92
75456,note_on,,0,0,1,,,,,,0,65,92
75456,note_on,,0,0,2,,,,,,0,58,92
75648,note_off,,192,0,1,,,,,,0,74,64
75648,note_on,,0,0,1,,,,,,0,72,92
75840,note_on,,0,0,1,,,,,,0,67,92
75840,note_off,,384,0,2,,,,,,0,62,64
75840,note_off,,0,0,2,,,,,,0,58,64
75840,note_on,,0,0,1,,,,,,0,70,92
75840,note_off,,192,0,1,,,,,,0,72,64
75840,note_off,,0,0,1,,,,,,0,65,64
76032,note_off,,0,0,1,,,,,,0,67,64
76032,note_on,,0,0,1,,,,,,0,69,92
76032,note_off,,192,0,1,,,,,,0,70,64
76032,note_on,,0,0,1,,,,,,0,65,92
76224,note_on,,0,0,1,,,,,,0,67,92
76224,note_on,,384,0,2,,,,,,0,58,92
76224,note_on,,0,0,2,,,,,,0,60,92
76224,note_on,,0,0,1,,,,,,0,64,92
76224,note_off,,192,0,1,,,,,,0,69,64
76224,note_off,,0,0,1,,,,,,0,65,64
76608,note_on,,0,0,2,,,,,,0,60,92
76608,note_on,,0,0,2,,,,,,0,57,92
76608,note_off,,0,0,1,,,,,,0,67,64
76608,note_on,,0,0,3,,,,,,0,45,102
76608,note_on,,0,0,1,,,,,,0,69,92
76608,note_on,,0,0,1,,,,,,0,65,92
76608,note_off,,0,0,2,,,,,,0,58,64
76608,note_off,,384,0,1,,,,,,0,64,64
76608,note_off,,1152,0,3,,,,,,0,46,64
76608,note_off,,384,0,2,,,,,,0,60,64
76800,note_off,,192,0,3,,,,,,0,45,64
76800,note_on,,0,0,2,,,,,,0,58,92
76800,note_off,,192,0,2,,,,,,0,57,64
76800,note_on,,0,0,3,,,,,,0,46,102
76992,note_on,,0,0,3,,,,,,0,48,102
76992,note_off,,384,0,1,,,,,,0,69,64
76992,note_on,,0,0,1,,,,,,0,67,92
76992,note_off,,192,0,3,,,,,,0,46,64
76992,set_tempo,1052630,1536,1,0,,,,,,,,
76992,note_on,,0,0,2,,,,,,0,60,92
76992,note_off,,0,0,2,,,,,,0,60,64
76992,note_off,,192,0,2,,,,,,0,58,64
77376,note_off,,384,0,1,,,,,,0,65,64
77376,note_on,,0,0,1,,,,,,0,64,92
77568,note_off,,576,0,2,,,,,,0,60,64
77568,note_on,,0,0,2,,,,,,0,58,92
77760,note_off,,768,0,3,,,,,,0,48,64
77760,note_on,,0,0,3,,,,,,0,41,102
77760,note_on,,0,0,2,,,,,,0,57,92
77760,note_on,,0,0,1,,,,,,0,65,92
77760,note_on,,0,0,1,,,,,,0,60,92
77760,note_off,,0,0,1,,,,,,0,67,64
77760,note_off,,384,0,1,,,,,,0,64,64
77760,set_tempo,1200000,768,1,0,,,,,,,,
77760,note_off,,192,0,2,,,,,,0,58,64
78528,note_off,,768,0,2,,,,,,0,57,64
78528,end_of_track,,0,1,2,,,,,,,,
78528,end_of_track,,0,1,1,,,,,,,,
78528,note_off,,0,0,1,,,,,,0,60,64
78528,note_off,,768,0,1,,,,,,0,65,64
78528,note_off,,768,0,3,,,,,,0,41,64
78528,end_of_track,,768,1,0,,,,,,,,
78528,end_of_track,,0,1,3,,,,,,,,
