tick,type,time,meta,track,frame_rate,hours,minutes,seconds,frames,sub_frames,numerator,denominator,clocks_per_click,notated_32nd_notes_per_beat,key,tempo,port,program,channel,control,value,note,velocity
0,track_name,0,1,0,,,,,,,,,,,,,,,,,,,
0,midi_port,0,1,3,,,,,,,,,,,,,0,,,,,,
0,control_change,0,0,2,,,,,,,,,,,,,,,1,10,64,,
0,control_change,0,0,2,,,,,,,,,,,,,,,1,7,100,,
0,program_change,0,0,2,,,,,,,,,,,,,,0,1,,,,
0,track_name,0,1,2,,,,,,,,,,,,,,,,,,,
0,midi_port,0,1,2,,,,,,,,,,,,,0,,,,,,
0,track_name,0,1,3,,,,,,,,,,,,,,,,,,,
0,note_on,0,0,1,,,,,,,,,,,,,,,0,,,81,107
0,control_change,0,0,1,,,,,,,,,,,,,,,0,10,64,,
0,control_change,0,0,1,,,,,,,,,,,,,,,0,7,100,,
0,program_change,0,0,1,,,,,,,,,,,,,,0,0,,,,
0,track_name,0,1,1,,,,,,,,,,,,,,,,,,,
0,end_of_track,0,1,3,,,,,,,,,,,,,,,,,,,
0,midi_port,0,1,1,,,,,,,,,,,,,0,,,,,,
0,time_signature,0,1,0,,,,,,,1,8,12,8,,,,,,,,,
0,key_signature,0,1,0,,,,,,,,,,,C,,,,,,,,
0,set_tempo,0,1,0,,,,,,,,,,,,416667,,,,,,,
0,smpte_offset,0,1,0,25,32,0,3,0,0,,,,,,,,,,,,,
96,note_on,96,0,1,,,,,,,,,,,,,,,0,,,81,0
120,note_on,120,0,2,,,,,,,,,,,,,,,1,,,57,107
120,note_on,24,0,1,,,,,,,,,,,,,,,0,,,73,107
120,note_on,0,0,2,,,,,,,,,,,,,,,1,,,57,107
120,time_signature,120,1,0,,,,,,,3,2,48,8,,,,,,,,,
150,note_on,30,0,1,,,,,,,,,,,,,,,0,,,76,107
180,note_on,30,0,1,,,,,,,,,,,,,,,0,,,81,107
216,note_on,96,0,2,,,,,,,,,,,,,,,1,,,57,0
240,note_on,24,0,2,,,,,,,,,,,,,,,1,,,45,107
336,note_on,96,0,2,,,,,,,,,,,,,,,1,,,45,0
360,note_on,24,0,2,,,,,,,,,,,,,,,1,,,47,107
408,note_on,228,0,1,,,,,,,,,,,,,,,0,,,73,0
432,note_on,0,0,1,,,,,,,,,,,,,,,0,,,76,0
432,note_on,24,0,1,,,,,,,,,,,,,,,0,,,81,0
456,note_on,96,0,2,,,,,,,,,,,,,,,1,,,47,0
480,note_on,24,0,2,,,,,,,,,,,,,,,1,,,49,107
480,note_on,48,0,1,,,,,,,,,,,,,,,0,,,80,107
576,note_on,96,0,2,,,,,,,,,,,,,,,1,,,49,0
576,note_on,96,0,1,,,,,,,,,,,,,,,0,,,80,0
600,note_on,24,0,2,,,,,,,,,,,,,,,1,,,50,107
600,note_on,24,0,1,,,,,,,,,,,,,,,0,,,78,107
696,note_on,96,0,2,,,,,,,,,,,,,,,1,,,57,0
696,note_on,96,0,1,,,,,,,,,,,,,,,0,,,78,0
720,note_on,24,0,1,,,,,,,,,,,,,,,0,,,76,107
792,note_on,96,0,2,,,,,,,,,,,,,,,1,,,50,0
816,note_on,96,0,1,,,,,,,,,,,,,,,0,,,76,0
840,note_on,48,0,2,,,,,,,,,,,,,,,1,,,52,107
840,note_on,24,0,1,,,,,,,,,,,,,,,0,,,74,107
870,note_on,30,0,2,,,,,,,,,,,,,,,1,,,56,107
936,note_on,96,0,1,,,,,,,,,,,,,,,0,,,74,0
960,note_on,24,0,1,,,,,,,,,,,,,,,0,,,73,107
1032,note_on,162,0,2,,,,,,,,,,,,,,,1,,,52,0
1038,note_on,6,0,2,,,,,,,,,,,,,,,1,,,56,0
1056,note_on,96,0,1,,,,,,,,,,,,,,,0,,,73,0
1080,note_on,24,0,1,,,,,,,,,,,,,,,0,,,74,107
1080,note_on,42,0,2,,,,,,,,,,,,,,,1,,,54,107
1104,note_on,24,0,1,,,,,,,,,,,,,,,0,,,74,0
1110,note_on,30,0,2,,,,,,,,,,,,,,,1,,,57,107
1110,note_on,6,0,1,,,,,,,,,,,,,,,0,,,73,107
1134,note_on,24,0,1,,,,,,,,,,,,,,,0,,,73,0
1140,note_on,6,0,1,,,,,,,,,,,,,,,0,,,74,107
1272,note_on,162,0,2,,,,,,,,,,,,,,,1,,,54,0
1278,note_on,6,0,2,,,,,,,,,,,,,,,1,,,57,0
1320,note_on,42,0,2,,,,,,,,,,,,,,,1,,,56,107
1365,note_on,45,0,2,,,,,,,,,,,,,,,1,,,59,107
1425,note_on,285,0,1,,,,,,,,,,,,,,,0,,,74,0
1440,note_on,15,0,1,,,,,,,,,,,,,,,0,,,76,107
1512,note_on,147,0,2,,,,,,,,,,,,,,,1,,,56,0
1533,note_on,21,0,2,,,,,,,,,,,,,,,1,,,59,0
1536,note_on,96,0,1,,,,,,,,,,,,,,,0,,,76,0
1560,note_on,27,0,2,,,,,,,,,,,,,,,1,,,57,107
1560,note_on,24,0,1,,,,,,,,,,,,,,,0,,,73,107
1584,note_on,24,0,1,,,,,,,,,,,,,,,0,,,73,0
1590,note_on,6,0,1,,,,,,,,,,,,,,,0,,,74,107
1614,note_on,24,0,1,,,,,,,,,,,,,,,0,,,74,0
1620,note_on,6,0,1,,,,,,,,,,,,,,,0,,,73,107
1680,note_on,120,0,2,,,,,,,,,,,,,,,1,,,61,107
1800,note_on,120,0,2,,,,,,,,,,,,,,,1,,,64,107
1848,note_on,48,0,2,,,,,,,,,,,,,,,1,,,57,0
1905,note_on,285,0,1,,,,,,,,,,,,,,,0,,,73,0
1920,note_on,72,0,2,,,,,,,,,,,,,,,1,,,56,107
1920,note_on,15,0,1,,,,,,,,,,,,,,,0,,,71,107
1968,note_on,48,0,2,,,,,,,,,,,,,,,1,,,61,0
1992,note_on,24,0,2,,,,,,,,,,,,,,,1,,,64,0
2016,note_on,24,0,2,,,,,,,,,,,,,,,1,,,56,0
2016,note_on,96,0,1,,,,,,,,,,,,,,,0,,,71,0
2040,note_on,24,0,2,,,,,,,,,,,,,,,1,,,54,107
2040,note_on,24,0,1,,,,,,,,,,,,,,,0,,,69,107
2136,note_on,96,0,2,,,,,,,,,,,,,,,1,,,54,0
2136,note_on,96,0,1,,,,,,,,,,,,,,,0,,,69,0
2160,note_on,24,0,2,,,,,,,,,,,,,,,1,,,52,107
2160,note_on,24,0,1,,,,,,,,,,,,,,,0,,,68,107
2256,note_on,96,0,2,,,,,,,,,,,,,,,1,,,52,0
2256,note_on,96,0,1,,,,,,,,,,,,,,,0,,,68,0
2280,note_on,24,0,1,,,,,,,,,,,,,,,0,,,66,107
2280,note_on,24,0,2,,,,,,,,,,,,,,,1,,,50,107
2376,note_on,96,0,2,,,,,,,,,,,,,,,1,,,50,0
2376,note_on,96,0,1,,,,,,,,,,,,,,,0,,,66,0
2400,note_on,24,0,1,,,,,,,,,,,,,,,0,,,74,107
2400,note_on,24,0,2,,,,,,,,,,,,,,,1,,,49,107
2496,note_on,96,0,1,,,,,,,,,,,,,,,0,,,74,0
2496,note_on,96,0,2,,,,,,,,,,,,,,,1,,,49,0
2520,note_on,24,0,1,,,,,,,,,,,,,,,0,,,71,107
2520,note_on,24,0,2,,,,,,,,,,,,,,,1,,,50,107
2544,note_on,24,0,1,,,,,,,,,,,,,,,0,,,71,0
2550,note_on,6,0,1,,,,,,,,,,,,,,,0,,,73,107
2574,note_on,24,0,1,,,,,,,,,,,,,,,0,,,73,0
2580,note_on,6,0,1,,,,,,,,,,,,,,,0,,,71,107
2640,note_on,120,0,2,,,,,,,,,,,,,,,1,,,54,107
2712,note_on,72,0,2,,,,,,,,,,,,,,,1,,,50,0
2760,note_on,48,0,2,,,,,,,,,,,,,,,1,,,47,107
2832,note_on,72,0,2,,,,,,,,,,,,,,,1,,,54,0
2865,note_on,285,0,1,,,,,,,,,,,,,,,0,,,71,0
2880,note_on,15,0,1,,,,,,,,,,,,,,,0,,,69,107
2952,note_on,120,0,2,,,,,,,,,,,,,,,1,,,47,0
2976,note_on,96,0,1,,,,,,,,,,,,,,,0,,,69,0
3000,note_on,24,0,1,,,,,,,,,,,,,,,0,,,68,107
3000,note_on,48,0,2,,,,,,,,,,,,,,,1,,,52,107
3120,note_on,120,0,2,,,,,,,,,,,,,,,1,,,56,107
3240,note_on,120,0,2,,,,,,,,,,,,,,,1,,,59,107
3288,note_on,288,0,1,,,,,,,,,,,,,,,0,,,68,0
3360,note_on,72,0,1,,,,,,,,,,,,,,,0,,,66,107
3384,note_on,144,0,2,,,,,,,,,,,,,,,1,,,52,0
3456,note_on,96,0,1,,,,,,,,,,,,,,,0,,,66,0
3480,note_on,24,0,1,,,,,,,,,,,,,,,0,,,64,107
3480,note_on,96,0,2,,,,,,,,,,,,,,,1,,,50,107
3576,note_on,96,0,1,,,,,,,,,,,,,,,0,,,64,0
3600,note_on,24,0,1,,,,,,,,,,,,,,,0,,,66,107
3672,note_on,192,0,2,,,,,,,,,,,,,,,1,,,50,0
3672,note_on,0,0,2,,,,,,,,,,,,,,,1,,,59,0
3672,note_on,0,0,2,,,,,,,,,,,,,,,1,,,56,0
3696,note_on,96,0,1,,,,,,,,,,,,,,,0,,,66,0
3720,note_on,24,0,1,,,,,,,,,,,,,,,0,,,68,107
3720,note_on,48,0,2,,,,,,,,,,,,,,,1,,,49,107
3720,note_on,0,0,2,,,,,,,,,,,,,,,1,,,57,107
3720,note_on,0,0,2,,,,,,,,,,,,,,,1,,,52,107
3816,note_on,96,0,1,,,,,,,,,,,,,,,0,,,68,0
3840,note_on,24,0,1,,,,,,,,,,,,,,,0,,,69,107
3912,note_on,192,0,2,,,,,,,,,,,,,,,1,,,57,0
3912,note_on,0,0,2,,,,,,,,,,,,,,,1,,,52,0
3912,note_on,0,0,2,,,,,,,,,,,,,,,1,,,49,0
3936,note_on,96,0,1,,,,,,,,,,,,,,,0,,,69,0
3960,note_on,24,0,1,,,,,,,,,,,,,,,0,,,71,107
3960,note_on,48,0,2,,,,,,,,,,,,,,,1,,,47,107
3960,note_on,0,0,2,,,,,,,,,,,,,,,1,,,50,107
3984,note_on,24,0,1,,,,,,,,,,,,,,,0,,,71,0
3990,note_on,6,0,1,,,,,,,,,,,,,,,0,,,69,107
4014,note_on,24,0,1,,,,,,,,,,,,,,,0,,,69,0
4020,note_on,6,0,1,,,,,,,,,,,,,,,0,,,71,107
4080,note_on,120,0,2,,,,,,,,,,,,,,,1,,,56,107
4152,note_on,72,0,2,,,,,,,,,,,,,,,1,,,50,0
4152,note_on,0,0,2,,,,,,,,,,,,,,,1,,,47,0
4176,note_on,24,0,2,,,,,,,,,,,,,,,1,,,56,0
4200,note_on,24,0,2,,,,,,,,,,,,,,,1,,,45,107
4200,note_on,0,0,2,,,,,,,,,,,,,,,1,,,52,107
4305,note_on,285,0,1,,,,,,,,,,,,,,,0,,,71,0
4320,note_on,120,0,2,,,,,,,,,,,,,,,1,,,57,107
4320,note_on,15,0,1,,,,,,,,,,,,,,,0,,,73,107
4392,note_on,0,0,2,,,,,,,,,,,,,,,1,,,45,0
4392,note_on,72,0,2,,,,,,,,,,,,,,,1,,,52,0
4416,note_on,96,0,1,,,,,,,,,,,,,,,0,,,73,0
4416,note_on,24,0,2,,,,,,,,,,,,,,,1,,,57,0
4440,note_on,24,0,2,,,,,,,,,,,,,,,1,,,44,107
4440,note_on,24,0,1,,,,,,,,,,,,,,,0,,,74,107
4560,note_on,120,0,2,,,,,,,,,,,,,,,1,,,47,107
4560,note_on,120,0,1,,,,,,,,,,,,,,,0,,,71,107
4656,note_on,96,0,2,,,,,,,,,,,,,,,1,,,47,0
4656,note_on,96,0,1,,,,,,,,,,,,,,,0,,,71,0
4680,note_on,24,0,2,,,,,,,,,,,,,,,1,,,52,107
4680,note_on,24,0,1,,,,,,,,,,,,,,,0,,,68,107
4728,note_on,48,0,1,,,,,,,,,,,,,,,0,,,74,0
4728,note_on,48,0,2,,,,,,,,,,,,,,,1,,,44,0
4800,note_on,72,0,1,,,,,,,,,,,,,,,0,,,76,107
4800,note_on,72,0,2,,,,,,,,,,,,,,,1,,,40,107
4872,note_on,72,0,1,,,,,,,,,,,,,,,0,,,68,0
4896,note_on,96,0,2,,,,,,,,,,,,,,,1,,,40,0
4896,note_on,24,0,1,,,,,,,,,,,,,,,0,,,76,0
4920,note_on,0,0,1,,,,,,,,,,,,,,,0,,,69,107
4920,note_on,24,0,2,,,,,,,,,,,,,,,1,,,45,107
4920,note_on,24,0,1,,,,,,,,,,,,,,,0,,,73,107
4944,note_on,24,0,1,,,,,,,,,,,,,,,0,,,73,0
4950,note_on,6,0,1,,,,,,,,,,,,,,,0,,,74,107
4974,note_on,24,0,1,,,,,,,,,,,,,,,0,,,74,0
4980,note_on,6,0,1,,,,,,,,,,,,,,,0,,,73,107
5064,note_on,144,0,2,,,,,,,,,,,,,,,1,,,52,0
5112,note_on,48,0,2,,,,,,,,,,,,,,,1,,,45,0
5160,note_on,48,0,2,,,,,,,,,,,,,,,1,,,50,107
5160,note_on,0,0,2,,,,,,,,,,,,,,,1,,,54,107
5265,note_on,285,0,1,,,,,,,,,,,,,,,0,,,73,0
5280,note_on,15,0,1,,,,,,,,,,,,,,,0,,,71,107
5304,note_on,24,0,1,,,,,,,,,,,,,,,0,,,69,0
5352,note_on,0,0,2,,,,,,,,,,,,,,,1,,,50,0
5352,note_on,192,0,2,,,,,,,,,,,,,,,1,,,54,0
5376,note_on,72,0,1,,,,,,,,,,,,,,,0,,,71,0
5400,note_on,24,0,1,,,,,,,,,,,,,,,0,,,71,107
5400,note_on,48,0,2,,,,,,,,,,,,,,,1,,,52,107
5400,note_on,0,0,2,,,,,,,,,,,,,,,1,,,52,107
5400,note_on,0,0,1,,,,,,,,,,,,,,,0,,,68,107
5424,note_on,24,0,1,,,,,,,,,,,,,,,0,,,71,0
5430,note_on,6,0,1,,,,,,,,,,,,,,,0,,,73,107
5454,note_on,24,0,1,,,,,,,,,,,,,,,0,,,73,0
5460,note_on,6,0,1,,,,,,,,,,,,,,,0,,,71,107
5592,note_on,192,0,2,,,,,,,,,,,,,,,1,,,52,0
5640,note_on,48,0,2,,,,,,,,,,,,,,,1,,,40,107
5745,note_on,285,0,1,,,,,,,,,,,,,,,0,,,71,0
5760,note_on,15,0,1,,,,,,,,,,,,,,,0,,,69,107
5784,note_on,144,0,2,,,,,,,,,,,,,,,1,,,52,0
5784,note_on,24,0,1,,,,,,,,,,,,,,,0,,,68,0
5832,note_on,48,0,2,,,,,,,,,,,,,,,1,,,40,0
5856,note_on,72,0,1,,,,,,,,,,,,,,,0,,,69,0
5880,note_on,24,0,1,,,,,,,,,,,,,,,0,,,61,107
5880,note_on,48,0,2,,,,,,,,,,,,,,,1,,,45,107
5910,note_on,30,0,1,,,,,,,,,,,,,,,0,,,64,107
5940,note_on,30,0,1,,,,,,,,,,,,,,,0,,,69,107
6000,note_on,120,0,2,,,,,,,,,,,,,,,1,,,52,107
6096,note_on,96,0,2,,,,,,,,,,,,,,,1,,,52,0
6120,note_on,24,0,2,,,,,,,,,,,,,,,1,,,54,107
6216,note_on,96,0,2,,,,,,,,,,,,,,,1,,,54,0
6228,note_on,288,0,1,,,,,,,,,,,,,,,0,,,64,0
6240,note_on,24,0,2,,,,,,,,,,,,,,,1,,,56,107
6264,note_on,24,0,2,,,,,,,,,,,,,,,1,,,45,0
6264,note_on,36,0,1,,,,,,,,,,,,,,,0,,,61,0
6336,note_on,72,0,2,,,,,,,,,,,,,,,1,,,56,0
6360,note_on,24,0,2,,,,,,,,,,,,,,,1,,,57,107
6456,note_on,192,0,1,,,,,,,,,,,,,,,0,,,69,0
6480,note_on,24,0,1,,,,,,,,,,,,,,,0,,,73,107
6552,note_on,192,0,2,,,,,,,,,,,,,,,1,,,57,0
6576,note_on,96,0,1,,,,,,,,,,,,,,,0,,,73,0
6600,note_on,48,0,2,,,,,,,,,,,,,,,1,,,56,107
6600,note_on,24,0,1,,,,,,,,,,,,,,,0,,,71,107
6696,note_on,96,0,2,,,,,,,,,,,,,,,1,,,56,0
6696,note_on,96,0,1,,,,,,,,,,,,,,,0,,,71,0
6720,note_on,24,0,1,,,,,,,,,,,,,,,0,,,69,107
6720,note_on,24,0,2,,,,,,,,,,,,,,,1,,,54,107
6816,note_on,96,0,1,,,,,,,,,,,,,,,0,,,69,0
6816,note_on,96,0,2,,,,,,,,,,,,,,,1,,,54,0
6840,note_on,24,0,1,,,,,,,,,,,,,,,0,,,68,107
6840,note_on,24,0,2,,,,,,,,,,,,,,,1,,,53,107
6864,note_on,24,0,1,,,,,,,,,,,,,,,0,,,68,0
6870,note_on,6,0,1,,,,,,,,,,,,,,,0,,,69,107
6894,note_on,24,0,1,,,,,,,,,,,,,,,0,,,69,0
6900,note_on,6,0,1,,,,,,,,,,,,,,,0,,,68,107
6960,note_on,120,0,2,,,,,,,,,,,,,,,1,,,56,107
7032,note_on,72,0,2,,,,,,,,,,,,,,,1,,,53,0
7080,note_on,48,0,2,,,,,,,,,,,,,,,1,,,49,107
7185,note_on,285,0,1,,,,,,,,,,,,,,,0,,,68,0
7200,note_on,15,0,1,,,,,,,,,,,,,,,0,,,69,107
7272,note_on,192,0,2,,,,,,,,,,,,,,,1,,,49,0
7296,note_on,96,0,1,,,,,,,,,,,,,,,0,,,69,0
7320,note_on,48,0,2,,,,,,,,,,,,,,,1,,,56,0
7320,note_on,24,0,1,,,,,,,,,,,,,,,0,,,71,107
7320,note_on,0,0,2,,,,,,,,,,,,,,,1,,,54,107
7416,note_on,96,0,1,,,,,,,,,,,,,,,0,,,71,0
7440,note_on,24,0,1,,,,,,,,,,,,,,,0,,,69,107
7536,note_on,96,0,1,,,,,,,,,,,,,,,0,,,69,0
7560,note_on,24,0,1,,,,,,,,,,,,,,,0,,,68,107
7608,note_on,288,0,2,,,,,,,,,,,,,,,1,,,54,0
7656,note_on,96,0,1,,,,,,,,,,,,,,,0,,,68,0
7680,note_on,72,0,2,,,,,,,,,,,,,,,1,,,56,107
7680,note_on,24,0,1,,,,,,,,,,,,,,,0,,,66,107
7776,note_on,96,0,2,,,,,,,,,,,,,,,1,,,56,0
7776,note_on,96,0,1,,,,,,,,,,,,,,,0,,,66,0
7800,note_on,24,0,1,,,,,,,,,,,,,,,0,,,78,107
7800,note_on,24,0,2,,,,,,,,,,,,,,,1,,,57,107
7824,note_on,24,0,1,,,,,,,,,,,,,,,0,,,78,0
7830,note_on,6,0,1,,,,,,,,,,,,,,,0,,,76,107
7854,note_on,24,0,1,,,,,,,,,,,,,,,0,,,76,0
7860,note_on,6,0,1,,,,,,,,,,,,,,,0,,,78,107
7896,note_on,96,0,2,,,,,,,,,,,,,,,1,,,57,0
7920,note_on,24,0,2,,,,,,,,,,,,,,,1,,,61,107
8016,note_on,96,0,2,,,,,,,,,,,,,,,1,,,61,0
8040,note_on,24,0,2,,,,,,,,,,,,,,,1,,,59,107
8136,note_on,96,0,2,,,,,,,,,,,,,,,1,,,59,0
8145,note_on,285,0,1,,,,,,,,,,,,,,,0,,,78,0
8160,note_on,24,0,2,,,,,,,,,,,,,,,1,,,57,107
8160,note_on,15,0,1,,,,,,,,,,,,,,,0,,,75,107
8256,note_on,96,0,1,,,,,,,,,,,,,,,0,,,75,0
8256,note_on,96,0,2,,,,,,,,,,,,,,,1,,,57,0
8280,note_on,24,0,2,,,,,,,,,,,,,,,1,,,56,107
8280,note_on,24,0,1,,,,,,,,,,,,,,,0,,,76,107
8304,note_on,24,0,1,,,,,,,,,,,,,,,0,,,76,0
8310,note_on,30,0,2,,,,,,,,,,,,,,,1,,,59,107
8310,note_on,6,0,1,,,,,,,,,,,,,,,0,,,75,107
8334,note_on,24,0,1,,,,,,,,,,,,,,,0,,,75,0
8340,note_on,6,0,1,,,,,,,,,,,,,,,0,,,76,107
8472,note_on,162,0,2,,,,,,,,,,,,,,,1,,,56,0
8478,note_on,6,0,2,,,,,,,,,,,,,,,1,,,59,0
8520,note_on,42,0,2,,,,,,,,,,,,,,,1,,,58,107
8550,note_on,30,0,2,,,,,,,,,,,,,,,1,,,61,107
8625,note_on,285,0,1,,,,,,,,,,,,,,,0,,,76,0
8640,note_on,15,0,1,,,,,,,,,,,,,,,0,,,78,107
8712,note_on,162,0,2,,,,,,,,,,,,,,,1,,,58,0
8718,note_on,6,0,2,,,,,,,,,,,,,,,1,,,61,0
8736,note_on,96,0,1,,,,,,,,,,,,,,,0,,,78,0
8760,note_on,24,0,1,,,,,,,,,,,,,,,0,,,75,107
8760,note_on,42,0,2,,,,,,,,,,,,,,,1,,,59,107
8880,note_on,120,0,2,,,,,,,,,,,,,,,1,,,63,107
9000,note_on,240,0,1,,,,,,,,,,,,,,,0,,,66,107
9048,note_on,48,0,1,,,,,,,,,,,,,,,0,,,75,0
9120,note_on,72,0,1,,,,,,,,,,,,,,,0,,,73,107
9144,note_on,264,0,2,,,,,,,,,,,,,,,1,,,59,0
9216,note_on,96,0,1,,,,,,,,,,,,,,,0,,,73,0
9240,note_on,24,0,1,,,,,,,,,,,,,,,0,,,71,107
9240,note_on,96,0,2,,,,,,,,,,,,,,,1,,,57,107
9336,note_on,96,0,1,,,,,,,,,,,,,,,0,,,71,0
9360,note_on,24,0,1,,,,,,,,,,,,,,,0,,,73,107
9432,note_on,72,0,1,,,,,,,,,,,,,,,0,,,66,0
9432,note_on,0,0,2,,,,,,,,,,,,,,,1,,,63,0
9432,note_on,192,0,2,,,,,,,,,,,,,,,1,,,57,0
9456,note_on,24,0,1,,,,,,,,,,,,,,,0,,,73,0
9480,note_on,24,0,1,,,,,,,,,,,,,,,0,,,64,107
9480,note_on,48,0,2,,,,,,,,,,,,,,,1,,,56,107
9480,note_on,0,0,1,,,,,,,,,,,,,,,0,,,75,107
9480,note_on,0,0,2,,,,,,,,,,,,,,,1,,,59,107
9576,note_on,96,0,1,,,,,,,,,,,,,,,0,,,75,0
9600,note_on,24,0,1,,,,,,,,,,,,,,,0,,,76,107
9672,note_on,72,0,1,,,,,,,,,,,,,,,0,,,64,0
9672,note_on,0,0,2,,,,,,,,,,,,,,,1,,,56,0
9672,note_on,192,0,2,,,,,,,,,,,,,,,1,,,59,0
9696,note_on,24,0,1,,,,,,,,,,,,,,,0,,,76,0
9720,note_on,24,0,1,,,,,,,,,,,,,,,0,,,78,107
9720,note_on,48,0,2,,,,,,,,,,,,,,,1,,,54,107
9720,note_on,0,0,2,,,,,,,,,,,,,,,1,,,57,107
9744,note_on,24,0,1,,,,,,,,,,,,,,,0,,,78,0
9750,note_on,6,0,1,,,,,,,,,,,,,,,0,,,76,107
9774,note_on,24,0,1,,,,,,,,,,,,,,,0,,,76,0
9780,note_on,6,0,1,,,,,,,,,,,,,,,0,,,78,107
9840,note_on,60,0,1,,,,,,,,,,,,,,,0,,,63,107
9912,note_on,0,0,2,,,,,,,,,,,,,,,1,,,54,0
9912,note_on,192,0,2,,,,,,,,,,,,,,,1,,,57,0
9936,note_on,96,0,1,,,,,,,,,,,,,,,0,,,63,0
9960,note_on,0,0,2,,,,,,,,,,,,,,,1,,,59,107
9960,note_on,48,0,2,,,,,,,,,,,,,,,1,,,52,107
10065,note_on,129,0,1,,,,,,,,,,,,,,,0,,,78,0
10080,note_on,15,0,1,,,,,,,,,,,,,,,0,,,64,107
10080,note_on,0,0,1,,,,,,,,,,,,,,,0,,,80,107
10152,note_on,192,0,2,,,,,,,,,,,,,,,1,,,59,0
10152,note_on,0,0,2,,,,,,,,,,,,,,,1,,,52,0
10176,note_on,96,0,1,,,,,,,,,,,,,,,0,,,80,0
10176,note_on,0,0,1,,,,,,,,,,,,,,,0,,,64,0
10200,note_on,24,0,1,,,,,,,,,,,,,,,0,,,81,107
10200,note_on,48,0,2,,,,,,,,,,,,,,,1,,,51,107
10320,note_on,120,0,2,,,,,,,,,,,,,,,1,,,54,107
10320,note_on,120,0,1,,,,,,,,,,,,,,,0,,,78,107
10416,note_on,96,0,1,,,,,,,,,,,,,,,0,,,78,0
10416,note_on,96,0,2,,,,,,,,,,,,,,,1,,,54,0
10440,note_on,24,0,2,,,,,,,,,,,,,,,1,,,59,107
10440,note_on,24,0,1,,,,,,,,,,,,,,,0,,,75,107
10488,note_on,48,0,1,,,,,,,,,,,,,,,0,,,81,0
10488,note_on,48,0,2,,,,,,,,,,,,,,,1,,,51,0
10560,note_on,72,0,2,,,,,,,,,,,,,,,1,,,47,107
10560,note_on,72,0,1,,,,,,,,,,,,,,,0,,,83,107
10632,note_on,72,0,1,,,,,,,,,,,,,,,0,,,75,0
10656,note_on,96,0,2,,,,,,,,,,,,,,,1,,,47,0
10656,note_on,24,0,1,,,,,,,,,,,,,,,0,,,83,0
10680,note_on,24,0,2,,,,,,,,,,,,,,,1,,,52,107
10680,note_on,0,0,1,,,,,,,,,,,,,,,0,,,76,107
10680,note_on,24,0,1,,,,,,,,,,,,,,,0,,,80,107
10704,note_on,24,0,1,,,,,,,,,,,,,,,0,,,80,0
10710,note_on,6,0,1,,,,,,,,,,,,,,,0,,,81,107
10734,note_on,24,0,1,,,,,,,,,,,,,,,0,,,81,0
10740,note_on,6,0,1,,,,,,,,,,,,,,,0,,,80,107
10824,note_on,144,0,2,,,,,,,,,,,,,,,1,,,59,0
10872,note_on,48,0,2,,,,,,,,,,,,,,,1,,,52,0
10920,note_on,48,0,2,,,,,,,,,,,,,,,1,,,61,107
10920,note_on,0,0,2,,,,,,,,,,,,,,,1,,,57,107
11025,note_on,285,0,1,,,,,,,,,,,,,,,0,,,80,0
11040,note_on,15,0,1,,,,,,,,,,,,,,,0,,,78,107
11064,note_on,24,0,1,,,,,,,,,,,,,,,0,,,76,0
11112,note_on,192,0,2,,,,,,,,,,,,,,,1,,,57,0
11112,note_on,0,0,2,,,,,,,,,,,,,,,1,,,61,0
11136,note_on,72,0,1,,,,,,,,,,,,,,,0,,,78,0
11160,note_on,24,0,1,,,,,,,,,,,,,,,0,,,75,107
11160,note_on,48,0,2,,,,,,,,,,,,,,,1,,,59,107
11160,note_on,0,0,2,,,,,,,,,,,,,,,1,,,59,107
11160,note_on,0,0,1,,,,,,,,,,,,,,,0,,,78,107
11184,note_on,24,0,1,,,,,,,,,,,,,,,0,,,78,0
11190,note_on,6,0,1,,,,,,,,,,,,,,,0,,,80,107
11214,note_on,24,0,1,,,,,,,,,,,,,,,0,,,80,0
11220,note_on,6,0,1,,,,,,,,,,,,,,,0,,,78,107
11352,note_on,192,0,2,,,,,,,,,,,,,,,1,,,59,0
11400,note_on,48,0,2,,,,,,,,,,,,,,,1,,,56,107
11505,note_on,285,0,1,,,,,,,,,,,,,,,0,,,78,0
11520,note_on,15,0,1,,,,,,,,,,,,,,,0,,,76,107
11544,note_on,144,0,2,,,,,,,,,,,,,,,1,,,59,0
11544,note_on,24,0,1,,,,,,,,,,,,,,,0,,,75,0
11592,note_on,48,0,2,,,,,,,,,,,,,,,1,,,56,0
11616,note_on,72,0,1,,,,,,,,,,,,,,,0,,,76,0
11640,note_on,48,0,2,,,,,,,,,,,,,,,1,,,61,107
11640,note_on,24,0,1,,,,,,,,,,,,,,,0,,,76,107
11736,note_on,96,0,2,,,,,,,,,,,,,,,1,,,61,0
11760,note_on,24,0,2,,,,,,,,,,,,,,,1,,,63,107
11856,note_on,96,0,2,,,,,,,,,,,,,,,1,,,63,0
11880,note_on,24,0,2,,,,,,,,,,,,,,,1,,,61,107
11976,note_on,96,0,2,,,,,,,,,,,,,,,1,,,61,0
12000,note_on,360,0,1,,,,,,,,,,,,,,,0,,,75,107
12000,note_on,24,0,2,,,,,,,,,,,,,,,1,,,59,107
12096,note_on,96,0,1,,,,,,,,,,,,,,,0,,,75,0
12096,note_on,96,0,2,,,,,,,,,,,,,,,1,,,59,0
12120,note_on,24,0,2,,,,,,,,,,,,,,,1,,,57,107
12120,note_on,24,0,1,,,,,,,,,,,,,,,0,,,73,107
12216,note_on,96,0,1,,,,,,,,,,,,,,,0,,,73,0
12216,note_on,96,0,2,,,,,,,,,,,,,,,1,,,57,0
12240,note_on,24,0,2,,,,,,,,,,,,,,,1,,,56,107
12240,note_on,24,0,1,,,,,,,,,,,,,,,0,,,71,107
12336,note_on,96,0,2,,,,,,,,,,,,,,,1,,,56,0
12336,note_on,96,0,1,,,,,,,,,,,,,,,0,,,71,0
12360,note_on,24,0,1,,,,,,,,,,,,,,,0,,,69,107
12360,note_on,24,0,2,,,,,,,,,,,,,,,1,,,54,107
12456,note_on,96,0,2,,,,,,,,,,,,,,,1,,,54,0
12456,note_on,96,0,1,,,,,,,,,,,,,,,0,,,69,0
12480,note_on,24,0,1,,,,,,,,,,,,,,,0,,,68,107
12480,note_on,24,0,2,,,,,,,,,,,,,,,1,,,52,107
12576,note_on,96,0,1,,,,,,,,,,,,,,,0,,,68,0
12576,note_on,96,0,2,,,,,,,,,,,,,,,1,,,52,0
12600,note_on,24,0,1,,,,,,,,,,,,,,,0,,,59,107
12600,note_on,0,0,1,,,,,,,,,,,,,,,0,,,66,107
12600,note_on,24,0,2,,,,,,,,,,,,,,,1,,,59,107
12720,note_on,120,0,1,,,,,,,,,,,,,,,0,,,69,105
12744,note_on,24,0,1,,,,,,,,,,,,,,,0,,,76,0
12792,note_on,192,0,2,,,,,,,,,,,,,,,1,,,59,0
12840,note_on,48,0,2,,,,,,,,,,,,,,,1,,,47,107
12840,note_on,96,0,1,,,,,,,,,,,,,,,0,,,76,107
12936,note_on,96,0,1,,,,,,,,,,,,,,,0,,,76,0
12960,note_on,24,0,1,,,,,,,,,,,,,,,0,,,75,107
12984,note_on,24,0,1,,,,,,,,,,,,,,,0,,,59,0
12984,note_on,0,0,1,,,,,,,,,,,,,,,0,,,66,0
13008,note_on,24,0,1,,,,,,,,,,,,,,,0,,,69,0
13032,note_on,192,0,2,,,,,,,,,,,,,,,1,,,47,0
13056,note_on,48,0,1,,,,,,,,,,,,,,,0,,,75,0
13080,note_on,24,0,1,,,,,,,,,,,,,,,0,,,76,107
13080,note_on,48,0,2,,,,,,,,,,,,,,,1,,,52,107
13320,note_on,240,0,2,,,,,,,,,,,,,,,1,,,40,107
13440,note_on,360,0,1,,,,,,,,,,,,,,,0,,,71,107
13464,note_on,144,0,2,,,,,,,,,,,,,,,1,,,52,0
13536,note_on,96,0,1,,,,,,,,,,,,,,,0,,,71,0
13560,note_on,24,0,1,,,,,,,,,,,,,,,0,,,73,107
13560,note_on,96,0,2,,,,,,,,,,,,,,,1,,,47,107
13656,note_on,96,0,1,,,,,,,,,,,,,,,0,,,73,0
13656,note_on,0,0,1,,,,,,,,,,,,,,,0,,,76,0
13680,note_on,24,0,1,,,,,,,,,,,,,,,0,,,69,107
13752,note_on,192,0,2,,,,,,,,,,,,,,,1,,,47,0
13776,note_on,96,0,1,,,,,,,,,,,,,,,0,,,69,0
13800,note_on,48,0,2,,,,,,,,,,,,,,,1,,,52,107
13800,note_on,24,0,1,,,,,,,,,,,,,,,0,,,68,107
13830,note_on,30,0,1,,,,,,,,,,,,,,,0,,,71,107
13860,note_on,30,0,1,,,,,,,,,,,,,,,0,,,76,107
14145,note_on,285,0,1,,,,,,,,,,,,,,,0,,,76,0
14148,note_on,3,0,1,,,,,,,,,,,,,,,0,,,71,0
14184,note_on,384,0,2,,,,,,,,,,,,,,,1,,,52,0
14184,note_on,36,0,1,,,,,,,,,,,,,,,0,,,68,0
14184,note_on,0,0,2,,,,,,,,,,,,,,,1,,,40,0
14520,time_signature,14400,1,0,,,,,,,1,8,12,8,,,,,,,,,
14520,note_on,336,0,1,,,,,,,,,,,,,,,0,,,81,107
14616,note_on,96,0,1,,,,,,,,,,,,,,,0,,,81,0
14640,note_on,456,0,2,,,,,,,,,,,,,,,1,,,57,107
14640,note_on,0,0,2,,,,,,,,,,,,,,,1,,,57,107
14640,note_on,24,0,1,,,,,,,,,,,,,,,0,,,73,107
14640,time_signature,120,1,0,,,,,,,3,2,48,8,,,,,,,,,
14670,note_on,30,0,1,,,,,,,,,,,,,,,0,,,76,107
14700,note_on,30,0,1,,,,,,,,,,,,,,,0,,,81,107
14736,note_on,96,0,2,,,,,,,,,,,,,,,1,,,57,0
14760,note_on,24,0,2,,,,,,,,,,,,,,,1,,,45,107
14856,note_on,96,0,2,,,,,,,,,,,,,,,1,,,45,0
14880,note_on,24,0,2,,,,,,,,,,,,,,,1,,,47,107
14928,note_on,228,0,1,,,,,,,,,,,,,,,0,,,73,0
14952,note_on,24,0,1,,,,,,,,,,,,,,,0,,,81,0
14952,note_on,0,0,1,,,,,,,,,,,,,,,0,,,76,0
14976,note_on,96,0,2,,,,,,,,,,,,,,,1,,,47,0
15000,note_on,24,0,2,,,,,,,,,,,,,,,1,,,49,107
15000,note_on,48,0,1,,,,,,,,,,,,,,,0,,,80,107
15096,note_on,96,0,1,,,,,,,,,,,,,,,0,,,80,0
15096,note_on,96,0,2,,,,,,,,,,,,,,,1,,,49,0
15120,note_on,24,0,2,,,,,,,,,,,,,,,1,,,50,107
15120,note_on,24,0,1,,,,,,,,,,,,,,,0,,,78,107
15216,note_on,96,0,2,,,,,,,,,,,,,,,1,,,57,0
15216,note_on,96,0,1,,,,,,,,,,,,,,,0,,,78,0
15240,note_on,24,0,1,,,,,,,,,,,,,,,0,,,76,107
15312,note_on,96,0,2,,,,,,,,,,,,,,,1,,,50,0
15336,note_on,96,0,1,,,,,,,,,,,,,,,0,,,76,0
15360,note_on,48,0,2,,,,,,,,,,,,,,,1,,,52,107
15360,note_on,24,0,1,,,,,,,,,,,,,,,0,,,74,107
15390,note_on,30,0,2,,,,,,,,,,,,,,,1,,,56,107
15456,note_on,96,0,1,,,,,,,,,,,,,,,0,,,74,0
15480,note_on,24,0,1,,,,,,,,,,,,,,,0,,,73,107
15552,note_on,162,0,2,,,,,,,,,,,,,,,1,,,52,0
15558,note_on,6,0,2,,,,,,,,,,,,,,,1,,,56,0
15576,note_on,96,0,1,,,,,,,,,,,,,,,0,,,73,0
15600,note_on,42,0,2,,,,,,,,,,,,,,,1,,,54,107
15600,note_on,24,0,1,,,,,,,,,,,,,,,0,,,74,107
15624,note_on,24,0,1,,,,,,,,,,,,,,,0,,,74,0
15630,note_on,30,0,2,,,,,,,,,,,,,,,1,,,57,107
15630,note_on,6,0,1,,,,,,,,,,,,,,,0,,,73,107
15654,note_on,24,0,1,,,,,,,,,,,,,,,0,,,73,0
15660,note_on,6,0,1,,,,,,,,,,,,,,,0,,,74,107
15792,note_on,162,0,2,,,,,,,,,,,,,,,1,,,54,0
15798,note_on,6,0,2,,,,,,,,,,,,,,,1,,,57,0
15840,note_on,42,0,2,,,,,,,,,,,,,,,1,,,56,107
15885,note_on,45,0,2,,,,,,,,,,,,,,,1,,,59,107
15945,note_on,285,0,1,,,,,,,,,,,,,,,0,,,74,0
15960,note_on,15,0,1,,,,,,,,,,,,,,,0,,,76,107
16032,note_on,147,0,2,,,,,,,,,,,,,,,1,,,56,0
16053,note_on,21,0,2,,,,,,,,,,,,,,,1,,,59,0
16056,note_on,96,0,1,,,,,,,,,,,,,,,0,,,76,0
16080,note_on,27,0,2,,,,,,,,,,,,,,,1,,,57,107
16080,note_on,24,0,1,,,,,,,,,,,,,,,0,,,73,107
16104,note_on,24,0,1,,,,,,,,,,,,,,,0,,,73,0
16110,note_on,6,0,1,,,,,,,,,,,,,,,0,,,74,107
16134,note_on,24,0,1,,,,,,,,,,,,,,,0,,,74,0
16140,note_on,6,0,1,,,,,,,,,,,,,,,0,,,73,107
16200,note_on,120,0,2,,,,,,,,,,,,,,,1,,,61,107
16320,note_on,120,0,2,,,,,,,,,,,,,,,1,,,64,107
16368,note_on,48,0,2,,,,,,,,,,,,,,,1,,,57,0
16425,note_on,285,0,1,,,,,,,,,,,,,,,0,,,73,0
16440,note_on,72,0,2,,,,,,,,,,,,,,,1,,,56,107
16440,note_on,15,0,1,,,,,,,,,,,,,,,0,,,71,107
16488,note_on,48,0,2,,,,,,,,,,,,,,,1,,,61,0
16512,note_on,24,0,2,,,,,,,,,,,,,,,1,,,64,0
16536,note_on,24,0,2,,,,,,,,,,,,,,,1,,,56,0
16536,note_on,96,0,1,,,,,,,,,,,,,,,0,,,71,0
16560,note_on,24,0,1,,,,,,,,,,,,,,,0,,,69,107
16560,note_on,24,0,2,,,,,,,,,,,,,,,1,,,54,107
16656,note_on,96,0,1,,,,,,,,,,,,,,,0,,,69,0
16656,note_on,96,0,2,,,,,,,,,,,,,,,1,,,54,0
16680,note_on,24,0,2,,,,,,,,,,,,,,,1,,,52,107
16680,note_on,24,0,1,,,,,,,,,,,,,,,0,,,68,107
16776,note_on,96,0,2,,,,,,,,,,,,,,,1,,,52,0
16776,note_on,96,0,1,,,,,,,,,,,,,,,0,,,68,0
16800,note_on,24,0,2,,,,,,,,,,,,,,,1,,,50,107
16800,note_on,24,0,1,,,,,,,,,,,,,,,0,,,66,107
16896,note_on,96,0,2,,,,,,,,,,,,,,,1,,,50,0
16896,note_on,96,0,1,,,,,,,,,,,,,,,0,,,66,0
16920,note_on,24,0,1,,,,,,,,,,,,,,,0,,,74,107
16920,note_on,24,0,2,,,,,,,,,,,,,,,1,,,49,107
17016,note_on,96,0,1,,,,,,,,,,,,,,,0,,,74,0
17016,note_on,96,0,2,,,,,,,,,,,,,,,1,,,49,0
17040,note_on,24,0,2,,,,,,,,,,,,,,,1,,,50,107
17040,note_on,24,0,1,,,,,,,,,,,,,,,0,,,71,107
17064,note_on,24,0,1,,,,,,,,,,,,,,,0,,,71,0
17070,note_on,6,0,1,,,,,,,,,,,,,,,0,,,73,107
17094,note_on,24,0,1,,,,,,,,,,,,,,,0,,,73,0
17100,note_on,6,0,1,,,,,,,,,,,,,,,0,,,71,107
17160,note_on,120,0,2,,,,,,,,,,,,,,,1,,,54,107
17232,note_on,72,0,2,,,,,,,,,,,,,,,1,,,50,0
17280,note_on,48,0,2,,,,,,,,,,,,,,,1,,,47,107
17352,note_on,72,0,2,,,,,,,,,,,,,,,1,,,54,0
17385,note_on,285,0,1,,,,,,,,,,,,,,,0,,,71,0
17400,note_on,15,0,1,,,,,,,,,,,,,,,0,,,69,107
17472,note_on,120,0,2,,,,,,,,,,,,,,,1,,,47,0
17496,note_on,96,0,1,,,,,,,,,,,,,,,0,,,69,0
17520,note_on,48,0,2,,,,,,,,,,,,,,,1,,,52,107
17520,note_on,24,0,1,,,,,,,,,,,,,,,0,,,68,107
17640,note_on,120,0,2,,,,,,,,,,,,,,,1,,,56,107
17760,note_on,120,0,2,,,,,,,,,,,,,,,1,,,59,107
17808,note_on,288,0,1,,,,,,,,,,,,,,,0,,,68,0
17880,note_on,72,0,1,,,,,,,,,,,,,,,0,,,66,107
17904,note_on,144,0,2,,,,,,,,,,,,,,,1,,,52,0
17976,note_on,96,0,1,,,,,,,,,,,,,,,0,,,66,0
18000,note_on,96,0,2,,,,,,,,,,,,,,,1,,,50,107
18000,note_on,24,0,1,,,,,,,,,,,,,,,0,,,64,107
18096,note_on,96,0,1,,,,,,,,,,,,,,,0,,,64,0
18120,note_on,24,0,1,,,,,,,,,,,,,,,0,,,66,107
18192,note_on,0,0,2,,,,,,,,,,,,,,,1,,,59,0
18192,note_on,192,0,2,,,,,,,,,,,,,,,1,,,50,0
18192,note_on,0,0,2,,,,,,,,,,,,,,,1,,,56,0
18216,note_on,96,0,1,,,,,,,,,,,,,,,0,,,66,0
18240,note_on,48,0,2,,,,,,,,,,,,,,,1,,,49,107
18240,note_on,0,0,2,,,,,,,,,,,,,,,1,,,52,107
18240,note_on,24,0,1,,,,,,,,,,,,,,,0,,,68,107
18240,note_on,0,0,2,,,,,,,,,,,,,,,1,,,57,107
18336,note_on,96,0,1,,,,,,,,,,,,,,,0,,,68,0
18360,note_on,24,0,1,,,,,,,,,,,,,,,0,,,69,107
18432,note_on,192,0,2,,,,,,,,,,,,,,,1,,,57,0
18432,note_on,0,0,2,,,,,,,,,,,,,,,1,,,52,0
18432,note_on,0,0,2,,,,,,,,,,,,,,,1,,,49,0
18456,note_on,96,0,1,,,,,,,,,,,,,,,0,,,69,0
18480,note_on,0,0,2,,,,,,,,,,,,,,,1,,,50,107
18480,note_on,24,0,1,,,,,,,,,,,,,,,0,,,71,107
18480,note_on,48,0,2,,,,,,,,,,,,,,,1,,,47,107
18504,note_on,24,0,1,,,,,,,,,,,,,,,0,,,71,0
18510,note_on,6,0,1,,,,,,,,,,,,,,,0,,,69,107
18534,note_on,24,0,1,,,,,,,,,,,,,,,0,,,69,0
18540,note_on,6,0,1,,,,,,,,,,,,,,,0,,,71,107
18600,note_on,120,0,2,,,,,,,,,,,,,,,1,,,56,107
18672,note_on,72,0,2,,,,,,,,,,,,,,,1,,,50,0
18672,note_on,0,0,2,,,,,,,,,,,,,,,1,,,47,0
18696,note_on,24,0,2,,,,,,,,,,,,,,,1,,,56,0
18720,note_on,24,0,2,,,,,,,,,,,,,,,1,,,45,107
18720,note_on,0,0,2,,,,,,,,,,,,,,,1,,,52,107
18825,note_on,285,0,1,,,,,,,,,,,,,,,0,,,71,0
18840,note_on,15,0,1,,,,,,,,,,,,,,,0,,,73,107
18840,note_on,120,0,2,,,,,,,,,,,,,,,1,,,57,107
18912,note_on,72,0,2,,,,,,,,,,,,,,,1,,,52,0
18912,note_on,0,0,2,,,,,,,,,,,,,,,1,,,45,0
18936,note_on,96,0,1,,,,,,,,,,,,,,,0,,,73,0
18936,note_on,24,0,2,,,,,,,,,,,,,,,1,,,57,0
18960,note_on,24,0,2,,,,,,,,,,,,,,,1,,,44,107
18960,note_on,24,0,1,,,,,,,,,,,,,,,0,,,74,107
19080,note_on,120,0,2,,,,,,,,,,,,,,,1,,,47,107
19080,note_on,120,0,1,,,,,,,,,,,,,,,0,,,71,107
19176,note_on,96,0,1,,,,,,,,,,,,,,,0,,,71,0
19176,note_on,96,0,2,,,,,,,,,,,,,,,1,,,47,0
19200,note_on,24,0,1,,,,,,,,,,,,,,,0,,,68,107
19200,note_on,24,0,2,,,,,,,,,,,,,,,1,,,52,107
19248,note_on,48,0,2,,,,,,,,,,,,,,,1,,,44,0
19248,note_on,48,0,1,,,,,,,,,,,,,,,0,,,74,0
19320,note_on,72,0,2,,,,,,,,,,,,,,,1,,,40,107
19320,note_on,72,0,1,,,,,,,,,,,,,,,0,,,76,107
19392,note_on,72,0,1,,,,,,,,,,,,,,,0,,,68,0
19416,note_on,96,0,2,,,,,,,,,,,,,,,1,,,40,0
19416,note_on,24,0,1,,,,,,,,,,,,,,,0,,,76,0
19440,note_on,24,0,2,,,,,,,,,,,,,,,1,,,45,107
19440,note_on,0,0,1,,,,,,,,,,,,,,,0,,,69,107
19440,note_on,24,0,1,,,,,,,,,,,,,,,0,,,73,107
19464,note_on,24,0,1,,,,,,,,,,,,,,,0,,,73,0
19470,note_on,6,0,1,,,,,,,,,,,,,,,0,,,74,107
19494,note_on,24,0,1,,,,,,,,,,,,,,,0,,,74,0
19500,note_on,6,0,1,,,,,,,,,,,,,,,0,,,73,107
19584,note_on,144,0,2,,,,,,,,,,,,,,,1,,,52,0
19632,note_on,48,0,2,,,,,,,,,,,,,,,1,,,45,0
19680,note_on,48,0,2,,,,,,,,,,,,,,,1,,,50,107
19680,note_on,0,0,2,,,,,,,,,,,,,,,1,,,54,107
19785,note_on,285,0,1,,,,,,,,,,,,,,,0,,,73,0
19800,note_on,15,0,1,,,,,,,,,,,,,,,0,,,71,107
19824,note_on,24,0,1,,,,,,,,,,,,,,,0,,,69,0
19872,note_on,0,0,2,,,,,,,,,,,,,,,1,,,50,0
19872,note_on,192,0,2,,,,,,,,,,,,,,,1,,,54,0
19896,note_on,72,0,1,,,,,,,,,,,,,,,0,,,71,0
19920,note_on,0,0,1,,,,,,,,,,,,,,,0,,,68,107
19920,note_on,24,0,1,,,,,,,,,,,,,,,0,,,71,107
19920,note_on,48,0,2,,,,,,,,,,,,,,,1,,,52,107
19920,note_on,0,0,2,,,,,,,,,,,,,,,1,,,52,107
19944,note_on,24,0,1,,,,,,,,,,,,,,,0,,,71,0
19950,note_on,6,0,1,,,,,,,,,,,,,,,0,,,73,107
19974,note_on,24,0,1,,,,,,,,,,,,,,,0,,,73,0
19980,note_on,6,0,1,,,,,,,,,,,,,,,0,,,71,107
20112,note_on,192,0,2,,,,,,,,,,,,,,,1,,,52,0
20160,note_on,48,0,2,,,,,,,,,,,,,,,1,,,40,107
20265,note_on,285,0,1,,,,,,,,,,,,,,,0,,,71,0
20280,note_on,15,0,1,,,,,,,,,,,,,,,0,,,69,107
20304,note_on,144,0,2,,,,,,,,,,,,,,,1,,,52,0
20304,note_on,24,0,1,,,,,,,,,,,,,,,0,,,68,0
20352,note_on,48,0,2,,,,,,,,,,,,,,,1,,,40,0
20376,note_on,72,0,1,,,,,,,,,,,,,,,0,,,69,0
20400,note_on,24,0,1,,,,,,,,,,,,,,,0,,,61,107
20400,note_on,48,0,2,,,,,,,,,,,,,,,1,,,45,107
20430,note_on,30,0,1,,,,,,,,,,,,,,,0,,,64,107
20460,note_on,30,0,1,,,,,,,,,,,,,,,0,,,69,107
20520,note_on,120,0,2,,,,,,,,,,,,,,,1,,,52,107
20616,note_on,96,0,2,,,,,,,,,,,,,,,1,,,52,0
20640,note_on,24,0,2,,,,,,,,,,,,,,,1,,,54,107
20736,note_on,96,0,2,,,,,,,,,,,,,,,1,,,54,0
20748,note_on,288,0,1,,,,,,,,,,,,,,,0,,,64,0
20760,note_on,24,0,2,,,,,,,,,,,,,,,1,,,56,107
20784,note_on,24,0,2,,,,,,,,,,,,,,,1,,,45,0
20784,note_on,36,0,1,,,,,,,,,,,,,,,0,,,61,0
20856,note_on,72,0,2,,,,,,,,,,,,,,,1,,,56,0
20880,note_on,24,0,2,,,,,,,,,,,,,,,1,,,57,107
20976,note_on,192,0,1,,,,,,,,,,,,,,,0,,,69,0
21000,note_on,24,0,1,,,,,,,,,,,,,,,0,,,73,107
21072,note_on,192,0,2,,,,,,,,,,,,,,,1,,,57,0
21096,note_on,96,0,1,,,,,,,,,,,,,,,0,,,73,0
21120,note_on,24,0,1,,,,,,,,,,,,,,,0,,,71,107
21120,note_on,48,0,2,,,,,,,,,,,,,,,1,,,56,107
21216,note_on,96,0,1,,,,,,,,,,,,,,,0,,,71,0
21216,note_on,96,0,2,,,,,,,,,,,,,,,1,,,56,0
21240,note_on,24,0,2,,,,,,,,,,,,,,,1,,,54,107
21240,note_on,24,0,1,,,,,,,,,,,,,,,0,,,69,107
21336,note_on,96,0,1,,,,,,,,,,,,,,,0,,,69,0
21336,note_on,96,0,2,,,,,,,,,,,,,,,1,,,54,0
21360,note_on,24,0,2,,,,,,,,,,,,,,,1,,,53,107
21360,note_on,24,0,1,,,,,,,,,,,,,,,0,,,68,107
21384,note_on,24,0,1,,,,,,,,,,,,,,,0,,,68,0
21390,note_on,6,0,1,,,,,,,,,,,,,,,0,,,69,107
21414,note_on,24,0,1,,,,,,,,,,,,,,,0,,,69,0
21420,note_on,6,0,1,,,,,,,,,,,,,,,0,,,68,107
21480,note_on,120,0,2,,,,,,,,,,,,,,,1,,,56,107
21552,note_on,72,0,2,,,,,,,,,,,,,,,1,,,53,0
21600,note_on,48,0,2,,,,,,,,,,,,,,,1,,,49,107
21705,note_on,285,0,1,,,,,,,,,,,,,,,0,,,68,0
21720,note_on,15,0,1,,,,,,,,,,,,,,,0,,,69,107
21792,note_on,192,0,2,,,,,,,,,,,,,,,1,,,49,0
21816,note_on,96,0,1,,,,,,,,,,,,,,,0,,,69,0
21840,note_on,48,0,2,,,,,,,,,,,,,,,1,,,56,0
21840,note_on,24,0,1,,,,,,,,,,,,,,,0,,,71,107
21840,note_on,0,0,2,,,,,,,,,,,,,,,1,,,54,107
21936,note_on,96,0,1,,,,,,,,,,,,,,,0,,,71,0
21960,note_on,24,0,1,,,,,,,,,,,,,,,0,,,69,107
22056,note_on,96,0,1,,,,,,,,,,,,,,,0,,,69,0
22080,note_on,24,0,1,,,,,,,,,,,,,,,0,,,68,107
22128,note_on,288,0,2,,,,,,,,,,,,,,,1,,,54,0
22176,note_on,96,0,1,,,,,,,,,,,,,,,0,,,68,0
22200,note_on,24,0,1,,,,,,,,,,,,,,,0,,,66,107
22200,note_on,72,0,2,,,,,,,,,,,,,,,1,,,56,107
22296,note_on,96,0,2,,,,,,,,,,,,,,,1,,,56,0
22296,note_on,96,0,1,,,,,,,,,,,,,,,0,,,66,0
22320,note_on,24,0,2,,,,,,,,,,,,,,,1,,,57,107
22320,note_on,24,0,1,,,,,,,,,,,,,,,0,,,78,107
22344,note_on,24,0,1,,,,,,,,,,,,,,,0,,,78,0
22350,note_on,6,0,1,,,,,,,,,,,,,,,0,,,76,107
22374,note_on,24,0,1,,,,,,,,,,,,,,,0,,,76,0
22380,note_on,6,0,1,,,,,,,,,,,,,,,0,,,78,107
22416,note_on,96,0,2,,,,,,,,,,,,,,,1,,,57,0
22440,note_on,24,0,2,,,,,,,,,,,,,,,1,,,61,107
22536,note_on,96,0,2,,,,,,,,,,,,,,,1,,,61,0
22560,note_on,24,0,2,,,,,,,,,,,,,,,1,,,59,107
22656,note_on,96,0,2,,,,,,,,,,,,,,,1,,,59,0
22665,note_on,285,0,1,,,,,,,,,,,,,,,0,,,78,0
22680,note_on,15,0,1,,,,,,,,,,,,,,,0,,,75,107
22680,note_on,24,0,2,,,,,,,,,,,,,,,1,,,57,107
22776,note_on,96,0,2,,,,,,,,,,,,,,,1,,,57,0
22776,note_on,96,0,1,,,,,,,,,,,,,,,0,,,75,0
22800,note_on,24,0,2,,,,,,,,,,,,,,,1,,,56,107
22800,note_on,24,0,1,,,,,,,,,,,,,,,0,,,76,107
22824,note_on,24,0,1,,,,,,,,,,,,,,,0,,,76,0
22830,note_on,30,0,2,,,,,,,,,,,,,,,1,,,59,107
22830,note_on,6,0,1,,,,,,,,,,,,,,,0,,,75,107
22854,note_on,24,0,1,,,,,,,,,,,,,,,0,,,75,0
22860,note_on,6,0,1,,,,,,,,,,,,,,,0,,,76,107
22992,note_on,162,0,2,,,,,,,,,,,,,,,1,,,56,0
22998,note_on,6,0,2,,,,,,,,,,,,,,,1,,,59,0
23040,note_on,42,0,2,,,,,,,,,,,,,,,1,,,58,107
23070,note_on,30,0,2,,,,,,,,,,,,,,,1,,,61,107
23145,note_on,285,0,1,,,,,,,,,,,,,,,0,,,76,0
23160,note_on,15,0,1,,,,,,,,,,,,,,,0,,,78,107
23232,note_on,162,0,2,,,,,,,,,,,,,,,1,,,58,0
23238,note_on,6,0,2,,,,,,,,,,,,,,,1,,,61,0
23256,note_on,96,0,1,,,,,,,,,,,,,,,0,,,78,0
23280,note_on,24,0,1,,,,,,,,,,,,,,,0,,,75,107
23280,note_on,42,0,2,,,,,,,,,,,,,,,1,,,59,107
23400,note_on,120,0,2,,,,,,,,,,,,,,,1,,,63,107
23520,note_on,240,0,1,,,,,,,,,,,,,,,0,,,66,107
23568,note_on,48,0,1,,,,,,,,,,,,,,,0,,,75,0
23640,note_on,72,0,1,,,,,,,,,,,,,,,0,,,73,107
23664,note_on,264,0,2,,,,,,,,,,,,,,,1,,,59,0
23736,note_on,96,0,1,,,,,,,,,,,,,,,0,,,73,0
23760,note_on,24,0,1,,,,,,,,,,,,,,,0,,,71,107
23760,note_on,96,0,2,,,,,,,,,,,,,,,1,,,57,107
23856,note_on,96,0,1,,,,,,,,,,,,,,,0,,,71,0
23880,note_on,24,0,1,,,,,,,,,,,,,,,0,,,73,107
23952,note_on,0,0,2,,,,,,,,,,,,,,,1,,,63,0
23952,note_on,72,0,1,,,,,,,,,,,,,,,0,,,66,0
23952,note_on,192,0,2,,,,,,,,,,,,,,,1,,,57,0
23976,note_on,24,0,1,,,,,,,,,,,,,,,0,,,73,0
24000,note_on,0,0,1,,,,,,,,,,,,,,,0,,,75,107
24000,note_on,24,0,1,,,,,,,,,,,,,,,0,,,64,107
24000,note_on,0,0,2,,,,,,,,,,,,,,,1,,,59,107
24000,note_on,48,0,2,,,,,,,,,,,,,,,1,,,56,107
24096,note_on,96,0,1,,,,,,,,,,,,,,,0,,,75,0
24120,note_on,24,0,1,,,,,,,,,,,,,,,0,,,76,107
24192,note_on,192,0,2,,,,,,,,,,,,,,,1,,,59,0
24192,note_on,0,0,2,,,,,,,,,,,,,,,1,,,56,0
24192,note_on,72,0,1,,,,,,,,,,,,,,,0,,,64,0
24216,note_on,24,0,1,,,,,,,,,,,,,,,0,,,76,0
24240,note_on,48,0,2,,,,,,,,,,,,,,,1,,,54,107
24240,note_on,0,0,2,,,,,,,,,,,,,,,1,,,57,107
24240,note_on,24,0,1,,,,,,,,,,,,,,,0,,,78,107
24264,note_on,24,0,1,,,,,,,,,,,,,,,0,,,78,0
24270,note_on,6,0,1,,,,,,,,,,,,,,,0,,,76,107
24294,note_on,24,0,1,,,,,,,,,,,,,,,0,,,76,0
24300,note_on,6,0,1,,,,,,,,,,,,,,,0,,,78,107
24360,note_on,60,0,1,,,,,,,,,,,,,,,0,,,63,107
24432,note_on,192,0,2,,,,,,,,,,,,,,,1,,,57,0
24432,note_on,0,0,2,,,,,,,,,,,,,,,1,,,54,0
24456,note_on,96,0,1,,,,,,,,,,,,,,,0,,,63,0
24480,note_on,0,0,2,,,,,,,,,,,,,,,1,,,59,107
24480,note_on,48,0,2,,,,,,,,,,,,,,,1,,,52,107
24585,note_on,129,0,1,,,,,,,,,,,,,,,0,,,78,0
24600,note_on,15,0,1,,,,,,,,,,,,,,,0,,,64,107
24600,note_on,0,0,1,,,,,,,,,,,,,,,0,,,80,107
24672,note_on,192,0,2,,,,,,,,,,,,,,,1,,,59,0
24672,note_on,0,0,2,,,,,,,,,,,,,,,1,,,52,0
24696,note_on,0,0,1,,,,,,,,,,,,,,,0,,,64,0
24696,note_on,96,0,1,,,,,,,,,,,,,,,0,,,80,0
24720,note_on,24,0,1,,,,,,,,,,,,,,,0,,,81,107
24720,note_on,48,0,2,,,,,,,,,,,,,,,1,,,51,107
24840,note_on,120,0,1,,,,,,,,,,,,,,,0,,,78,107
24840,note_on,120,0,2,,,,,,,,,,,,,,,1,,,54,107
24936,note_on,96,0,1,,,,,,,,,,,,,,,0,,,78,0
24936,note_on,96,0,2,,,,,,,,,,,,,,,1,,,54,0
24960,note_on,24,0,1,,,,,,,,,,,,,,,0,,,75,107
24960,note_on,24,0,2,,,,,,,,,,,,,,,1,,,59,107
25008,note_on,48,0,1,,,,,,,,,,,,,,,0,,,81,0
25008,note_on,48,0,2,,,,,,,,,,,,,,,1,,,51,0
25080,note_on,72,0,1,,,,,,,,,,,,,,,0,,,83,107
25080,note_on,72,0,2,,,,,,,,,,,,,,,1,,,47,107
25152,note_on,72,0,1,,,,,,,,,,,,,,,0,,,75,0
25176,note_on,96,0,2,,,,,,,,,,,,,,,1,,,47,0
25176,note_on,24,0,1,,,,,,,,,,,,,,,0,,,83,0
25200,note_on,0,0,1,,,,,,,,,,,,,,,0,,,76,107
25200,note_on,24,0,2,,,,,,,,,,,,,,,1,,,52,107
25200,note_on,24,0,1,,,,,,,,,,,,,,,0,,,80,107
25224,note_on,24,0,1,,,,,,,,,,,,,,,0,,,80,0
25230,note_on,6,0,1,,,,,,,,,,,,,,,0,,,81,107
25254,note_on,24,0,1,,,,,,,,,,,,,,,0,,,81,0
25260,note_on,6,0,1,,,,,,,,,,,,,,,0,,,80,107
25344,note_on,144,0,2,,,,,,,,,,,,,,,1,,,59,0
25392,note_on,48,0,2,,,,,,,,,,,,,,,1,,,52,0
25440,note_on,48,0,2,,,,,,,,,,,,,,,1,,,61,107
25440,note_on,0,0,2,,,,,,,,,,,,,,,1,,,57,107
25545,note_on,285,0,1,,,,,,,,,,,,,,,0,,,80,0
25560,note_on,15,0,1,,,,,,,,,,,,,,,0,,,78,107
25584,note_on,24,0,1,,,,,,,,,,,,,,,0,,,76,0
25632,note_on,192,0,2,,,,,,,,,,,,,,,1,,,57,0
25632,note_on,0,0,2,,,,,,,,,,,,,,,1,,,61,0
25656,note_on,72,0,1,,,,,,,,,,,,,,,0,,,78,0
25680,note_on,24,0,1,,,,,,,,,,,,,,,0,,,75,107
25680,note_on,0,0,1,,,,,,,,,,,,,,,0,,,78,107
25680,note_on,0,0,2,,,,,,,,,,,,,,,1,,,59,107
25680,note_on,48,0,2,,,,,,,,,,,,,,,1,,,59,107
25704,note_on,24,0,1,,,,,,,,,,,,,,,0,,,78,0
25710,note_on,6,0,1,,,,,,,,,,,,,,,0,,,80,107
25734,note_on,24,0,1,,,,,,,,,,,,,,,0,,,80,0
25740,note_on,6,0,1,,,,,,,,,,,,,,,0,,,78,107
25872,note_on,192,0,2,,,,,,,,,,,,,,,1,,,59,0
25920,note_on,48,0,2,,,,,,,,,,,,,,,1,,,56,107
26025,note_on,285,0,1,,,,,,,,,,,,,,,0,,,78,0
26040,note_on,15,0,1,,,,,,,,,,,,,,,0,,,76,107
26064,note_on,144,0,2,,,,,,,,,,,,,,,1,,,59,0
26064,note_on,24,0,1,,,,,,,,,,,,,,,0,,,75,0
26112,note_on,48,0,2,,,,,,,,,,,,,,,1,,,56,0
26136,note_on,72,0,1,,,,,,,,,,,,,,,0,,,76,0
26160,note_on,48,0,2,,,,,,,,,,,,,,,1,,,61,107
26160,note_on,24,0,1,,,,,,,,,,,,,,,0,,,76,107
26256,note_on,96,0,2,,,,,,,,,,,,,,,1,,,61,0
26280,note_on,24,0,2,,,,,,,,,,,,,,,1,,,63,107
26376,note_on,96,0,2,,,,,,,,,,,,,,,1,,,63,0
26400,note_on,24,0,2,,,,,,,,,,,,,,,1,,,61,107
26496,note_on,96,0,2,,,,,,,,,,,,,,,1,,,61,0
26520,note_on,360,0,1,,,,,,,,,,,,,,,0,,,75,107
26520,note_on,24,0,2,,,,,,,,,,,,,,,1,,,59,107
26616,note_on,96,0,2,,,,,,,,,,,,,,,1,,,59,0
26616,note_on,96,0,1,,,,,,,,,,,,,,,0,,,75,0
26640,note_on,24,0,2,,,,,,,,,,,,,,,1,,,57,107
26640,note_on,24,0,1,,,,,,,,,,,,,,,0,,,73,107
26736,note_on,96,0,1,,,,,,,,,,,,,,,0,,,73,0
26736,note_on,96,0,2,,,,,,,,,,,,,,,1,,,57,0
26760,note_on,24,0,2,,,,,,,,,,,,,,,1,,,56,107
26760,note_on,24,0,1,,,,,,,,,,,,,,,0,,,71,107
26856,note_on,96,0,1,,,,,,,,,,,,,,,0,,,71,0
26856,note_on,96,0,2,,,,,,,,,,,,,,,1,,,56,0
26880,note_on,24,0,2,,,,,,,,,,,,,,,1,,,54,107
26880,note_on,24,0,1,,,,,,,,,,,,,,,0,,,69,107
26976,note_on,96,0,1,,,,,,,,,,,,,,,0,,,69,0
26976,note_on,96,0,2,,,,,,,,,,,,,,,1,,,54,0
27000,note_on,24,0,2,,,,,,,,,,,,,,,1,,,52,107
27000,note_on,24,0,1,,,,,,,,,,,,,,,0,,,68,107
27096,note_on,96,0,2,,,,,,,,,,,,,,,1,,,52,0
27096,note_on,96,0,1,,,,,,,,,,,,,,,0,,,68,0
27120,note_on,24,0,1,,,,,,,,,,,,,,,0,,,59,107
27120,note_on,0,0,1,,,,,,,,,,,,,,,0,,,66,107
27120,note_on,24,0,2,,,,,,,,,,,,,,,1,,,59,107
27240,note_on,120,0,1,,,,,,,,,,,,,,,0,,,69,105
27264,note_on,24,0,1,,,,,,,,,,,,,,,0,,,76,0
27312,note_on,192,0,2,,,,,,,,,,,,,,,1,,,59,0
27360,note_on,48,0,2,,,,,,,,,,,,,,,1,,,47,107
27360,note_on,96,0,1,,,,,,,,,,,,,,,0,,,76,107
27456,note_on,96,0,1,,,,,,,,,,,,,,,0,,,76,0
27480,note_on,24,0,1,,,,,,,,,,,,,,,0,,,75,107
27504,note_on,24,0,1,,,,,,,,,,,,,,,0,,,59,0
27504,note_on,0,0,1,,,,,,,,,,,,,,,0,,,66,0
27528,note_on,24,0,1,,,,,,,,,,,,,,,0,,,69,0
27552,note_on,192,0,2,,,,,,,,,,,,,,,1,,,47,0
27576,note_on,48,0,1,,,,,,,,,,,,,,,0,,,75,0
27600,note_on,24,0,1,,,,,,,,,,,,,,,0,,,76,107
27600,note_on,48,0,2,,,,,,,,,,,,,,,1,,,52,107
27840,note_on,240,0,2,,,,,,,,,,,,,,,1,,,40,107
27960,note_on,360,0,1,,,,,,,,,,,,,,,0,,,71,107
27984,note_on,144,0,2,,,,,,,,,,,,,,,1,,,52,0
28056,note_on,96,0,1,,,,,,,,,,,,,,,0,,,71,0
28080,note_on,96,0,2,,,,,,,,,,,,,,,1,,,47,107
28080,note_on,24,0,1,,,,,,,,,,,,,,,0,,,73,107
28176,note_on,0,0,1,,,,,,,,,,,,,,,0,,,76,0
28176,note_on,96,0,1,,,,,,,,,,,,,,,0,,,73,0
28200,note_on,24,0,1,,,,,,,,,,,,,,,0,,,69,107
28272,note_on,192,0,2,,,,,,,,,,,,,,,1,,,47,0
28296,note_on,96,0,1,,,,,,,,,,,,,,,0,,,69,0
28320,note_on,48,0,2,,,,,,,,,,,,,,,1,,,52,107
28320,note_on,24,0,1,,,,,,,,,,,,,,,0,,,68,107
28350,note_on,30,0,1,,,,,,,,,,,,,,,0,,,71,107
28380,note_on,30,0,1,,,,,,,,,,,,,,,0,,,76,107
28665,note_on,285,0,1,,,,,,,,,,,,,,,0,,,76,0
28668,note_on,3,0,1,,,,,,,,,,,,,,,0,,,71,0
28704,note_on,384,0,2,,,,,,,,,,,,,,,1,,,52,0
28704,note_on,36,0,1,,,,,,,,,,,,,,,0,,,68,0
28704,note_on,0,0,2,,,,,,,,,,,,,,,1,,,40,0
29040,note_on,336,0,1,,,,,,,,,,,,,,,0,,,71,107
29040,time_signature,14400,1,0,,,,,,,1,8,12,8,,,,,,,,,
29136,note_on,96,0,1,,,,,,,,,,,,,,,0,,,71,0
29160,time_signature,120,1,0,,,,,,,3,2,48,8,,,,,,,,,
29160,note_on,456,0,2,,,,,,,,,,,,,,,1,,,40,107
29160,note_on,0,0,2,,,,,,,,,,,,,,,1,,,40,107
29160,note_on,24,0,1,,,,,,,,,,,,,,,0,,,64,107
29190,note_on,30,0,1,,,,,,,,,,,,,,,0,,,68,107
29220,note_on,30,0,1,,,,,,,,,,,,,,,0,,,71,107
29256,note_on,96,0,2,,,,,,,,,,,,,,,1,,,40,0
29280,note_on,24,0,2,,,,,,,,,,,,,,,1,,,47,107
29376,note_on,96,0,2,,,,,,,,,,,,,,,1,,,47,0
29400,note_on,24,0,2,,,,,,,,,,,,,,,1,,,49,107
29448,note_on,228,0,1,,,,,,,,,,,,,,,0,,,64,0
29472,note_on,0,0,1,,,,,,,,,,,,,,,0,,,68,0
29472,note_on,24,0,1,,,,,,,,,,,,,,,0,,,71,0
29496,note_on,96,0,2,,,,,,,,,,,,,,,1,,,49,0
29520,note_on,48,0,1,,,,,,,,,,,,,,,0,,,69,107
29520,note_on,24,0,2,,,,,,,,,,,,,,,1,,,51,107
29544,note_on,24,0,2,,,,,,,,,,,,,,,1,,,40,0
29616,note_on,96,0,1,,,,,,,,,,,,,,,0,,,69,0
29616,note_on,72,0,2,,,,,,,,,,,,,,,1,,,51,0
29640,note_on,24,0,1,,,,,,,,,,,,,,,0,,,68,107
29640,note_on,24,0,2,,,,,,,,,,,,,,,1,,,52,107
29640,note_on,0,0,2,,,,,,,,,,,,,,,1,,,52,107
29736,note_on,96,0,1,,,,,,,,,,,,,,,0,,,68,0
29736,note_on,96,0,2,,,,,,,,,,,,,,,1,,,52,0
29760,note_on,24,0,1,,,,,,,,,,,,,,,0,,,69,107
29760,note_on,24,0,2,,,,,,,,,,,,,,,1,,,54,107
29856,note_on,96,0,2,,,,,,,,,,,,,,,1,,,54,0
29856,note_on,96,0,1,,,,,,,,,,,,,,,0,,,69,0
29880,note_on,24,0,2,,,,,,,,,,,,,,,1,,,56,107
29880,note_on,24,0,1,,,,,,,,,,,,,,,0,,,71,107
29976,note_on,96,0,1,,,,,,,,,,,,,,,0,,,71,0
30000,note_on,24,0,1,,,,,,,,,,,,,,,0,,,73,107
30024,note_on,144,0,2,,,,,,,,,,,,,,,1,,,52,0
30072,note_on,48,0,2,,,,,,,,,,,,,,,1,,,56,0
30096,note_on,96,0,1,,,,,,,,,,,,,,,0,,,73,0
30120,note_on,48,0,2,,,,,,,,,,,,,,,1,,,54,107
30120,note_on,24,0,1,,,,,,,,,,,,,,,0,,,74,107
30144,note_on,24,0,1,,,,,,,,,,,,,,,0,,,74,0
30150,note_on,30,0,2,,,,,,,,,,,,,,,1,,,57,107
30150,note_on,6,0,1,,,,,,,,,,,,,,,0,,,73,107
30174,note_on,24,0,1,,,,,,,,,,,,,,,0,,,73,0
30180,note_on,6,0,1,,,,,,,,,,,,,,,0,,,74,107
30312,note_on,162,0,2,,,,,,,,,,,,,,,1,,,54,0
30318,note_on,6,0,2,,,,,,,,,,,,,,,1,,,57,0
30360,note_on,42,0,2,,,,,,,,,,,,,,,1,,,56,107
30390,note_on,30,0,2,,,,,,,,,,,,,,,1,,,59,107
30465,note_on,285,0,1,,,,,,,,,,,,,,,0,,,74,0
30480,note_on,15,0,1,,,,,,,,,,,,,,,0,,,76,107
30552,note_on,162,0,2,,,,,,,,,,,,,,,1,,,56,0
30558,note_on,6,0,2,,,,,,,,,,,,,,,1,,,59,0
30576,note_on,96,0,1,,,,,,,,,,,,,,,0,,,76,0
30600,note_on,42,0,2,,,,,,,,,,,,,,,1,,,57,107
30600,note_on,24,0,1,,,,,,,,,,,,,,,0,,,73,107
30624,note_on,24,0,1,,,,,,,,,,,,,,,0,,,73,0
30630,note_on,6,0,1,,,,,,,,,,,,,,,0,,,74,107
30654,note_on,24,0,1,,,,,,,,,,,,,,,0,,,74,0
30660,note_on,6,0,1,,,,,,,,,,,,,,,0,,,73,107
30720,note_on,120,0,2,,,,,,,,,,,,,,,1,,,61,107
30816,note_on,96,0,2,,,,,,,,,,,,,,,1,,,61,0
30840,note_on,24,0,2,,,,,,,,,,,,,,,1,,,64,107
30888,note_on,48,0,2,,,,,,,,,,,,,,,1,,,57,0
30945,note_on,285,0,1,,,,,,,,,,,,,,,0,,,73,0
30960,note_on,72,0,2,,,,,,,,,,,,,,,1,,,59,107
30960,note_on,15,0,1,,,,,,,,,,,,,,,0,,,71,107
31056,note_on,96,0,2,,,,,,,,,,,,,,,1,,,59,0
31056,note_on,96,0,1,,,,,,,,,,,,,,,0,,,71,0
31080,note_on,24,0,1,,,,,,,,,,,,,,,0,,,69,107
31080,note_on,24,0,2,,,,,,,,,,,,,,,1,,,61,107
31176,note_on,96,0,1,,,,,,,,,,,,,,,0,,,69,0
31200,note_on,24,0,1,,,,,,,,,,,,,,,0,,,81,107
31224,note_on,144,0,2,,,,,,,,,,,,,,,1,,,64,0
31272,note_on,48,0,2,,,,,,,,,,,,,,,1,,,61,0
31296,note_on,96,0,1,,,,,,,,,,,,,,,0,,,81,0
31320,note_on,24,0,1,,,,,,,,,,,,,,,0,,,80,107
31320,note_on,48,0,2,,,,,,,,,,,,,,,1,,,61,107
31320,note_on,0,0,2,,,,,,,,,,,,,,,1,,,57,107
31416,note_on,96,0,1,,,,,,,,,,,,,,,0,,,80,0
31440,note_on,24,0,1,,,,,,,,,,,,,,,0,,,78,107
31512,note_on,0,0,2,,,,,,,,,,,,,,,1,,,61,0
31512,note_on,192,0,2,,,,,,,,,,,,,,,1,,,57,0
31536,note_on,96,0,1,,,,,,,,,,,,,,,0,,,78,0
31560,note_on,48,0,2,,,,,,,,,,,,,,,1,,,66,107
31560,note_on,24,0,1,,,,,,,,,,,,,,,0,,,83,107
31560,note_on,0,0,2,,,,,,,,,,,,,,,1,,,62,107
31656,note_on,96,0,1,,,,,,,,,,,,,,,0,,,83,0
31680,note_on,24,0,1,,,,,,,,,,,,,,,0,,,80,107
31752,note_on,192,0,2,,,,,,,,,,,,,,,1,,,62,0
31752,note_on,0,0,2,,,,,,,,,,,,,,,1,,,66,0
31776,note_on,96,0,1,,,,,,,,,,,,,,,0,,,80,0
31800,note_on,24,0,1,,,,,,,,,,,,,,,0,,,81,107
31800,note_on,0,0,2,,,,,,,,,,,,,,,1,,,59,107
31800,note_on,48,0,2,,,,,,,,,,,,,,,1,,,62,107
31896,note_on,96,0,1,,,,,,,,,,,,,,,0,,,81,0
31920,note_on,24,0,1,,,,,,,,,,,,,,,0,,,78,107
31992,note_on,192,0,2,,,,,,,,,,,,,,,1,,,59,0
31992,note_on,0,0,2,,,,,,,,,,,,,,,1,,,62,0
32016,note_on,96,0,1,,,,,,,,,,,,,,,0,,,78,0
32040,note_on,48,0,2,,,,,,,,,,,,,,,1,,,61,107
32040,note_on,24,0,1,,,,,,,,,,,,,,,0,,,77,107
32160,note_on,120,0,1,,,,,,,,,,,,,,,0,,,73,107
32280,note_on,120,0,1,,,,,,,,,,,,,,,0,,,68,107
32328,note_on,288,0,2,,,,,,,,,,,,,,,1,,,61,0
32400,note_on,72,0,2,,,,,,,,,,,,,,,1,,,59,107
32496,note_on,96,0,2,,,,,,,,,,,,,,,1,,,59,0
32520,note_on,24,0,2,,,,,,,,,,,,,,,1,,,57,107
32616,note_on,96,0,2,,,,,,,,,,,,,,,1,,,57,0
32616,note_on,336,0,1,,,,,,,,,,,,,,,0,,,77,0
32640,note_on,24,0,2,,,,,,,,,,,,,,,1,,,56,107
32664,note_on,48,0,1,,,,,,,,,,,,,,,0,,,68,0
32736,note_on,96,0,2,,,,,,,,,,,,,,,1,,,56,0
32760,note_on,24,0,2,,,,,,,,,,,,,,,1,,,54,107
32760,note_on,0,0,1,,,,,,,,,,,,,,,0,,,69,107
32760,note_on,96,0,1,,,,,,,,,,,,,,,0,,,73,0
32790,note_on,30,0,1,,,,,,,,,,,,,,,0,,,73,107
32820,note_on,30,0,1,,,,,,,,,,,,,,,0,,,78,107
32856,note_on,96,0,2,,,,,,,,,,,,,,,1,,,54,0
32880,note_on,24,0,2,,,,,,,,,,,,,,,1,,,53,107
32933,note_on,113,0,1,,,,,,,,,,,,,,,0,,,78,0
32933,note_on,0,0,1,,,,,,,,,,,,,,,0,,,73,0
32952,note_on,19,0,1,,,,,,,,,,,,,,,0,,,69,0
32976,note_on,96,0,2,,,,,,,,,,,,,,,1,,,53,0
33000,note_on,24,0,2,,,,,,,,,,,,,,,1,,,54,107
33000,note_on,48,0,1,,,,,,,,,,,,,,,0,,,74,107
33024,note_on,24,0,1,,,,,,,,,,,,,,,0,,,74,0
33030,note_on,30,0,2,,,,,,,,,,,,,,,1,,,57,107
33030,note_on,6,0,1,,,,,,,,,,,,,,,0,,,73,107
33054,note_on,24,0,1,,,,,,,,,,,,,,,0,,,73,0
33060,note_on,6,0,1,,,,,,,,,,,,,,,0,,,74,107
33192,note_on,162,0,2,,,,,,,,,,,,,,,1,,,54,0
33198,note_on,6,0,2,,,,,,,,,,,,,,,1,,,57,0
33240,note_on,42,0,2,,,,,,,,,,,,,,,1,,,56,107
33270,note_on,30,0,2,,,,,,,,,,,,,,,1,,,59,107
33345,note_on,285,0,1,,,,,,,,,,,,,,,0,,,74,0
33360,note_on,15,0,1,,,,,,,,,,,,,,,0,,,76,107
33432,note_on,162,0,2,,,,,,,,,,,,,,,1,,,56,0
33438,note_on,6,0,2,,,,,,,,,,,,,,,1,,,59,0
33456,note_on,96,0,1,,,,,,,,,,,,,,,0,,,76,0
33480,note_on,24,0,1,,,,,,,,,,,,,,,0,,,73,107
33480,note_on,42,0,2,,,,,,,,,,,,,,,1,,,57,107
33600,note_on,120,0,1,,,,,,,,,,,,,,,0,,,61,107
33696,note_on,96,0,1,,,,,,,,,,,,,,,0,,,61,0
33720,note_on,24,0,1,,,,,,,,,,,,,,,0,,,66,107
33768,note_on,288,0,2,,,,,,,,,,,,,,,1,,,57,0
33768,note_on,48,0,1,,,,,,,,,,,,,,,0,,,73,0
33840,note_on,72,0,2,,,,,,,,,,,,,,,1,,,59,107
33840,note_on,72,0,1,,,,,,,,,,,,,,,0,,,74,107
33912,note_on,72,0,1,,,,,,,,,,,,,,,0,,,66,0
33936,note_on,96,0,2,,,,,,,,,,,,,,,1,,,59,0
33936,note_on,24,0,1,,,,,,,,,,,,,,,0,,,74,0
33960,note_on,24,0,2,,,,,,,,,,,,,,,1,,,56,107
33960,note_on,24,0,1,,,,,,,,,,,,,,,0,,,71,107
33960,note_on,0,0,1,,,,,,,,,,,,,,,0,,,65,107
33984,note_on,24,0,1,,,,,,,,,,,,,,,0,,,71,0
33990,note_on,6,0,1,,,,,,,,,,,,,,,0,,,73,107
34014,note_on,24,0,1,,,,,,,,,,,,,,,0,,,73,0
34020,note_on,6,0,1,,,,,,,,,,,,,,,0,,,71,107
34152,note_on,132,0,1,,,,,,,,,,,,,,,0,,,65,0
34152,note_on,192,0,2,,,,,,,,,,,,,,,1,,,56,0
34200,note_on,48,0,1,,,,,,,,,,,,,,,0,,,66,107
34200,note_on,48,0,2,,,,,,,,,,,,,,,1,,,54,107
34305,note_on,105,0,1,,,,,,,,,,,,,,,0,,,71,0
34320,note_on,15,0,1,,,,,,,,,,,,,,,0,,,69,107
34392,note_on,72,0,1,,,,,,,,,,,,,,,0,,,66,0
34392,note_on,192,0,2,,,,,,,,,,,,,,,1,,,54,0
34416,note_on,24,0,1,,,,,,,,,,,,,,,0,,,69,0
34440,note_on,0,0,1,,,,,,,,,,,,,,,0,,,68,107
34440,note_on,24,0,1,,,,,,,,,,,,,,,0,,,65,107
34440,note_on,48,0,2,,,,,,,,,,,,,,,1,,,61,107
34464,note_on,24,0,1,,,,,,,,,,,,,,,0,,,68,0
34470,note_on,6,0,1,,,,,,,,,,,,,,,0,,,69,107
34494,note_on,24,0,1,,,,,,,,,,,,,,,0,,,69,0
34500,note_on,6,0,1,,,,,,,,,,,,,,,0,,,68,107
34632,note_on,192,0,2,,,,,,,,,,,,,,,1,,,61,0
34680,note_on,48,0,2,,,,,,,,,,,,,,,1,,,49,107
34785,note_on,285,0,1,,,,,,,,,,,,,,,0,,,68,0
34800,note_on,15,0,1,,,,,,,,,,,,,,,0,,,66,107
34824,note_on,24,0,1,,,,,,,,,,,,,,,0,,,65,0
34872,note_on,192,0,2,,,,,,,,,,,,,,,1,,,49,0
34896,note_on,72,0,1,,,,,,,,,,,,,,,0,,,66,0
34920,note_on,48,0,2,,,,,,,,,,,,,,,1,,,42,107
34920,note_on,24,0,1,,,,,,,,,,,,,,,0,,,57,107
34950,note_on,30,0,1,,,,,,,,,,,,,,,0,,,61,107
34980,note_on,30,0,1,,,,,,,,,,,,,,,0,,,66,107
35040,note_on,120,0,2,,,,,,,,,,,,,,,1,,,49,107
35136,note_on,96,0,2,,,,,,,,,,,,,,,1,,,49,0
35160,note_on,24,0,2,,,,,,,,,,,,,,,1,,,50,107
35256,note_on,96,0,2,,,,,,,,,,,,,,,1,,,50,0
35280,note_on,24,0,2,,,,,,,,,,,,,,,1,,,52,107
35304,note_on,324,0,1,,,,,,,,,,,,,,,0,,,57,0
35304,note_on,24,0,2,,,,,,,,,,,,,,,1,,,42,0
35328,note_on,24,0,1,,,,,,,,,,,,,,,0,,,61,0
35376,note_on,72,0,2,,,,,,,,,,,,,,,1,,,52,0
35400,note_on,24,0,2,,,,,,,,,,,,,,,1,,,54,107
35496,note_on,168,0,1,,,,,,,,,,,,,,,0,,,66,0
35520,note_on,120,0,2,,,,,,,,,,,,,,,1,,,57,107
35520,note_on,24,0,1,,,,,,,,,,,,,,,0,,,78,107
35592,note_on,72,0,2,,,,,,,,,,,,,,,1,,,54,0
35616,note_on,24,0,2,,,,,,,,,,,,,,,1,,,57,0
35616,note_on,96,0,1,,,,,,,,,,,,,,,0,,,78,0
35640,note_on,24,0,2,,,,,,,,,,,,,,,1,,,56,107
35640,note_on,24,0,1,,,,,,,,,,,,,,,0,,,76,107
35736,note_on,96,0,1,,,,,,,,,,,,,,,0,,,76,0
35760,note_on,24,0,1,,,,,,,,,,,,,,,0,,,74,107
35760,note_on,120,0,2,,,,,,,,,,,,,,,1,,,59,107
35832,note_on,72,0,2,,,,,,,,,,,,,,,1,,,56,0
35856,note_on,24,0,2,,,,,,,,,,,,,,,1,,,59,0
35856,note_on,96,0,1,,,,,,,,,,,,,,,0,,,74,0
35880,note_on,24,0,1,,,,,,,,,,,,,,,0,,,73,107
35880,note_on,24,0,2,,,,,,,,,,,,,,,1,,,58,107
35904,note_on,24,0,1,,,,,,,,,,,,,,,0,,,73,0
35910,note_on,6,0,1,,,,,,,,,,,,,,,0,,,74,107
35934,note_on,24,0,1,,,,,,,,,,,,,,,0,,,74,0
35940,note_on,6,0,1,,,,,,,,,,,,,,,0,,,73,107
36000,note_on,120,0,2,,,,,,,,,,,,,,,1,,,61,107
36072,note_on,72,0,2,,,,,,,,,,,,,,,1,,,58,0
36120,note_on,48,0,2,,,,,,,,,,,,,,,1,,,54,107
36225,note_on,285,0,1,,,,,,,,,,,,,,,0,,,73,0
36240,note_on,15,0,1,,,,,,,,,,,,,,,0,,,74,107
36288,note_on,168,0,2,,,,,,,,,,,,,,,1,,,61,0
36312,note_on,24,0,2,,,,,,,,,,,,,,,1,,,54,0
36336,note_on,96,0,1,,,,,,,,,,,,,,,0,,,74,0
36360,note_on,48,0,2,,,,,,,,,,,,,,,1,,,59,107
36360,note_on,24,0,1,,,,,,,,,,,,,,,0,,,76,107
36456,note_on,96,0,1,,,,,,,,,,,,,,,0,,,76,0
36480,note_on,24,0,1,,,,,,,,,,,,,,,0,,,74,107
36576,note_on,96,0,1,,,,,,,,,,,,,,,0,,,74,0
36600,note_on,24,0,1,,,,,,,,,,,,,,,0,,,73,107
36648,note_on,288,0,2,,,,,,,,,,,,,,,1,,,59,0
36696,note_on,96,0,1,,,,,,,,,,,,,,,0,,,73,0
36720,note_on,72,0,2,,,,,,,,,,,,,,,1,,,61,107
36720,note_on,24,0,1,,,,,,,,,,,,,,,0,,,71,107
36816,note_on,96,0,2,,,,,,,,,,,,,,,1,,,61,0
36816,note_on,96,0,1,,,,,,,,,,,,,,,0,,,71,0
36840,note_on,24,0,1,,,,,,,,,,,,,,,0,,,83,107
36840,note_on,24,0,2,,,,,,,,,,,,,,,1,,,62,107
36869,note_on,29,0,1,,,,,,,,,,,,,,,0,,,83,0
36870,note_on,1,0,1,,,,,,,,,,,,,,,0,,,81,107
36894,note_on,24,0,1,,,,,,,,,,,,,,,0,,,81,0
36900,note_on,6,0,1,,,,,,,,,,,,,,,0,,,83,107
36936,note_on,96,0,2,,,,,,,,,,,,,,,1,,,62,0
36960,note_on,24,0,2,,,,,,,,,,,,,,,1,,,66,107
37056,note_on,96,0,2,,,,,,,,,,,,,,,1,,,66,0
37080,note_on,24,0,2,,,,,,,,,,,,,,,1,,,64,107
37176,note_on,96,0,2,,,,,,,,,,,,,,,1,,,64,0
37185,note_on,285,0,1,,,,,,,,,,,,,,,0,,,83,0
37200,note_on,24,0,2,,,,,,,,,,,,,,,1,,,62,107
37200,note_on,15,0,1,,,,,,,,,,,,,,,0,,,80,107
37296,note_on,96,0,2,,,,,,,,,,,,,,,1,,,62,0
37296,note_on,96,0,1,,,,,,,,,,,,,,,0,,,80,0
37320,note_on,24,0,1,,,,,,,,,,,,,,,0,,,81,107
37320,note_on,24,0,2,,,,,,,,,,,,,,,1,,,61,107
37344,note_on,24,0,1,,,,,,,,,,,,,,,0,,,81,0
37350,note_on,6,0,1,,,,,,,,,,,,,,,0,,,80,107
37350,note_on,30,0,2,,,,,,,,,,,,,,,1,,,64,107
37374,note_on,24,0,1,,,,,,,,,,,,,,,0,,,80,0
37380,note_on,6,0,1,,,,,,,,,,,,,,,0,,,81,107
37512,note_on,162,0,2,,,,,,,,,,,,,,,1,,,61,0
37518,note_on,6,0,2,,,,,,,,,,,,,,,1,,,64,0
37560,note_on,42,0,2,,,,,,,,,,,,,,,1,,,63,107
37590,note_on,30,0,2,,,,,,,,,,,,,,,1,,,66,107
37665,note_on,285,0,1,,,,,,,,,,,,,,,0,,,81,0
37680,note_on,15,0,1,,,,,,,,,,,,,,,0,,,83,107
37752,note_on,162,0,2,,,,,,,,,,,,,,,1,,,63,0
37758,note_on,6,0,2,,,,,,,,,,,,,,,1,,,66,0
37776,note_on,96,0,1,,,,,,,,,,,,,,,0,,,83,0
37800,note_on,24,0,1,,,,,,,,,,,,,,,0,,,80,107
37800,note_on,42,0,2,,,,,,,,,,,,,,,1,,,64,107
37824,note_on,24,0,1,,,,,,,,,,,,,,,0,,,80,0
37830,note_on,6,0,1,,,,,,,,,,,,,,,0,,,81,107
37854,note_on,24,0,1,,,,,,,,,,,,,,,0,,,81,0
37860,note_on,6,0,1,,,,,,,,,,,,,,,0,,,80,107
37920,note_on,60,0,1,,,,,,,,,,,,,,,0,,,68,107
38088,note_on,288,0,2,,,,,,,,,,,,,,,1,,,64,0
38145,note_on,225,0,1,,,,,,,,,,,,,,,0,,,80,0
38160,note_on,15,0,1,,,,,,,,,,,,,,,0,,,78,107
38160,note_on,72,0,2,,,,,,,,,,,,,,,1,,,62,107
38208,note_on,48,0,1,,,,,,,,,,,,,,,0,,,68,0
38256,note_on,48,0,1,,,,,,,,,,,,,,,0,,,78,0
38256,note_on,96,0,2,,,,,,,,,,,,,,,1,,,62,0
38280,note_on,24,0,1,,,,,,,,,,,,,,,0,,,71,107
38280,note_on,0,0,1,,,,,,,,,,,,,,,0,,,76,107
38280,note_on,24,0,2,,,,,,,,,,,,,,,1,,,61,107
38376,note_on,96,0,2,,,,,,,,,,,,,,,1,,,61,0
38376,note_on,96,0,1,,,,,,,,,,,,,,,0,,,76,0
38400,note_on,24,0,2,,,,,,,,,,,,,,,1,,,59,107
38400,note_on,24,0,1,,,,,,,,,,,,,,,0,,,74,107
38472,note_on,72,0,1,,,,,,,,,,,,,,,0,,,71,0
38496,note_on,96,0,2,,,,,,,,,,,,,,,1,,,59,0
38496,note_on,24,0,1,,,,,,,,,,,,,,,0,,,74,0
38520,note_on,24,0,2,,,,,,,,,,,,,,,1,,,57,107
38520,note_on,24,0,1,,,,,,,,,,,,,,,0,,,73,107
38616,note_on,96,0,2,,,,,,,,,,,,,,,1,,,57,0
38616,note_on,96,0,1,,,,,,,,,,,,,,,0,,,73,0
38640,note_on,24,0,2,,,,,,,,,,,,,,,1,,,56,107
38640,note_on,24,0,1,,,,,,,,,,,,,,,0,,,71,107
38736,note_on,96,0,1,,,,,,,,,,,,,,,0,,,71,0
38736,note_on,96,0,2,,,,,,,,,,,,,,,1,,,56,0
38760,note_on,24,0,1,,,,,,,,,,,,,,,0,,,69,107
38760,note_on,24,0,2,,,,,,,,,,,,,,,1,,,54,107
38856,note_on,96,0,2,,,,,,,,,,,,,,,1,,,54,0
38856,note_on,96,0,1,,,,,,,,,,,,,,,0,,,69,0
38880,note_on,24,0,1,,,,,,,,,,,,,,,0,,,68,107
38880,note_on,24,0,2,,,,,,,,,,,,,,,1,,,52,107
38976,note_on,96,0,1,,,,,,,,,,,,,,,0,,,68,0
38976,note_on,96,0,2,,,,,,,,,,,,,,,1,,,52,0
39000,note_on,24,0,1,,,,,,,,,,,,,,,0,,,69,107
39000,note_on,24,0,2,,,,,,,,,,,,,,,1,,,50,107
39096,note_on,96,0,2,,,,,,,,,,,,,,,1,,,50,0
39096,note_on,96,0,1,,,,,,,,,,,,,,,0,,,69,0
39120,note_on,24,0,1,,,,,,,,,,,,,,,0,,,66,107
39120,note_on,24,0,2,,,,,,,,,,,,,,,1,,,49,107
39216,note_on,96,0,1,,,,,,,,,,,,,,,0,,,66,0
39216,note_on,96,0,2,,,,,,,,,,,,,,,1,,,49,0
39240,note_on,24,0,1,,,,,,,,,,,,,,,0,,,74,107
39240,note_on,24,0,2,,,,,,,,,,,,,,,1,,,47,107
39264,note_on,24,0,1,,,,,,,,,,,,,,,0,,,74,0
39270,note_on,6,0,1,,,,,,,,,,,,,,,0,,,73,107
39294,note_on,24,0,1,,,,,,,,,,,,,,,0,,,73,0
39300,note_on,6,0,1,,,,,,,,,,,,,,,0,,,74,107
39336,note_on,96,0,2,,,,,,,,,,,,,,,1,,,47,0
39360,note_on,24,0,2,,,,,,,,,,,,,,,1,,,45,107
39456,note_on,96,0,2,,,,,,,,,,,,,,,1,,,45,0
39480,note_on,24,0,2,,,,,,,,,,,,,,,1,,,47,107
39576,note_on,96,0,2,,,,,,,,,,,,,,,1,,,47,0
39585,note_on,285,0,1,,,,,,,,,,,,,,,0,,,74,0
39600,note_on,15,0,1,,,,,,,,,,,,,,,0,,,76,107
39600,note_on,24,0,2,,,,,,,,,,,,,,,1,,,44,107
39696,note_on,96,0,2,,,,,,,,,,,,,,,1,,,44,0
39696,note_on,96,0,1,,,,,,,,,,,,,,,0,,,76,0
39720,note_on,24,0,2,,,,,,,,,,,,,,,1,,,45,107
39720,note_on,24,0,1,,,,,,,,,,,,,,,0,,,73,107
39744,note_on,24,0,1,,,,,,,,,,,,,,,0,,,73,0
39750,note_on,6,0,1,,,,,,,,,,,,,,,0,,,74,107
39774,note_on,24,0,1,,,,,,,,,,,,,,,0,,,74,0
39780,note_on,6,0,1,,,,,,,,,,,,,,,0,,,73,107
39840,note_on,60,0,1,,,,,,,,,,,,,,,0,,,71,107
39912,note_on,192,0,2,,,,,,,,,,,,,,,1,,,45,0
39936,note_on,96,0,1,,,,,,,,,,,,,,,0,,,71,0
39960,note_on,48,0,2,,,,,,,,,,,,,,,1,,,50,107
39960,note_on,24,0,1,,,,,,,,,,,,,,,0,,,69,107
40065,note_on,105,0,1,,,,,,,,,,,,,,,0,,,73,0
40080,note_on,15,0,1,,,,,,,,,,,,,,,0,,,71,107
40152,note_on,72,0,1,,,,,,,,,,,,,,,0,,,69,0
40152,note_on,192,0,2,,,,,,,,,,,,,,,1,,,50,0
40176,note_on,24,0,1,,,,,,,,,,,,,,,0,,,71,0
40200,note_on,48,0,2,,,,,,,,,,,,,,,1,,,52,107
40200,note_on,0,0,2,,,,,,,,,,,,,,,1,,,52,107
40200,note_on,0,0,1,,,,,,,,,,,,,,,0,,,71,107
40200,note_on,24,0,1,,,,,,,,,,,,,,,0,,,68,107
40224,note_on,24,0,1,,,,,,,,,,,,,,,0,,,71,0
40230,note_on,6,0,1,,,,,,,,,,,,,,,0,,,73,107
40254,note_on,24,0,1,,,,,,,,,,,,,,,0,,,73,0
40260,note_on,6,0,1,,,,,,,,,,,,,,,0,,,71,107
40392,note_on,192,0,2,,,,,,,,,,,,,,,1,,,52,0
40440,note_on,48,0,2,,,,,,,,,,,,,,,1,,,49,107
40545,note_on,285,0,1,,,,,,,,,,,,,,,0,,,71,0
40560,note_on,15,0,1,,,,,,,,,,,,,,,0,,,69,107
40584,note_on,24,0,1,,,,,,,,,,,,,,,0,,,68,0
40584,note_on,144,0,2,,,,,,,,,,,,,,,1,,,52,0
40632,note_on,48,0,2,,,,,,,,,,,,,,,1,,,49,0
40656,note_on,72,0,1,,,,,,,,,,,,,,,0,,,69,0
40680,note_on,48,0,2,,,,,,,,,,,,,,,1,,,54,107
40680,note_on,24,0,1,,,,,,,,,,,,,,,0,,,69,107
40776,note_on,96,0,2,,,,,,,,,,,,,,,1,,,54,0
40800,note_on,24,0,2,,,,,,,,,,,,,,,1,,,56,107
40896,note_on,96,0,2,,,,,,,,,,,,,,,1,,,56,0
40920,note_on,24,0,2,,,,,,,,,,,,,,,1,,,54,107
41016,note_on,96,0,2,,,,,,,,,,,,,,,1,,,54,0
41040,note_on,24,0,2,,,,,,,,,,,,,,,1,,,52,107
41040,note_on,360,0,1,,,,,,,,,,,,,,,0,,,68,107
41136,note_on,96,0,2,,,,,,,,,,,,,,,1,,,52,0
41136,note_on,96,0,1,,,,,,,,,,,,,,,0,,,68,0
41160,note_on,24,0,1,,,,,,,,,,,,,,,0,,,66,107
41160,note_on,24,0,2,,,,,,,,,,,,,,,1,,,50,107
41256,note_on,96,0,2,,,,,,,,,,,,,,,1,,,50,0
41256,note_on,96,0,1,,,,,,,,,,,,,,,0,,,66,0
41280,note_on,24,0,2,,,,,,,,,,,,,,,1,,,49,107
41280,note_on,24,0,1,,,,,,,,,,,,,,,0,,,64,107
41376,note_on,96,0,1,,,,,,,,,,,,,,,0,,,64,0
41376,note_on,96,0,2,,,,,,,,,,,,,,,1,,,49,0
41400,note_on,24,0,1,,,,,,,,,,,,,,,0,,,62,107
41400,note_on,24,0,2,,,,,,,,,,,,,,,1,,,47,107
41496,note_on,96,0,1,,,,,,,,,,,,,,,0,,,62,0
41496,note_on,96,0,2,,,,,,,,,,,,,,,1,,,47,0
41520,note_on,24,0,1,,,,,,,,,,,,,,,0,,,61,107
41520,note_on,24,0,2,,,,,,,,,,,,,,,1,,,45,107
41616,note_on,96,0,2,,,,,,,,,,,,,,,1,,,45,0
41616,note_on,96,0,1,,,,,,,,,,,,,,,0,,,61,0
41640,note_on,0,0,2,,,,,,,,,,,,,,,1,,,59,107
41640,note_on,24,0,2,,,,,,,,,,,,,,,1,,,52,107
41640,note_on,0,0,2,,,,,,,,,,,,,,,1,,,52,107
41760,note_on,144,0,1,,,,,,,,,,,,,,,0,,,62,107
41784,note_on,24,0,1,,,,,,,,,,,,,,,0,,,69,0
41832,note_on,192,0,2,,,,,,,,,,,,,,,1,,,52,0
41880,note_on,48,0,2,,,,,,,,,,,,,,,1,,,40,107
41880,note_on,96,0,1,,,,,,,,,,,,,,,0,,,69,107
41976,note_on,96,0,1,,,,,,,,,,,,,,,0,,,69,0
42000,note_on,24,0,1,,,,,,,,,,,,,,,0,,,68,107
42024,note_on,144,0,2,,,,,,,,,,,,,,,1,,,59,0
42024,note_on,0,0,2,,,,,,,,,,,,,,,1,,,52,0
42072,note_on,48,0,2,,,,,,,,,,,,,,,1,,,40,0
42096,note_on,96,0,1,,,,,,,,,,,,,,,0,,,68,0
42120,note_on,0,0,1,,,,,,,,,,,,,,,0,,,69,107
42120,note_on,48,0,2,,,,,,,,,,,,,,,1,,,45,107
42120,note_on,24,0,1,,,,,,,,,,,,,,,0,,,62,0
42360,note_on,240,0,2,,,,,,,,,,,,,,,1,,,33,107
42480,note_on,360,0,1,,,,,,,,,,,,,,,0,,,64,107
42504,note_on,144,0,2,,,,,,,,,,,,,,,1,,,45,0
42576,note_on,96,0,1,,,,,,,,,,,,,,,0,,,64,0
42600,note_on,96,0,2,,,,,,,,,,,,,,,1,,,40,107
42600,note_on,24,0,1,,,,,,,,,,,,,,,0,,,66,107
42696,note_on,0,0,1,,,,,,,,,,,,,,,0,,,69,0
42696,note_on,96,0,1,,,,,,,,,,,,,,,0,,,66,0
42720,note_on,24,0,1,,,,,,,,,,,,,,,0,,,62,107
42792,note_on,192,0,2,,,,,,,,,,,,,,,1,,,40,0
42816,note_on,96,0,1,,,,,,,,,,,,,,,0,,,62,0
42840,note_on,48,0,2,,,,,,,,,,,,,,,1,,,45,107
42840,note_on,24,0,1,,,,,,,,,,,,,,,0,,,61,107
42870,note_on,30,0,1,,,,,,,,,,,,,,,0,,,64,107
42900,note_on,30,0,1,,,,,,,,,,,,,,,0,,,69,107
43188,note_on,288,0,1,,,,,,,,,,,,,,,0,,,64,0
43224,note_on,0,0,2,,,,,,,,,,,,,,,1,,,33,0
43224,note_on,384,0,2,,,,,,,,,,,,,,,1,,,45,0
43224,note_on,36,0,1,,,,,,,,,,,,,,,0,,,61,0
43248,note_on,24,0,1,,,,,,,,,,,,,,,0,,,69,0
43560,note_on,312,0,1,,,,,,,,,,,,,,,0,,,71,107
43560,time_signature,14400,1,0,,,,,,,1,8,12,8,,,,,,,,,
43656,note_on,96,0,1,,,,,,,,,,,,,,,0,,,71,0
43680,time_signature,120,1,0,,,,,,,3,2,48,8,,,,,,,,,
43680,note_on,24,0,1,,,,,,,,,,,,,,,0,,,64,107
43680,end_of_track,0,1,0,,,,,,,,,,,,,,,,,,,
43680,note_on,456,0,2,,,,,,,,,,,,,,,1,,,40,107
43680,note_on,0,0,2,,,,,,,,,,,,,,,1,,,40,107
43710,note_on,30,0,1,,,,,,,,,,,,,,,0,,,68,107
43740,note_on,30,0,1,,,,,,,,,,,,,,,0,,,71,107
43776,note_on,96,0,2,,,,,,,,,,,,,,,1,,,40,0
43800,note_on,24,0,2,,,,,,,,,,,,,,,1,,,47,107
43896,note_on,96,0,2,,,,,,,,,,,,,,,1,,,47,0
43920,note_on,24,0,2,,,,,,,,,,,,,,,1,,,49,107
43968,note_on,228,0,1,,,,,,,,,,,,,,,0,,,64,0
43992,note_on,0,0,1,,,,,,,,,,,,,,,0,,,68,0
43992,note_on,24,0,1,,,,,,,,,,,,,,,0,,,71,0
44016,note_on,96,0,2,,,,,,,,,,,,,,,1,,,49,0
44040,note_on,48,0,1,,,,,,,,,,,,,,,0,,,69,107
44040,note_on,24,0,2,,,,,,,,,,,,,,,1,,,51,107
44064,note_on,24,0,2,,,,,,,,,,,,,,,1,,,40,0
44136,note_on,96,0,1,,,,,,,,,,,,,,,0,,,69,0
44136,note_on,72,0,2,,,,,,,,,,,,,,,1,,,51,0
44160,note_on,24,0,1,,,,,,,,,,,,,,,0,,,68,107
44160,note_on,24,0,2,,,,,,,,,,,,,,,1,,,52,107
44160,note_on,0,0,2,,,,,,,,,,,,,,,1,,,52,107
44256,note_on,96,0,1,,,,,,,,,,,,,,,0,,,68,0
44256,note_on,96,0,2,,,,,,,,,,,,,,,1,,,52,0
44280,note_on,24,0,1,,,,,,,,,,,,,,,0,,,69,107
44280,note_on,24,0,2,,,,,,,,,,,,,,,1,,,54,107
44376,note_on,96,0,1,,,,,,,,,,,,,,,0,,,69,0
44376,note_on,96,0,2,,,,,,,,,,,,,,,1,,,54,0
44400,note_on,24,0,1,,,,,,,,,,,,,,,0,,,71,107
44400,note_on,24,0,2,,,,,,,,,,,,,,,1,,,56,107
44496,note_on,96,0,1,,,,,,,,,,,,,,,0,,,71,0
44520,note_on,24,0,1,,,,,,,,,,,,,,,0,,,73,107
44544,note_on,144,0,2,,,,,,,,,,,,,,,1,,,52,0
44592,note_on,48,0,2,,,,,,,,,,,,,,,1,,,56,0
44616,note_on,96,0,1,,,,,,,,,,,,,,,0,,,73,0
44640,note_on,48,0,2,,,,,,,,,,,,,,,1,,,54,107
44640,note_on,24,0,1,,,,,,,,,,,,,,,0,,,74,107
44664,note_on,24,0,1,,,,,,,,,,,,,,,0,,,74,0
44670,note_on,30,0,2,,,,,,,,,,,,,,,1,,,57,107
44670,note_on,6,0,1,,,,,,,,,,,,,,,0,,,73,107
44694,note_on,24,0,1,,,,,,,,,,,,,,,0,,,73,0
44700,note_on,6,0,1,,,,,,,,,,,,,,,0,,,74,107
44832,note_on,162,0,2,,,,,,,,,,,,,,,1,,,54,0
44838,note_on,6,0,2,,,,,,,,,,,,,,,1,,,57,0
44880,note_on,42,0,2,,,,,,,,,,,,,,,1,,,56,107
44910,note_on,30,0,2,,,,,,,,,,,,,,,1,,,59,107
44985,note_on,285,0,1,,,,,,,,,,,,,,,0,,,74,0
45000,note_on,15,0,1,,,,,,,,,,,,,,,0,,,76,107
45072,note_on,162,0,2,,,,,,,,,,,,,,,1,,,56,0
45078,note_on,6,0,2,,,,,,,,,,,,,,,1,,,59,0
45096,note_on,96,0,1,,,,,,,,,,,,,,,0,,,76,0
45120,note_on,42,0,2,,,,,,,,,,,,,,,1,,,57,107
45120,note_on,24,0,1,,,,,,,,,,,,,,,0,,,73,107
45144,note_on,24,0,1,,,,,,,,,,,,,,,0,,,73,0
45150,note_on,6,0,1,,,,,,,,,,,,,,,0,,,74,107
45174,note_on,24,0,1,,,,,,,,,,,,,,,0,,,74,0
45180,note_on,6,0,1,,,,,,,,,,,,,,,0,,,73,107
45240,note_on,120,0,2,,,,,,,,,,,,,,,1,,,61,107
45336,note_on,96,0,2,,,,,,,,,,,,,,,1,,,61,0
45360,note_on,24,0,2,,,,,,,,,,,,,,,1,,,64,107
45408,note_on,48,0,2,,,,,,,,,,,,,,,1,,,57,0
45465,note_on,285,0,1,,,,,,,,,,,,,,,0,,,73,0
45480,note_on,72,0,2,,,,,,,,,,,,,,,1,,,59,107
45480,note_on,15,0,1,,,,,,,,,,,,,,,0,,,71,107
45576,note_on,96,0,1,,,,,,,,,,,,,,,0,,,71,0
45576,note_on,96,0,2,,,,,,,,,,,,,,,1,,,59,0
45600,note_on,24,0,1,,,,,,,,,,,,,,,0,,,69,107
45600,note_on,24,0,2,,,,,,,,,,,,,,,1,,,61,107
45696,note_on,96,0,1,,,,,,,,,,,,,,,0,,,69,0
45720,note_on,24,0,1,,,,,,,,,,,,,,,0,,,81,107
45744,note_on,144,0,2,,,,,,,,,,,,,,,1,,,64,0
45792,note_on,48,0,2,,,,,,,,,,,,,,,1,,,61,0
45816,note_on,96,0,1,,,,,,,,,,,,,,,0,,,81,0
45840,note_on,48,0,2,,,,,,,,,,,,,,,1,,,61,107
45840,note_on,24,0,1,,,,,,,,,,,,,,,0,,,80,107
45840,note_on,0,0,2,,,,,,,,,,,,,,,1,,,57,107
45936,note_on,96,0,1,,,,,,,,,,,,,,,0,,,80,0
45960,note_on,24,0,1,,,,,,,,,,,,,,,0,,,78,107
46032,note_on,192,0,2,,,,,,,,,,,,,,,1,,,57,0
46032,note_on,0,0,2,,,,,,,,,,,,,,,1,,,61,0
46056,note_on,96,0,1,,,,,,,,,,,,,,,0,,,78,0
46080,note_on,48,0,2,,,,,,,,,,,,,,,1,,,66,107
46080,note_on,24,0,1,,,,,,,,,,,,,,,0,,,83,107
46080,note_on,0,0,2,,,,,,,,,,,,,,,1,,,62,107
46176,note_on,96,0,1,,,,,,,,,,,,,,,0,,,83,0
46200,note_on,24,0,1,,,,,,,,,,,,,,,0,,,80,107
46272,note_on,0,0,2,,,,,,,,,,,,,,,1,,,66,0
46272,note_on,192,0,2,,,,,,,,,,,,,,,1,,,62,0
46296,note_on,96,0,1,,,,,,,,,,,,,,,0,,,80,0
46320,note_on,0,0,2,,,,,,,,,,,,,,,1,,,59,107
46320,note_on,24,0,1,,,,,,,,,,,,,,,0,,,81,107
46320,note_on,48,0,2,,,,,,,,,,,,,,,1,,,62,107
46416,note_on,96,0,1,,,,,,,,,,,,,,,0,,,81,0
46440,note_on,24,0,1,,,,,,,,,,,,,,,0,,,78,107
46512,note_on,192,0,2,,,,,,,,,,,,,,,1,,,59,0
46512,note_on,0,0,2,,,,,,,,,,,,,,,1,,,62,0
46536,note_on,96,0,1,,,,,,,,,,,,,,,0,,,78,0
46560,note_on,24,0,1,,,,,,,,,,,,,,,0,,,77,107
46560,note_on,48,0,2,,,,,,,,,,,,,,,1,,,61,107
46680,note_on,120,0,1,,,,,,,,,,,,,,,0,,,73,107
46800,note_on,120,0,1,,,,,,,,,,,,,,,0,,,68,107
46848,note_on,288,0,2,,,,,,,,,,,,,,,1,,,61,0
46920,note_on,72,0,2,,,,,,,,,,,,,,,1,,,59,107
47016,note_on,96,0,2,,,,,,,,,,,,,,,1,,,59,0
47040,note_on,24,0,2,,,,,,,,,,,,,,,1,,,57,107
47136,note_on,336,0,1,,,,,,,,,,,,,,,0,,,77,0
47136,note_on,96,0,2,,,,,,,,,,,,,,,1,,,57,0
47160,note_on,24,0,2,,,,,,,,,,,,,,,1,,,56,107
47184,note_on,48,0,1,,,,,,,,,,,,,,,0,,,68,0
47256,note_on,96,0,2,,,,,,,,,,,,,,,1,,,56,0
47280,note_on,0,0,1,,,,,,,,,,,,,,,0,,,69,107
47280,note_on,96,0,1,,,,,,,,,,,,,,,0,,,73,0
47280,note_on,24,0,2,,,,,,,,,,,,,,,1,,,54,107
47310,note_on,30,0,1,,,,,,,,,,,,,,,0,,,73,107
47340,note_on,30,0,1,,,,,,,,,,,,,,,0,,,78,107
47376,note_on,96,0,2,,,,,,,,,,,,,,,1,,,54,0
47400,note_on,24,0,2,,,,,,,,,,,,,,,1,,,53,107
47453,note_on,0,0,1,,,,,,,,,,,,,,,0,,,73,0
47453,note_on,113,0,1,,,,,,,,,,,,,,,0,,,78,0
47472,note_on,19,0,1,,,,,,,,,,,,,,,0,,,69,0
47496,note_on,96,0,2,,,,,,,,,,,,,,,1,,,53,0
47520,note_on,48,0,1,,,,,,,,,,,,,,,0,,,74,107
47520,note_on,24,0,2,,,,,,,,,,,,,,,1,,,54,107
47544,note_on,24,0,1,,,,,,,,,,,,,,,0,,,74,0
47550,note_on,30,0,2,,,,,,,,,,,,,,,1,,,57,107
47550,note_on,6,0,1,,,,,,,,,,,,,,,0,,,73,107
47574,note_on,24,0,1,,,,,,,,,,,,,,,0,,,73,0
47580,note_on,6,0,1,,,,,,,,,,,,,,,0,,,74,107
47712,note_on,162,0,2,,,,,,,,,,,,,,,1,,,54,0
47718,note_on,6,0,2,,,,,,,,,,,,,,,1,,,57,0
47760,note_on,42,0,2,,,,,,,,,,,,,,,1,,,56,107
47790,note_on,30,0,2,,,,,,,,,,,,,,,1,,,59,107
47865,note_on,285,0,1,,,,,,,,,,,,,,,0,,,74,0
47880,note_on,15,0,1,,,,,,,,,,,,,,,0,,,76,107
47952,note_on,162,0,2,,,,,,,,,,,,,,,1,,,56,0
47958,note_on,6,0,2,,,,,,,,,,,,,,,1,,,59,0
47976,note_on,96,0,1,,,,,,,,,,,,,,,0,,,76,0
48000,note_on,42,0,2,,,,,,,,,,,,,,,1,,,57,107
48000,note_on,24,0,1,,,,,,,,,,,,,,,0,,,73,107
48120,note_on,120,0,1,,,,,,,,,,,,,,,0,,,61,107
48216,note_on,96,0,1,,,,,,,,,,,,,,,0,,,61,0
48240,note_on,24,0,1,,,,,,,,,,,,,,,0,,,66,107
48288,note_on,288,0,2,,,,,,,,,,,,,,,1,,,57,0
48288,note_on,48,0,1,,,,,,,,,,,,,,,0,,,73,0
48360,note_on,72,0,1,,,,,,,,,,,,,,,0,,,74,107
48360,note_on,72,0,2,,,,,,,,,,,,,,,1,,,59,107
48432,note_on,72,0,1,,,,,,,,,,,,,,,0,,,66,0
48456,note_on,24,0,1,,,,,,,,,,,,,,,0,,,74,0
48456,note_on,96,0,2,,,,,,,,,,,,,,,1,,,59,0
48480,note_on,24,0,1,,,,,,,,,,,,,,,0,,,71,107
48480,note_on,0,0,1,,,,,,,,,,,,,,,0,,,65,107
48480,note_on,24,0,2,,,,,,,,,,,,,,,1,,,56,107
48504,note_on,24,0,1,,,,,,,,,,,,,,,0,,,71,0
48510,note_on,6,0,1,,,,,,,,,,,,,,,0,,,73,107
48534,note_on,24,0,1,,,,,,,,,,,,,,,0,,,73,0
48540,note_on,6,0,1,,,,,,,,,,,,,,,0,,,71,107
48672,note_on,132,0,1,,,,,,,,,,,,,,,0,,,65,0
48672,note_on,192,0,2,,,,,,,,,,,,,,,1,,,56,0
48720,note_on,48,0,1,,,,,,,,,,,,,,,0,,,66,107
48720,note_on,48,0,2,,,,,,,,,,,,,,,1,,,54,107
48825,note_on,105,0,1,,,,,,,,,,,,,,,0,,,71,0
48840,note_on,15,0,1,,,,,,,,,,,,,,,0,,,69,107
48912,note_on,72,0,1,,,,,,,,,,,,,,,0,,,66,0
48912,note_on,192,0,2,,,,,,,,,,,,,,,1,,,54,0
48936,note_on,24,0,1,,,,,,,,,,,,,,,0,,,69,0
48960,note_on,48,0,2,,,,,,,,,,,,,,,1,,,61,107
48960,note_on,24,0,1,,,,,,,,,,,,,,,0,,,65,107
48960,note_on,0,0,1,,,,,,,,,,,,,,,0,,,68,107
48984,note_on,24,0,1,,,,,,,,,,,,,,,0,,,68,0
48990,note_on,6,0,1,,,,,,,,,,,,,,,0,,,69,107
49014,note_on,24,0,1,,,,,,,,,,,,,,,0,,,69,0
49020,note_on,6,0,1,,,,,,,,,,,,,,,0,,,68,107
49152,note_on,192,0,2,,,,,,,,,,,,,,,1,,,61,0
49200,note_on,48,0,2,,,,,,,,,,,,,,,1,,,49,107
49305,note_on,285,0,1,,,,,,,,,,,,,,,0,,,68,0
49320,note_on,15,0,1,,,,,,,,,,,,,,,0,,,66,107
49344,note_on,24,0,1,,,,,,,,,,,,,,,0,,,65,0
49392,note_on,192,0,2,,,,,,,,,,,,,,,1,,,49,0
49416,note_on,72,0,1,,,,,,,,,,,,,,,0,,,66,0
49440,note_on,24,0,1,,,,,,,,,,,,,,,0,,,57,107
49440,note_on,48,0,2,,,,,,,,,,,,,,,1,,,42,107
49470,note_on,30,0,1,,,,,,,,,,,,,,,0,,,61,107
49500,note_on,30,0,1,,,,,,,,,,,,,,,0,,,66,107
49560,note_on,120,0,2,,,,,,,,,,,,,,,1,,,49,107
49656,note_on,96,0,2,,,,,,,,,,,,,,,1,,,49,0
49680,note_on,24,0,2,,,,,,,,,,,,,,,1,,,50,107
49776,note_on,96,0,2,,,,,,,,,,,,,,,1,,,50,0
49800,note_on,24,0,2,,,,,,,,,,,,,,,1,,,52,107
49824,note_on,24,0,2,,,,,,,,,,,,,,,1,,,42,0
49824,note_on,324,0,1,,,,,,,,,,,,,,,0,,,57,0
49848,note_on,24,0,1,,,,,,,,,,,,,,,0,,,61,0
49896,note_on,72,0,2,,,,,,,,,,,,,,,1,,,52,0
49920,note_on,24,0,2,,,,,,,,,,,,,,,1,,,54,107
50016,note_on,168,0,1,,,,,,,,,,,,,,,0,,,66,0
50040,note_on,120,0,2,,,,,,,,,,,,,,,1,,,57,107
50040,note_on,24,0,1,,,,,,,,,,,,,,,0,,,78,107
50112,note_on,72,0,2,,,,,,,,,,,,,,,1,,,54,0
50136,note_on,24,0,2,,,,,,,,,,,,,,,1,,,57,0
50136,note_on,96,0,1,,,,,,,,,,,,,,,0,,,78,0
50160,note_on,24,0,1,,,,,,,,,,,,,,,0,,,76,107
50160,note_on,24,0,2,,,,,,,,,,,,,,,1,,,56,107
50256,note_on,96,0,1,,,,,,,,,,,,,,,0,,,76,0
50280,note_on,120,0,2,,,,,,,,,,,,,,,1,,,59,107
50280,note_on,24,0,1,,,,,,,,,,,,,,,0,,,74,107
50352,note_on,72,0,2,,,,,,,,,,,,,,,1,,,56,0
50376,note_on,96,0,1,,,,,,,,,,,,,,,0,,,74,0
50376,note_on,24,0,2,,,,,,,,,,,,,,,1,,,59,0
50400,note_on,24,0,2,,,,,,,,,,,,,,,1,,,58,107
50400,note_on,24,0,1,,,,,,,,,,,,,,,0,,,73,107
50424,note_on,24,0,1,,,,,,,,,,,,,,,0,,,73,0
50430,note_on,6,0,1,,,,,,,,,,,,,,,0,,,74,107
50454,note_on,24,0,1,,,,,,,,,,,,,,,0,,,74,0
50460,note_on,6,0,1,,,,,,,,,,,,,,,0,,,73,107
50520,note_on,120,0,2,,,,,,,,,,,,,,,1,,,61,107
50592,note_on,72,0,2,,,,,,,,,,,,,,,1,,,58,0
50640,note_on,48,0,2,,,,,,,,,,,,,,,1,,,54,107
50745,note_on,285,0,1,,,,,,,,,,,,,,,0,,,73,0
50760,note_on,15,0,1,,,,,,,,,,,,,,,0,,,74,107
50808,note_on,168,0,2,,,,,,,,,,,,,,,1,,,61,0
50832,note_on,24,0,2,,,,,,,,,,,,,,,1,,,54,0
50856,note_on,96,0,1,,,,,,,,,,,,,,,0,,,74,0
50880,note_on,24,0,1,,,,,,,,,,,,,,,0,,,76,107
50880,note_on,48,0,2,,,,,,,,,,,,,,,1,,,59,107
50976,note_on,96,0,1,,,,,,,,,,,,,,,0,,,76,0
51000,note_on,24,0,1,,,,,,,,,,,,,,,0,,,74,107
51096,note_on,96,0,1,,,,,,,,,,,,,,,0,,,74,0
51120,note_on,24,0,1,,,,,,,,,,,,,,,0,,,73,107
51168,note_on,288,0,2,,,,,,,,,,,,,,,1,,,59,0
51216,note_on,96,0,1,,,,,,,,,,,,,,,0,,,73,0
51240,note_on,24,0,1,,,,,,,,,,,,,,,0,,,71,107
51240,note_on,72,0,2,,,,,,,,,,,,,,,1,,,61,107
51336,note_on,96,0,1,,,,,,,,,,,,,,,0,,,71,0
51336,note_on,96,0,2,,,,,,,,,,,,,,,1,,,61,0
51360,note_on,24,0,2,,,,,,,,,,,,,,,1,,,62,107
51360,note_on,24,0,1,,,,,,,,,,,,,,,0,,,83,107
51389,note_on,29,0,1,,,,,,,,,,,,,,,0,,,83,0
51390,note_on,1,0,1,,,,,,,,,,,,,,,0,,,81,107
51414,note_on,24,0,1,,,,,,,,,,,,,,,0,,,81,0
51420,note_on,6,0,1,,,,,,,,,,,,,,,0,,,83,107
51456,note_on,96,0,2,,,,,,,,,,,,,,,1,,,62,0
51480,note_on,24,0,2,,,,,,,,,,,,,,,1,,,66,107
51576,note_on,96,0,2,,,,,,,,,,,,,,,1,,,66,0
51600,note_on,24,0,2,,,,,,,,,,,,,,,1,,,64,107
51696,note_on,96,0,2,,,,,,,,,,,,,,,1,,,64,0
51705,note_on,285,0,1,,,,,,,,,,,,,,,0,,,83,0
51720,note_on,15,0,1,,,,,,,,,,,,,,,0,,,80,107
51720,note_on,24,0,2,,,,,,,,,,,,,,,1,,,62,107
51816,note_on,96,0,2,,,,,,,,,,,,,,,1,,,62,0
51816,note_on,96,0,1,,,,,,,,,,,,,,,0,,,80,0
51840,note_on,24,0,1,,,,,,,,,,,,,,,0,,,81,107
51840,note_on,24,0,2,,,,,,,,,,,,,,,1,,,61,107
51864,note_on,24,0,1,,,,,,,,,,,,,,,0,,,81,0
51870,note_on,30,0,2,,,,,,,,,,,,,,,1,,,64,107
51870,note_on,6,0,1,,,,,,,,,,,,,,,0,,,80,107
51894,note_on,24,0,1,,,,,,,,,,,,,,,0,,,80,0
51900,note_on,6,0,1,,,,,,,,,,,,,,,0,,,81,107
52032,note_on,162,0,2,,,,,,,,,,,,,,,1,,,61,0
52038,note_on,6,0,2,,,,,,,,,,,,,,,1,,,64,0
52080,note_on,42,0,2,,,,,,,,,,,,,,,1,,,63,107
52110,note_on,30,0,2,,,,,,,,,,,,,,,1,,,66,107
52185,note_on,285,0,1,,,,,,,,,,,,,,,0,,,81,0
52200,note_on,15,0,1,,,,,,,,,,,,,,,0,,,83,107
52272,note_on,162,0,2,,,,,,,,,,,,,,,1,,,63,0
52278,note_on,6,0,2,,,,,,,,,,,,,,,1,,,66,0
52296,note_on,96,0,1,,,,,,,,,,,,,,,0,,,83,0
52320,note_on,42,0,2,,,,,,,,,,,,,,,1,,,64,107
52320,note_on,24,0,1,,,,,,,,,,,,,,,0,,,80,107
52344,note_on,24,0,1,,,,,,,,,,,,,,,0,,,80,0
52350,note_on,6,0,1,,,,,,,,,,,,,,,0,,,81,107
52374,note_on,24,0,1,,,,,,,,,,,,,,,0,,,81,0
52380,note_on,6,0,1,,,,,,,,,,,,,,,0,,,80,107
52440,note_on,60,0,1,,,,,,,,,,,,,,,0,,,68,107
52608,note_on,288,0,2,,,,,,,,,,,,,,,1,,,64,0
52665,note_on,225,0,1,,,,,,,,,,,,,,,0,,,80,0
52680,note_on,72,0,2,,,,,,,,,,,,,,,1,,,62,107
52680,note_on,15,0,1,,,,,,,,,,,,,,,0,,,78,107
52728,note_on,48,0,1,,,,,,,,,,,,,,,0,,,68,0
52776,note_on,96,0,2,,,,,,,,,,,,,,,1,,,62,0
52776,note_on,48,0,1,,,,,,,,,,,,,,,0,,,78,0
52800,note_on,24,0,2,,,,,,,,,,,,,,,1,,,61,107
52800,note_on,24,0,1,,,,,,,,,,,,,,,0,,,71,107
52800,note_on,0,0,1,,,,,,,,,,,,,,,0,,,76,107
52896,note_on,96,0,2,,,,,,,,,,,,,,,1,,,61,0
52896,note_on,96,0,1,,,,,,,,,,,,,,,0,,,76,0
52920,note_on,24,0,1,,,,,,,,,,,,,,,0,,,74,107
52920,note_on,24,0,2,,,,,,,,,,,,,,,1,,,59,107
52992,note_on,72,0,1,,,,,,,,,,,,,,,0,,,71,0
53016,note_on,24,0,1,,,,,,,,,,,,,,,0,,,74,0
53016,note_on,96,0,2,,,,,,,,,,,,,,,1,,,59,0
53040,note_on,24,0,2,,,,,,,,,,,,,,,1,,,57,107
53040,note_on,24,0,1,,,,,,,,,,,,,,,0,,,73,107
53136,note_on,96,0,1,,,,,,,,,,,,,,,0,,,73,0
53136,note_on,96,0,2,,,,,,,,,,,,,,,1,,,57,0
53160,note_on,24,0,2,,,,,,,,,,,,,,,1,,,56,107
53160,note_on,24,0,1,,,,,,,,,,,,,,,0,,,71,107
53256,note_on,96,0,2,,,,,,,,,,,,,,,1,,,56,0
53256,note_on,96,0,1,,,,,,,,,,,,,,,0,,,71,0
53280,note_on,24,0,2,,,,,,,,,,,,,,,1,,,54,107
53280,note_on,24,0,1,,,,,,,,,,,,,,,0,,,69,107
53376,note_on,96,0,2,,,,,,,,,,,,,,,1,,,54,0
53376,note_on,96,0,1,,,,,,,,,,,,,,,0,,,69,0
53400,note_on,24,0,2,,,,,,,,,,,,,,,1,,,52,107
53400,note_on,24,0,1,,,,,,,,,,,,,,,0,,,68,107
53496,note_on,96,0,2,,,,,,,,,,,,,,,1,,,52,0
53496,note_on,96,0,1,,,,,,,,,,,,,,,0,,,68,0
53520,note_on,24,0,2,,,,,,,,,,,,,,,1,,,50,107
53520,note_on,24,0,1,,,,,,,,,,,,,,,0,,,69,107
53616,note_on,96,0,2,,,,,,,,,,,,,,,1,,,50,0
53616,note_on,96,0,1,,,,,,,,,,,,,,,0,,,69,0
53640,note_on,24,0,1,,,,,,,,,,,,,,,0,,,66,107
53640,note_on,24,0,2,,,,,,,,,,,,,,,1,,,49,107
53736,note_on,96,0,1,,,,,,,,,,,,,,,0,,,66,0
53736,note_on,96,0,2,,,,,,,,,,,,,,,1,,,49,0
53760,note_on,24,0,2,,,,,,,,,,,,,,,1,,,47,107
53760,note_on,24,0,1,,,,,,,,,,,,,,,0,,,74,107
53784,note_on,24,0,1,,,,,,,,,,,,,,,0,,,74,0
53790,note_on,6,0,1,,,,,,,,,,,,,,,0,,,73,107
53814,note_on,24,0,1,,,,,,,,,,,,,,,0,,,73,0
53820,note_on,6,0,1,,,,,,,,,,,,,,,0,,,74,107
53856,note_on,96,0,2,,,,,,,,,,,,,,,1,,,47,0
53880,note_on,24,0,2,,,,,,,,,,,,,,,1,,,45,107
53976,note_on,96,0,2,,,,,,,,,,,,,,,1,,,45,0
54000,note_on,24,0,2,,,,,,,,,,,,,,,1,,,47,107
54096,note_on,96,0,2,,,,,,,,,,,,,,,1,,,47,0
54105,note_on,285,0,1,,,,,,,,,,,,,,,0,,,74,0
54120,note_on,24,0,2,,,,,,,,,,,,,,,1,,,44,107
54120,note_on,15,0,1,,,,,,,,,,,,,,,0,,,76,107
54216,note_on,96,0,2,,,,,,,,,,,,,,,1,,,44,0
54216,note_on,96,0,1,,,,,,,,,,,,,,,0,,,76,0
54240,note_on,24,0,2,,,,,,,,,,,,,,,1,,,45,107
54240,note_on,24,0,1,,,,,,,,,,,,,,,0,,,73,107
54264,note_on,24,0,1,,,,,,,,,,,,,,,0,,,73,0
54270,note_on,6,0,1,,,,,,,,,,,,,,,0,,,74,107
54294,note_on,24,0,1,,,,,,,,,,,,,,,0,,,74,0
54300,note_on,6,0,1,,,,,,,,,,,,,,,0,,,73,107
54360,note_on,60,0,1,,,,,,,,,,,,,,,0,,,71,107
54432,note_on,192,0,2,,,,,,,,,,,,,,,1,,,45,0
54456,note_on,96,0,1,,,,,,,,,,,,,,,0,,,71,0
54480,note_on,24,0,1,,,,,,,,,,,,,,,0,,,69,107
54480,note_on,48,0,2,,,,,,,,,,,,,,,1,,,50,107
54585,note_on,105,0,1,,,,,,,,,,,,,,,0,,,73,0
54600,note_on,15,0,1,,,,,,,,,,,,,,,0,,,71,107
54672,note_on,72,0,1,,,,,,,,,,,,,,,0,,,69,0
54672,note_on,192,0,2,,,,,,,,,,,,,,,1,,,50,0
54696,note_on,24,0,1,,,,,,,,,,,,,,,0,,,71,0
54720,note_on,0,0,1,,,,,,,,,,,,,,,0,,,71,107
54720,note_on,0,0,2,,,,,,,,,,,,,,,1,,,52,107
54720,note_on,24,0,1,,,,,,,,,,,,,,,0,,,68,107
54720,note_on,48,0,2,,,,,,,,,,,,,,,1,,,52,107
54744,note_on,24,0,1,,,,,,,,,,,,,,,0,,,71,0
54750,note_on,6,0,1,,,,,,,,,,,,,,,0,,,73,107
54774,note_on,24,0,1,,,,,,,,,,,,,,,0,,,73,0
54780,note_on,6,0,1,,,,,,,,,,,,,,,0,,,71,107
54912,note_on,192,0,2,,,,,,,,,,,,,,,1,,,52,0
54960,note_on,48,0,2,,,,,,,,,,,,,,,1,,,49,107
55065,note_on,285,0,1,,,,,,,,,,,,,,,0,,,71,0
55080,note_on,15,0,1,,,,,,,,,,,,,,,0,,,69,107
55104,note_on,144,0,2,,,,,,,,,,,,,,,1,,,52,0
55104,note_on,24,0,1,,,,,,,,,,,,,,,0,,,68,0
55152,note_on,48,0,2,,,,,,,,,,,,,,,1,,,49,0
55176,note_on,72,0,1,,,,,,,,,,,,,,,0,,,69,0
55200,note_on,48,0,2,,,,,,,,,,,,,,,1,,,54,107
55200,note_on,24,0,1,,,,,,,,,,,,,,,0,,,69,107
55296,note_on,96,0,2,,,,,,,,,,,,,,,1,,,54,0
55320,note_on,24,0,2,,,,,,,,,,,,,,,1,,,56,107
55416,note_on,96,0,2,,,,,,,,,,,,,,,1,,,56,0
55440,note_on,24,0,2,,,,,,,,,,,,,,,1,,,54,107
55536,note_on,96,0,2,,,,,,,,,,,,,,,1,,,54,0
55560,note_on,360,0,1,,,,,,,,,,,,,,,0,,,68,107
55560,note_on,24,0,2,,,,,,,,,,,,,,,1,,,52,107
55656,note_on,96,0,2,,,,,,,,,,,,,,,1,,,52,0
55656,note_on,96,0,1,,,,,,,,,,,,,,,0,,,68,0
55680,note_on,24,0,1,,,,,,,,,,,,,,,0,,,66,107
55680,note_on,24,0,2,,,,,,,,,,,,,,,1,,,50,107
55776,note_on,96,0,1,,,,,,,,,,,,,,,0,,,66,0
55776,note_on,96,0,2,,,,,,,,,,,,,,,1,,,50,0
55800,note_on,24,0,2,,,,,,,,,,,,,,,1,,,49,107
55800,note_on,24,0,1,,,,,,,,,,,,,,,0,,,64,107
55896,note_on,96,0,1,,,,,,,,,,,,,,,0,,,64,0
55896,note_on,96,0,2,,,,,,,,,,,,,,,1,,,49,0
55920,note_on,24,0,2,,,,,,,,,,,,,,,1,,,47,107
55920,note_on,24,0,1,,,,,,,,,,,,,,,0,,,62,107
56016,note_on,96,0,2,,,,,,,,,,,,,,,1,,,47,0
56016,note_on,96,0,1,,,,,,,,,,,,,,,0,,,62,0
56040,note_on,24,0,2,,,,,,,,,,,,,,,1,,,45,107
56040,note_on,24,0,1,,,,,,,,,,,,,,,0,,,61,107
56136,note_on,96,0,2,,,,,,,,,,,,,,,1,,,45,0
56136,note_on,96,0,1,,,,,,,,,,,,,,,0,,,61,0
56160,note_on,24,0,2,,,,,,,,,,,,,,,1,,,52,107
56160,note_on,0,0,2,,,,,,,,,,,,,,,1,,,52,107
56160,note_on,0,0,2,,,,,,,,,,,,,,,1,,,59,107
56280,note_on,144,0,1,,,,,,,,,,,,,,,0,,,62,107
56304,note_on,24,0,1,,,,,,,,,,,,,,,0,,,69,0
56352,note_on,192,0,2,,,,,,,,,,,,,,,1,,,52,0
56400,note_on,96,0,1,,,,,,,,,,,,,,,0,,,69,107
56400,note_on,48,0,2,,,,,,,,,,,,,,,1,,,40,107
56496,note_on,96,0,1,,,,,,,,,,,,,,,0,,,69,0
56520,note_on,24,0,1,,,,,,,,,,,,,,,0,,,68,107
56544,note_on,144,0,2,,,,,,,,,,,,,,,1,,,59,0
56544,note_on,0,0,2,,,,,,,,,,,,,,,1,,,52,0
56592,note_on,48,0,2,,,,,,,,,,,,,,,1,,,40,0
56616,note_on,96,0,1,,,,,,,,,,,,,,,0,,,68,0
56640,note_on,48,0,2,,,,,,,,,,,,,,,1,,,45,107
56640,note_on,24,0,1,,,,,,,,,,,,,,,0,,,62,0
56640,note_on,0,0,1,,,,,,,,,,,,,,,0,,,69,107
56880,note_on,240,0,2,,,,,,,,,,,,,,,1,,,33,107
57000,note_on,360,0,1,,,,,,,,,,,,,,,0,,,64,107
57024,note_on,144,0,2,,,,,,,,,,,,,,,1,,,45,0
57096,note_on,96,0,1,,,,,,,,,,,,,,,0,,,64,0
57120,note_on,24,0,1,,,,,,,,,,,,,,,0,,,66,107
57120,note_on,96,0,2,,,,,,,,,,,,,,,1,,,40,107
57216,note_on,0,0,1,,,,,,,,,,,,,,,0,,,69,0
57216,note_on,96,0,1,,,,,,,,,,,,,,,0,,,66,0
57240,note_on,24,0,1,,,,,,,,,,,,,,,0,,,62,107
57312,note_on,192,0,2,,,,,,,,,,,,,,,1,,,40,0
57336,note_on,96,0,1,,,,,,,,,,,,,,,0,,,62,0
57360,note_on,48,0,2,,,,,,,,,,,,,,,1,,,45,107
57360,note_on,24,0,1,,,,,,,,,,,,,,,0,,,61,107
57390,note_on,30,0,1,,,,,,,,,,,,,,,0,,,64,107
57420,note_on,30,0,1,,,,,,,,,,,,,,,0,,,69,107
57708,note_on,288,0,1,,,,,,,,,,,,,,,0,,,64,0
57744,note_on,384,0,2,,,,,,,,,,,,,,,1,,,45,0
57744,note_on,0,0,2,,,,,,,,,,,,,,,1,,,33,0
57744,end_of_track,0,1,2,,,,,,,,,,,,,,,,,,,
57744,note_on,36,0,1,,,,,,,,,,,,,,,0,,,61,0
57768,end_of_track,0,1,1,,,,,,,,,,,,,,,,,,,
57768,note_on,24,0,1,,,,,,,,,,,,,,,0,,,69,0
