tick,type,numerator,denominator,clocks_per_click,notated_32nd_notes_per_beat,time,meta,track,tempo,program,channel,note,velocity
0,time_signature,3,2,48,8,0,1,0,,,,,
0,note_on,,,,,0,0,2,,,1,50,110
0,note_on,,,,,0,0,2,,,1,62,110
0,program_change,,,,,0,0,2,,0,1,,
0,track_name,,,,,0,1,2,,,,,
0,track_name,,,,,0,1,3,,,,,
0,note_on,,,,,0,0,1,,,0,74,110
0,end_of_track,,,,,0,1,3,,,,,
0,note_on,,,,,0,0,1,,,0,77,110
0,set_tempo,,,,,0,1,0,476190,,,,
0,note_on,,,,,0,0,1,,,0,69,110
0,program_change,,,,,0,0,1,,0,0,,
0,track_name,,,,,0,1,1,,,,,
384,note_off,,,,,0,0,2,,,1,62,64
384,note_off,,,,,384,0,1,,,0,74,64
384,note_off,,,,,0,0,1,,,0,77,64
384,note_off,,,,,0,0,1,,,0,69,64
384,note_off,,,,,384,0,2,,,1,50,64
480,note_on,,,,,96,0,1,,,0,76,110
480,note_on,,,,,96,0,2,,,1,62,110
480,note_on,,,,,0,0,1,,,0,67,110
480,note_on,,,,,0,0,1,,,0,70,110
1056,note_off,,,,,576,0,1,,,0,76,64
1200,note_on,,,,,144,0,1,,,0,77,110
1248,note_off,,,,,768,0,2,,,1,62,64
1248,note_off,,,,,48,0,1,,,0,70,64
1248,note_off,,,,,0,0,1,,,0,67,64
1392,note_off,,,,,144,0,1,,,0,77,64
1440,note_on,,,,,48,0,1,,,0,69,110
1440,note_on,,,,,192,0,2,,,1,64,110
1440,note_on,,,,,0,0,2,,,1,61,110
1440,note_on,,,,,0,0,1,,,0,79,110
1553,note_off,,,,,113,0,1,,,0,79,64
1560,note_on,,,,,7,0,1,,,0,81,110
1592,note_off,,,,,32,0,1,,,0,81,64
1600,note_on,,,,,8,0,1,,,0,79,110
1632,note_off,,,,,32,0,1,,,0,79,64
1640,note_on,,,,,8,0,1,,,0,77,110
1640,note_on,,,,,0,0,1,,,0,77,110
1672,note_off,,,,,0,0,1,,,0,77,64
1672,note_off,,,,,32,0,1,,,0,77,64
1680,note_on,,,,,8,0,1,,,0,79,110
1793,note_off,,,,,113,0,1,,,0,79,64
1800,note_on,,,,,7,0,1,,,0,81,110
1824,note_off,,,,,24,0,1,,,0,69,64
1824,note_off,,,,,0,0,2,,,1,64,64
1824,note_off,,,,,384,0,2,,,1,61,64
1913,note_off,,,,,89,0,1,,,0,81,64
1920,note_on,,,,,0,0,2,,,1,62,110
1920,note_on,,,,,0,0,1,,,0,79,110
1920,note_on,,,,,7,0,1,,,0,69,110
1920,note_on,,,,,96,0,2,,,1,60,110
1944,note_off,,,,,24,0,1,,,0,79,64
1950,note_on,,,,,6,0,1,,,0,78,110
1974,note_off,,,,,24,0,1,,,0,78,64
1980,note_on,,,,,6,0,1,,,0,79,110
2004,note_off,,,,,24,0,1,,,0,79,64
2010,note_on,,,,,6,0,1,,,0,78,110
2034,note_off,,,,,24,0,1,,,0,78,64
2040,note_on,,,,,6,0,1,,,0,78,110
2544,note_off,,,,,504,0,1,,,0,78,64
2640,note_on,,,,,96,0,1,,,0,78,110
2688,note_off,,,,,48,0,1,,,0,69,64
2688,note_off,,,,,768,0,2,,,1,62,64
2688,note_off,,,,,0,0,2,,,1,60,64
2832,note_off,,,,,144,0,1,,,0,78,64
2880,note_on,,,,,192,0,2,,,1,62,110
2880,note_on,,,,,0,0,2,,,1,58,110
2880,note_on,,,,,48,0,1,,,0,79,110
2880,note_on,,,,,0,0,1,,,0,74,110
2880,note_on,,,,,0,0,1,,,0,67,110
3264,note_off,,,,,384,0,2,,,1,58,64
3264,note_off,,,,,384,0,1,,,0,67,64
3264,note_off,,,,,0,0,1,,,0,79,64
3264,note_off,,,,,0,0,2,,,1,62,64
3264,note_off,,,,,0,0,1,,,0,74,64
3360,note_on,,,,,0,0,1,,,0,76,110
3360,note_on,,,,,0,0,1,,,0,70,110
3360,note_on,,,,,96,0,1,,,0,67,110
3360,note_on,,,,,96,0,2,,,1,55,110
3744,note_off,,,,,0,0,1,,,0,67,64
3744,note_off,,,,,0,0,1,,,0,70,64
3744,note_off,,,,,384,0,2,,,1,55,64
3744,note_off,,,,,384,0,1,,,0,76,64
3840,note_on,,,,,0,0,1,,,0,71,110
3840,note_on,,,,,0,0,1,,,0,74,110
3840,note_on,,,,,96,0,2,,,1,56,110
3840,note_on,,,,,96,0,1,,,0,65,110
3936,note_off,,,,,96,0,1,,,0,74,64
3960,note_on,,,,,24,0,1,,,0,73,110
4056,note_off,,,,,96,0,1,,,0,73,64
4080,note_on,,,,,24,0,1,,,0,74,110
4224,note_off,,,,,0,0,1,,,0,65,64
4224,note_off,,,,,144,0,1,,,0,71,64
4224,note_off,,,,,384,0,2,,,1,56,64
4272,note_off,,,,,48,0,1,,,0,74,64
4320,note_on,,,,,0,0,1,,,0,69,110
4320,note_on,,,,,48,0,1,,,0,73,110
4320,note_on,,,,,96,0,2,,,1,64,110
4320,note_on,,,,,0,0,2,,,1,57,110
4704,note_off,,,,,384,0,2,,,1,64,64
4800,note_on,,,,,96,0,2,,,1,62,110
4896,note_off,,,,,576,0,1,,,0,73,64
5040,note_on,,,,,144,0,1,,,0,71,110
5088,note_off,,,,,48,0,1,,,0,69,64
5088,note_off,,,,,288,0,2,,,1,57,64
5184,note_off,,,,,96,0,2,,,1,62,64
5232,note_off,,,,,144,0,1,,,0,71,64
5280,note_on,,,,,0,0,1,,,0,64,110
5280,note_on,,,,,48,0,1,,,0,69,110
5280,note_on,,,,,96,0,2,,,1,61,110
5280,note_on,,,,,0,0,2,,,1,55,110
5664,note_off,,,,,0,0,2,,,1,61,64
5664,note_off,,,,,384,0,2,,,1,55,64
5664,note_off,,,,,384,0,1,,,0,64,64
5664,note_off,,,,,0,0,1,,,0,69,64
5760,note_on,,,,,96,0,2,,,1,62,110
5760,note_on,,,,,0,0,2,,,1,54,110
5760,note_on,,,,,0,0,1,,,0,72,110
5760,note_on,,,,,96,0,1,,,0,69,110
6144,note_off,,,,,0,0,2,,,1,62,64
6144,note_off,,,,,384,0,2,,,1,54,64
6144,note_off,,,,,0,0,1,,,0,69,64
6144,note_off,,,,,384,0,1,,,0,72,64
6240,note_on,,,,,0,0,1,,,0,67,110
6240,note_on,,,,,96,0,1,,,0,71,110
6240,note_on,,,,,96,0,2,,,1,53,110
6240,note_on,,,,,0,0,2,,,1,62,110
6816,note_off,,,,,576,0,1,,,0,71,64
6960,note_on,,,,,144,0,1,,,0,73,110
7008,note_off,,,,,48,0,1,,,0,67,64
7008,note_off,,,,,0,0,2,,,1,53,64
7008,note_off,,,,,768,0,2,,,1,62,64
7152,note_off,,,,,144,0,1,,,0,73,64
7200,note_on,,,,,48,0,1,,,0,74,110
7200,note_on,,,,,0,0,1,,,0,68,110
7200,note_on,,,,,192,0,2,,,1,64,110
7200,note_on,,,,,0,0,2,,,1,52,110
7392,note_off,,,,,192,0,1,,,0,74,64
7440,note_on,,,,,48,0,1,,,0,76,110
7584,note_off,,,,,144,0,1,,,0,68,64
7584,note_off,,,,,384,0,2,,,1,52,64
7632,note_off,,,,,48,0,1,,,0,76,64
7680,note_on,,,,,0,0,1,,,0,74,110
7680,note_on,,,,,96,0,2,,,1,55,110
7680,note_on,,,,,48,0,1,,,0,69,110
7704,note_off,,,,,24,0,1,,,0,74,64
7710,note_on,,,,,6,0,1,,,0,73,110
7734,note_off,,,,,24,0,1,,,0,73,64
7740,note_on,,,,,6,0,1,,,0,74,110
7764,note_off,,,,,24,0,1,,,0,74,64
7770,note_on,,,,,6,0,1,,,0,73,110
7794,note_off,,,,,24,0,1,,,0,73,64
7800,note_on,,,,,6,0,1,,,0,73,110
7968,note_off,,,,,288,0,2,,,1,64,64
8064,note_off,,,,,96,0,2,,,1,55,64
8064,note_off,,,,,264,0,1,,,0,69,64
8160,note_on,,,,,96,0,1,,,0,67,110
8160,note_on,,,,,0,0,2,,,1,62,110
8160,note_on,,,,,96,0,2,,,1,58,110
8304,note_off,,,,,144,0,1,,,0,73,64
8400,note_on,,,,,96,0,1,,,0,74,110
8544,note_off,,,,,144,0,1,,,0,67,64
8544,note_off,,,,,0,0,2,,,1,58,64
8544,note_off,,,,,384,0,2,,,1,62,64
8592,note_off,,,,,48,0,1,,,0,74,64
8640,note_on,,,,,48,0,1,,,0,76,110
8640,note_on,,,,,0,0,1,,,0,70,110
8640,note_on,,,,,0,0,2,,,1,55,110
8640,note_on,,,,,96,0,2,,,1,49,110
8736,note_off,,,,,96,0,1,,,0,76,64
8760,note_on,,,,,24,0,1,,,0,77,110
8856,note_off,,,,,96,0,1,,,0,77,64
8880,note_on,,,,,24,0,1,,,0,76,110
8976,note_off,,,,,96,0,1,,,0,76,64
9000,note_on,,,,,24,0,1,,,0,77,110
9024,note_off,,,,,0,0,2,,,1,49,64
9024,note_off,,,,,24,0,1,,,0,70,64
9024,note_off,,,,,384,0,2,,,1,55,64
9096,note_off,,,,,72,0,1,,,0,77,64
9120,note_on,,,,,96,0,2,,,1,50,110
9120,note_on,,,,,0,0,2,,,1,62,110
9120,note_on,,,,,24,0,1,,,0,79,110
9120,note_on,,,,,0,0,1,,,0,69,110
9144,note_off,,,,,24,0,1,,,0,79,64
9150,note_on,,,,,6,0,1,,,0,77,110
9174,note_off,,,,,24,0,1,,,0,77,64
9180,note_on,,,,,6,0,1,,,0,79,110
9204,note_off,,,,,24,0,1,,,0,79,64
9210,note_on,,,,,6,0,1,,,0,77,110
9234,note_off,,,,,24,0,1,,,0,77,64
9240,note_on,,,,,6,0,1,,,0,79,110
9264,note_off,,,,,24,0,1,,,0,79,64
9270,note_on,,,,,6,0,1,,,0,77,110
9294,note_off,,,,,24,0,1,,,0,77,64
9300,note_on,,,,,6,0,1,,,0,79,110
9324,note_off,,,,,24,0,1,,,0,79,64
9330,note_on,,,,,6,0,1,,,0,77,110
9354,note_off,,,,,24,0,1,,,0,77,64
9360,note_on,,,,,6,0,1,,,0,79,110
9384,note_off,,,,,24,0,1,,,0,79,64
9390,note_on,,,,,6,0,1,,,0,77,110
9414,note_off,,,,,24,0,1,,,0,77,64
9420,note_on,,,,,6,0,1,,,0,79,110
9444,note_off,,,,,24,0,1,,,0,79,64
9450,note_on,,,,,6,0,1,,,0,77,110
9474,note_off,,,,,24,0,1,,,0,77,64
9480,note_on,,,,,6,0,1,,,0,79,110
9504,note_off,,,,,24,0,1,,,0,79,64
9504,note_off,,,,,0,0,1,,,0,69,64
9504,note_off,,,,,384,0,2,,,1,62,64
9510,note_on,,,,,6,0,1,,,0,77,110
9534,note_off,,,,,24,0,1,,,0,77,64
9540,note_on,,,,,6,0,1,,,0,79,110
9564,note_off,,,,,24,0,1,,,0,79,64
9570,note_on,,,,,6,0,1,,,0,77,110
9594,note_off,,,,,24,0,1,,,0,77,64
9600,note_on,,,,,6,0,1,,,0,68,110
9600,note_on,,,,,0,0,1,,,0,79,110
9600,note_on,,,,,96,0,2,,,1,59,110
9624,note_off,,,,,24,0,1,,,0,79,64
9630,note_on,,,,,6,0,1,,,0,77,110
9654,note_off,,,,,24,0,1,,,0,77,64
9660,note_on,,,,,6,0,1,,,0,79,110
9684,note_off,,,,,24,0,1,,,0,79,64
9690,note_on,,,,,6,0,1,,,0,77,110
9714,note_off,,,,,24,0,1,,,0,77,64
9720,note_on,,,,,6,0,1,,,0,79,110
9744,note_off,,,,,24,0,1,,,0,79,64
9750,note_on,,,,,6,0,1,,,0,77,110
9774,note_off,,,,,24,0,1,,,0,77,64
9780,note_on,,,,,6,0,1,,,0,79,110
9804,note_off,,,,,24,0,1,,,0,79,64
9810,note_on,,,,,6,0,1,,,0,77,110
9834,note_off,,,,,24,0,1,,,0,77,64
9840,note_on,,,,,6,0,1,,,0,76,110
9888,note_off,,,,,288,0,2,,,1,50,64
10032,note_off,,,,,192,0,1,,,0,76,64
10080,note_on,,,,,192,0,2,,,1,57,110
10080,note_on,,,,,48,0,1,,,0,76,110
10272,note_off,,,,,192,0,2,,,1,59,64
10320,note_on,,,,,48,0,2,,,1,59,110
10512,note_off,,,,,192,0,2,,,1,59,64
10512,note_off,,,,,432,0,1,,,0,68,64
10560,note_on,,,,,48,0,2,,,1,61,110
10560,note_on,,,,,48,0,1,,,0,69,110
11232,note_off,,,,,672,0,2,,,1,57,64
11232,note_off,,,,,672,0,1,,,0,76,64
11328,note_off,,,,,96,0,2,,,1,61,64
11328,note_off,,,,,96,0,1,,,0,69,64
11520,end_of_track,,,,,0,1,0,,,,,
11520,time_signature,3,2,48,8,11520,1,0,,,,,
11520,note_on,,,,,192,0,1,,,0,77,110
11520,note_on,,,,,0,0,2,,,1,50,110
11520,note_on,,,,,192,0,2,,,1,62,110
11520,note_on,,,,,0,0,1,,,0,69,110
11520,note_on,,,,,0,0,1,,,0,74,110
11904,note_off,,,,,384,0,1,,,0,74,64
11904,note_off,,,,,384,0,2,,,1,50,64
11904,note_off,,,,,0,0,2,,,1,62,64
11904,note_off,,,,,0,0,1,,,0,69,64
11904,note_off,,,,,0,0,1,,,0,77,64
12000,note_on,,,,,0,0,1,,,0,67,110
12000,note_on,,,,,96,0,1,,,0,76,110
12000,note_on,,,,,96,0,2,,,1,62,110
12000,note_on,,,,,0,0,1,,,0,70,110
12576,note_off,,,,,576,0,1,,,0,76,64
12720,note_on,,,,,144,0,1,,,0,77,110
12768,note_off,,,,,48,0,1,,,0,70,64
12768,note_off,,,,,0,0,1,,,0,67,64
12768,note_off,,,,,768,0,2,,,1,62,64
12912,note_off,,,,,144,0,1,,,0,77,64
12960,note_on,,,,,48,0,1,,,0,69,110
12960,note_on,,,,,0,0,1,,,0,79,110
12960,note_on,,,,,0,0,2,,,1,61,110
12960,note_on,,,,,192,0,2,,,1,64,110
13073,note_off,,,,,113,0,1,,,0,79,64
13080,note_on,,,,,7,0,1,,,0,81,110
13112,note_off,,,,,32,0,1,,,0,81,64
13120,note_on,,,,,8,0,1,,,0,79,110
13152,note_off,,,,,32,0,1,,,0,79,64
13160,note_on,,,,,0,0,1,,,0,77,110
13160,note_on,,,,,8,0,1,,,0,77,110
13192,note_off,,,,,32,0,1,,,0,77,64
13192,note_off,,,,,0,0,1,,,0,77,64
13200,note_on,,,,,8,0,1,,,0,79,110
13313,note_off,,,,,113,0,1,,,0,79,64
13320,note_on,,,,,7,0,1,,,0,81,110
13344,note_off,,,,,24,0,1,,,0,69,64
13344,note_off,,,,,384,0,2,,,1,61,64
13344,note_off,,,,,0,0,2,,,1,64,64
13433,note_off,,,,,89,0,1,,,0,81,64
13440,note_on,,,,,7,0,1,,,0,69,110
13440,note_on,,,,,0,0,1,,,0,79,110
13440,note_on,,,,,96,0,2,,,1,60,110
13440,note_on,,,,,0,0,2,,,1,62,110
13464,note_off,,,,,24,0,1,,,0,79,64
13470,note_on,,,,,6,0,1,,,0,78,110
13494,note_off,,,,,24,0,1,,,0,78,64
13500,note_on,,,,,6,0,1,,,0,79,110
13524,note_off,,,,,24,0,1,,,0,79,64
13530,note_on,,,,,6,0,1,,,0,78,110
13554,note_off,,,,,24,0,1,,,0,78,64
13560,note_on,,,,,6,0,1,,,0,78,110
14064,note_off,,,,,504,0,1,,,0,78,64
14160,note_on,,,,,96,0,1,,,0,78,110
14208,note_off,,,,,768,0,2,,,1,62,64
14208,note_off,,,,,0,0,2,,,1,60,64
14208,note_off,,,,,48,0,1,,,0,69,64
14352,note_off,,,,,144,0,1,,,0,78,64
14400,note_on,,,,,0,0,2,,,1,58,110
14400,note_on,,,,,48,0,1,,,0,79,110
14400,note_on,,,,,0,0,1,,,0,74,110
14400,note_on,,,,,0,0,1,,,0,67,110
14400,note_on,,,,,192,0,2,,,1,62,110
14784,note_off,,,,,384,0,1,,,0,67,64
14784,note_off,,,,,0,0,2,,,1,62,64
14784,note_off,,,,,384,0,2,,,1,58,64
14784,note_off,,,,,0,0,1,,,0,74,64
14784,note_off,,,,,0,0,1,,,0,79,64
14880,note_on,,,,,96,0,2,,,1,55,110
14880,note_on,,,,,0,0,1,,,0,76,110
14880,note_on,,,,,0,0,1,,,0,70,110
14880,note_on,,,,,96,0,1,,,0,67,110
15264,note_off,,,,,384,0,1,,,0,76,64
15264,note_off,,,,,0,0,1,,,0,70,64
15264,note_off,,,,,384,0,2,,,1,55,64
15264,note_off,,,,,0,0,1,,,0,67,64
15360,note_on,,,,,0,0,1,,,0,74,110
15360,note_on,,,,,0,0,1,,,0,71,110
15360,note_on,,,,,96,0,1,,,0,65,110
15360,note_on,,,,,96,0,2,,,1,56,110
15456,note_off,,,,,96,0,1,,,0,74,64
15480,note_on,,,,,24,0,1,,,0,73,110
15576,note_off,,,,,96,0,1,,,0,73,64
15600,note_on,,,,,24,0,1,,,0,74,110
15744,note_off,,,,,0,0,1,,,0,65,64
15744,note_off,,,,,144,0,1,,,0,71,64
15744,note_off,,,,,384,0,2,,,1,56,64
15792,note_off,,,,,48,0,1,,,0,74,64
15840,note_on,,,,,0,0,1,,,0,69,110
15840,note_on,,,,,0,0,2,,,1,57,110
15840,note_on,,,,,96,0,2,,,1,64,110
15840,note_on,,,,,48,0,1,,,0,73,110
16224,note_off,,,,,384,0,2,,,1,64,64
16320,note_on,,,,,96,0,2,,,1,62,110
16416,note_off,,,,,576,0,1,,,0,73,64
16560,note_on,,,,,144,0,1,,,0,71,110
16608,note_off,,,,,48,0,1,,,0,69,64
16608,note_off,,,,,288,0,2,,,1,57,64
16704,note_off,,,,,96,0,2,,,1,62,64
16752,note_off,,,,,144,0,1,,,0,71,64
16800,note_on,,,,,0,0,1,,,0,64,110
16800,note_on,,,,,48,0,1,,,0,69,110
16800,note_on,,,,,96,0,2,,,1,61,110
16800,note_on,,,,,0,0,2,,,1,55,110
17184,note_off,,,,,0,0,1,,,0,69,64
17184,note_off,,,,,384,0,1,,,0,64,64
17184,note_off,,,,,384,0,2,,,1,55,64
17184,note_off,,,,,0,0,2,,,1,61,64
17280,note_on,,,,,0,0,2,,,1,54,110
17280,note_on,,,,,0,0,1,,,0,72,110
17280,note_on,,,,,96,0,1,,,0,69,110
17280,note_on,,,,,96,0,2,,,1,62,110
17664,note_off,,,,,0,0,1,,,0,69,64
17664,note_off,,,,,384,0,1,,,0,72,64
17664,note_off,,,,,0,0,2,,,1,62,64
17664,note_off,,,,,384,0,2,,,1,54,64
17760,note_on,,,,,0,0,2,,,1,62,110
17760,note_on,,,,,96,0,2,,,1,53,110
17760,note_on,,,,,96,0,1,,,0,71,110
17760,note_on,,,,,0,0,1,,,0,67,110
18336,note_off,,,,,576,0,1,,,0,71,64
18480,note_on,,,,,144,0,1,,,0,73,110
18528,note_off,,,,,0,0,2,,,1,53,64
18528,note_off,,,,,768,0,2,,,1,62,64
18528,note_off,,,,,48,0,1,,,0,67,64
18672,note_off,,,,,144,0,1,,,0,73,64
18720,note_on,,,,,0,0,1,,,0,68,110
18720,note_on,,,,,48,0,1,,,0,74,110
18720,note_on,,,,,192,0,2,,,1,64,110
18720,note_on,,,,,0,0,2,,,1,52,110
18912,note_off,,,,,192,0,1,,,0,74,64
18960,note_on,,,,,48,0,1,,,0,76,110
19104,note_off,,,,,144,0,1,,,0,68,64
19104,note_off,,,,,384,0,2,,,1,52,64
19152,note_off,,,,,48,0,1,,,0,76,64
19200,note_on,,,,,96,0,2,,,1,55,110
19200,note_on,,,,,0,0,1,,,0,74,110
19200,note_on,,,,,48,0,1,,,0,69,110
19224,note_off,,,,,24,0,1,,,0,74,64
19230,note_on,,,,,6,0,1,,,0,73,110
19254,note_off,,,,,24,0,1,,,0,73,64
19260,note_on,,,,,6,0,1,,,0,74,110
19284,note_off,,,,,24,0,1,,,0,74,64
19290,note_on,,,,,6,0,1,,,0,73,110
19314,note_off,,,,,24,0,1,,,0,73,64
19320,note_on,,,,,6,0,1,,,0,73,110
19488,note_off,,,,,288,0,2,,,1,64,64
19584,note_off,,,,,264,0,1,,,0,69,64
19584,note_off,,,,,96,0,2,,,1,55,64
19680,note_on,,,,,96,0,2,,,1,58,110
19680,note_on,,,,,0,0,2,,,1,62,110
19680,note_on,,,,,96,0,1,,,0,67,110
19824,note_off,,,,,144,0,1,,,0,73,64
19920,note_on,,,,,96,0,1,,,0,74,110
20064,note_off,,,,,0,0,2,,,1,58,64
20064,note_off,,,,,384,0,2,,,1,62,64
20064,note_off,,,,,144,0,1,,,0,67,64
20112,note_off,,,,,48,0,1,,,0,74,64
20160,note_on,,,,,48,0,1,,,0,76,110
20160,note_on,,,,,96,0,2,,,1,49,110
20160,note_on,,,,,0,0,2,,,1,55,110
20160,note_on,,,,,0,0,1,,,0,70,110
20256,note_off,,,,,96,0,1,,,0,76,64
20280,note_on,,,,,24,0,1,,,0,77,110
20376,note_off,,,,,96,0,1,,,0,77,64
20400,note_on,,,,,24,0,1,,,0,76,110
20496,note_off,,,,,96,0,1,,,0,76,64
20520,note_on,,,,,24,0,1,,,0,77,110
20544,note_off,,,,,24,0,1,,,0,70,64
20544,note_off,,,,,0,0,2,,,1,49,64
20544,note_off,,,,,384,0,2,,,1,55,64
20616,note_off,,,,,72,0,1,,,0,77,64
20640,note_on,,,,,24,0,1,,,0,79,110
20640,note_on,,,,,0,0,1,,,0,69,110
20640,note_on,,,,,0,0,2,,,1,62,110
20640,note_on,,,,,96,0,2,,,1,50,110
20664,note_off,,,,,24,0,1,,,0,79,64
20670,note_on,,,,,6,0,1,,,0,77,110
20694,note_off,,,,,24,0,1,,,0,77,64
20700,note_on,,,,,6,0,1,,,0,79,110
20724,note_off,,,,,24,0,1,,,0,79,64
20730,note_on,,,,,6,0,1,,,0,77,110
20754,note_off,,,,,24,0,1,,,0,77,64
20760,note_on,,,,,6,0,1,,,0,79,110
20784,note_off,,,,,24,0,1,,,0,79,64
20790,note_on,,,,,6,0,1,,,0,77,110
20814,note_off,,,,,24,0,1,,,0,77,64
20820,note_on,,,,,6,0,1,,,0,79,110
20844,note_off,,,,,24,0,1,,,0,79,64
20850,note_on,,,,,6,0,1,,,0,77,110
20874,note_off,,,,,24,0,1,,,0,77,64
20880,note_on,,,,,6,0,1,,,0,79,110
20904,note_off,,,,,24,0,1,,,0,79,64
20910,note_on,,,,,6,0,1,,,0,77,110
20934,note_off,,,,,24,0,1,,,0,77,64
20940,note_on,,,,,6,0,1,,,0,79,110
20964,note_off,,,,,24,0,1,,,0,79,64
20970,note_on,,,,,6,0,1,,,0,77,110
20994,note_off,,,,,24,0,1,,,0,77,64
21000,note_on,,,,,6,0,1,,,0,79,110
21024,note_off,,,,,24,0,1,,,0,79,64
21024,note_off,,,,,0,0,1,,,0,69,64
21024,note_off,,,,,384,0,2,,,1,62,64
21030,note_on,,,,,6,0,1,,,0,77,110
21054,note_off,,,,,24,0,1,,,0,77,64
21060,note_on,,,,,6,0,1,,,0,79,110
21084,note_off,,,,,24,0,1,,,0,79,64
21090,note_on,,,,,6,0,1,,,0,77,110
21114,note_off,,,,,24,0,1,,,0,77,64
21120,note_on,,,,,0,0,1,,,0,79,110
21120,note_on,,,,,6,0,1,,,0,68,110
21120,note_on,,,,,96,0,2,,,1,59,110
21144,note_off,,,,,24,0,1,,,0,79,64
21150,note_on,,,,,6,0,1,,,0,77,110
21174,note_off,,,,,24,0,1,,,0,77,64
21180,note_on,,,,,6,0,1,,,0,79,110
21204,note_off,,,,,24,0,1,,,0,79,64
21210,note_on,,,,,6,0,1,,,0,77,110
21234,note_off,,,,,24,0,1,,,0,77,64
21240,note_on,,,,,6,0,1,,,0,79,110
21264,note_off,,,,,24,0,1,,,0,79,64
21270,note_on,,,,,6,0,1,,,0,77,110
21294,note_off,,,,,24,0,1,,,0,77,64
21300,note_on,,,,,6,0,1,,,0,79,110
21324,note_off,,,,,24,0,1,,,0,79,64
21330,note_on,,,,,6,0,1,,,0,77,110
21354,note_off,,,,,24,0,1,,,0,77,64
21360,note_on,,,,,6,0,1,,,0,76,110
21408,note_off,,,,,288,0,2,,,1,50,64
21552,note_off,,,,,192,0,1,,,0,76,64
21600,note_on,,,,,48,0,1,,,0,76,110
21600,note_on,,,,,192,0,2,,,1,57,110
21792,note_off,,,,,192,0,2,,,1,59,64
21840,note_on,,,,,48,0,2,,,1,59,110
22032,note_off,,,,,432,0,1,,,0,68,64
22032,note_off,,,,,192,0,2,,,1,59,64
22080,note_on,,,,,48,0,1,,,0,69,110
22080,note_on,,,,,48,0,2,,,1,61,110
22752,note_off,,,,,672,0,1,,,0,76,64
22752,note_off,,,,,672,0,2,,,1,57,64
22848,note_off,,,,,96,0,2,,,1,61,64
22848,note_off,,,,,96,0,1,,,0,69,64
23040,note_on,,,,,192,0,1,,,0,69,110
23040,note_on,,,,,0,0,1,,,0,76,110
23040,note_on,,,,,0,0,2,,,1,61,110
23040,note_on,,,,,192,0,2,,,1,57,110
23424,note_off,,,,,384,0,1,,,0,76,64
23424,note_off,,,,,0,0,1,,,0,69,64
23424,note_off,,,,,0,0,2,,,1,57,64
23424,note_off,,,,,384,0,2,,,1,61,64
23520,note_on,,,,,96,0,1,,,0,76,110
23520,note_on,,,,,0,0,1,,,0,70,110
23520,note_on,,,,,96,0,2,,,1,61,110
23520,note_on,,,,,0,0,2,,,1,55,110
24096,note_off,,,,,576,0,2,,,1,55,64
24096,note_off,,,,,576,0,1,,,0,70,64
24240,note_on,,,,,144,0,1,,,0,69,110
24240,note_on,,,,,144,0,2,,,1,57,110
24432,note_off,,,,,192,0,2,,,1,57,64
24432,note_off,,,,,192,0,1,,,0,69,64
24480,note_on,,,,,48,0,2,,,1,58,110
24480,note_on,,,,,48,0,1,,,0,67,110
24576,note_off,,,,,96,0,2,,,1,58,64
24600,note_on,,,,,24,0,2,,,1,55,110
24696,note_off,,,,,96,0,2,,,1,55,64
24720,note_on,,,,,24,0,2,,,1,57,110
24864,note_off,,,,,0,0,1,,,0,67,64
24864,note_off,,,,,144,0,2,,,1,61,64
24864,note_off,,,,,384,0,1,,,0,76,64
24912,note_off,,,,,48,0,2,,,1,57,64
24960,note_on,,,,,0,0,1,,,0,75,110
24960,note_on,,,,,96,0,1,,,0,65,110
24960,note_on,,,,,0,0,2,,,1,55,110
24960,note_on,,,,,48,0,2,,,1,60,110
24984,note_off,,,,,24,0,2,,,1,55,64
24990,note_on,,,,,6,0,2,,,1,57,110
25014,note_off,,,,,24,0,2,,,1,57,64
25020,note_on,,,,,6,0,2,,,1,58,110
25044,note_off,,,,,24,0,2,,,1,58,64
25050,note_on,,,,,6,0,2,,,1,57,110
25074,note_off,,,,,24,0,2,,,1,57,64
25080,note_on,,,,,6,0,2,,,1,58,110
25104,note_off,,,,,24,0,2,,,1,58,64
25110,note_on,,,,,6,0,2,,,1,57,110
25134,note_off,,,,,24,0,2,,,1,57,64
25140,note_on,,,,,6,0,2,,,1,58,110
25164,note_off,,,,,24,0,2,,,1,58,64
25170,note_on,,,,,6,0,2,,,1,57,110
25194,note_off,,,,,24,0,2,,,1,57,64
25200,note_on,,,,,6,0,2,,,1,58,110
25224,note_off,,,,,24,0,2,,,1,58,64
25230,note_on,,,,,6,0,2,,,1,57,110
25254,note_off,,,,,24,0,2,,,1,57,64
25260,note_on,,,,,6,0,2,,,1,58,110
25284,note_off,,,,,24,0,2,,,1,58,64
25290,note_on,,,,,6,0,2,,,1,57,110
25314,note_off,,,,,24,0,2,,,1,57,64
25320,note_on,,,,,6,0,2,,,1,58,110
25344,note_off,,,,,24,0,2,,,1,58,64
25350,note_on,,,,,6,0,2,,,1,57,110
25374,note_off,,,,,24,0,2,,,1,57,64
25380,note_on,,,,,6,0,2,,,1,58,110
25404,note_off,,,,,24,0,2,,,1,58,64
25410,note_on,,,,,6,0,2,,,1,57,110
25434,note_off,,,,,24,0,2,,,1,57,64
25440,note_on,,,,,6,0,2,,,1,58,110
25464,note_off,,,,,24,0,2,,,1,58,64
25470,note_on,,,,,6,0,2,,,1,57,110
25494,note_off,,,,,24,0,2,,,1,57,64
25500,note_on,,,,,6,0,2,,,1,58,110
25524,note_off,,,,,24,0,2,,,1,58,64
25530,note_on,,,,,6,0,2,,,1,57,110
25554,note_off,,,,,24,0,2,,,1,57,64
25560,note_on,,,,,6,0,2,,,1,58,110
25584,note_off,,,,,24,0,2,,,1,58,64
25590,note_on,,,,,6,0,2,,,1,57,110
25614,note_off,,,,,24,0,2,,,1,57,64
25620,note_on,,,,,6,0,2,,,1,58,110
25644,note_off,,,,,24,0,2,,,1,58,64
25650,note_on,,,,,6,0,2,,,1,57,110
25674,note_off,,,,,24,0,2,,,1,57,64
25680,note_on,,,,,6,0,2,,,1,57,110
25728,note_off,,,,,768,0,1,,,0,75,64
25872,note_off,,,,,192,0,2,,,1,57,64
25920,note_on,,,,,48,0,2,,,1,58,110
25920,note_on,,,,,192,0,1,,,0,74,110
26112,note_off,,,,,192,0,2,,,1,58,64
26160,note_on,,,,,48,0,2,,,1,57,110
26304,note_off,,,,,384,0,1,,,0,65,64
26304,note_off,,,,,144,0,2,,,1,60,64
26304,note_off,,,,,0,0,1,,,0,74,64
26352,note_off,,,,,48,0,2,,,1,57,64
26400,note_on,,,,,0,0,2,,,1,58,110
26400,note_on,,,,,0,0,1,,,0,67,110
26400,note_on,,,,,96,0,1,,,0,76,110
26400,note_on,,,,,48,0,2,,,1,55,110
26784,note_off,,,,,384,0,1,,,0,67,64
26784,note_off,,,,,384,0,2,,,1,58,64
26784,note_off,,,,,0,0,2,,,1,55,64
26880,note_on,,,,,96,0,2,,,1,53,110
26880,note_on,,,,,96,0,1,,,0,69,110
26880,note_on,,,,,0,0,2,,,1,60,110
26976,note_off,,,,,96,0,1,,,0,76,64
27120,note_on,,,,,144,0,1,,,0,77,110
27264,note_off,,,,,144,0,1,,,0,69,64
27264,note_off,,,,,0,0,2,,,1,53,64
27264,note_off,,,,,384,0,2,,,1,60,64
27312,note_off,,,,,48,0,1,,,0,77,64
27360,note_on,,,,,48,0,1,,,0,76,110
27360,note_on,,,,,0,0,1,,,0,67,110
27360,note_on,,,,,96,0,2,,,1,60,110
27360,note_on,,,,,0,0,2,,,1,60,110
27744,note_off,,,,,384,0,2,,,1,60,64
27840,note_on,,,,,96,0,2,,,1,62,110
27936,note_off,,,,,576,0,1,,,0,76,64
28080,note_on,,,,,144,0,1,,,0,74,110
28128,note_off,,,,,48,0,1,,,0,67,64
28224,note_off,,,,,384,0,2,,,1,60,64
28224,note_off,,,,,0,0,2,,,1,62,64
28272,note_off,,,,,144,0,1,,,0,74,64
28320,note_on,,,,,96,0,2,,,1,64,110
28320,note_on,,,,,48,0,1,,,0,72,110
28320,note_on,,,,,0,0,1,,,0,67,110
28320,note_on,,,,,0,0,2,,,1,58,110
28704,note_off,,,,,0,0,2,,,1,64,64
28704,note_off,,,,,384,0,1,,,0,67,64
28704,note_off,,,,,0,0,1,,,0,72,64
28704,note_off,,,,,384,0,2,,,1,58,64
28800,note_on,,,,,96,0,2,,,1,65,110
28800,note_on,,,,,0,0,2,,,1,57,110
28800,note_on,,,,,0,0,1,,,0,72,110
28800,note_on,,,,,96,0,1,,,0,77,110
29184,note_off,,,,,384,0,2,,,1,57,64
29184,note_off,,,,,384,0,1,,,0,77,64
29280,note_on,,,,,96,0,2,,,1,55,110
29280,note_on,,,,,96,0,1,,,0,79,110
29664,note_off,,,,,384,0,2,,,1,55,64
29760,note_on,,,,,96,0,2,,,1,53,110
29856,note_off,,,,,576,0,1,,,0,79,64
29952,note_off,,,,,96,0,1,,,0,72,64
30000,note_on,,,,,48,0,1,,,0,81,110
30144,note_off,,,,,384,0,2,,,1,53,64
30192,note_off,,,,,192,0,1,,,0,81,64
30240,note_on,,,,,0,0,1,,,0,81,110
30240,note_on,,,,,48,0,1,,,0,74,110
30240,note_on,,,,,96,0,2,,,1,58,110
30432,note_off,,,,,192,0,1,,,0,81,64
30480,note_on,,,,,48,0,1,,,0,79,110
30624,note_off,,,,,144,0,1,,,0,74,64
30624,note_off,,,,,384,0,2,,,1,58,64
30672,note_off,,,,,48,0,1,,,0,79,64
30720,note_on,,,,,48,0,1,,,0,79,110
30720,note_on,,,,,0,0,1,,,0,72,110
30720,note_on,,,,,96,0,2,,,1,57,110
30912,note_off,,,,,192,0,1,,,0,79,64
30960,note_on,,,,,48,0,1,,,0,81,110
31008,note_off,,,,,288,0,2,,,1,65,64
31104,note_off,,,,,96,0,2,,,1,57,64
31104,note_off,,,,,144,0,1,,,0,72,64
31152,note_off,,,,,48,0,1,,,0,81,64
31200,note_on,,,,,48,0,1,,,0,81,110
31200,note_on,,,,,0,0,1,,,0,70,110
31200,note_on,,,,,96,0,2,,,1,67,110
31200,note_on,,,,,0,0,2,,,1,55,110
31296,note_off,,,,,96,0,1,,,0,81,64
31320,note_on,,,,,24,0,1,,,0,82,110
31416,note_off,,,,,96,0,1,,,0,82,64
31440,note_on,,,,,24,0,1,,,0,79,110
31584,note_off,,,,,144,0,1,,,0,70,64
31584,note_off,,,,,384,0,2,,,1,55,64
31584,note_off,,,,,0,0,2,,,1,67,64
31632,note_off,,,,,48,0,1,,,0,79,64
31680,note_on,,,,,0,0,2,,,1,57,110
31680,note_on,,,,,96,0,2,,,1,60,110
31680,note_on,,,,,48,0,1,,,0,69,110
31680,note_on,,,,,0,0,1,,,0,77,110
31872,note_off,,,,,192,0,1,,,0,77,64
31872,note_off,,,,,192,0,2,,,1,57,64
31920,note_on,,,,,48,0,1,,,0,74,110
31920,note_on,,,,,48,0,2,,,1,58,110
32064,note_off,,,,,144,0,1,,,0,69,64
32064,note_off,,,,,144,0,2,,,1,60,64
32112,note_off,,,,,48,0,1,,,0,74,64
32112,note_off,,,,,48,0,2,,,1,58,64
32160,note_on,,,,,0,0,2,,,1,60,110
32160,note_on,,,,,48,0,2,,,1,60,110
32160,note_on,,,,,48,0,1,,,0,67,110
32160,note_on,,,,,0,0,1,,,0,74,110
32184,note_off,,,,,24,0,1,,,0,74,64
32190,note_on,,,,,6,0,1,,,0,76,110
32214,note_off,,,,,24,0,1,,,0,76,64
32220,note_on,,,,,6,0,1,,,0,77,110
32244,note_off,,,,,24,0,1,,,0,77,64
32250,note_on,,,,,6,0,1,,,0,76,110
32274,note_off,,,,,24,0,1,,,0,76,64
32280,note_on,,,,,6,0,1,,,0,77,110
32304,note_off,,,,,24,0,1,,,0,77,64
32310,note_on,,,,,6,0,1,,,0,76,110
32334,note_off,,,,,24,0,1,,,0,76,64
32340,note_on,,,,,6,0,1,,,0,77,110
32352,note_off,,,,,12,0,1,,,0,67,64
32364,note_off,,,,,12,0,1,,,0,77,64
32370,note_on,,,,,6,0,1,,,0,76,110
32394,note_off,,,,,24,0,1,,,0,76,64
32400,note_on,,,,,6,0,1,,,0,77,110
32400,note_on,,,,,0,0,1,,,0,69,110
32424,note_off,,,,,24,0,1,,,0,77,64
32430,note_on,,,,,6,0,1,,,0,76,110
32454,note_off,,,,,24,0,1,,,0,76,64
32460,note_on,,,,,6,0,1,,,0,77,110
32484,note_off,,,,,24,0,1,,,0,77,64
32490,note_on,,,,,6,0,1,,,0,76,110
32514,note_off,,,,,24,0,1,,,0,76,64
32520,note_on,,,,,6,0,1,,,0,77,110
32544,note_off,,,,,24,0,1,,,0,77,64
32544,note_off,,,,,384,0,2,,,1,60,64
32550,note_on,,,,,6,0,1,,,0,76,110
32574,note_off,,,,,24,0,1,,,0,76,64
32580,note_on,,,,,6,0,1,,,0,77,110
32592,note_off,,,,,12,0,1,,,0,69,64
32604,note_off,,,,,12,0,1,,,0,77,64
32610,note_on,,,,,6,0,1,,,0,76,110
32634,note_off,,,,,24,0,1,,,0,76,64
32640,note_on,,,,,96,0,2,,,1,48,110
32640,note_on,,,,,6,0,1,,,0,70,110
32640,note_on,,,,,0,0,1,,,0,77,110
32664,note_off,,,,,24,0,1,,,0,77,64
32670,note_on,,,,,6,0,1,,,0,76,110
32694,note_off,,,,,24,0,1,,,0,76,64
32700,note_on,,,,,6,0,1,,,0,77,110
32724,note_off,,,,,24,0,1,,,0,77,64
32730,note_on,,,,,6,0,1,,,0,76,110
32754,note_off,,,,,24,0,1,,,0,76,64
32760,note_on,,,,,6,0,1,,,0,77,110
32784,note_off,,,,,24,0,1,,,0,77,64
32790,note_on,,,,,6,0,1,,,0,76,110
32814,note_off,,,,,24,0,1,,,0,76,64
32820,note_on,,,,,6,0,1,,,0,77,110
32844,note_off,,,,,24,0,1,,,0,77,64
32850,note_on,,,,,6,0,1,,,0,76,110
32874,note_off,,,,,24,0,1,,,0,76,64
32880,note_on,,,,,6,0,1,,,0,77,110
33024,note_off,,,,,384,0,2,,,1,48,64
33072,note_off,,,,,192,0,1,,,0,77,64
33120,note_on,,,,,96,0,2,,,1,53,110
33120,note_on,,,,,48,0,1,,,0,77,110
33312,note_off,,,,,192,0,2,,,1,60,64
33312,note_off,,,,,192,0,1,,,0,70,64
33360,note_on,,,,,48,0,2,,,1,58,110
33360,note_on,,,,,48,0,1,,,0,67,110
33552,note_off,,,,,192,0,2,,,1,58,64
33552,note_off,,,,,192,0,1,,,0,67,64
33600,note_on,,,,,48,0,1,,,0,69,110
33600,note_on,,,,,48,0,2,,,1,60,110
34272,note_off,,,,,672,0,2,,,1,53,64
34272,note_off,,,,,672,0,1,,,0,77,64
34368,note_off,,,,,96,0,1,,,0,69,64
34368,note_off,,,,,96,0,2,,,1,60,64
34560,note_on,,,,,0,0,1,,,0,74,110
34560,note_on,,,,,192,0,1,,,0,81,110
34560,note_on,,,,,192,0,2,,,1,62,110
34560,note_on,,,,,0,0,2,,,1,54,110
34944,note_off,,,,,384,0,1,,,0,81,64
34944,note_off,,,,,384,0,2,,,1,54,64
35040,note_on,,,,,96,0,1,,,0,79,110
35040,note_on,,,,,96,0,2,,,1,52,110
35232,note_off,,,,,192,0,1,,,0,79,64
35280,note_on,,,,,48,0,1,,,0,78,110
35328,note_off,,,,,48,0,1,,,0,74,64
35424,note_off,,,,,384,0,2,,,1,52,64
35472,note_off,,,,,144,0,1,,,0,78,64
35520,note_on,,,,,96,0,2,,,1,54,110
35520,note_on,,,,,0,0,1,,,0,72,110
35520,note_on,,,,,48,0,1,,,0,76,110
35712,note_off,,,,,192,0,1,,,0,76,64
35760,note_on,,,,,48,0,1,,,0,74,110
35904,note_off,,,,,144,0,1,,,0,72,64
35904,note_off,,,,,384,0,2,,,1,54,64
35952,note_off,,,,,48,0,1,,,0,74,64
36000,note_on,,,,,96,0,2,,,1,55,110
36000,note_on,,,,,0,0,1,,,0,70,110
36000,note_on,,,,,48,0,1,,,0,82,110
36192,note_off,,,,,192,0,1,,,0,82,64
36240,note_on,,,,,48,0,1,,,0,79,110
36384,note_off,,,,,384,0,2,,,1,55,64
36432,note_off,,,,,192,0,1,,,0,79,64
36480,note_on,,,,,48,0,1,,,0,76,110
36480,note_on,,,,,96,0,2,,,1,57,110
36576,note_off,,,,,96,0,1,,,0,70,64
36720,note_on,,,,,144,0,1,,,0,69,110
36864,note_off,,,,,384,0,2,,,1,57,64
36912,note_off,,,,,192,0,1,,,0,69,64
36960,note_on,,,,,96,0,2,,,1,58,110
36960,note_on,,,,,48,0,1,,,0,67,110
37056,note_off,,,,,96,0,1,,,0,76,64
37152,note_off,,,,,192,0,2,,,1,62,64
37200,note_on,,,,,144,0,1,,,0,77,110
37344,note_off,,,,,144,0,1,,,0,67,64
37344,note_off,,,,,192,0,2,,,1,58,64
37392,note_off,,,,,48,0,1,,,0,77,64
37440,note_on,,,,,0,0,2,,,1,61,110
37440,note_on,,,,,96,0,2,,,1,57,110
37440,note_on,,,,,48,0,1,,,0,69,110
37440,note_on,,,,,0,0,1,,,0,79,110
37632,note_off,,,,,192,0,1,,,0,79,64
37680,note_on,,,,,48,0,1,,,0,76,110
37824,note_off,,,,,0,0,2,,,1,57,64
37824,note_off,,,,,384,0,2,,,1,61,64
37824,note_off,,,,,144,0,1,,,0,69,64
37872,note_off,,,,,48,0,1,,,0,76,64
37920,note_on,,,,,0,0,2,,,1,64,110
37920,note_on,,,,,96,0,2,,,1,55,110
37920,note_on,,,,,48,0,1,,,0,74,110
37920,note_on,,,,,0,0,1,,,0,69,110
37944,note_off,,,,,24,0,1,,,0,74,64
37950,note_on,,,,,6,0,1,,,0,73,110
37974,note_off,,,,,24,0,1,,,0,73,64
37980,note_on,,,,,6,0,1,,,0,74,110
38004,note_off,,,,,24,0,1,,,0,74,64
38010,note_on,,,,,6,0,1,,,0,73,110
38112,note_off,,,,,192,0,2,,,1,55,64
38160,note_on,,,,,48,0,2,,,1,53,110
38304,note_off,,,,,294,0,1,,,0,69,64
38304,note_off,,,,,144,0,2,,,1,64,64
38352,note_off,,,,,48,0,2,,,1,53,64
38400,note_on,,,,,96,0,1,,,0,65,110
38400,note_on,,,,,48,0,2,,,1,57,110
38400,note_on,,,,,0,0,2,,,1,52,110
38544,note_off,,,,,144,0,1,,,0,73,64
38592,note_off,,,,,192,0,2,,,1,52,64
38640,note_on,,,,,96,0,1,,,0,74,110
38640,note_on,,,,,48,0,2,,,1,50,110
38784,note_off,,,,,144,0,1,,,0,65,64
38832,note_off,,,,,192,0,2,,,1,50,64
38832,note_off,,,,,48,0,1,,,0,74,64
38880,note_on,,,,,0,0,1,,,0,76,110
38880,note_on,,,,,48,0,1,,,0,64,110
38880,note_on,,,,,48,0,2,,,1,49,110
39072,note_off,,,,,192,0,1,,,0,76,64
39120,note_on,,,,,48,0,1,,,0,73,110
39312,note_off,,,,,192,0,1,,,0,73,64
39360,note_on,,,,,48,0,1,,,0,69,110
39456,note_off,,,,,576,0,2,,,1,57,64
39600,note_on,,,,,144,0,2,,,1,58,110
39792,note_off,,,,,192,0,2,,,1,58,64
39840,note_on,,,,,48,0,2,,,1,57,110
40032,note_off,,,,,192,0,2,,,1,57,64
40032,note_off,,,,,0,0,2,,,1,49,64
40032,note_off,,,,,672,0,1,,,0,64,64
40080,note_on,,,,,48,0,2,,,1,55,110
40272,note_off,,,,,192,0,2,,,1,55,64
40320,note_on,,,,,288,0,1,,,0,62,110
40320,note_on,,,,,48,0,2,,,1,48,110
40320,note_on,,,,,0,0,2,,,1,54,110
40512,note_off,,,,,192,0,1,,,0,69,64
40800,note_on,,,,,288,0,1,,,0,71,110
40992,note_off,,,,,192,0,1,,,0,71,64
41040,note_on,,,,,48,0,1,,,0,72,110
41088,note_off,,,,,0,0,2,,,1,48,64
41088,note_off,,,,,768,0,2,,,1,54,64
41232,note_off,,,,,192,0,1,,,0,72,64
41280,note_on,,,,,192,0,2,,,1,55,110
41280,note_on,,,,,0,0,2,,,1,47,110
41280,note_on,,,,,48,0,1,,,0,69,110
41472,note_off,,,,,192,0,1,,,0,69,64
41472,note_off,,,,,0,0,1,,,0,62,64
41520,note_on,,,,,0,0,1,,,0,64,110
41520,note_on,,,,,48,0,1,,,0,71,110
41664,note_off,,,,,384,0,2,,,1,55,64
41712,note_off,,,,,0,0,1,,,0,71,64
41712,note_off,,,,,192,0,1,,,0,64,64
41760,note_on,,,,,0,0,1,,,0,65,110
41760,note_on,,,,,96,0,2,,,1,56,110
41760,note_on,,,,,48,0,1,,,0,74,110
41952,note_off,,,,,192,0,1,,,0,65,64
41952,note_off,,,,,0,0,1,,,0,74,64
42000,note_on,,,,,0,0,1,,,0,62,110
42000,note_on,,,,,48,0,1,,,0,71,110
42144,note_off,,,,,0,0,2,,,1,56,64
42144,note_off,,,,,384,0,2,,,1,47,64
42192,note_off,,,,,192,0,1,,,0,62,64
42192,note_off,,,,,0,0,1,,,0,71,64
42240,note_on,,,,,0,0,1,,,0,64,110
42240,note_on,,,,,48,0,1,,,0,73,110
42240,note_on,,,,,96,0,2,,,1,55,110
42240,note_on,,,,,0,0,2,,,1,46,110
42432,note_off,,,,,192,0,1,,,0,64,64
42432,note_off,,,,,0,0,1,,,0,73,64
42480,note_on,,,,,48,0,1,,,0,74,110
42480,note_on,,,,,0,0,1,,,0,65,110
42672,note_off,,,,,192,0,1,,,0,65,64
42672,note_off,,,,,0,0,1,,,0,74,64
42720,note_on,,,,,48,0,1,,,0,76,110
42720,note_on,,,,,0,0,1,,,0,67,110
42912,note_off,,,,,0,0,1,,,0,76,64
42912,note_off,,,,,192,0,1,,,0,67,64
42960,note_on,,,,,0,0,1,,,0,64,110
42960,note_on,,,,,48,0,1,,,0,73,110
43008,note_off,,,,,0,0,2,,,1,55,64
43008,note_off,,,,,768,0,2,,,1,46,64
43152,note_off,,,,,0,0,1,,,0,73,64
43152,note_off,,,,,192,0,1,,,0,64,64
43200,note_on,,,,,48,0,1,,,0,74,110
43200,note_on,,,,,192,0,2,,,1,45,110
43200,note_on,,,,,0,0,2,,,1,57,110
43200,note_on,,,,,0,0,1,,,0,65,110
43392,note_off,,,,,192,0,1,,,0,65,64
43392,note_off,,,,,0,0,2,,,1,45,64
43392,note_off,,,,,192,0,2,,,1,57,64
43440,note_on,,,,,0,0,2,,,1,50,110
43440,note_on,,,,,48,0,2,,,1,43,110
43440,note_on,,,,,48,0,1,,,0,70,110
43488,note_off,,,,,48,0,1,,,0,74,64
43500,note_on,,,,,12,0,1,,,0,76,110
43548,note_off,,,,,48,0,1,,,0,76,64
43560,note_on,,,,,12,0,1,,,0,74,110
43584,note_off,,,,,24,0,1,,,0,74,64
43590,note_on,,,,,6,0,1,,,0,73,110
43614,note_off,,,,,24,0,1,,,0,73,64
43620,note_on,,,,,6,0,1,,,0,74,110
43632,note_off,,,,,12,0,1,,,0,70,64
43632,note_off,,,,,192,0,2,,,1,43,64
43644,note_off,,,,,12,0,1,,,0,74,64
43650,note_on,,,,,6,0,1,,,0,76,110
43674,note_off,,,,,24,0,1,,,0,76,64
43680,note_on,,,,,48,0,2,,,1,45,110
43680,note_on,,,,,0,0,1,,,0,69,110
43680,note_on,,,,,6,0,1,,,0,77,110
43704,note_off,,,,,24,0,1,,,0,77,64
43710,note_on,,,,,6,0,1,,,0,76,110
43734,note_off,,,,,24,0,1,,,0,76,64
43740,note_on,,,,,6,0,1,,,0,77,110
43764,note_off,,,,,24,0,1,,,0,77,64
43770,note_on,,,,,6,0,1,,,0,76,110
43872,note_off,,,,,192,0,2,,,1,50,64
43920,note_on,,,,,48,0,2,,,1,47,110
44064,note_off,,,,,294,0,1,,,0,69,64
44112,note_off,,,,,192,0,2,,,1,47,64
44160,note_on,,,,,48,0,2,,,1,49,110
44160,note_on,,,,,96,0,1,,,0,67,110
44304,note_off,,,,,144,0,1,,,0,76,64
44400,note_on,,,,,96,0,1,,,0,74,110
44448,note_off,,,,,288,0,2,,,1,45,64
44544,note_off,,,,,96,0,2,,,1,49,64
44592,note_off,,,,,192,0,1,,,0,74,64
44640,note_on,,,,,96,0,2,,,1,50,110
44640,note_on,,,,,48,0,1,,,0,74,110
44640,note_on,,,,,0,0,2,,,1,38,110
44832,note_off,,,,,192,0,1,,,0,67,64
44880,note_on,,,,,48,0,1,,,0,64,110
45072,note_off,,,,,192,0,1,,,0,64,64
45120,note_on,,,,,48,0,1,,,0,65,110
45792,note_off,,,,,672,0,1,,,0,74,64
45792,note_off,,,,,1152,0,2,,,1,38,64
45792,note_off,,,,,0,0,2,,,1,50,64
45888,note_off,,,,,96,0,1,,,0,65,64
46080,note_on,,,,,192,0,1,,,0,69,110
46080,note_on,,,,,0,0,1,,,0,76,110
46080,note_on,,,,,288,0,2,,,1,57,110
46080,note_on,,,,,0,0,2,,,1,61,110
46464,note_off,,,,,0,0,1,,,0,69,64
46464,note_off,,,,,384,0,1,,,0,76,64
46464,note_off,,,,,0,0,2,,,1,57,64
46464,note_off,,,,,384,0,2,,,1,61,64
46560,note_on,,,,,96,0,1,,,0,76,110
46560,note_on,,,,,0,0,2,,,1,55,110
46560,note_on,,,,,96,0,2,,,1,61,110
46560,note_on,,,,,0,0,1,,,0,70,110
47136,note_off,,,,,576,0,1,,,0,70,64
47136,note_off,,,,,576,0,2,,,1,55,64
47280,note_on,,,,,144,0,1,,,0,69,110
47280,note_on,,,,,144,0,2,,,1,57,110
47472,note_off,,,,,192,0,1,,,0,69,64
47472,note_off,,,,,192,0,2,,,1,57,64
47520,note_on,,,,,48,0,2,,,1,58,110
47520,note_on,,,,,48,0,1,,,0,67,110
47616,note_off,,,,,96,0,2,,,1,58,64
47640,note_on,,,,,24,0,2,,,1,55,110
47736,note_off,,,,,96,0,2,,,1,55,64
47760,note_on,,,,,24,0,2,,,1,57,110
47904,note_off,,,,,144,0,2,,,1,61,64
47904,note_off,,,,,0,0,1,,,0,67,64
47904,note_off,,,,,384,0,1,,,0,76,64
47952,note_off,,,,,48,0,2,,,1,57,64
48000,note_on,,,,,96,0,1,,,0,65,110
48000,note_on,,,,,0,0,1,,,0,75,110
48000,note_on,,,,,48,0,2,,,1,60,110
48000,note_on,,,,,0,0,2,,,1,55,110
48024,note_off,,,,,24,0,2,,,1,55,64
48030,note_on,,,,,6,0,2,,,1,57,110
48054,note_off,,,,,24,0,2,,,1,57,64
48060,note_on,,,,,6,0,2,,,1,58,110
48084,note_off,,,,,24,0,2,,,1,58,64
48090,note_on,,,,,6,0,2,,,1,57,110
48114,note_off,,,,,24,0,2,,,1,57,64
48120,note_on,,,,,6,0,2,,,1,58,110
48144,note_off,,,,,24,0,2,,,1,58,64
48150,note_on,,,,,6,0,2,,,1,57,110
48174,note_off,,,,,24,0,2,,,1,57,64
48180,note_on,,,,,6,0,2,,,1,58,110
48204,note_off,,,,,24,0,2,,,1,58,64
48210,note_on,,,,,6,0,2,,,1,57,110
48234,note_off,,,,,24,0,2,,,1,57,64
48240,note_on,,,,,6,0,2,,,1,58,110
48264,note_off,,,,,24,0,2,,,1,58,64
48270,note_on,,,,,6,0,2,,,1,57,110
48294,note_off,,,,,24,0,2,,,1,57,64
48300,note_on,,,,,6,0,2,,,1,58,110
48324,note_off,,,,,24,0,2,,,1,58,64
48330,note_on,,,,,6,0,2,,,1,57,110
48354,note_off,,,,,24,0,2,,,1,57,64
48360,note_on,,,,,6,0,2,,,1,58,110
48384,note_off,,,,,24,0,2,,,1,58,64
48390,note_on,,,,,6,0,2,,,1,57,110
48414,note_off,,,,,24,0,2,,,1,57,64
48420,note_on,,,,,6,0,2,,,1,58,110
48444,note_off,,,,,24,0,2,,,1,58,64
48450,note_on,,,,,6,0,2,,,1,57,110
48474,note_off,,,,,24,0,2,,,1,57,64
48480,note_on,,,,,6,0,2,,,1,58,110
48504,note_off,,,,,24,0,2,,,1,58,64
48510,note_on,,,,,6,0,2,,,1,57,110
48534,note_off,,,,,24,0,2,,,1,57,64
48540,note_on,,,,,6,0,2,,,1,58,110
48564,note_off,,,,,24,0,2,,,1,58,64
48570,note_on,,,,,6,0,2,,,1,57,110
48594,note_off,,,,,24,0,2,,,1,57,64
48600,note_on,,,,,6,0,2,,,1,58,110
48624,note_off,,,,,24,0,2,,,1,58,64
48630,note_on,,,,,6,0,2,,,1,57,110
48654,note_off,,,,,24,0,2,,,1,57,64
48660,note_on,,,,,6,0,2,,,1,58,110
48684,note_off,,,,,24,0,2,,,1,58,64
48690,note_on,,,,,6,0,2,,,1,57,110
48714,note_off,,,,,24,0,2,,,1,57,64
48720,note_on,,,,,6,0,2,,,1,57,110
48768,note_off,,,,,768,0,1,,,0,75,64
48912,note_off,,,,,192,0,2,,,1,57,64
48960,note_on,,,,,48,0,2,,,1,58,110
48960,note_on,,,,,192,0,1,,,0,74,110
49152,note_off,,,,,192,0,2,,,1,58,64
49200,note_on,,,,,48,0,2,,,1,57,110
49344,note_off,,,,,384,0,1,,,0,65,64
49344,note_off,,,,,0,0,1,,,0,74,64
49344,note_off,,,,,144,0,2,,,1,60,64
49392,note_off,,,,,48,0,2,,,1,57,64
49440,note_on,,,,,96,0,1,,,0,76,110
49440,note_on,,,,,0,0,1,,,0,67,110
49440,note_on,,,,,0,0,2,,,1,58,110
49440,note_on,,,,,48,0,2,,,1,55,110
49824,note_off,,,,,384,0,1,,,0,67,64
49824,note_off,,,,,0,0,2,,,1,55,64
49824,note_off,,,,,384,0,2,,,1,58,64
49920,note_on,,,,,0,0,2,,,1,60,110
49920,note_on,,,,,96,0,2,,,1,53,110
49920,note_on,,,,,96,0,1,,,0,69,110
50016,note_off,,,,,96,0,1,,,0,76,64
50160,note_on,,,,,144,0,1,,,0,77,110
50304,note_off,,,,,384,0,2,,,1,60,64
50304,note_off,,,,,0,0,2,,,1,53,64
50304,note_off,,,,,144,0,1,,,0,69,64
50352,note_off,,,,,48,0,1,,,0,77,64
50400,note_on,,,,,0,0,2,,,1,60,110
50400,note_on,,,,,96,0,2,,,1,60,110
50400,note_on,,,,,48,0,1,,,0,76,110
50400,note_on,,,,,0,0,1,,,0,67,110
50784,note_off,,,,,384,0,2,,,1,60,64
50880,note_on,,,,,96,0,2,,,1,62,110
50976,note_off,,,,,576,0,1,,,0,76,64
51120,note_on,,,,,144,0,1,,,0,74,110
51168,note_off,,,,,48,0,1,,,0,67,64
51264,note_off,,,,,0,0,2,,,1,62,64
51264,note_off,,,,,384,0,2,,,1,60,64
51312,note_off,,,,,144,0,1,,,0,74,64
51360,note_on,,,,,0,0,1,,,0,67,110
51360,note_on,,,,,0,0,2,,,1,58,110
51360,note_on,,,,,96,0,2,,,1,64,110
51360,note_on,,,,,48,0,1,,,0,72,110
51744,note_off,,,,,0,0,2,,,1,64,64
51744,note_off,,,,,384,0,2,,,1,58,64
51744,note_off,,,,,384,0,1,,,0,67,64
51744,note_off,,,,,0,0,1,,,0,72,64
51840,note_on,,,,,0,0,2,,,1,57,110
51840,note_on,,,,,96,0,2,,,1,65,110
51840,note_on,,,,,0,0,1,,,0,72,110
51840,note_on,,,,,96,0,1,,,0,77,110
52224,note_off,,,,,384,0,2,,,1,57,64
52224,note_off,,,,,384,0,1,,,0,77,64
52320,note_on,,,,,96,0,2,,,1,55,110
52320,note_on,,,,,96,0,1,,,0,79,110
52704,note_off,,,,,384,0,2,,,1,55,64
52800,note_on,,,,,96,0,2,,,1,53,110
52896,note_off,,,,,576,0,1,,,0,79,64
52992,note_off,,,,,96,0,1,,,0,72,64
53040,note_on,,,,,48,0,1,,,0,81,110
53184,note_off,,,,,384,0,2,,,1,53,64
53232,note_off,,,,,192,0,1,,,0,81,64
53280,note_on,,,,,0,0,1,,,0,81,110
53280,note_on,,,,,96,0,2,,,1,58,110
53280,note_on,,,,,48,0,1,,,0,74,110
53472,note_off,,,,,192,0,1,,,0,81,64
53520,note_on,,,,,48,0,1,,,0,79,110
53664,note_off,,,,,144,0,1,,,0,74,64
53664,note_off,,,,,384,0,2,,,1,58,64
53712,note_off,,,,,48,0,1,,,0,79,64
53760,note_on,,,,,96,0,2,,,1,57,110
53760,note_on,,,,,0,0,1,,,0,72,110
53760,note_on,,,,,48,0,1,,,0,79,110
53952,note_off,,,,,192,0,1,,,0,79,64
54000,note_on,,,,,48,0,1,,,0,81,110
54048,note_off,,,,,288,0,2,,,1,65,64
54144,note_off,,,,,144,0,1,,,0,72,64
54144,note_off,,,,,96,0,2,,,1,57,64
54192,note_off,,,,,48,0,1,,,0,81,64
54240,note_on,,,,,48,0,1,,,0,81,110
54240,note_on,,,,,0,0,1,,,0,70,110
54240,note_on,,,,,96,0,2,,,1,67,110
54240,note_on,,,,,0,0,2,,,1,55,110
54336,note_off,,,,,96,0,1,,,0,81,64
54360,note_on,,,,,24,0,1,,,0,82,110
54456,note_off,,,,,96,0,1,,,0,82,64
54480,note_on,,,,,24,0,1,,,0,79,110
54624,note_off,,,,,0,0,2,,,1,67,64
54624,note_off,,,,,384,0,2,,,1,55,64
54624,note_off,,,,,144,0,1,,,0,70,64
54672,note_off,,,,,48,0,1,,,0,79,64
54720,note_on,,,,,0,0,2,,,1,57,110
54720,note_on,,,,,96,0,2,,,1,60,110
54720,note_on,,,,,48,0,1,,,0,69,110
54720,note_on,,,,,0,0,1,,,0,77,110
54912,note_off,,,,,192,0,1,,,0,77,64
54912,note_off,,,,,192,0,2,,,1,57,64
54960,note_on,,,,,48,0,1,,,0,74,110
54960,note_on,,,,,48,0,2,,,1,58,110
55104,note_off,,,,,144,0,1,,,0,69,64
55104,note_off,,,,,144,0,2,,,1,60,64
55152,note_off,,,,,48,0,1,,,0,74,64
55152,note_off,,,,,48,0,2,,,1,58,64
55200,note_on,,,,,0,0,2,,,1,60,110
55200,note_on,,,,,48,0,1,,,0,67,110
55200,note_on,,,,,48,0,2,,,1,60,110
55200,note_on,,,,,0,0,1,,,0,74,110
55224,note_off,,,,,24,0,1,,,0,74,64
55230,note_on,,,,,6,0,1,,,0,76,110
55254,note_off,,,,,24,0,1,,,0,76,64
55260,note_on,,,,,6,0,1,,,0,77,110
55284,note_off,,,,,24,0,1,,,0,77,64
55290,note_on,,,,,6,0,1,,,0,76,110
55314,note_off,,,,,24,0,1,,,0,76,64
55320,note_on,,,,,6,0,1,,,0,77,110
55344,note_off,,,,,24,0,1,,,0,77,64
55350,note_on,,,,,6,0,1,,,0,76,110
55374,note_off,,,,,24,0,1,,,0,76,64
55380,note_on,,,,,6,0,1,,,0,77,110
55392,note_off,,,,,12,0,1,,,0,67,64
55404,note_off,,,,,12,0,1,,,0,77,64
55410,note_on,,,,,6,0,1,,,0,76,110
55434,note_off,,,,,24,0,1,,,0,76,64
55440,note_on,,,,,0,0,1,,,0,69,110
55440,note_on,,,,,6,0,1,,,0,77,110
55464,note_off,,,,,24,0,1,,,0,77,64
55470,note_on,,,,,6,0,1,,,0,76,110
55494,note_off,,,,,24,0,1,,,0,76,64
55500,note_on,,,,,6,0,1,,,0,77,110
55524,note_off,,,,,24,0,1,,,0,77,64
55530,note_on,,,,,6,0,1,,,0,76,110
55554,note_off,,,,,24,0,1,,,0,76,64
55560,note_on,,,,,6,0,1,,,0,77,110
55584,note_off,,,,,384,0,2,,,1,60,64
55584,note_off,,,,,24,0,1,,,0,77,64
55590,note_on,,,,,6,0,1,,,0,76,110
55614,note_off,,,,,24,0,1,,,0,76,64
55620,note_on,,,,,6,0,1,,,0,77,110
55632,note_off,,,,,12,0,1,,,0,69,64
55644,note_off,,,,,12,0,1,,,0,77,64
55650,note_on,,,,,6,0,1,,,0,76,110
55674,note_off,,,,,24,0,1,,,0,76,64
55680,note_on,,,,,96,0,2,,,1,48,110
55680,note_on,,,,,0,0,1,,,0,77,110
55680,note_on,,,,,6,0,1,,,0,70,110
55704,note_off,,,,,24,0,1,,,0,77,64
55710,note_on,,,,,6,0,1,,,0,76,110
55734,note_off,,,,,24,0,1,,,0,76,64
55740,note_on,,,,,6,0,1,,,0,77,110
55764,note_off,,,,,24,0,1,,,0,77,64
55770,note_on,,,,,6,0,1,,,0,76,110
55794,note_off,,,,,24,0,1,,,0,76,64
55800,note_on,,,,,6,0,1,,,0,77,110
55824,note_off,,,,,24,0,1,,,0,77,64
55830,note_on,,,,,6,0,1,,,0,76,110
55854,note_off,,,,,24,0,1,,,0,76,64
55860,note_on,,,,,6,0,1,,,0,77,110
55884,note_off,,,,,24,0,1,,,0,77,64
55890,note_on,,,,,6,0,1,,,0,76,110
55914,note_off,,,,,24,0,1,,,0,76,64
55920,note_on,,,,,6,0,1,,,0,77,110
56064,note_off,,,,,384,0,2,,,1,48,64
56112,note_off,,,,,192,0,1,,,0,77,64
56160,note_on,,,,,96,0,2,,,1,53,110
56160,note_on,,,,,48,0,1,,,0,77,110
56352,note_off,,,,,192,0,2,,,1,60,64
56352,note_off,,,,,192,0,1,,,0,70,64
56400,note_on,,,,,48,0,2,,,1,58,110
56400,note_on,,,,,48,0,1,,,0,67,110
56592,note_off,,,,,192,0,2,,,1,58,64
56592,note_off,,,,,192,0,1,,,0,67,64
56640,note_on,,,,,48,0,2,,,1,60,110
56640,note_on,,,,,48,0,1,,,0,69,110
57312,note_off,,,,,672,0,2,,,1,53,64
57312,note_off,,,,,672,0,1,,,0,77,64
57408,note_off,,,,,96,0,2,,,1,60,64
57408,note_off,,,,,96,0,1,,,0,69,64
57600,note_on,,,,,192,0,1,,,0,81,110
57600,note_on,,,,,192,0,2,,,1,62,110
57600,note_on,,,,,0,0,2,,,1,54,110
57600,note_on,,,,,0,0,1,,,0,74,110
57984,note_off,,,,,384,0,1,,,0,81,64
57984,note_off,,,,,384,0,2,,,1,54,64
58080,note_on,,,,,96,0,2,,,1,52,110
58080,note_on,,,,,96,0,1,,,0,79,110
58272,note_off,,,,,192,0,1,,,0,79,64
58320,note_on,,,,,48,0,1,,,0,78,110
58368,note_off,,,,,48,0,1,,,0,74,64
58464,note_off,,,,,384,0,2,,,1,52,64
58512,note_off,,,,,144,0,1,,,0,78,64
58560,note_on,,,,,0,0,1,,,0,72,110
58560,note_on,,,,,48,0,1,,,0,76,110
58560,note_on,,,,,96,0,2,,,1,54,110
58752,note_off,,,,,192,0,1,,,0,76,64
58800,note_on,,,,,48,0,1,,,0,74,110
58944,note_off,,,,,384,0,2,,,1,54,64
58944,note_off,,,,,144,0,1,,,0,72,64
58992,note_off,,,,,48,0,1,,,0,74,64
59040,note_on,,,,,96,0,2,,,1,55,110
59040,note_on,,,,,48,0,1,,,0,82,110
59040,note_on,,,,,0,0,1,,,0,70,110
59232,note_off,,,,,192,0,1,,,0,82,64
59280,note_on,,,,,48,0,1,,,0,79,110
59424,note_off,,,,,384,0,2,,,1,55,64
59472,note_off,,,,,192,0,1,,,0,79,64
59520,note_on,,,,,48,0,1,,,0,76,110
59520,note_on,,,,,96,0,2,,,1,57,110
59616,note_off,,,,,96,0,1,,,0,70,64
59760,note_on,,,,,144,0,1,,,0,69,110
59904,note_off,,,,,384,0,2,,,1,57,64
59952,note_off,,,,,192,0,1,,,0,69,64
60000,note_on,,,,,48,0,1,,,0,67,110
60000,note_on,,,,,96,0,2,,,1,58,110
60096,note_off,,,,,96,0,1,,,0,76,64
60192,note_off,,,,,192,0,2,,,1,62,64
60240,note_on,,,,,144,0,1,,,0,77,110
60384,note_off,,,,,192,0,2,,,1,58,64
60384,note_off,,,,,144,0,1,,,0,67,64
60432,note_off,,,,,48,0,1,,,0,77,64
60480,note_on,,,,,0,0,1,,,0,79,110
60480,note_on,,,,,48,0,1,,,0,69,110
60480,note_on,,,,,0,0,2,,,1,61,110
60480,note_on,,,,,96,0,2,,,1,57,110
60672,note_off,,,,,192,0,1,,,0,79,64
60720,note_on,,,,,48,0,1,,,0,76,110
60864,note_off,,,,,144,0,1,,,0,69,64
60864,note_off,,,,,384,0,2,,,1,61,64
60864,note_off,,,,,0,0,2,,,1,57,64
60912,note_off,,,,,48,0,1,,,0,76,64
60960,note_on,,,,,48,0,1,,,0,74,110
60960,note_on,,,,,0,0,1,,,0,69,110
60960,note_on,,,,,0,0,2,,,1,64,110
60960,note_on,,,,,96,0,2,,,1,55,110
60984,note_off,,,,,24,0,1,,,0,74,64
60990,note_on,,,,,6,0,1,,,0,73,110
61014,note_off,,,,,24,0,1,,,0,73,64
61020,note_on,,,,,6,0,1,,,0,74,110
61044,note_off,,,,,24,0,1,,,0,74,64
61050,note_on,,,,,6,0,1,,,0,73,110
61152,note_off,,,,,192,0,2,,,1,55,64
61200,note_on,,,,,48,0,2,,,1,53,110
61344,note_off,,,,,294,0,1,,,0,69,64
61344,note_off,,,,,144,0,2,,,1,64,64
61392,note_off,,,,,48,0,2,,,1,53,64
61440,note_on,,,,,96,0,1,,,0,65,110
61440,note_on,,,,,0,0,2,,,1,52,110
61440,note_on,,,,,48,0,2,,,1,57,110
61584,note_off,,,,,144,0,1,,,0,73,64
61632,note_off,,,,,192,0,2,,,1,52,64
61680,note_on,,,,,48,0,2,,,1,50,110
61680,note_on,,,,,96,0,1,,,0,74,110
61824,note_off,,,,,144,0,1,,,0,65,64
61872,note_off,,,,,48,0,1,,,0,74,64
61872,note_off,,,,,192,0,2,,,1,50,64
61920,note_on,,,,,48,0,2,,,1,49,110
61920,note_on,,,,,48,0,1,,,0,64,110
61920,note_on,,,,,0,0,1,,,0,76,110
62112,note_off,,,,,192,0,1,,,0,76,64
62160,note_on,,,,,48,0,1,,,0,73,110
62352,note_off,,,,,192,0,1,,,0,73,64
62400,note_on,,,,,48,0,1,,,0,69,110
62496,note_off,,,,,576,0,2,,,1,57,64
62640,note_on,,,,,144,0,2,,,1,58,110
62832,note_off,,,,,192,0,2,,,1,58,64
62880,note_on,,,,,48,0,2,,,1,57,110
63072,note_off,,,,,672,0,1,,,0,64,64
63072,note_off,,,,,0,0,2,,,1,49,64
63072,note_off,,,,,192,0,2,,,1,57,64
63120,note_on,,,,,48,0,2,,,1,55,110
63312,note_off,,,,,192,0,2,,,1,55,64
63360,note_on,,,,,0,0,2,,,1,54,110
63360,note_on,,,,,48,0,2,,,1,48,110
63360,note_on,,,,,288,0,1,,,0,62,110
63552,note_off,,,,,192,0,1,,,0,69,64
63840,note_on,,,,,288,0,1,,,0,71,110
64032,note_off,,,,,192,0,1,,,0,71,64
64080,note_on,,,,,48,0,1,,,0,72,110
64128,note_off,,,,,0,0,2,,,1,48,64
64128,note_off,,,,,768,0,2,,,1,54,64
64272,note_off,,,,,192,0,1,,,0,72,64
64320,note_on,,,,,192,0,2,,,1,55,110
64320,note_on,,,,,0,0,2,,,1,47,110
64320,note_on,,,,,48,0,1,,,0,69,110
64512,note_off,,,,,0,0,1,,,0,62,64
64512,note_off,,,,,192,0,1,,,0,69,64
64560,note_on,,,,,0,0,1,,,0,64,110
64560,note_on,,,,,48,0,1,,,0,71,110
64704,note_off,,,,,384,0,2,,,1,55,64
64752,note_off,,,,,192,0,1,,,0,64,64
64752,note_off,,,,,0,0,1,,,0,71,64
64800,note_on,,,,,0,0,1,,,0,65,110
64800,note_on,,,,,48,0,1,,,0,74,110
64800,note_on,,,,,96,0,2,,,1,56,110
64992,note_off,,,,,0,0,1,,,0,74,64
64992,note_off,,,,,192,0,1,,,0,65,64
65040,note_on,,,,,48,0,1,,,0,71,110
65040,note_on,,,,,0,0,1,,,0,62,110
65184,note_off,,,,,384,0,2,,,1,47,64
65184,note_off,,,,,0,0,2,,,1,56,64
65232,note_off,,,,,192,0,1,,,0,62,64
65232,note_off,,,,,0,0,1,,,0,71,64
65280,note_on,,,,,96,0,2,,,1,55,110
65280,note_on,,,,,0,0,2,,,1,46,110
65280,note_on,,,,,48,0,1,,,0,73,110
65280,note_on,,,,,0,0,1,,,0,64,110
65472,note_off,,,,,0,0,1,,,0,73,64
65472,note_off,,,,,192,0,1,,,0,64,64
65520,note_on,,,,,0,0,1,,,0,65,110
65520,note_on,,,,,48,0,1,,,0,74,110
65712,note_off,,,,,192,0,1,,,0,65,64
65712,note_off,,,,,0,0,1,,,0,74,64
65760,note_on,,,,,48,0,1,,,0,76,110
65760,note_on,,,,,0,0,1,,,0,67,110
65952,note_off,,,,,192,0,1,,,0,67,64
65952,note_off,,,,,0,0,1,,,0,76,64
66000,note_on,,,,,0,0,1,,,0,64,110
66000,note_on,,,,,48,0,1,,,0,73,110
66048,note_off,,,,,768,0,2,,,1,46,64
66048,note_off,,,,,0,0,2,,,1,55,64
66192,note_off,,,,,192,0,1,,,0,64,64
66192,note_off,,,,,0,0,1,,,0,73,64
66240,note_on,,,,,48,0,1,,,0,74,110
66240,note_on,,,,,0,0,1,,,0,65,110
66240,note_on,,,,,0,0,2,,,1,57,110
66240,note_on,,,,,192,0,2,,,1,45,110
66432,note_off,,,,,192,0,1,,,0,65,64
66432,note_off,,,,,0,0,2,,,1,45,64
66432,note_off,,,,,192,0,2,,,1,57,64
66480,note_on,,,,,0,0,2,,,1,50,110
66480,note_on,,,,,48,0,2,,,1,43,110
66480,note_on,,,,,48,0,1,,,0,70,110
66528,note_off,,,,,48,0,1,,,0,74,64
66540,note_on,,,,,12,0,1,,,0,76,110
66588,note_off,,,,,48,0,1,,,0,76,64
66600,note_on,,,,,12,0,1,,,0,74,110
66624,note_off,,,,,24,0,1,,,0,74,64
66630,note_on,,,,,6,0,1,,,0,73,110
66654,note_off,,,,,24,0,1,,,0,73,64
66660,note_on,,,,,6,0,1,,,0,74,110
66672,note_off,,,,,192,0,2,,,1,43,64
66672,note_off,,,,,12,0,1,,,0,70,64
66684,note_off,,,,,12,0,1,,,0,74,64
66690,note_on,,,,,6,0,1,,,0,76,110
66714,note_off,,,,,24,0,1,,,0,76,64
66720,note_on,,,,,48,0,2,,,1,45,110
66720,note_on,,,,,0,0,1,,,0,69,110
66720,note_on,,,,,6,0,1,,,0,77,110
66744,note_off,,,,,24,0,1,,,0,77,64
66750,note_on,,,,,6,0,1,,,0,76,110
66774,note_off,,,,,24,0,1,,,0,76,64
66780,note_on,,,,,6,0,1,,,0,77,110
66804,note_off,,,,,24,0,1,,,0,77,64
66810,note_on,,,,,6,0,1,,,0,76,110
66912,note_off,,,,,192,0,2,,,1,50,64
66960,note_on,,,,,48,0,2,,,1,47,110
67104,note_off,,,,,294,0,1,,,0,69,64
67152,note_off,,,,,192,0,2,,,1,47,64
67200,note_on,,,,,96,0,1,,,0,67,110
67200,note_on,,,,,48,0,2,,,1,49,110
67344,note_off,,,,,144,0,1,,,0,76,64
67440,note_on,,,,,96,0,1,,,0,74,110
67488,note_off,,,,,288,0,2,,,1,45,64
67584,note_off,,,,,96,0,2,,,1,49,64
67632,note_off,,,,,192,0,1,,,0,74,64
67680,note_on,,,,,96,0,2,,,1,50,110
67680,note_on,,,,,48,0,1,,,0,74,110
67680,note_on,,,,,0,0,2,,,1,38,110
67872,note_off,,,,,192,0,1,,,0,67,64
67920,note_on,,,,,48,0,1,,,0,64,110
68112,note_off,,,,,192,0,1,,,0,64,64
68160,note_on,,,,,48,0,1,,,0,65,110
68832,note_off,,,,,672,0,1,,,0,74,64
68832,note_off,,,,,1152,0,2,,,1,38,64
68832,note_off,,,,,0,0,2,,,1,50,64
68832,end_of_track,,,,,0,1,2,,,,,
68928,end_of_track,,,,,0,1,1,,,,,
68928,note_off,,,,,96,0,1,,,0,65,64
