tick,type,time,meta,track,frame_rate,hours,minutes,seconds,frames,sub_frames,numerator,denominator,clocks_per_click,notated_32nd_notes_per_beat,key,tempo,port,program,channel,control,value,note,velocity,pitch
0,track_name,0,1,0,,,,,,,,,,,,,,,,,,,,
0,midi_port,0,1,7,,,,,,,,,,,,,0,,,,,,,
0,end_of_track,0,1,6,,,,,,,,,,,,,,,,,,,,
0,track_name,0,1,6,,,,,,,,,,,,,,,,,,,,
0,midi_port,0,1,6,,,,,,,,,,,,,0,,,,,,,
0,end_of_track,0,1,5,,,,,,,,,,,,,,,,,,,,
0,track_name,0,1,5,,,,,,,,,,,,,,,,,,,,
0,midi_port,0,1,5,,,,,,,,,,,,,0,,,,,,,
0,control_change,0,0,4,,,,,,,,,,,,,,,3,10,49,,,
0,control_change,0,0,4,,,,,,,,,,,,,,,3,7,100,,,
0,program_change,0,0,4,,,,,,,,,,,,,,40,3,,,,,
0,track_name,0,1,7,,,,,,,,,,,,,,,,,,,,
0,track_name,0,1,4,,,,,,,,,,,,,,,,,,,,
0,control_change,0,0,3,,,,,,,,,,,,,,,2,10,79,,,
0,control_change,0,0,3,,,,,,,,,,,,,,,2,7,100,,,
0,program_change,0,0,3,,,,,,,,,,,,,,40,2,,,,,
0,track_name,0,1,3,,,,,,,,,,,,,,,,,,,,
0,midi_port,0,1,3,,,,,,,,,,,,,0,,,,,,,
0,track_name,0,1,16,,,,,,,,,,,,,,,,,,,,
0,note_on,0,0,2,,,,,,,,,,,,,,,1,,,65,100,
0,control_change,0,0,2,,,,,,,,,,,,,,,1,10,59,,,
0,control_change,0,0,2,,,,,,,,,,,,,,,1,7,100,,,
0,program_change,0,0,2,,,,,,,,,,,,,,40,1,,,,,
0,midi_port,0,1,4,,,,,,,,,,,,,0,,,,,,,
0,end_of_track,0,1,7,,,,,,,,,,,,,,,,,,,,
0,midi_port,0,1,8,,,,,,,,,,,,,0,,,,,,,
0,track_name,0,1,8,,,,,,,,,,,,,,,,,,,,
0,midi_port,0,1,16,,,,,,,,,,,,,0,,,,,,,
0,end_of_track,0,1,15,,,,,,,,,,,,,,,,,,,,
0,track_name,0,1,15,,,,,,,,,,,,,,,,,,,,
0,midi_port,0,1,15,,,,,,,,,,,,,0,,,,,,,
0,end_of_track,0,1,14,,,,,,,,,,,,,,,,,,,,
0,track_name,0,1,14,,,,,,,,,,,,,,,,,,,,
0,midi_port,0,1,14,,,,,,,,,,,,,0,,,,,,,
0,end_of_track,0,1,13,,,,,,,,,,,,,,,,,,,,
0,track_name,0,1,13,,,,,,,,,,,,,,,,,,,,
0,midi_port,0,1,13,,,,,,,,,,,,,0,,,,,,,
0,end_of_track,0,1,12,,,,,,,,,,,,,,,,,,,,
0,track_name,0,1,12,,,,,,,,,,,,,,,,,,,,
0,midi_port,0,1,12,,,,,,,,,,,,,0,,,,,,,
0,end_of_track,0,1,11,,,,,,,,,,,,,,,,,,,,
0,track_name,0,1,11,,,,,,,,,,,,,,,,,,,,
0,midi_port,0,1,11,,,,,,,,,,,,,0,,,,,,,
0,end_of_track,0,1,10,,,,,,,,,,,,,,,,,,,,
0,track_name,0,1,10,,,,,,,,,,,,,,,,,,,,
0,midi_port,0,1,10,,,,,,,,,,,,,0,,,,,,,
0,end_of_track,0,1,9,,,,,,,,,,,,,,,,,,,,
0,track_name,0,1,9,,,,,,,,,,,,,,,,,,,,
0,midi_port,0,1,9,,,,,,,,,,,,,0,,,,,,,
0,end_of_track,0,1,8,,,,,,,,,,,,,,,,,,,,
0,track_name,0,1,2,,,,,,,,,,,,,,,,,,,,
0,midi_port,0,1,2,,,,,,,,,,,,,0,,,,,,,
0,end_of_track,0,1,16,,,,,,,,,,,,,,,,,,,,
0,smpte_offset,0,1,0,25,32,0,3,0,0,,,,,,,,,,,,,,
0,text,0,1,0,,,,,,,,,,,,,,,,,,,,
0,time_signature,0,1,0,,,,,,,4,4,24,8,,,,,,,,,,
0,note_on,0,0,1,,,,,,,,,,,,,,,0,,,69,100,
0,control_change,0,0,1,,,,,,,,,,,,,,,0,10,69,,,
0,control_change,0,0,1,,,,,,,,,,,,,,,0,7,100,,,
0,program_change,0,0,1,,,,,,,,,,,,,,40,0,,,,,
0,copyright,0,1,0,,,,,,,,,,,,,,,,,,,,
0,midi_port,0,1,1,,,,,,,,,,,,,0,,,,,,,
0,end_of_track,0,1,0,,,,,,,,,,,,,,,,,,,,
0,set_tempo,0,1,0,,,,,,,,,,,,1764706,,,,,,,,
0,track_name,0,1,1,,,,,,,,,,,,,,,,,,,,
0,key_signature,0,1,0,,,,,,,,,,,F,,,,,,,,,
120,note_on,120,0,1,,,,,,,,,,,,,,,0,,,69,0,
120,note_on,0,0,1,,,,,,,,,,,,,,,0,,,70,100,
240,note_on,240,0,2,,,,,,,,,,,,,,,1,,,65,0,
240,note_on,120,0,1,,,,,,,,,,,,,,,0,,,70,0,
240,note_on,0,0,1,,,,,,,,,,,,,,,0,,,72,100,
360,note_on,120,0,1,,,,,,,,,,,,,,,0,,,72,0,
360,note_on,0,0,1,,,,,,,,,,,,,,,0,,,77,100,
480,note_on,120,0,1,,,,,,,,,,,,,,,0,,,77,0,
480,note_on,0,0,1,,,,,,,,,,,,,,,0,,,79,100,
600,note_on,120,0,1,,,,,,,,,,,,,,,0,,,79,0,
600,note_on,0,0,1,,,,,,,,,,,,,,,0,,,76,100,
720,note_on,120,0,1,,,,,,,,,,,,,,,0,,,76,0,
720,note_on,0,0,1,,,,,,,,,,,,,,,0,,,77,100,
840,note_on,120,0,1,,,,,,,,,,,,,,,0,,,77,0,
840,note_on,0,0,1,,,,,,,,,,,,,,,0,,,69,100,
960,note_on,120,0,1,,,,,,,,,,,,,,,0,,,69,0,
960,note_on,720,0,2,,,,,,,,,,,,,,,1,,,64,100,
960,note_on,0,0,1,,,,,,,,,,,,,,,0,,,74,100,
1080,note_on,0,0,1,,,,,,,,,,,,,,,0,,,70,100,
1080,note_on,120,0,1,,,,,,,,,,,,,,,0,,,74,0,
1200,note_on,120,0,1,,,,,,,,,,,,,,,0,,,70,0,
1200,note_on,0,0,1,,,,,,,,,,,,,,,0,,,72,100,
1200,note_on,240,0,2,,,,,,,,,,,,,,,1,,,64,0,
1440,note_on,240,0,1,,,,,,,,,,,,,,,0,,,72,0,
1560,note_on,120,0,1,,,,,,,,,,,,,,,0,,,70,100,
1680,note_on,120,0,1,,,,,,,,,,,,,,,0,,,70,0,
1680,note_on,0,0,1,,,,,,,,,,,,,,,0,,,69,100,
1800,note_on,120,0,1,,,,,,,,,,,,,,,0,,,69,0,
1800,note_on,0,0,1,,,,,,,,,,,,,,,0,,,67,100,
1920,note_on,120,0,1,,,,,,,,,,,,,,,0,,,67,0,
1920,note_on,0,0,1,,,,,,,,,,,,,,,0,,,65,100,
1920,note_on,720,0,2,,,,,,,,,,,,,,,1,,,62,100,
2040,note_on,0,0,1,,,,,,,,,,,,,,,0,,,64,100,
2040,note_on,120,0,1,,,,,,,,,,,,,,,0,,,65,0,
2160,note_on,120,0,1,,,,,,,,,,,,,,,0,,,64,0,
2160,note_on,240,0,2,,,,,,,,,,,,,,,1,,,62,0,
2160,note_on,0,0,1,,,,,,,,,,,,,,,0,,,62,100,
2280,note_on,120,0,1,,,,,,,,,,,,,,,0,,,62,0,
2280,note_on,0,0,1,,,,,,,,,,,,,,,0,,,65,100,
2400,note_on,120,0,1,,,,,,,,,,,,,,,0,,,65,0,
2400,note_on,0,0,1,,,,,,,,,,,,,,,0,,,67,100,
2520,note_on,0,0,1,,,,,,,,,,,,,,,0,,,69,100,
2520,note_on,120,0,1,,,,,,,,,,,,,,,0,,,67,0,
2640,note_on,120,0,1,,,,,,,,,,,,,,,0,,,69,0,
2640,note_on,0,0,1,,,,,,,,,,,,,,,0,,,70,100,
2760,note_on,120,0,1,,,,,,,,,,,,,,,0,,,70,0,
2760,note_on,0,0,1,,,,,,,,,,,,,,,0,,,74,100,
2880,note_on,120,0,1,,,,,,,,,,,,,,,0,,,74,0,
2880,pitchwheel,0,0,1,,,,,,,,,,,,,,,0,,,,,8191
2880,note_on,0,0,1,,,,,,,,,,,,,,,0,,,70,100,
2880,note_on,720,0,2,,,,,,,,,,,,,,,1,,,64,100,
2880,note_on,2880,0,3,,,,,,,,,,,,,,,2,,,60,100,
2910,pitchwheel,30,0,1,,,,,,,,,,,,,,,0,,,,,0
2940,pitchwheel,30,0,1,,,,,,,,,,,,,,,0,,,,,8191
2970,pitchwheel,30,0,1,,,,,,,,,,,,,,,0,,,,,0
3000,note_on,0,0,1,,,,,,,,,,,,,,,0,,,69,100,
3000,note_on,30,0,1,,,,,,,,,,,,,,,0,,,70,0,
3120,note_on,0,0,1,,,,,,,,,,,,,,,0,,,69,100,
3120,note_on,120,0,1,,,,,,,,,,,,,,,0,,,69,0,
3120,note_on,240,0,3,,,,,,,,,,,,,,,2,,,60,0,
3120,note_on,240,0,2,,,,,,,,,,,,,,,1,,,64,0,
3360,note_on,240,0,1,,,,,,,,,,,,,,,0,,,69,0,
3480,note_on,120,0,1,,,,,,,,,,,,,,,0,,,69,100,
3600,note_on,0,0,1,,,,,,,,,,,,,,,0,,,70,100,
3600,note_on,120,0,1,,,,,,,,,,,,,,,0,,,69,0,
3720,note_on,120,0,1,,,,,,,,,,,,,,,0,,,70,0,
3720,note_on,0,0,1,,,,,,,,,,,,,,,0,,,72,100,
3840,note_on,720,0,2,,,,,,,,,,,,,,,1,,,65,100,
3840,note_on,0,0,1,,,,,,,,,,,,,,,0,,,74,100,
3840,note_on,720,0,3,,,,,,,,,,,,,,,2,,,58,100,
3840,note_on,120,0,1,,,,,,,,,,,,,,,0,,,72,0,
3960,note_on,0,0,1,,,,,,,,,,,,,,,0,,,69,100,
3960,note_on,120,0,1,,,,,,,,,,,,,,,0,,,74,0,
4080,note_on,0,0,1,,,,,,,,,,,,,,,0,,,70,100,
4080,note_on,240,0,3,,,,,,,,,,,,,,,2,,,58,0,
4080,note_on,240,0,2,,,,,,,,,,,,,,,1,,,65,0,
4080,note_on,120,0,1,,,,,,,,,,,,,,,0,,,69,0,
4200,note_on,0,0,1,,,,,,,,,,,,,,,0,,,74,100,
4200,note_on,120,0,1,,,,,,,,,,,,,,,0,,,70,0,
4320,note_on,0,0,1,,,,,,,,,,,,,,,0,,,79,100,
4320,note_on,120,0,1,,,,,,,,,,,,,,,0,,,74,0,
4440,note_on,120,0,1,,,,,,,,,,,,,,,0,,,79,0,
4440,note_on,0,0,1,,,,,,,,,,,,,,,0,,,81,100,
4560,note_on,120,0,1,,,,,,,,,,,,,,,0,,,81,0,
4560,note_on,0,0,1,,,,,,,,,,,,,,,0,,,82,100,
4680,note_on,120,0,1,,,,,,,,,,,,,,,0,,,82,0,
4680,note_on,0,0,1,,,,,,,,,,,,,,,0,,,79,100,
4800,note_on,720,0,2,,,,,,,,,,,,,,,1,,,70,100,
4800,note_on,0,0,1,,,,,,,,,,,,,,,0,,,77,100,
4800,note_on,120,0,1,,,,,,,,,,,,,,,0,,,79,0,
4920,note_on,120,0,1,,,,,,,,,,,,,,,0,,,77,0,
4920,note_on,0,0,1,,,,,,,,,,,,,,,0,,,76,100,
5040,note_on,240,0,2,,,,,,,,,,,,,,,1,,,70,0,
5040,note_on,120,0,1,,,,,,,,,,,,,,,0,,,76,0,
5040,note_on,0,0,1,,,,,,,,,,,,,,,0,,,74,100,
5160,note_on,120,0,1,,,,,,,,,,,,,,,0,,,74,0,
5160,note_on,0,0,1,,,,,,,,,,,,,,,0,,,72,100,
5280,note_on,0,0,1,,,,,,,,,,,,,,,0,,,77,100,
5280,note_on,120,0,1,,,,,,,,,,,,,,,0,,,72,0,
5400,note_on,120,0,1,,,,,,,,,,,,,,,0,,,77,0,
5400,note_on,0,0,1,,,,,,,,,,,,,,,0,,,65,100,
5520,note_on,120,0,1,,,,,,,,,,,,,,,0,,,65,0,
5520,note_on,0,0,1,,,,,,,,,,,,,,,0,,,64,100,
5520,note_on,1440,0,3,,,,,,,,,,,,,,,2,,,57,100,
5640,note_on,120,0,1,,,,,,,,,,,,,,,0,,,64,0,
5640,note_on,0,0,1,,,,,,,,,,,,,,,0,,,65,100,
5760,note_on,0,0,3,,,,,,,,,,,,,,,2,,,58,100,
5760,note_on,240,0,3,,,,,,,,,,,,,,,2,,,57,0,
5760,note_on,0,0,1,,,,,,,,,,,,,,,0,,,67,100,
5760,note_on,120,0,1,,,,,,,,,,,,,,,0,,,65,0,
5880,note_on,120,0,1,,,,,,,,,,,,,,,0,,,67,0,
5880,note_on,0,0,1,,,,,,,,,,,,,,,0,,,64,100,
6000,note_on,120,0,1,,,,,,,,,,,,,,,0,,,64,0,
6000,note_on,0,0,1,,,,,,,,,,,,,,,0,,,65,100,
6000,note_on,240,0,3,,,,,,,,,,,,,,,2,,,58,0,
6120,note_on,0,0,1,,,,,,,,,,,,,,,0,,,74,100,
6120,note_on,120,0,1,,,,,,,,,,,,,,,0,,,65,0,
6240,note_on,240,0,3,,,,,,,,,,,,,,,2,,,60,100,
6240,note_on,120,0,1,,,,,,,,,,,,,,,0,,,74,0,
6240,note_on,0,0,1,,,,,,,,,,,,,,,0,,,64,100,
6360,note_on,120,0,1,,,,,,,,,,,,,,,0,,,64,0,
6360,note_on,0,0,1,,,,,,,,,,,,,,,0,,,67,100,
6480,note_on,240,0,3,,,,,,,,,,,,,,,2,,,60,0,
6480,note_on,0,0,1,,,,,,,,,,,,,,,0,,,72,100,
6480,note_on,120,0,1,,,,,,,,,,,,,,,0,,,67,0,
6600,note_on,120,0,1,,,,,,,,,,,,,,,0,,,72,0,
6600,note_on,0,0,1,,,,,,,,,,,,,,,0,,,70,100,
6720,note_on,240,0,3,,,,,,,,,,,,,,,2,,,65,100,
6720,note_on,120,0,1,,,,,,,,,,,,,,,0,,,70,0,
6720,pitchwheel,0,0,1,,,,,,,,,,,,,,,0,,,,,4096
6720,note_on,0,0,1,,,,,,,,,,,,,,,0,,,69,100,
6760,pitchwheel,40,0,1,,,,,,,,,,,,,,,0,,,,,0
6800,pitchwheel,40,0,1,,,,,,,,,,,,,,,0,,,,,4096
6840,pitchwheel,40,0,1,,,,,,,,,,,,,,,0,,,,,0
6960,note_on,0,0,1,,,,,,,,,,,,,,,0,,,67,100,
6960,note_on,240,0,3,,,,,,,,,,,,,,,2,,,65,0,
6960,note_on,120,0,1,,,,,,,,,,,,,,,0,,,69,0,
7080,note_on,120,0,1,,,,,,,,,,,,,,,0,,,67,0,
7080,note_on,0,0,1,,,,,,,,,,,,,,,0,,,65,100,
7200,note_on,120,0,1,,,,,,,,,,,,,,,0,,,65,0,
7200,note_on,0,0,1,,,,,,,,,,,,,,,0,,,74,100,
7320,note_on,360,0,3,,,,,,,,,,,,,,,2,,,64,100,
7440,note_on,0,0,1,,,,,,,,,,,,,,,0,,,74,100,
7440,note_on,0,0,3,,,,,,,,,,,,,,,2,,,65,100,
7440,note_on,120,0,3,,,,,,,,,,,,,,,2,,,64,0,
7440,note_on,240,0,1,,,,,,,,,,,,,,,0,,,74,0,
7560,note_on,0,0,3,,,,,,,,,,,,,,,2,,,62,100,
7560,note_on,120,0,3,,,,,,,,,,,,,,,2,,,65,0,
7680,note_on,240,0,1,,,,,,,,,,,,,,,0,,,74,0,
7680,note_on,0,0,1,,,,,,,,,,,,,,,0,,,74,100,
7680,note_on,120,0,3,,,,,,,,,,,,,,,2,,,62,0,
7680,note_on,0,0,3,,,,,,,,,,,,,,,2,,,64,100,
7800,note_on,120,0,3,,,,,,,,,,,,,,,2,,,64,0,
7800,note_on,0,0,3,,,,,,,,,,,,,,,2,,,57,100,
7920,note_on,240,0,1,,,,,,,,,,,,,,,0,,,74,0,
7920,note_on,0,0,1,,,,,,,,,,,,,,,0,,,72,100,
7920,note_on,120,0,3,,,,,,,,,,,,,,,2,,,57,0,
7920,note_on,0,0,3,,,,,,,,,,,,,,,2,,,69,100,
8160,note_on,240,0,3,,,,,,,,,,,,,,,2,,,69,0,
8160,note_on,0,0,1,,,,,,,,,,,,,,,0,,,77,100,
8160,note_on,240,0,1,,,,,,,,,,,,,,,0,,,72,0,
8280,note_on,120,0,3,,,,,,,,,,,,,,,2,,,67,100,
8400,note_on,0,0,3,,,,,,,,,,,,,,,2,,,69,100,
8400,note_on,120,0,3,,,,,,,,,,,,,,,2,,,67,0,
8400,note_on,0,0,1,,,,,,,,,,,,,,,0,,,77,100,
8400,note_on,240,0,1,,,,,,,,,,,,,,,0,,,77,0,
8520,note_on,0,0,3,,,,,,,,,,,,,,,2,,,65,100,
8520,note_on,120,0,3,,,,,,,,,,,,,,,2,,,69,0,
8640,note_on,0,0,3,,,,,,,,,,,,,,,2,,,67,100,
8640,note_on,120,0,3,,,,,,,,,,,,,,,2,,,65,0,
8640,note_on,0,0,1,,,,,,,,,,,,,,,0,,,77,100,
8640,note_on,240,0,1,,,,,,,,,,,,,,,0,,,77,0,
8760,note_on,0,0,3,,,,,,,,,,,,,,,2,,,60,100,
8760,note_on,120,0,3,,,,,,,,,,,,,,,2,,,67,0,
8880,note_on,0,0,3,,,,,,,,,,,,,,,2,,,72,100,
8880,note_on,120,0,3,,,,,,,,,,,,,,,2,,,60,0,
8880,note_on,240,0,1,,,,,,,,,,,,,,,0,,,77,0,
8880,note_on,0,0,1,,,,,,,,,,,,,,,0,,,76,100,
9120,note_on,0,0,3,,,,,,,,,,,,,,,2,,,65,100,
9120,note_on,240,0,3,,,,,,,,,,,,,,,2,,,72,0,
9240,note_on,360,0,1,,,,,,,,,,,,,,,0,,,76,0,
9240,note_on,0,0,1,,,,,,,,,,,,,,,0,,,81,100,
9360,note_on,120,0,1,,,,,,,,,,,,,,,0,,,81,0,
9360,note_on,0,0,1,,,,,,,,,,,,,,,0,,,74,100,
9360,note_on,240,0,3,,,,,,,,,,,,,,,2,,,65,0,
9480,note_on,0,0,1,,,,,,,,,,,,,,,0,,,72,100,
9480,note_on,120,0,1,,,,,,,,,,,,,,,0,,,74,0,
9600,note_on,120,0,1,,,,,,,,,,,,,,,0,,,72,0,
9600,note_on,0,0,1,,,,,,,,,,,,,,,0,,,71,100,
9600,note_on,240,0,3,,,,,,,,,,,,,,,2,,,65,100,
9720,note_on,0,0,1,,,,,,,,,,,,,,,0,,,67,100,
9720,note_on,120,0,1,,,,,,,,,,,,,,,0,,,71,0,
9840,note_on,0,0,1,,,,,,,,,,,,,,,0,,,79,100,
9840,note_on,120,0,1,,,,,,,,,,,,,,,0,,,67,0,
9840,note_on,240,0,3,,,,,,,,,,,,,,,2,,,65,0,
10080,note_on,240,0,1,,,,,,,,,,,,,,,0,,,79,0,
10080,note_on,240,0,3,,,,,,,,,,,,,,,2,,,64,100,
10200,note_on,120,0,1,,,,,,,,,,,,,,,0,,,72,100,
10320,note_on,240,0,3,,,,,,,,,,,,,,,2,,,64,0,
10320,note_on,120,0,1,,,,,,,,,,,,,,,0,,,72,0,
10320,note_on,0,0,1,,,,,,,,,,,,,,,0,,,74,100,
10440,note_on,120,0,1,,,,,,,,,,,,,,,0,,,74,0,
10440,note_on,0,0,1,,,,,,,,,,,,,,,0,,,76,100,
10560,note_on,120,0,1,,,,,,,,,,,,,,,0,,,76,0,
10560,note_on,240,0,3,,,,,,,,,,,,,,,2,,,65,100,
10560,note_on,0,0,1,,,,,,,,,,,,,,,0,,,76,100,
10680,note_on,0,0,1,,,,,,,,,,,,,,,0,,,72,100,
10680,note_on,120,0,1,,,,,,,,,,,,,,,0,,,76,0,
10800,note_on,0,0,1,,,,,,,,,,,,,,,0,,,71,100,
10800,note_on,120,0,1,,,,,,,,,,,,,,,0,,,72,0,
10800,pitchwheel,0,0,1,,,,,,,,,,,,,,,0,,,,,4096
10800,note_on,240,0,3,,,,,,,,,,,,,,,2,,,65,0,
10830,pitchwheel,30,0,1,,,,,,,,,,,,,,,0,,,,,0
10860,pitchwheel,30,0,1,,,,,,,,,,,,,,,0,,,,,4096
10890,pitchwheel,30,0,1,,,,,,,,,,,,,,,0,,,,,0
10920,note_on,30,0,1,,,,,,,,,,,,,,,0,,,71,0,
10920,note_on,0,0,1,,,,,,,,,,,,,,,0,,,69,100,
11040,note_on,240,0,3,,,,,,,,,,,,,,,2,,,65,100,
11040,note_on,120,0,1,,,,,,,,,,,,,,,0,,,69,0,
11160,note_on,120,0,1,,,,,,,,,,,,,,,0,,,74,100,
11280,note_on,240,0,3,,,,,,,,,,,,,,,2,,,65,0,
11280,note_on,120,0,1,,,,,,,,,,,,,,,0,,,74,0,
11280,note_on,0,0,1,,,,,,,,,,,,,,,0,,,76,100,
11400,note_on,120,0,1,,,,,,,,,,,,,,,0,,,76,0,
11400,note_on,0,0,1,,,,,,,,,,,,,,,0,,,77,100,
11520,note_on,240,0,3,,,,,,,,,,,,,,,2,,,67,100,
11520,note_on,0,0,1,,,,,,,,,,,,,,,0,,,77,100,
11520,note_on,6480,0,2,,,,,,,,,,,,,,,1,,,71,100,
11520,note_on,120,0,1,,,,,,,,,,,,,,,0,,,77,0,
11640,note_on,120,0,1,,,,,,,,,,,,,,,0,,,77,0,
11640,note_on,0,0,1,,,,,,,,,,,,,,,0,,,74,100,
11760,note_on,240,0,3,,,,,,,,,,,,,,,2,,,67,0,
11760,note_on,0,0,1,,,,,,,,,,,,,,,0,,,72,100,
11760,pitchwheel,0,0,1,,,,,,,,,,,,,,,0,,,,,8191
11760,note_on,120,0,1,,,,,,,,,,,,,,,0,,,74,0,
11760,note_on,240,0,2,,,,,,,,,,,,,,,1,,,71,0,
11790,pitchwheel,30,0,1,,,,,,,,,,,,,,,0,,,,,0
11820,pitchwheel,30,0,1,,,,,,,,,,,,,,,0,,,,,8191
11850,pitchwheel,30,0,1,,,,,,,,,,,,,,,0,,,,,0
11880,note_on,0,0,1,,,,,,,,,,,,,,,0,,,71,100,
11880,note_on,30,0,1,,,,,,,,,,,,,,,0,,,72,0,
12000,note_on,0,0,1,,,,,,,,,,,,,,,0,,,81,100,
12000,note_on,120,0,1,,,,,,,,,,,,,,,0,,,71,0,
12120,note_on,120,0,1,,,,,,,,,,,,,,,0,,,81,0,
12120,note_on,0,0,1,,,,,,,,,,,,,,,0,,,77,100,
12240,note_on,120,0,1,,,,,,,,,,,,,,,0,,,77,0,
12240,note_on,0,0,1,,,,,,,,,,,,,,,0,,,79,100,
12360,note_on,600,0,3,,,,,,,,,,,,,,,2,,,65,100,
12360,note_on,120,0,1,,,,,,,,,,,,,,,0,,,79,0,
12360,note_on,0,0,1,,,,,,,,,,,,,,,0,,,71,100,
12480,note_on,120,0,3,,,,,,,,,,,,,,,2,,,65,0,
12480,note_on,0,0,3,,,,,,,,,,,,,,,2,,,64,100,
12480,note_on,120,0,1,,,,,,,,,,,,,,,0,,,71,0,
12480,note_on,0,0,1,,,,,,,,,,,,,,,0,,,72,100,
12600,note_on,120,0,3,,,,,,,,,,,,,,,2,,,64,0,
12600,note_on,0,0,3,,,,,,,,,,,,,,,2,,,62,100,
12720,note_on,0,0,3,,,,,,,,,,,,,,,2,,,60,100,
12720,note_on,120,0,3,,,,,,,,,,,,,,,2,,,62,0,
12720,note_on,240,0,1,,,,,,,,,,,,,,,0,,,72,0,
12840,note_on,120,0,1,,,,,,,,,,,,,,,0,,,81,100,
12840,note_on,120,0,3,,,,,,,,,,,,,,,2,,,60,0,
12840,note_on,1080,0,2,,,,,,,,,,,,,,,1,,,72,100,
12840,note_on,0,0,3,,,,,,,,,,,,,,,2,,,65,100,
12960,note_on,120,0,3,,,,,,,,,,,,,,,2,,,65,0,
12960,note_on,0,0,3,,,,,,,,,,,,,,,2,,,67,100,
12960,note_on,120,0,1,,,,,,,,,,,,,,,0,,,81,0,
12960,note_on,0,0,2,,,,,,,,,,,,,,,1,,,71,100,
12960,pitchwheel,0,0,2,,,,,,,,,,,,,,,1,,,,,4096
12960,note_on,120,0,2,,,,,,,,,,,,,,,1,,,72,0,
12990,pitchwheel,30,0,2,,,,,,,,,,,,,,,1,,,,,0
13020,pitchwheel,30,0,2,,,,,,,,,,,,,,,1,,,,,4096
13050,pitchwheel,30,0,2,,,,,,,,,,,,,,,1,,,,,0
13080,pitchwheel,30,0,2,,,,,,,,,,,,,,,1,,,,,4096
13100,pitchwheel,20,0,2,,,,,,,,,,,,,,,1,,,,,0
13120,pitchwheel,20,0,2,,,,,,,,,,,,,,,1,,,,,4096
13140,pitchwheel,20,0,2,,,,,,,,,,,,,,,1,,,,,0
13320,note_on,180,0,2,,,,,,,,,,,,,,,1,,,71,0,
13320,note_on,0,0,2,,,,,,,,,,,,,,,1,,,72,100,
13440,note_on,120,0,2,,,,,,,,,,,,,,,1,,,72,0,
13440,note_on,0,0,2,,,,,,,,,,,,,,,1,,,72,100,
13440,note_on,480,0,1,,,,,,,,,,,,,,,0,,,64,100,
13440,note_on,0,0,3,,,,,,,,,,,,,,,2,,,60,100,
13440,note_on,480,0,3,,,,,,,,,,,,,,,2,,,67,0,
13560,note_on,120,0,1,,,,,,,,,,,,,,,0,,,64,0,
13560,note_on,0,0,1,,,,,,,,,,,,,,,0,,,65,100,
13680,note_on,240,0,3,,,,,,,,,,,,,,,2,,,60,0,
13680,note_on,120,0,1,,,,,,,,,,,,,,,0,,,65,0,
13680,note_on,0,0,1,,,,,,,,,,,,,,,0,,,67,100,
13680,note_on,240,0,2,,,,,,,,,,,,,,,1,,,72,0,
13800,note_on,120,0,1,,,,,,,,,,,,,,,0,,,67,0,
13800,note_on,0,0,1,,,,,,,,,,,,,,,0,,,72,100,
13920,note_on,120,0,1,,,,,,,,,,,,,,,0,,,72,0,
13920,note_on,0,0,1,,,,,,,,,,,,,,,0,,,74,100,
14040,note_on,0,0,1,,,,,,,,,,,,,,,0,,,71,100,
14040,note_on,120,0,1,,,,,,,,,,,,,,,0,,,74,0,
14160,note_on,120,0,1,,,,,,,,,,,,,,,0,,,71,0,
14160,note_on,0,0,1,,,,,,,,,,,,,,,0,,,72,100,
14280,note_on,120,0,1,,,,,,,,,,,,,,,0,,,72,0,
14280,note_on,0,0,1,,,,,,,,,,,,,,,0,,,69,100,
14400,note_on,120,0,1,,,,,,,,,,,,,,,0,,,69,0,
14400,pitchwheel,0,0,1,,,,,,,,,,,,,,,0,,,,,8191
14400,note_on,0,0,1,,,,,,,,,,,,,,,0,,,65,100,
14400,note_on,720,0,3,,,,,,,,,,,,,,,2,,,60,100,
14430,pitchwheel,30,0,1,,,,,,,,,,,,,,,0,,,,,0
14460,pitchwheel,30,0,1,,,,,,,,,,,,,,,0,,,,,8191
14490,pitchwheel,30,0,1,,,,,,,,,,,,,,,0,,,,,0
14520,note_on,30,0,1,,,,,,,,,,,,,,,0,,,65,0,
14520,note_on,0,0,1,,,,,,,,,,,,,,,0,,,64,100,
14640,note_on,240,0,3,,,,,,,,,,,,,,,2,,,60,0,
14640,note_on,120,0,1,,,,,,,,,,,,,,,0,,,64,0,
14640,note_on,0,0,1,,,,,,,,,,,,,,,0,,,65,100,
14880,note_on,240,0,1,,,,,,,,,,,,,,,0,,,65,0,
15000,note_on,120,0,1,,,,,,,,,,,,,,,0,,,62,100,
15120,note_on,120,0,1,,,,,,,,,,,,,,,0,,,62,0,
15120,note_on,0,0,1,,,,,,,,,,,,,,,0,,,65,100,
15240,note_on,120,0,1,,,,,,,,,,,,,,,0,,,65,0,
15240,note_on,0,0,1,,,,,,,,,,,,,,,0,,,69,100,
15360,note_on,0,0,1,,,,,,,,,,,,,,,0,,,74,100,
15360,note_on,120,0,1,,,,,,,,,,,,,,,0,,,69,0,
15480,note_on,0,0,1,,,,,,,,,,,,,,,0,,,77,100,
15480,note_on,120,0,1,,,,,,,,,,,,,,,0,,,74,0,
15600,note_on,0,0,1,,,,,,,,,,,,,,,0,,,74,100,
15600,note_on,120,0,1,,,,,,,,,,,,,,,0,,,77,0,
15720,note_on,0,0,1,,,,,,,,,,,,,,,0,,,71,100,
15720,note_on,120,0,1,,,,,,,,,,,,,,,0,,,74,0,
15840,note_on,0,0,1,,,,,,,,,,,,,,,0,,,67,100,
15840,note_on,120,0,1,,,,,,,,,,,,,,,0,,,71,0,
15840,note_on,1200,0,3,,,,,,,,,,,,,,,2,,,59,100,
16080,note_on,240,0,3,,,,,,,,,,,,,,,2,,,59,0,
16080,note_on,0,0,1,,,,,,,,,,,,,,,0,,,65,100,
16080,note_on,240,0,1,,,,,,,,,,,,,,,0,,,67,0,
16080,pitchwheel,0,0,1,,,,,,,,,,,,,,,0,,,,,8191
16110,pitchwheel,30,0,1,,,,,,,,,,,,,,,0,,,,,0
16140,pitchwheel,30,0,1,,,,,,,,,,,,,,,0,,,,,8191
16170,pitchwheel,30,0,1,,,,,,,,,,,,,,,0,,,,,0
16200,note_on,30,0,1,,,,,,,,,,,,,,,0,,,65,0,
16200,note_on,0,0,1,,,,,,,,,,,,,,,0,,,64,100,
16260,note_on,60,0,1,,,,,,,,,,,,,,,0,,,64,0,
16260,note_on,0,0,1,,,,,,,,,,,,,,,0,,,65,100,
16320,note_on,240,0,3,,,,,,,,,,,,,,,2,,,60,100,
16320,pitchwheel,0,0,1,,,,,,,,,,,,,,,0,,,,,4096
16320,note_on,0,0,1,,,,,,,,,,,,,,,0,,,64,100,
16320,note_on,60,0,1,,,,,,,,,,,,,,,0,,,65,0,
16360,pitchwheel,40,0,1,,,,,,,,,,,,,,,0,,,,,0
16400,pitchwheel,40,0,1,,,,,,,,,,,,,,,0,,,,,4096
16440,pitchwheel,40,0,1,,,,,,,,,,,,,,,0,,,,,0
16560,note_on,0,0,1,,,,,,,,,,,,,,,0,,,62,100,
16560,note_on,120,0,1,,,,,,,,,,,,,,,0,,,64,0,
16560,note_on,240,0,3,,,,,,,,,,,,,,,2,,,60,0,
16680,note_on,120,0,1,,,,,,,,,,,,,,,0,,,62,0,
16680,note_on,0,0,1,,,,,,,,,,,,,,,0,,,60,100,
16800,note_on,120,0,1,,,,,,,,,,,,,,,0,,,60,0,
16800,note_on,0,0,1,,,,,,,,,,,,,,,0,,,70,100,
16920,note_on,360,0,3,,,,,,,,,,,,,,,2,,,62,100,
17040,note_on,240,0,1,,,,,,,,,,,,,,,0,,,70,0,
17040,note_on,0,0,3,,,,,,,,,,,,,,,2,,,64,100,
17040,note_on,0,0,1,,,,,,,,,,,,,,,0,,,70,100,
17040,note_on,120,0,3,,,,,,,,,,,,,,,2,,,62,0,
17160,note_on,120,0,3,,,,,,,,,,,,,,,2,,,64,0,
17160,note_on,0,0,3,,,,,,,,,,,,,,,2,,,60,100,
17280,note_on,120,0,3,,,,,,,,,,,,,,,2,,,60,0,
17280,note_on,0,0,3,,,,,,,,,,,,,,,2,,,65,100,
17280,note_on,0,0,1,,,,,,,,,,,,,,,0,,,70,100,
17280,note_on,240,0,1,,,,,,,,,,,,,,,0,,,70,0,
17400,note_on,120,0,1,,,,,,,,,,,,,,,0,,,70,0,
17400,note_on,0,0,1,,,,,,,,,,,,,,,0,,,67,100,
17520,note_on,0,0,1,,,,,,,,,,,,,,,0,,,69,100,
17520,note_on,240,0,3,,,,,,,,,,,,,,,2,,,65,0,
17520,note_on,120,0,1,,,,,,,,,,,,,,,0,,,67,0,
17640,note_on,120,0,1,,,,,,,,,,,,,,,0,,,69,0,
17640,note_on,0,0,1,,,,,,,,,,,,,,,0,,,72,100,
17700,note_on,0,0,1,,,,,,,,,,,,,,,0,,,70,100,
17700,note_on,60,0,1,,,,,,,,,,,,,,,0,,,72,0,
17760,note_on,60,0,1,,,,,,,,,,,,,,,0,,,70,0,
17760,note_on,0,0,1,,,,,,,,,,,,,,,0,,,72,100,
17880,note_on,360,0,3,,,,,,,,,,,,,,,2,,,64,100,
18000,note_on,0,0,3,,,,,,,,,,,,,,,2,,,66,100,
18000,note_on,240,0,1,,,,,,,,,,,,,,,0,,,72,0,
18000,note_on,0,0,1,,,,,,,,,,,,,,,0,,,72,100,
18000,note_on,120,0,3,,,,,,,,,,,,,,,2,,,64,0,
18120,note_on,0,0,3,,,,,,,,,,,,,,,2,,,62,100,
18120,note_on,120,0,3,,,,,,,,,,,,,,,2,,,66,0,
18240,note_on,120,0,3,,,,,,,,,,,,,,,2,,,62,0,
18240,note_on,240,0,1,,,,,,,,,,,,,,,0,,,72,0,
18240,note_on,0,0,1,,,,,,,,,,,,,,,0,,,72,100,
18240,note_on,0,0,3,,,,,,,,,,,,,,,2,,,67,100,
18360,note_on,120,0,1,,,,,,,,,,,,,,,0,,,72,0,
18360,note_on,0,0,1,,,,,,,,,,,,,,,0,,,69,100,
18480,note_on,0,0,1,,,,,,,,,,,,,,,0,,,70,100,
18480,note_on,120,0,1,,,,,,,,,,,,,,,0,,,69,0,
18480,note_on,240,0,3,,,,,,,,,,,,,,,2,,,67,0,
18600,note_on,120,0,1,,,,,,,,,,,,,,,0,,,70,0,
18600,note_on,0,0,1,,,,,,,,,,,,,,,0,,,74,100,
18720,note_on,0,0,1,,,,,,,,,,,,,,,0,,,75,100,
18720,note_on,120,0,1,,,,,,,,,,,,,,,0,,,74,0,
18840,note_on,120,0,1,,,,,,,,,,,,,,,0,,,75,0,
18840,note_on,0,0,1,,,,,,,,,,,,,,,0,,,74,100,
18960,note_on,0,0,1,,,,,,,,,,,,,,,0,,,75,100,
18960,note_on,120,0,1,,,,,,,,,,,,,,,0,,,74,0,
19080,note_on,0,0,1,,,,,,,,,,,,,,,0,,,82,100,
19080,note_on,120,0,1,,,,,,,,,,,,,,,0,,,75,0,
19200,note_on,120,0,1,,,,,,,,,,,,,,,0,,,82,0,
19200,note_on,0,0,1,,,,,,,,,,,,,,,0,,,81,100,
19200,note_on,5520,0,2,,,,,,,,,,,,,,,1,,,75,100,
19200,note_on,720,0,3,,,,,,,,,,,,,,,2,,,65,100,
19320,note_on,120,0,1,,,,,,,,,,,,,,,0,,,81,0,
19320,note_on,0,0,1,,,,,,,,,,,,,,,0,,,79,100,
19440,note_on,240,0,2,,,,,,,,,,,,,,,1,,,75,0,
19440,note_on,240,0,3,,,,,,,,,,,,,,,2,,,65,0,
19440,note_on,120,0,1,,,,,,,,,,,,,,,0,,,79,0,
19440,note_on,0,0,1,,,,,,,,,,,,,,,0,,,81,100,
19560,note_on,120,0,1,,,,,,,,,,,,,,,0,,,81,0,
19560,note_on,0,0,1,,,,,,,,,,,,,,,0,,,72,100,
19680,note_on,120,0,1,,,,,,,,,,,,,,,0,,,72,0,
19680,note_on,0,0,1,,,,,,,,,,,,,,,0,,,74,100,
19800,note_on,120,0,1,,,,,,,,,,,,,,,0,,,74,0,
19800,note_on,0,0,1,,,,,,,,,,,,,,,0,,,72,100,
19920,note_on,120,0,1,,,,,,,,,,,,,,,0,,,72,0,
19920,note_on,0,0,1,,,,,,,,,,,,,,,0,,,74,100,
20040,note_on,120,0,1,,,,,,,,,,,,,,,0,,,74,0,
20040,note_on,0,0,1,,,,,,,,,,,,,,,0,,,80,100,
20160,note_on,720,0,2,,,,,,,,,,,,,,,1,,,74,100,
20160,note_on,0,0,1,,,,,,,,,,,,,,,0,,,79,100,
20160,note_on,120,0,1,,,,,,,,,,,,,,,0,,,80,0,
20160,note_on,720,0,3,,,,,,,,,,,,,,,2,,,63,100,
20280,note_on,0,0,1,,,,,,,,,,,,,,,0,,,78,100,
20280,note_on,120,0,1,,,,,,,,,,,,,,,0,,,79,0,
20400,note_on,240,0,2,,,,,,,,,,,,,,,1,,,74,0,
20400,note_on,240,0,3,,,,,,,,,,,,,,,2,,,63,0,
20400,note_on,0,0,1,,,,,,,,,,,,,,,0,,,79,100,
20400,note_on,120,0,1,,,,,,,,,,,,,,,0,,,78,0,
20520,note_on,0,0,1,,,,,,,,,,,,,,,0,,,71,100,
20520,note_on,120,0,1,,,,,,,,,,,,,,,0,,,79,0,
20640,note_on,0,0,1,,,,,,,,,,,,,,,0,,,72,100,
20640,note_on,120,0,1,,,,,,,,,,,,,,,0,,,71,0,
20760,note_on,120,0,1,,,,,,,,,,,,,,,0,,,72,0,
20760,note_on,0,0,1,,,,,,,,,,,,,,,0,,,71,100,
20880,note_on,120,0,1,,,,,,,,,,,,,,,0,,,71,0,
20880,note_on,0,0,1,,,,,,,,,,,,,,,0,,,72,100,
21000,note_on,120,0,1,,,,,,,,,,,,,,,0,,,72,0,
21000,note_on,0,0,1,,,,,,,,,,,,,,,0,,,75,100,
21120,note_on,720,0,3,,,,,,,,,,,,,,,2,,,57,100,
21120,note_on,120,0,1,,,,,,,,,,,,,,,0,,,75,0,
21120,note_on,0,0,1,,,,,,,,,,,,,,,0,,,66,100,
21240,note_on,0,0,1,,,,,,,,,,,,,,,0,,,69,100,
21240,note_on,120,0,1,,,,,,,,,,,,,,,0,,,66,0,
21360,note_on,120,0,1,,,,,,,,,,,,,,,0,,,69,0,
21360,note_on,0,0,1,,,,,,,,,,,,,,,0,,,72,100,
21360,note_on,240,0,3,,,,,,,,,,,,,,,2,,,57,0,
21600,note_on,240,0,1,,,,,,,,,,,,,,,0,,,72,0,
21600,note_on,240,0,3,,,,,,,,,,,,,,,2,,,66,100,
21720,note_on,120,0,1,,,,,,,,,,,,,,,0,,,75,100,
21840,note_on,120,0,1,,,,,,,,,,,,,,,0,,,75,0,
21840,note_on,0,0,1,,,,,,,,,,,,,,,0,,,74,100,
21840,note_on,240,0,3,,,,,,,,,,,,,,,2,,,66,0,
21960,note_on,120,0,1,,,,,,,,,,,,,,,0,,,74,0,
21960,note_on,0,0,1,,,,,,,,,,,,,,,0,,,72,100,
22080,note_on,240,0,3,,,,,,,,,,,,,,,2,,,67,100,
22080,note_on,0,0,1,,,,,,,,,,,,,,,0,,,70,100,
22080,note_on,120,0,1,,,,,,,,,,,,,,,0,,,72,0,
22200,note_on,120,0,1,,,,,,,,,,,,,,,0,,,70,0,
22200,note_on,0,0,1,,,,,,,,,,,,,,,0,,,72,100,
22320,note_on,240,0,3,,,,,,,,,,,,,,,2,,,67,0,
22320,note_on,120,0,1,,,,,,,,,,,,,,,0,,,72,0,
22320,note_on,0,0,1,,,,,,,,,,,,,,,0,,,74,100,
22440,note_on,120,0,1,,,,,,,,,,,,,,,0,,,74,0,
22440,note_on,0,0,1,,,,,,,,,,,,,,,0,,,82,100,
22560,note_on,120,0,1,,,,,,,,,,,,,,,0,,,82,0,
22560,note_on,0,0,1,,,,,,,,,,,,,,,0,,,81,100,
22560,note_on,240,0,3,,,,,,,,,,,,,,,2,,,62,100,
22560,note_on,2160,0,2,,,,,,,,,,,,,,,1,,,72,100,
22800,note_on,240,0,3,,,,,,,,,,,,,,,2,,,62,0,
22800,note_on,240,0,1,,,,,,,,,,,,,,,0,,,81,0,
22800,pitchwheel,0,0,1,,,,,,,,,,,,,,,0,,,,,8191
22800,note_on,0,0,1,,,,,,,,,,,,,,,0,,,79,100,
22800,note_on,240,0,2,,,,,,,,,,,,,,,1,,,72,0,
22820,pitchwheel,20,0,1,,,,,,,,,,,,,,,0,,,,,0
22840,pitchwheel,20,0,1,,,,,,,,,,,,,,,0,,,,,8191
22860,pitchwheel,0,0,1,,,,,,,,,,,,,,,0,,,,,0
22860,note_on,0,0,1,,,,,,,,,,,,,,,0,,,78,100,
22860,note_on,20,0,1,,,,,,,,,,,,,,,0,,,79,0,
22920,note_on,0,0,1,,,,,,,,,,,,,,,0,,,79,100,
22920,note_on,60,0,1,,,,,,,,,,,,,,,0,,,78,0,
23040,note_on,0,0,1,,,,,,,,,,,,,,,0,,,79,100,
23040,note_on,120,0,1,,,,,,,,,,,,,,,0,,,79,0,
23040,note_on,240,0,3,,,,,,,,,,,,,,,2,,,62,100,
23040,note_on,240,0,2,,,,,,,,,,,,,,,1,,,70,100,
23040,note_on,23040,0,4,,,,,,,,,,,,,,,3,,,55,100,
23160,note_on,120,0,1,,,,,,,,,,,,,,,0,,,79,0,
23160,note_on,0,0,1,,,,,,,,,,,,,,,0,,,82,100,
23220,note_on,0,0,1,,,,,,,,,,,,,,,0,,,81,100,
23220,note_on,60,0,1,,,,,,,,,,,,,,,0,,,82,0,
23280,note_on,240,0,3,,,,,,,,,,,,,,,2,,,62,0,
23280,note_on,0,0,1,,,,,,,,,,,,,,,0,,,82,100,
23280,note_on,60,0,1,,,,,,,,,,,,,,,0,,,81,0,
23280,note_on,240,0,4,,,,,,,,,,,,,,,3,,,55,0,
23280,note_on,240,0,2,,,,,,,,,,,,,,,1,,,70,0,
23520,note_on,240,0,1,,,,,,,,,,,,,,,0,,,82,0,
23520,note_on,240,0,3,,,,,,,,,,,,,,,2,,,65,100,
23700,note_on,180,0,3,,,,,,,,,,,,,,,2,,,65,0,
23700,note_on,0,0,3,,,,,,,,,,,,,,,2,,,81,100,
23760,note_on,0,0,3,,,,,,,,,,,,,,,2,,,79,100,
23760,note_on,60,0,3,,,,,,,,,,,,,,,2,,,81,0,
23820,note_on,60,0,3,,,,,,,,,,,,,,,2,,,79,0,
23820,note_on,0,0,3,,,,,,,,,,,,,,,2,,,77,100,
23880,note_on,0,0,3,,,,,,,,,,,,,,,2,,,76,100,
23880,note_on,60,0,3,,,,,,,,,,,,,,,2,,,77,0,
23940,note_on,0,0,3,,,,,,,,,,,,,,,2,,,74,100,
23940,note_on,60,0,3,,,,,,,,,,,,,,,2,,,76,0,
24000,note_on,720,0,2,,,,,,,,,,,,,,,1,,,64,100,
24000,note_on,0,0,3,,,,,,,,,,,,,,,2,,,72,100,
24000,note_on,60,0,3,,,,,,,,,,,,,,,2,,,74,0,
24120,note_on,0,0,3,,,,,,,,,,,,,,,2,,,71,100,
24120,note_on,120,0,3,,,,,,,,,,,,,,,2,,,72,0,
24240,note_on,120,0,3,,,,,,,,,,,,,,,2,,,71,0,
24240,note_on,240,0,2,,,,,,,,,,,,,,,1,,,64,0,
24240,note_on,0,0,3,,,,,,,,,,,,,,,2,,,72,100,
24360,note_on,0,0,3,,,,,,,,,,,,,,,2,,,74,100,
24360,note_on,120,0,3,,,,,,,,,,,,,,,2,,,72,0,
24480,note_on,0,0,3,,,,,,,,,,,,,,,2,,,76,100,
24480,note_on,120,0,3,,,,,,,,,,,,,,,2,,,74,0,
24600,note_on,120,0,3,,,,,,,,,,,,,,,2,,,76,0,
24600,note_on,0,0,3,,,,,,,,,,,,,,,2,,,79,100,
24660,note_on,60,0,3,,,,,,,,,,,,,,,2,,,79,0,
24660,note_on,0,0,3,,,,,,,,,,,,,,,2,,,77,100,
24720,note_on,60,0,3,,,,,,,,,,,,,,,2,,,77,0,
24720,note_on,0,0,3,,,,,,,,,,,,,,,2,,,79,100,
24840,note_on,120,0,3,,,,,,,,,,,,,,,2,,,79,0,
24840,note_on,0,0,3,,,,,,,,,,,,,,,2,,,81,100,
24960,note_on,120,0,3,,,,,,,,,,,,,,,2,,,81,0,
24960,note_on,0,0,3,,,,,,,,,,,,,,,2,,,82,100,
24960,note_on,1680,0,4,,,,,,,,,,,,,,,3,,,65,100,
24960,note_on,720,0,2,,,,,,,,,,,,,,,1,,,72,100,
25080,note_on,120,0,3,,,,,,,,,,,,,,,2,,,82,0,
25080,note_on,0,0,3,,,,,,,,,,,,,,,2,,,79,100,
25200,note_on,240,0,2,,,,,,,,,,,,,,,1,,,72,0,
25200,note_on,240,0,4,,,,,,,,,,,,,,,3,,,65,0,
25200,note_on,0,0,3,,,,,,,,,,,,,,,2,,,81,100,
25200,note_on,120,0,3,,,,,,,,,,,,,,,2,,,79,0,
25440,note_on,240,0,3,,,,,,,,,,,,,,,2,,,81,0,
25440,note_on,0,0,3,,,,,,,,,,,,,,,2,,,64,100,
25620,note_on,180,0,3,,,,,,,,,,,,,,,2,,,64,0,
25620,note_on,0,0,3,,,,,,,,,,,,,,,2,,,79,100,
25680,note_on,0,0,3,,,,,,,,,,,,,,,2,,,77,100,
25680,note_on,60,0,3,,,,,,,,,,,,,,,2,,,79,0,
25740,note_on,0,0,3,,,,,,,,,,,,,,,2,,,76,100,
25740,note_on,60,0,3,,,,,,,,,,,,,,,2,,,77,0,
25800,note_on,60,0,3,,,,,,,,,,,,,,,2,,,76,0,
25800,note_on,0,0,3,,,,,,,,,,,,,,,2,,,74,100,
25860,note_on,60,0,3,,,,,,,,,,,,,,,2,,,74,0,
25860,note_on,0,0,3,,,,,,,,,,,,,,,2,,,72,100,
25920,note_on,0,0,3,,,,,,,,,,,,,,,2,,,70,100,
25920,note_on,720,0,4,,,,,,,,,,,,,,,3,,,62,100,
25920,note_on,60,0,3,,,,,,,,,,,,,,,2,,,72,0,
26040,note_on,120,0,3,,,,,,,,,,,,,,,2,,,70,0,
26040,note_on,0,0,3,,,,,,,,,,,,,,,2,,,69,100,
26160,note_on,120,0,3,,,,,,,,,,,,,,,2,,,69,0,
26160,note_on,240,0,4,,,,,,,,,,,,,,,3,,,62,0,
26160,note_on,0,0,3,,,,,,,,,,,,,,,2,,,70,100,
26280,note_on,120,0,3,,,,,,,,,,,,,,,2,,,70,0,
26280,note_on,0,0,3,,,,,,,,,,,,,,,2,,,74,100,
26400,note_on,120,0,3,,,,,,,,,,,,,,,2,,,74,0,
26400,note_on,0,0,3,,,,,,,,,,,,,,,2,,,79,100,
26520,note_on,120,0,3,,,,,,,,,,,,,,,2,,,79,0,
26520,note_on,0,0,3,,,,,,,,,,,,,,,2,,,76,100,
26640,note_on,120,0,3,,,,,,,,,,,,,,,2,,,76,0,
26640,note_on,0,0,3,,,,,,,,,,,,,,,2,,,77,100,
26760,note_on,0,0,3,,,,,,,,,,,,,,,2,,,70,100,
26760,note_on,120,0,3,,,,,,,,,,,,,,,2,,,77,0,
26880,note_on,720,0,4,,,,,,,,,,,,,,,3,,,60,100,
26880,note_on,0,0,3,,,,,,,,,,,,,,,2,,,69,100,
26880,note_on,120,0,3,,,,,,,,,,,,,,,2,,,70,0,
27000,note_on,120,0,3,,,,,,,,,,,,,,,2,,,69,0,
27000,note_on,0,0,3,,,,,,,,,,,,,,,2,,,67,100,
27120,note_on,120,0,3,,,,,,,,,,,,,,,2,,,67,0,
27120,note_on,240,0,4,,,,,,,,,,,,,,,3,,,60,0,
27120,note_on,0,0,3,,,,,,,,,,,,,,,2,,,69,100,
27240,note_on,120,0,3,,,,,,,,,,,,,,,2,,,69,0,
27240,note_on,0,0,3,,,,,,,,,,,,,,,2,,,72,100,
27360,note_on,0,0,3,,,,,,,,,,,,,,,2,,,79,100,
27360,note_on,120,0,3,,,,,,,,,,,,,,,2,,,72,0,
27480,note_on,0,0,3,,,,,,,,,,,,,,,2,,,76,100,
27480,note_on,120,0,3,,,,,,,,,,,,,,,2,,,79,0,
27600,note_on,0,0,3,,,,,,,,,,,,,,,2,,,77,100,
27600,note_on,120,0,3,,,,,,,,,,,,,,,2,,,76,0,
27720,note_on,120,0,3,,,,,,,,,,,,,,,2,,,77,0,
27720,note_on,0,0,3,,,,,,,,,,,,,,,2,,,69,100,
27840,note_on,120,0,3,,,,,,,,,,,,,,,2,,,69,0,
27840,note_on,0,0,3,,,,,,,,,,,,,,,2,,,67,100,
27840,note_on,720,0,4,,,,,,,,,,,,,,,3,,,59,100,
27960,note_on,120,0,3,,,,,,,,,,,,,,,2,,,67,0,
27960,note_on,0,0,3,,,,,,,,,,,,,,,2,,,71,100,
28080,note_on,120,0,3,,,,,,,,,,,,,,,2,,,71,0,
28080,note_on,0,0,3,,,,,,,,,,,,,,,2,,,74,100,
28080,note_on,240,0,4,,,,,,,,,,,,,,,3,,,59,0,
28200,note_on,120,0,3,,,,,,,,,,,,,,,2,,,74,0,
28200,note_on,0,0,3,,,,,,,,,,,,,,,2,,,77,100,
28320,note_on,120,0,3,,,,,,,,,,,,,,,2,,,77,0,
28320,note_on,0,0,3,,,,,,,,,,,,,,,2,,,81,100,
28440,note_on,120,0,3,,,,,,,,,,,,,,,2,,,81,0,
28440,note_on,0,0,3,,,,,,,,,,,,,,,2,,,79,100,
28500,note_on,60,0,3,,,,,,,,,,,,,,,2,,,79,0,
28500,note_on,0,0,3,,,,,,,,,,,,,,,2,,,77,100,
28560,note_on,0,0,3,,,,,,,,,,,,,,,2,,,76,100,
28560,note_on,60,0,3,,,,,,,,,,,,,,,2,,,77,0,
28680,note_on,120,0,3,,,,,,,,,,,,,,,2,,,76,0,
28680,note_on,0,0,3,,,,,,,,,,,,,,,2,,,77,100,
28800,note_on,720,0,4,,,,,,,,,,,,,,,3,,,58,100,
28800,note_on,120,0,3,,,,,,,,,,,,,,,2,,,77,0,
28800,note_on,5280,0,1,,,,,,,,,,,,,,,0,,,72,100,
28800,note_on,3600,0,2,,,,,,,,,,,,,,,1,,,67,100,
28800,note_on,0,0,3,,,,,,,,,,,,,,,2,,,76,100,
28920,note_on,0,0,3,,,,,,,,,,,,,,,2,,,77,100,
28920,note_on,120,0,3,,,,,,,,,,,,,,,2,,,76,0,
28980,note_on,0,0,3,,,,,,,,,,,,,,,2,,,76,100,
28980,note_on,60,0,3,,,,,,,,,,,,,,,2,,,77,0,
29040,note_on,240,0,4,,,,,,,,,,,,,,,3,,,58,0,
29040,note_on,0,0,3,,,,,,,,,,,,,,,2,,,74,100,
29040,note_on,60,0,3,,,,,,,,,,,,,,,2,,,76,0,
29040,note_on,240,0,1,,,,,,,,,,,,,,,0,,,72,0,
29040,note_on,240,0,2,,,,,,,,,,,,,,,1,,,67,0,
29160,note_on,0,0,3,,,,,,,,,,,,,,,2,,,72,100,
29160,note_on,120,0,3,,,,,,,,,,,,,,,2,,,74,0,
29280,note_on,120,0,3,,,,,,,,,,,,,,,2,,,72,0,
29280,note_on,240,0,4,,,,,,,,,,,,,,,3,,,57,100,
29400,note_on,120,0,3,,,,,,,,,,,,,,,2,,,65,100,
29520,note_on,0,0,3,,,,,,,,,,,,,,,2,,,67,100,
29520,note_on,240,0,4,,,,,,,,,,,,,,,3,,,57,0,
29520,note_on,120,0,3,,,,,,,,,,,,,,,2,,,65,0,
29640,note_on,0,0,3,,,,,,,,,,,,,,,2,,,69,100,
29640,note_on,120,0,3,,,,,,,,,,,,,,,2,,,67,0,
29760,note_on,720,0,2,,,,,,,,,,,,,,,1,,,62,100,
29760,note_on,0,0,3,,,,,,,,,,,,,,,2,,,69,100,
29760,note_on,120,0,3,,,,,,,,,,,,,,,2,,,69,0,
29760,note_on,240,0,4,,,,,,,,,,,,,,,3,,,58,100,
29880,note_on,0,0,3,,,,,,,,,,,,,,,2,,,65,100,
29880,note_on,120,0,3,,,,,,,,,,,,,,,2,,,69,0,
30000,note_on,240,0,2,,,,,,,,,,,,,,,1,,,62,0,
30000,note_on,0,0,3,,,,,,,,,,,,,,,2,,,64,100,
30000,pitchwheel,0,0,3,,,,,,,,,,,,,,,2,,,,,4096
30000,note_on,120,0,3,,,,,,,,,,,,,,,2,,,65,0,
30000,note_on,240,0,4,,,,,,,,,,,,,,,3,,,58,0,
30030,pitchwheel,30,0,3,,,,,,,,,,,,,,,2,,,,,0
30060,pitchwheel,30,0,3,,,,,,,,,,,,,,,2,,,,,4096
30090,pitchwheel,30,0,3,,,,,,,,,,,,,,,2,,,,,0
30120,note_on,30,0,3,,,,,,,,,,,,,,,2,,,64,0,
30120,note_on,0,0,3,,,,,,,,,,,,,,,2,,,62,100,
30240,note_on,120,0,3,,,,,,,,,,,,,,,2,,,62,0,
30240,note_on,240,0,4,,,,,,,,,,,,,,,3,,,58,100,
30360,note_on,120,0,3,,,,,,,,,,,,,,,2,,,67,100,
30480,note_on,0,0,3,,,,,,,,,,,,,,,2,,,69,100,
30480,note_on,120,0,3,,,,,,,,,,,,,,,2,,,67,0,
30480,note_on,240,0,4,,,,,,,,,,,,,,,3,,,58,0,
30600,note_on,120,0,3,,,,,,,,,,,,,,,2,,,69,0,
30600,note_on,0,0,3,,,,,,,,,,,,,,,2,,,70,100,
30720,note_on,120,0,3,,,,,,,,,,,,,,,2,,,70,0,
30720,note_on,0,0,3,,,,,,,,,,,,,,,2,,,70,100,
30720,note_on,720,0,2,,,,,,,,,,,,,,,1,,,64,100,
30720,note_on,240,0,4,,,,,,,,,,,,,,,3,,,60,100,
30840,note_on,120,0,3,,,,,,,,,,,,,,,2,,,70,0,
30840,note_on,0,0,3,,,,,,,,,,,,,,,2,,,67,100,
30960,note_on,240,0,4,,,,,,,,,,,,,,,3,,,60,0,
30960,note_on,120,0,3,,,,,,,,,,,,,,,2,,,67,0,
30960,note_on,0,0,3,,,,,,,,,,,,,,,2,,,65,100,
30960,pitchwheel,0,0,3,,,,,,,,,,,,,,,2,,,,,8191
30960,note_on,240,0,2,,,,,,,,,,,,,,,1,,,64,0,
30990,pitchwheel,30,0,3,,,,,,,,,,,,,,,2,,,,,0
31020,pitchwheel,30,0,3,,,,,,,,,,,,,,,2,,,,,8191
31050,pitchwheel,30,0,3,,,,,,,,,,,,,,,2,,,,,0
31080,note_on,0,0,3,,,,,,,,,,,,,,,2,,,64,100,
31080,note_on,30,0,3,,,,,,,,,,,,,,,2,,,65,0,
31200,note_on,120,0,3,,,,,,,,,,,,,,,2,,,64,0,
31200,note_on,0,0,3,,,,,,,,,,,,,,,2,,,74,100,
31320,note_on,0,0,3,,,,,,,,,,,,,,,2,,,70,100,
31320,note_on,120,0,3,,,,,,,,,,,,,,,2,,,74,0,
31440,note_on,120,0,3,,,,,,,,,,,,,,,2,,,70,0,
31440,note_on,0,0,3,,,,,,,,,,,,,,,2,,,72,100,
31560,note_on,120,0,3,,,,,,,,,,,,,,,2,,,72,0,
31560,note_on,0,0,3,,,,,,,,,,,,,,,2,,,64,100,
31560,note_on,600,0,4,,,,,,,,,,,,,,,3,,,58,100,
31680,note_on,0,0,4,,,,,,,,,,,,,,,3,,,57,100,
31680,note_on,120,0,4,,,,,,,,,,,,,,,3,,,58,0,
31680,note_on,120,0,3,,,,,,,,,,,,,,,2,,,64,0,
31680,note_on,0,0,3,,,,,,,,,,,,,,,2,,,65,100,
31800,note_on,120,0,4,,,,,,,,,,,,,,,3,,,57,0,
31800,note_on,0,0,4,,,,,,,,,,,,,,,3,,,55,100,
31920,note_on,120,0,4,,,,,,,,,,,,,,,3,,,55,0,
31920,note_on,0,0,4,,,,,,,,,,,,,,,3,,,57,100,
31920,note_on,240,0,3,,,,,,,,,,,,,,,2,,,65,0,
32040,note_on,1080,0,2,,,,,,,,,,,,,,,1,,,74,100,
32040,note_on,0,0,4,,,,,,,,,,,,,,,3,,,58,100,
32040,note_on,120,0,3,,,,,,,,,,,,,,,2,,,65,100,
32040,note_on,120,0,4,,,,,,,,,,,,,,,3,,,57,0,
32160,pitchwheel,0,0,3,,,,,,,,,,,,,,,2,,,,,4096
32160,note_on,0,0,3,,,,,,,,,,,,,,,2,,,64,100,
32160,note_on,120,0,3,,,,,,,,,,,,,,,2,,,65,0,
32160,note_on,0,0,4,,,,,,,,,,,,,,,3,,,60,100,
32160,note_on,120,0,2,,,,,,,,,,,,,,,1,,,74,0,
32160,note_on,120,0,4,,,,,,,,,,,,,,,3,,,58,0,
32190,pitchwheel,30,0,3,,,,,,,,,,,,,,,2,,,,,0
32220,pitchwheel,30,0,3,,,,,,,,,,,,,,,2,,,,,4096
32250,pitchwheel,30,0,3,,,,,,,,,,,,,,,2,,,,,0
32280,pitchwheel,30,0,3,,,,,,,,,,,,,,,2,,,,,4096
32300,pitchwheel,20,0,3,,,,,,,,,,,,,,,2,,,,,0
32320,pitchwheel,20,0,3,,,,,,,,,,,,,,,2,,,,,4096
32340,pitchwheel,20,0,3,,,,,,,,,,,,,,,2,,,,,0
32520,note_on,180,0,3,,,,,,,,,,,,,,,2,,,64,0,
32520,note_on,0,0,3,,,,,,,,,,,,,,,2,,,65,100,
32640,note_on,480,0,4,,,,,,,,,,,,,,,3,,,60,0,
32640,note_on,0,0,3,,,,,,,,,,,,,,,2,,,65,100,
32640,note_on,120,0,3,,,,,,,,,,,,,,,2,,,65,0,
32760,note_on,0,0,3,,,,,,,,,,,,,,,2,,,67,100,
32760,note_on,120,0,3,,,,,,,,,,,,,,,2,,,65,0,
32880,note_on,0,0,3,,,,,,,,,,,,,,,2,,,69,100,
32880,note_on,120,0,3,,,,,,,,,,,,,,,2,,,67,0,
33000,note_on,0,0,3,,,,,,,,,,,,,,,2,,,72,100,
33000,note_on,120,0,3,,,,,,,,,,,,,,,2,,,69,0,
33120,note_on,120,0,3,,,,,,,,,,,,,,,2,,,72,0,
33120,note_on,0,0,3,,,,,,,,,,,,,,,2,,,63,100,
33240,note_on,120,0,3,,,,,,,,,,,,,,,2,,,63,0,
33240,note_on,0,0,3,,,,,,,,,,,,,,,2,,,62,100,
33360,note_on,120,0,3,,,,,,,,,,,,,,,2,,,62,0,
33360,note_on,0,0,3,,,,,,,,,,,,,,,2,,,63,100,
33480,note_on,0,0,3,,,,,,,,,,,,,,,2,,,72,100,
33480,note_on,120,0,3,,,,,,,,,,,,,,,2,,,63,0,
33600,note_on,120,0,3,,,,,,,,,,,,,,,2,,,72,0,
33600,note_on,0,0,3,,,,,,,,,,,,,,,2,,,62,100,
33660,note_on,0,0,3,,,,,,,,,,,,,,,2,,,65,100,
33660,note_on,60,0,3,,,,,,,,,,,,,,,2,,,62,0,
33720,note_on,0,0,3,,,,,,,,,,,,,,,2,,,67,100,
33720,note_on,60,0,3,,,,,,,,,,,,,,,2,,,65,0,
33780,note_on,0,0,3,,,,,,,,,,,,,,,2,,,69,100,
33780,note_on,60,0,3,,,,,,,,,,,,,,,2,,,67,0,
33840,note_on,0,0,3,,,,,,,,,,,,,,,2,,,70,100,
33840,note_on,60,0,3,,,,,,,,,,,,,,,2,,,69,0,
33960,note_on,120,0,3,,,,,,,,,,,,,,,2,,,70,0,
33960,note_on,0,0,3,,,,,,,,,,,,,,,2,,,74,100,
34080,note_on,120,0,3,,,,,,,,,,,,,,,2,,,74,0,
34080,note_on,0,0,3,,,,,,,,,,,,,,,2,,,79,100,
34200,note_on,120,0,3,,,,,,,,,,,,,,,2,,,79,0,
34200,note_on,0,0,3,,,,,,,,,,,,,,,2,,,74,100,
34320,note_on,0,0,3,,,,,,,,,,,,,,,2,,,71,100,
34320,note_on,120,0,3,,,,,,,,,,,,,,,2,,,74,0,
34440,note_on,0,0,3,,,,,,,,,,,,,,,2,,,65,100,
34440,note_on,120,0,3,,,,,,,,,,,,,,,2,,,71,0,
34560,note_on,0,0,3,,,,,,,,,,,,,,,2,,,64,100,
34560,note_on,120,0,3,,,,,,,,,,,,,,,2,,,65,0,
34620,note_on,0,0,3,,,,,,,,,,,,,,,2,,,67,100,
34620,note_on,60,0,3,,,,,,,,,,,,,,,2,,,64,0,
34680,note_on,60,0,3,,,,,,,,,,,,,,,2,,,67,0,
34680,note_on,0,0,3,,,,,,,,,,,,,,,2,,,69,100,
34740,note_on,0,0,3,,,,,,,,,,,,,,,2,,,71,100,
34740,note_on,60,0,3,,,,,,,,,,,,,,,2,,,69,0,
34800,note_on,60,0,3,,,,,,,,,,,,,,,2,,,71,0,
34800,note_on,0,0,3,,,,,,,,,,,,,,,2,,,72,100,
34860,note_on,0,0,3,,,,,,,,,,,,,,,2,,,74,100,
34860,note_on,60,0,3,,,,,,,,,,,,,,,2,,,72,0,
34920,note_on,0,0,3,,,,,,,,,,,,,,,2,,,76,100,
34920,note_on,60,0,3,,,,,,,,,,,,,,,2,,,74,0,
34980,note_on,0,0,3,,,,,,,,,,,,,,,2,,,77,100,
34980,note_on,60,0,3,,,,,,,,,,,,,,,2,,,76,0,
35040,note_on,0,0,3,,,,,,,,,,,,,,,2,,,79,100,
35040,note_on,60,0,3,,,,,,,,,,,,,,,2,,,77,0,
35100,note_on,0,0,3,,,,,,,,,,,,,,,2,,,76,100,
35100,note_on,60,0,3,,,,,,,,,,,,,,,2,,,79,0,
35160,note_on,0,0,3,,,,,,,,,,,,,,,2,,,72,100,
35160,note_on,60,0,3,,,,,,,,,,,,,,,2,,,76,0,
35220,note_on,0,0,3,,,,,,,,,,,,,,,2,,,74,100,
35220,note_on,60,0,3,,,,,,,,,,,,,,,2,,,72,0,
35280,note_on,0,0,3,,,,,,,,,,,,,,,2,,,76,100,
35280,note_on,60,0,3,,,,,,,,,,,,,,,2,,,74,0,
35340,note_on,0,0,3,,,,,,,,,,,,,,,2,,,77,100,
35340,note_on,60,0,3,,,,,,,,,,,,,,,2,,,76,0,
35400,note_on,0,0,3,,,,,,,,,,,,,,,2,,,79,100,
35400,note_on,60,0,3,,,,,,,,,,,,,,,2,,,77,0,
35460,note_on,60,0,3,,,,,,,,,,,,,,,2,,,79,0,
35460,note_on,0,0,3,,,,,,,,,,,,,,,2,,,81,100,
35520,note_on,60,0,3,,,,,,,,,,,,,,,2,,,81,0,
35520,note_on,0,0,3,,,,,,,,,,,,,,,2,,,82,100,
35580,note_on,60,0,3,,,,,,,,,,,,,,,2,,,82,0,
35580,note_on,0,0,3,,,,,,,,,,,,,,,2,,,81,100,
35640,note_on,60,0,3,,,,,,,,,,,,,,,2,,,81,0,
35640,note_on,0,0,3,,,,,,,,,,,,,,,2,,,82,100,
35700,note_on,60,0,3,,,,,,,,,,,,,,,2,,,82,0,
35700,note_on,0,0,3,,,,,,,,,,,,,,,2,,,86,100,
35760,note_on,0,0,3,,,,,,,,,,,,,,,2,,,84,100,
35760,note_on,60,0,3,,,,,,,,,,,,,,,2,,,86,0,
36000,note_on,240,0,3,,,,,,,,,,,,,,,2,,,84,0,
36000,note_on,0,0,3,,,,,,,,,,,,,,,2,,,70,100,
36180,note_on,180,0,3,,,,,,,,,,,,,,,2,,,70,0,
36180,note_on,0,0,3,,,,,,,,,,,,,,,2,,,76,100,
36240,note_on,60,0,3,,,,,,,,,,,,,,,2,,,76,0,
36240,note_on,0,0,3,,,,,,,,,,,,,,,2,,,77,100,
36300,note_on,60,0,3,,,,,,,,,,,,,,,2,,,77,0,
36300,note_on,0,0,3,,,,,,,,,,,,,,,2,,,76,100,
36360,note_on,60,0,3,,,,,,,,,,,,,,,2,,,76,0,
36360,note_on,0,0,3,,,,,,,,,,,,,,,2,,,74,100,
36420,note_on,60,0,3,,,,,,,,,,,,,,,2,,,74,0,
36420,note_on,0,0,3,,,,,,,,,,,,,,,2,,,72,100,
36480,note_on,60,0,3,,,,,,,,,,,,,,,2,,,72,0,
36480,note_on,3840,0,4,,,,,,,,,,,,,,,3,,,69,100,
36480,note_on,0,0,3,,,,,,,,,,,,,,,2,,,77,100,
36600,note_on,120,0,3,,,,,,,,,,,,,,,2,,,77,0,
36600,note_on,0,0,3,,,,,,,,,,,,,,,2,,,76,100,
36660,note_on,0,0,3,,,,,,,,,,,,,,,2,,,74,100,
36660,note_on,60,0,3,,,,,,,,,,,,,,,2,,,76,0,
36720,note_on,0,0,3,,,,,,,,,,,,,,,2,,,72,100,
36720,note_on,240,0,4,,,,,,,,,,,,,,,3,,,69,0,
36720,note_on,60,0,3,,,,,,,,,,,,,,,2,,,74,0,
36840,note_on,120,0,4,,,,,,,,,,,,,,,3,,,65,100,
36840,note_on,0,0,3,,,,,,,,,,,,,,,2,,,74,100,
36840,note_on,120,0,3,,,,,,,,,,,,,,,2,,,72,0,
36960,note_on,0,0,4,,,,,,,,,,,,,,,3,,,60,100,
36960,note_on,120,0,3,,,,,,,,,,,,,,,2,,,74,0,
36960,note_on,120,0,4,,,,,,,,,,,,,,,3,,,65,0,
36960,note_on,0,0,3,,,,,,,,,,,,,,,2,,,69,100,
37200,note_on,240,0,3,,,,,,,,,,,,,,,2,,,69,0,
37200,note_on,0,0,3,,,,,,,,,,,,,,,2,,,67,100,
37260,note_on,0,0,3,,,,,,,,,,,,,,,2,,,65,100,
37260,note_on,60,0,3,,,,,,,,,,,,,,,2,,,67,0,
37320,note_on,0,0,3,,,,,,,,,,,,,,,2,,,67,100,
37320,note_on,60,0,3,,,,,,,,,,,,,,,2,,,65,0,
37440,note_on,0,0,4,,,,,,,,,,,,,,,3,,,59,100,
37440,note_on,8400,0,1,,,,,,,,,,,,,,,0,,,77,100,
37440,note_on,120,0,3,,,,,,,,,,,,,,,2,,,67,0,
37440,note_on,480,0,4,,,,,,,,,,,,,,,3,,,60,0,
37440,note_on,5280,0,2,,,,,,,,,,,,,,,1,,,74,100,
37440,note_on,0,0,3,,,,,,,,,,,,,,,2,,,68,100,
37560,note_on,120,0,4,,,,,,,,,,,,,,,3,,,59,0,
37560,note_on,120,0,3,,,,,,,,,,,,,,,2,,,68,0,
37560,note_on,120,0,2,,,,,,,,,,,,,,,1,,,74,0,
37560,note_on,0,0,1,,,,,,,,,,,,,,,0,,,80,100,
37560,note_on,120,0,1,,,,,,,,,,,,,,,0,,,77,0,
37620,note_on,0,0,1,,,,,,,,,,,,,,,0,,,79,100,
37620,note_on,60,0,1,,,,,,,,,,,,,,,0,,,80,0,
37680,note_on,0,0,1,,,,,,,,,,,,,,,0,,,80,100,
37680,note_on,60,0,1,,,,,,,,,,,,,,,0,,,79,0,
37920,note_on,240,0,1,,,,,,,,,,,,,,,0,,,80,0,
37920,note_on,0,0,1,,,,,,,,,,,,,,,0,,,71,100,
38100,note_on,180,0,1,,,,,,,,,,,,,,,0,,,71,0,
38100,note_on,0,0,1,,,,,,,,,,,,,,,0,,,80,100,
38160,note_on,60,0,1,,,,,,,,,,,,,,,0,,,80,0,
38160,note_on,0,0,1,,,,,,,,,,,,,,,0,,,79,100,
38220,note_on,60,0,1,,,,,,,,,,,,,,,0,,,79,0,
38220,note_on,0,0,1,,,,,,,,,,,,,,,0,,,77,100,
38280,note_on,0,0,1,,,,,,,,,,,,,,,0,,,76,100,
38280,note_on,60,0,1,,,,,,,,,,,,,,,0,,,77,0,
38340,note_on,0,0,1,,,,,,,,,,,,,,,0,,,77,100,
38340,note_on,60,0,1,,,,,,,,,,,,,,,0,,,76,0,
38400,note_on,0,0,1,,,,,,,,,,,,,,,0,,,72,100,
38400,note_on,60,0,1,,,,,,,,,,,,,,,0,,,77,0,
38400,note_on,840,0,3,,,,,,,,,,,,,,,2,,,69,100,
38400,note_on,840,0,4,,,,,,,,,,,,,,,3,,,60,100,
38460,note_on,0,0,1,,,,,,,,,,,,,,,0,,,76,100,
38460,note_on,60,0,1,,,,,,,,,,,,,,,0,,,72,0,
38520,note_on,0,0,1,,,,,,,,,,,,,,,0,,,77,100,
38520,note_on,60,0,1,,,,,,,,,,,,,,,0,,,76,0,
38580,note_on,0,0,1,,,,,,,,,,,,,,,0,,,82,100,
38580,note_on,60,0,1,,,,,,,,,,,,,,,0,,,77,0,
38640,note_on,60,0,1,,,,,,,,,,,,,,,0,,,82,0,
38640,note_on,240,0,4,,,,,,,,,,,,,,,3,,,60,0,
38640,note_on,0,0,1,,,,,,,,,,,,,,,0,,,81,100,
38640,note_on,240,0,3,,,,,,,,,,,,,,,2,,,69,0,
38700,note_on,60,0,1,,,,,,,,,,,,,,,0,,,81,0,
38700,note_on,0,0,1,,,,,,,,,,,,,,,0,,,79,100,
38760,note_on,0,0,1,,,,,,,,,,,,,,,0,,,76,100,
38760,note_on,60,0,1,,,,,,,,,,,,,,,0,,,79,0,
38820,note_on,60,0,1,,,,,,,,,,,,,,,0,,,76,0,
38820,note_on,0,0,1,,,,,,,,,,,,,,,0,,,77,100,
38880,note_on,240,0,3,,,,,,,,,,,,,,,2,,,67,100,
38880,note_on,1320,0,2,,,,,,,,,,,,,,,1,,,70,100,
38880,note_on,240,0,4,,,,,,,,,,,,,,,3,,,60,100,
38880,note_on,60,0,1,,,,,,,,,,,,,,,0,,,77,0,
38880,pitchwheel,0,0,1,,,,,,,,,,,,,,,0,,,,,4096
38880,note_on,0,0,1,,,,,,,,,,,,,,,0,,,76,100,
38910,pitchwheel,30,0,1,,,,,,,,,,,,,,,0,,,,,0
38940,pitchwheel,30,0,1,,,,,,,,,,,,,,,0,,,,,4096
38970,pitchwheel,30,0,1,,,,,,,,,,,,,,,0,,,,,0
39000,pitchwheel,30,0,1,,,,,,,,,,,,,,,0,,,,,4096
39020,pitchwheel,20,0,1,,,,,,,,,,,,,,,0,,,,,0
39040,pitchwheel,20,0,1,,,,,,,,,,,,,,,0,,,,,4096
39060,pitchwheel,20,0,1,,,,,,,,,,,,,,,0,,,,,0
39240,note_on,180,0,1,,,,,,,,,,,,,,,0,,,76,0,
39240,note_on,0,0,1,,,,,,,,,,,,,,,0,,,77,100,
39360,note_on,0,0,1,,,,,,,,,,,,,,,0,,,77,100,
39360,note_on,120,0,1,,,,,,,,,,,,,,,0,,,77,0,
39360,note_on,0,0,4,,,,,,,,,,,,,,,3,,,65,100,
39360,note_on,480,0,4,,,,,,,,,,,,,,,3,,,60,0,
39360,end_of_track,0,1,2,,,,,,,,,,,,,,,,,,,,
39360,note_on,480,0,3,,,,,,,,,,,,,,,2,,,67,0,
39360,note_on,0,0,3,,,,,,,,,,,,,,,2,,,69,100,
39360,note_on,480,0,2,,,,,,,,,,,,,,,1,,,70,0,
40320,note_on,960,0,4,,,,,,,,,,,,,,,3,,,65,0,
40320,note_on,960,0,1,,,,,,,,,,,,,,,0,,,77,0,
40320,end_of_track,0,1,1,,,,,,,,,,,,,,,,,,,,
40320,note_on,960,0,3,,,,,,,,,,,,,,,2,,,69,0,
40320,end_of_track,0,1,3,,,,,,,,,,,,,,,,,,,,
40320,end_of_track,0,1,4,,,,,,,,,,,,,,,,,,,,
