tick,type,time,meta,track,numerator,denominator,clocks_per_click,notated_32nd_notes_per_beat,key,tempo,program,channel,control,value,note,velocity
0,track_name,0,1,0,,,,,,,,,,,,
0,control_change,0,0,2,,,,,,,,2,93,92,,
0,control_change,0,0,2,,,,,,,,2,7,91,,
0,control_change,0,0,2,,,,,,,,2,10,64,,
0,control_change,0,0,2,,,,,,,,2,7,66,,
0,program_change,0,0,2,,,,,,,0,2,,,,
0,track_name,0,1,2,,,,,,,,,,,,
0,control_change,0,0,1,,,,,,,,0,93,98,,
0,control_change,0,0,1,,,,,,,,0,7,98,,
0,control_change,0,0,1,,,,,,,,0,10,64,,
0,control_change,0,0,1,,,,,,,,0,7,101,,
0,program_change,0,0,1,,,,,,,0,0,,,,
0,track_name,0,1,1,,,,,,,,,,,,
0,end_of_track,0,1,3,,,,,,,,,,,,
0,key_signature,0,1,0,,,,,D,,,,,,,
0,time_signature,0,1,0,3,8,12,8,,,,,,,,
0,set_tempo,0,1,0,,,,,,705882,,,,,,
5,set_tempo,5,1,0,,,,,,755668,,,,,,
10,control_change,10,0,2,,,,,,,,2,7,95,,
120,note_on,120,0,1,,,,,,,,0,,,62,127
130,control_change,120,0,2,,,,,,,,2,7,96,,
144,note_on,24,0,1,,,,,,,,0,,,62,0
150,note_on,6,0,1,,,,,,,,0,,,64,127
174,note_on,24,0,1,,,,,,,,0,,,64,0
180,note_on,6,0,1,,,,,,,,0,,,66,127
204,note_on,24,0,1,,,,,,,,0,,,66,0
210,note_on,6,0,1,,,,,,,,0,,,64,127
234,note_on,24,0,1,,,,,,,,0,,,64,0
240,note_on,6,0,1,,,,,,,,0,,,67,127
264,note_on,24,0,1,,,,,,,,0,,,67,0
270,note_on,6,0,1,,,,,,,,0,,,66,127
294,note_on,24,0,1,,,,,,,,0,,,66,0
300,note_on,6,0,1,,,,,,,,0,,,64,127
324,note_on,24,0,1,,,,,,,,0,,,64,0
330,note_on,6,0,1,,,,,,,,0,,,62,127
354,note_on,24,0,1,,,,,,,,0,,,62,0
360,control_change,0,0,1,,,,,,,,0,7,97,,
360,note_on,6,0,1,,,,,,,,0,,,69,127
384,note_on,24,0,1,,,,,,,,0,,,69,0
390,note_on,6,0,1,,,,,,,,0,,,67,127
400,control_change,10,0,1,,,,,,,,0,7,98,,
414,note_on,14,0,1,,,,,,,,0,,,67,0
420,note_on,6,0,1,,,,,,,,0,,,66,127
440,control_change,20,0,1,,,,,,,,0,7,99,,
444,note_on,4,0,1,,,,,,,,0,,,66,0
450,note_on,6,0,1,,,,,,,,0,,,64,127
474,note_on,24,0,1,,,,,,,,0,,,64,0
480,control_change,0,0,1,,,,,,,,0,7,100,,
480,note_on,6,0,1,,,,,,,,0,,,66,127
480,note_on,350,0,2,,,,,,,,2,,,50,127
504,note_on,24,0,2,,,,,,,,2,,,50,0
504,note_on,24,0,1,,,,,,,,0,,,66,0
510,note_on,6,0,2,,,,,,,,2,,,52,127
510,note_on,6,0,1,,,,,,,,0,,,62,127
520,control_change,10,0,1,,,,,,,,0,7,101,,
534,note_on,14,0,1,,,,,,,,0,,,62,0
534,note_on,24,0,2,,,,,,,,2,,,52,0
540,note_on,6,0,2,,,,,,,,2,,,54,127
540,note_on,6,0,1,,,,,,,,0,,,69,127
560,control_change,20,0,1,,,,,,,,0,7,102,,
564,note_on,24,0,2,,,,,,,,2,,,54,0
570,note_on,6,0,2,,,,,,,,2,,,52,127
594,note_on,24,0,2,,,,,,,,2,,,52,0
598,note_on,38,0,1,,,,,,,,0,,,71,127
600,note_on,6,0,2,,,,,,,,2,,,55,127
600,control_change,0,0,1,,,,,,,,0,7,103,,
600,note_on,2,0,1,,,,,,,,0,,,69,0
624,note_on,24,0,2,,,,,,,,2,,,55,0
630,note_on,6,0,2,,,,,,,,2,,,54,127
630,control_change,30,0,1,,,,,,,,0,7,104,,
654,note_on,24,0,2,,,,,,,,2,,,54,0
658,note_on,28,0,1,,,,,,,,0,,,71,0
660,note_on,6,0,2,,,,,,,,2,,,52,127
660,note_on,2,0,1,,,,,,,,0,,,73,127
667,note_on,7,0,1,,,,,,,,0,,,73,0
667,note_on,0,0,1,,,,,,,,0,,,71,127
670,control_change,3,0,1,,,,,,,,0,7,105,,
674,note_on,4,0,1,,,,,,,,0,,,71,0
674,note_on,0,0,1,,,,,,,,0,,,73,127
684,note_on,24,0,2,,,,,,,,2,,,52,0
689,note_on,15,0,1,,,,,,,,0,,,73,0
690,note_on,6,0,2,,,,,,,,2,,,50,127
690,note_on,1,0,1,,,,,,,,0,,,74,127
710,control_change,20,0,1,,,,,,,,0,7,106,,
714,note_on,24,0,2,,,,,,,,2,,,50,0
720,note_on,10,0,1,,,,,,,,0,,,74,0
720,note_on,6,0,2,,,,,,,,2,,,57,127
720,note_on,0,0,1,,,,,,,,0,,,73,127
744,note_on,24,0,2,,,,,,,,2,,,57,0
750,note_on,6,0,2,,,,,,,,2,,,55,127
750,control_change,30,0,1,,,,,,,,0,7,107,,
774,note_on,24,0,2,,,,,,,,2,,,55,0
778,note_on,28,0,1,,,,,,,,0,,,71,127
780,note_on,6,0,2,,,,,,,,2,,,54,127
780,note_on,2,0,1,,,,,,,,0,,,73,0
790,control_change,10,0,1,,,,,,,,0,7,108,,
793,note_on,3,0,1,,,,,,,,0,,,71,0
801,note_on,8,0,1,,,,,,,,0,,,69,127
804,note_on,24,0,2,,,,,,,,2,,,54,0
810,note_on,6,0,2,,,,,,,,2,,,52,127
830,control_change,29,0,1,,,,,,,,0,7,109,,
834,note_on,24,0,2,,,,,,,,2,,,52,0
840,note_on,10,0,1,,,,,,,,0,,,73,127
840,note_on,6,0,2,,,,,,,,2,,,54,127
846,note_on,6,0,1,,,,,,,,0,,,69,0
864,note_on,24,0,2,,,,,,,,2,,,54,0
864,note_on,18,0,1,,,,,,,,0,,,73,0
870,control_change,0,0,1,,,,,,,,0,7,110,,
870,note_on,6,0,2,,,,,,,,2,,,50,127
870,note_on,6,0,1,,,,,,,,0,,,74,127
894,note_on,24,0,1,,,,,,,,0,,,74,0
894,note_on,24,0,2,,,,,,,,2,,,50,0
900,control_change,0,0,1,,,,,,,,0,7,111,,
900,note_on,6,0,1,,,,,,,,0,,,76,127
900,control_change,0,0,2,,,,,,,,2,7,112,,
900,note_on,6,0,2,,,,,,,,2,,,57,127
924,note_on,24,0,1,,,,,,,,0,,,76,0
930,note_on,6,0,1,,,,,,,,0,,,73,127
950,control_change,50,0,2,,,,,,,,2,7,111,,
954,note_on,24,0,1,,,,,,,,0,,,73,0
958,note_on,8,0,2,,,,,,,,2,,,45,127
960,note_on,2,0,2,,,,,,,,2,,,57,0
960,note_on,6,0,1,,,,,,,,0,,,78,127
984,note_on,24,0,1,,,,,,,,0,,,78,0
990,note_on,6,0,1,,,,,,,,0,,,74,127
1000,control_change,40,0,2,,,,,,,,2,7,110,,
1014,note_on,24,0,1,,,,,,,,0,,,74,0
1018,note_on,18,0,2,,,,,,,,2,,,45,0
1020,note_on,2,0,2,,,,,,,,2,,,57,127
1020,note_on,6,0,1,,,,,,,,0,,,73,127
1044,note_on,24,0,2,,,,,,,,2,,,57,0
1044,note_on,24,0,1,,,,,,,,0,,,73,0
1050,note_on,6,0,1,,,,,,,,0,,,71,127
1074,note_on,24,0,1,,,,,,,,0,,,71,0
1080,note_on,6,0,1,,,,,,,,0,,,76,127
1080,note_on,36,0,2,,,,,,,,2,,,57,127
1104,note_on,24,0,1,,,,,,,,0,,,76,0
1110,note_on,6,0,1,,,,,,,,0,,,73,127
1134,note_on,24,0,1,,,,,,,,0,,,73,0
1137,note_on,57,0,2,,,,,,,,2,,,45,127
1140,note_on,6,0,1,,,,,,,,0,,,74,127
1140,note_on,3,0,2,,,,,,,,2,,,57,0
1164,note_on,24,0,1,,,,,,,,0,,,74,0
1170,note_on,6,0,1,,,,,,,,0,,,71,127
1194,note_on,24,0,1,,,,,,,,0,,,71,0
1197,note_on,57,0,2,,,,,,,,2,,,45,0
1200,note_on,6,0,1,,,,,,,,0,,,69,127
1200,note_on,3,0,2,,,,,,,,2,,,57,127
1224,note_on,24,0,1,,,,,,,,0,,,69,0
1224,note_on,24,0,2,,,,,,,,2,,,57,0
1230,note_on,6,0,1,,,,,,,,0,,,68,127
1254,note_on,24,0,1,,,,,,,,0,,,68,0
1260,note_on,6,0,1,,,,,,,,0,,,76,127
1260,note_on,36,0,2,,,,,,,,2,,,57,127
1284,note_on,24,0,1,,,,,,,,0,,,76,0
1290,note_on,6,0,1,,,,,,,,0,,,73,127
1300,control_change,10,0,1,,,,,,,,0,10,49,,
1314,note_on,14,0,1,,,,,,,,0,,,73,0
1316,note_on,56,0,2,,,,,,,,2,,,45,127
1320,note_on,4,0,2,,,,,,,,2,,,57,0
1320,note_on,0,0,1,,,,,,,,0,,,78,127
1320,control_change,6,0,1,,,,,,,,0,10,46,,
1330,control_change,10,0,1,,,,,,,,0,10,44,,
1335,control_change,5,0,1,,,,,,,,0,10,42,,
1340,control_change,5,0,1,,,,,,,,0,10,40,,
1344,control_change,0,0,1,,,,,,,,0,10,37,,
1344,note_on,4,0,1,,,,,,,,0,,,78,0
1350,note_on,6,0,1,,,,,,,,0,,,74,127
1355,control_change,5,0,1,,,,,,,,0,10,33,,
1355,control_change,0,0,1,,,,,,,,0,10,35,,
1360,control_change,5,0,1,,,,,,,,0,10,30,,
1365,control_change,5,0,1,,,,,,,,0,10,27,,
1374,note_on,9,0,1,,,,,,,,0,,,74,0
1376,note_on,56,0,2,,,,,,,,2,,,45,0
1380,note_on,4,0,2,,,,,,,,2,,,57,127
1380,note_on,6,0,1,,,,,,,,0,,,73,127
1385,control_change,5,0,1,,,,,,,,0,10,24,,
1395,control_change,10,0,1,,,,,,,,0,10,21,,
1404,note_on,9,0,1,,,,,,,,0,,,73,0
1404,note_on,24,0,2,,,,,,,,2,,,57,0
1410,note_on,6,0,1,,,,,,,,0,,,71,127
1434,note_on,24,0,1,,,,,,,,0,,,71,0
1440,note_on,36,0,2,,,,,,,,2,,,57,127
1440,note_on,6,0,1,,,,,,,,0,,,76,127
1464,note_on,24,0,1,,,,,,,,0,,,76,0
1470,note_on,6,0,1,,,,,,,,0,,,73,127
1494,note_on,24,0,1,,,,,,,,0,,,73,0
1496,note_on,56,0,2,,,,,,,,2,,,45,127
1500,note_on,4,0,2,,,,,,,,2,,,57,0
1500,note_on,6,0,1,,,,,,,,0,,,74,127
1524,note_on,24,0,1,,,,,,,,0,,,74,0
1530,note_on,6,0,1,,,,,,,,0,,,71,127
1554,note_on,24,0,1,,,,,,,,0,,,71,0
1556,note_on,56,0,2,,,,,,,,2,,,45,0
1560,note_on,6,0,1,,,,,,,,0,,,69,127
1560,note_on,4,0,2,,,,,,,,2,,,57,127
1584,note_on,24,0,1,,,,,,,,0,,,69,0
1584,note_on,24,0,2,,,,,,,,2,,,57,0
1590,note_on,6,0,1,,,,,,,,0,,,68,127
1614,note_on,24,0,1,,,,,,,,0,,,68,0
1620,note_on,6,0,1,,,,,,,,0,,,73,127
1620,note_on,36,0,2,,,,,,,,2,,,45,127
1644,note_on,24,0,1,,,,,,,,0,,,73,0
1650,note_on,6,0,1,,,,,,,,0,,,71,127
1674,note_on,24,0,1,,,,,,,,0,,,71,0
1679,note_on,59,0,2,,,,,,,,2,,,47,127
1680,note_on,1,0,2,,,,,,,,2,,,45,0
1680,note_on,6,0,1,,,,,,,,0,,,74,127
1704,note_on,24,0,1,,,,,,,,0,,,74,0
1710,note_on,6,0,1,,,,,,,,0,,,73,127
1734,note_on,24,0,1,,,,,,,,0,,,73,0
1738,note_on,58,0,2,,,,,,,,2,,,49,127
1739,note_on,1,0,2,,,,,,,,2,,,47,0
1740,note_on,6,0,1,,,,,,,,0,,,71,127
1745,control_change,6,0,2,,,,,,,,2,10,67,,
1745,control_change,0,0,2,,,,,,,,2,10,63,,
1755,control_change,10,0,2,,,,,,,,2,10,68,,
1760,control_change,5,0,2,,,,,,,,2,10,70,,
1764,note_on,24,0,1,,,,,,,,0,,,71,0
1764,control_change,4,0,2,,,,,,,,2,10,84,,
1770,note_on,6,0,1,,,,,,,,0,,,69,127
1775,control_change,11,0,2,,,,,,,,2,10,89,,
1780,control_change,5,0,2,,,,,,,,2,10,93,,
1794,note_on,24,0,1,,,,,,,,0,,,69,0
1794,control_change,14,0,2,,,,,,,,2,10,99,,
1798,note_on,4,0,2,,,,,,,,2,,,49,0
1800,note_on,6,0,1,,,,,,,,0,,,78,127
1800,note_on,2,0,2,,,,,,,,2,,,50,127
1824,note_on,24,0,2,,,,,,,,2,,,50,0
1824,control_change,0,0,2,,,,,,,,2,10,105,,
1830,note_on,6,0,2,,,,,,,,2,,,49,127
1845,control_change,15,0,2,,,,,,,,2,10,112,,
1854,note_on,9,0,2,,,,,,,,2,,,49,0
1859,note_on,59,0,1,,,,,,,,0,,,68,127
1860,note_on,6,0,2,,,,,,,,2,,,52,127
1860,note_on,1,0,1,,,,,,,,0,,,78,0
1884,note_on,24,0,2,,,,,,,,2,,,52,0
1890,note_on,6,0,2,,,,,,,,2,,,50,127
1914,note_on,24,0,2,,,,,,,,2,,,50,0
1919,note_on,59,0,1,,,,,,,,0,,,68,0
1920,note_on,6,0,2,,,,,,,,2,,,49,127
1920,note_on,1,0,1,,,,,,,,0,,,69,127
1944,note_on,24,0,2,,,,,,,,2,,,49,0
1950,note_on,6,0,2,,,,,,,,2,,,47,127
1974,note_on,24,0,2,,,,,,,,2,,,47,0
1980,note_on,6,0,2,,,,,,,,2,,,49,127
2004,note_on,24,0,2,,,,,,,,2,,,49,0
2010,note_on,6,0,2,,,,,,,,2,,,50,127
2010,note_on,90,0,1,,,,,,,,0,,,69,0
2010,note_on,0,0,1,,,,,,,,0,,,71,127
2034,note_on,24,0,2,,,,,,,,2,,,50,0
2034,note_on,24,0,1,,,,,,,,0,,,71,0
2038,note_on,4,0,2,,,,,,,,2,,,52,127
2040,note_on,6,0,1,,,,,,,,0,,,71,127
2050,control_change,10,0,1,,,,,,,,0,7,110,,
2052,note_on,2,0,1,,,,,,,,0,,,71,0
2055,note_on,3,0,1,,,,,,,,0,,,73,127
2060,control_change,5,0,1,,,,,,,,0,7,108,,
2067,note_on,7,0,1,,,,,,,,0,,,73,0
2070,control_change,3,0,1,,,,,,,,0,7,105,,
2074,note_on,4,0,1,,,,,,,,0,,,71,127
2080,control_change,6,0,1,,,,,,,,0,7,103,,
2090,control_change,10,0,1,,,,,,,,0,7,100,,
2097,note_on,59,0,2,,,,,,,,2,,,40,127
2098,note_on,1,0,2,,,,,,,,2,,,52,0
2100,control_change,10,0,1,,,,,,,,0,7,97,,
2110,control_change,10,0,1,,,,,,,,0,7,95,,
2120,control_change,10,0,1,,,,,,,,0,7,92,,
2127,note_on,29,0,2,,,,,,,,2,,,40,0
2130,note_on,10,0,1,,,,,,,,0,,,69,127
2130,control_change,0,0,1,,,,,,,,0,7,90,,
2134,note_on,4,0,1,,,,,,,,0,,,71,0
2140,control_change,6,0,1,,,,,,,,0,7,87,,
2150,control_change,10,0,1,,,,,,,,0,7,84,,
2150,control_change,23,0,2,,,,,,,,2,7,72,,
2154,note_on,4,0,1,,,,,,,,0,,,69,0
2160,note_on,6,0,1,,,,,,,,0,,,69,127
2160,note_on,10,0,2,,,,,,,,2,,,45,127
2160,control_change,0,0,1,,,,,,,,0,7,82,,
2170,control_change,10,0,1,,,,,,,,0,7,79,,
2180,control_change,10,0,1,,,,,,,,0,7,76,,
2184,note_on,24,0,2,,,,,,,,2,,,45,0
2190,note_on,6,0,2,,,,,,,,2,,,40,127
2200,control_change,20,0,1,,,,,,,,0,7,73,,
2214,note_on,24,0,2,,,,,,,,2,,,40,0
2220,note_on,6,0,2,,,,,,,,2,,,42,127
2240,control_change,40,0,1,,,,,,,,0,7,74,,
2244,note_on,24,0,2,,,,,,,,2,,,42,0
2250,note_on,6,0,2,,,,,,,,2,,,44,127
2270,control_change,30,0,1,,,,,,,,0,7,75,,
2274,note_on,24,0,2,,,,,,,,2,,,44,0
2280,note_on,6,0,2,,,,,,,,2,,,45,127
2280,note_on,10,0,1,,,,,,,,0,,,69,0
2304,note_on,24,0,2,,,,,,,,2,,,45,0
2310,control_change,30,0,1,,,,,,,,0,7,76,,
2310,note_on,6,0,2,,,,,,,,2,,,47,127
2330,control_change,20,0,2,,,,,,,,2,7,66,,
2334,note_on,4,0,2,,,,,,,,2,,,47,0
2340,control_change,30,0,1,,,,,,,,0,7,77,,
2340,note_on,6,0,2,,,,,,,,2,,,49,127
2360,control_change,20,0,2,,,,,,,,2,7,67,,
2364,note_on,4,0,2,,,,,,,,2,,,49,0
2370,note_on,6,0,2,,,,,,,,2,,,47,127
2380,control_change,40,0,1,,,,,,,,0,7,78,,
2380,control_change,10,0,2,,,,,,,,2,7,68,,
2394,note_on,14,0,2,,,,,,,,2,,,47,0
2400,note_on,6,0,2,,,,,,,,2,,,50,127
2402,note_on,22,0,1,,,,,,,,0,,,76,127
2410,control_change,8,0,1,,,,,,,,0,7,79,,
2410,control_change,10,0,2,,,,,,,,2,7,69,,
2424,note_on,14,0,2,,,,,,,,2,,,50,0
2430,note_on,6,0,2,,,,,,,,2,,,49,127
2430,control_change,0,0,2,,,,,,,,2,7,70,,
2440,control_change,30,0,1,,,,,,,,0,7,80,,
2454,note_on,24,0,2,,,,,,,,2,,,49,0
2460,control_change,0,0,2,,,,,,,,2,7,71,,
2460,note_on,6,0,2,,,,,,,,2,,,47,127
2460,note_on,20,0,1,,,,,,,,0,,,81,120
2462,note_on,2,0,1,,,,,,,,0,,,76,0
2480,control_change,18,0,1,,,,,,,,0,7,81,,
2480,control_change,20,0,2,,,,,,,,2,7,72,,
2484,note_on,4,0,2,,,,,,,,2,,,47,0
2490,note_on,6,0,2,,,,,,,,2,,,45,127
2510,control_change,30,0,1,,,,,,,,0,7,82,,
2510,control_change,20,0,2,,,,,,,,2,7,73,,
2514,note_on,4,0,2,,,,,,,,2,,,45,0
2520,note_on,6,0,2,,,,,,,,2,,,52,127
2530,control_change,10,0,2,,,,,,,,2,7,74,,
2544,note_on,34,0,1,,,,,,,,0,,,81,0
2550,note_on,6,0,1,,,,,,,,0,,,71,120
2550,control_change,0,0,1,,,,,,,,0,7,83,,
2550,control_change,20,0,2,,,,,,,,2,7,75,,
2574,note_on,24,0,1,,,,,,,,0,,,71,0
2578,note_on,28,0,2,,,,,,,,2,,,40,127
2580,control_change,0,0,1,,,,,,,,0,7,84,,
2580,note_on,2,0,2,,,,,,,,2,,,52,0
2580,control_change,0,0,2,,,,,,,,2,7,76,,
2580,note_on,6,0,1,,,,,,,,0,,,73,120
2600,control_change,20,0,2,,,,,,,,2,7,77,,
2604,note_on,24,0,1,,,,,,,,0,,,73,0
2608,note_on,8,0,2,,,,,,,,2,,,40,0
2610,control_change,0,0,1,,,,,,,,0,7,85,,
2610,note_on,6,0,1,,,,,,,,0,,,75,120
2630,control_change,22,0,2,,,,,,,,2,7,78,,
2634,note_on,24,0,1,,,,,,,,0,,,75,0
2640,note_on,6,0,1,,,,,,,,0,,,76,120
2650,control_change,10,0,1,,,,,,,,0,7,86,,
2650,control_change,20,0,2,,,,,,,,2,7,79,,
2664,note_on,14,0,1,,,,,,,,0,,,76,0
2670,note_on,6,0,1,,,,,,,,0,,,78,120
2680,control_change,30,0,2,,,,,,,,2,7,80,,
2680,control_change,10,0,1,,,,,,,,0,7,87,,
2694,note_on,14,0,1,,,,,,,,0,,,78,0
2700,control_change,20,0,2,,,,,,,,2,7,81,,
2700,note_on,6,0,1,,,,,,,,0,,,79,120
2720,control_change,20,0,1,,,,,,,,0,7,88,,
2724,note_on,4,0,1,,,,,,,,0,,,79,0
2730,note_on,6,0,1,,,,,,,,0,,,78,120
2730,control_change,30,0,2,,,,,,,,2,7,82,,
2750,control_change,20,0,2,,,,,,,,2,7,83,,
2750,control_change,20,0,1,,,,,,,,0,7,89,,
2754,note_on,4,0,1,,,,,,,,0,,,78,0
2760,note_on,6,0,1,,,,,,,,0,,,81,120
2762,note_on,12,0,2,,,,,,,,2,,,47,127
2770,control_change,8,0,2,,,,,,,,2,7,84,,
2780,control_change,20,0,1,,,,,,,,0,7,90,,
2784,note_on,4,0,1,,,,,,,,0,,,81,0
2790,note_on,6,0,1,,,,,,,,0,,,79,120
2800,control_change,30,0,2,,,,,,,,2,7,85,,
2814,note_on,24,0,1,,,,,,,,0,,,79,0
2817,note_on,17,0,2,,,,,,,,2,,,52,127
2820,control_change,3,0,2,,,,,,,,2,7,86,,
2820,control_change,0,0,1,,,,,,,,0,7,91,,
2820,note_on,6,0,1,,,,,,,,0,,,78,120
2822,note_on,2,0,2,,,,,,,,2,,,47,0
2844,note_on,24,0,1,,,,,,,,0,,,78,0
2850,control_change,0,0,1,,,,,,,,0,7,92,,
2850,note_on,6,0,1,,,,,,,,0,,,76,120
2850,control_change,28,0,2,,,,,,,,2,7,87,,
2870,control_change,20,0,2,,,,,,,,2,7,88,,
2874,note_on,24,0,1,,,,,,,,0,,,76,0
2880,note_on,6,0,1,,,,,,,,0,,,83,127
2890,control_change,10,0,1,,,,,,,,0,7,93,,
2900,control_change,30,0,2,,,,,,,,2,7,89,,
2907,note_on,7,0,2,,,,,,,,2,,,52,0
2910,note_on,3,0,2,,,,,,,,2,,,42,127
2920,control_change,10,0,2,,,,,,,,2,7,90,,
2920,control_change,30,0,1,,,,,,,,0,7,94,,
2934,note_on,14,0,2,,,,,,,,2,,,42,0
2936,note_on,16,0,1,,,,,,,,0,,,71,127
2940,note_on,4,0,1,,,,,,,,0,,,83,0
2940,note_on,6,0,2,,,,,,,,2,,,44,127
2950,control_change,10,0,2,,,,,,,,2,7,91,,
2950,control_change,10,0,1,,,,,,,,0,7,95,,
2964,note_on,14,0,2,,,,,,,,2,,,44,0
2966,note_on,16,0,1,,,,,,,,0,,,71,0
2970,control_change,0,0,2,,,,,,,,2,7,92,,
2970,note_on,6,0,2,,,,,,,,2,,,46,127
2990,control_change,20,0,2,,,,,,,,2,7,93,,
2990,control_change,24,0,1,,,,,,,,0,7,96,,
2994,note_on,4,0,2,,,,,,,,2,,,46,0
3000,note_on,6,0,2,,,,,,,,2,,,47,127
3020,control_change,20,0,2,,,,,,,,2,7,94,,
3020,control_change,30,0,1,,,,,,,,0,7,97,,
3024,note_on,4,0,2,,,,,,,,2,,,47,0
3030,note_on,6,0,2,,,,,,,,2,,,49,127
3040,control_change,10,0,2,,,,,,,,2,7,95,,
3054,note_on,14,0,2,,,,,,,,2,,,49,0
3060,note_on,6,0,2,,,,,,,,2,,,50,127
3060,control_change,40,0,1,,,,,,,,0,7,98,,
3070,control_change,10,0,2,,,,,,,,2,7,96,,
3084,note_on,14,0,2,,,,,,,,2,,,50,0
3090,control_change,30,0,1,,,,,,,,0,7,99,,
3090,control_change,0,0,2,,,,,,,,2,7,97,,
3090,note_on,6,0,2,,,,,,,,2,,,49,127
3114,note_on,24,0,2,,,,,,,,2,,,49,0
3119,note_on,29,0,1,,,,,,,,0,,,66,127
3120,control_change,0,0,2,,,,,,,,2,7,98,,
3120,note_on,6,0,2,,,,,,,,2,,,52,127
3120,control_change,1,0,1,,,,,,,,0,7,100,,
3140,control_change,20,0,2,,,,,,,,2,7,99,,
3144,note_on,4,0,2,,,,,,,,2,,,52,0
3150,note_on,6,0,2,,,,,,,,2,,,50,127
3160,control_change,40,0,1,,,,,,,,0,7,101,,
3170,control_change,20,0,2,,,,,,,,2,7,100,,
3174,note_on,4,0,2,,,,,,,,2,,,50,0
3179,note_on,19,0,1,,,,,,,,0,,,66,0
3180,note_on,6,0,2,,,,,,,,2,,,49,127
3180,note_on,1,0,1,,,,,,,,0,,,71,120
3190,control_change,10,0,1,,,,,,,,0,7,102,,
3190,control_change,10,0,2,,,,,,,,2,7,101,,
3204,note_on,14,0,2,,,,,,,,2,,,49,0
3210,note_on,6,0,2,,,,,,,,2,,,47,127
3210,control_change,0,0,2,,,,,,,,2,7,102,,
3230,control_change,40,0,1,,,,,,,,0,7,103,,
3234,note_on,24,0,2,,,,,,,,2,,,47,0
3240,note_on,6,0,2,,,,,,,,2,,,54,127
3240,control_change,0,0,2,,,,,,,,2,7,103,,
3260,control_change,30,0,1,,,,,,,,0,7,104,,
3260,control_change,20,0,2,,,,,,,,2,7,104,,
3264,note_on,4,0,1,,,,,,,,0,,,71,0
3270,note_on,6,0,1,,,,,,,,0,,,70,120
3290,control_change,30,0,2,,,,,,,,2,7,105,,
3290,control_change,20,0,1,,,,,,,,0,7,105,,
3294,note_on,4,0,1,,,,,,,,0,,,70,0
3297,note_on,7,0,2,,,,,,,,2,,,42,127
3300,note_on,6,0,1,,,,,,,,0,,,71,120
3300,note_on,3,0,2,,,,,,,,2,,,54,0
3310,control_change,10,0,2,,,,,,,,2,7,106,,
3324,note_on,24,0,1,,,,,,,,0,,,71,0
3327,note_on,17,0,2,,,,,,,,2,,,42,0
3330,control_change,0,0,1,,,,,,,,0,7,106,,
3330,note_on,6,0,1,,,,,,,,0,,,73,120
3340,control_change,13,0,2,,,,,,,,2,7,107,,
3354,note_on,24,0,1,,,,,,,,0,,,73,0
3358,note_on,18,0,2,,,,,,,,2,,,52,127
3360,control_change,0,0,1,,,,,,,,0,7,107,,
3360,note_on,6,0,1,,,,,,,,0,,,74,120
3360,control_change,2,0,2,,,,,,,,2,7,108,,
3384,note_on,24,0,1,,,,,,,,0,,,74,0
3390,control_change,30,0,2,,,,,,,,2,7,109,,
3390,note_on,6,0,1,,,,,,,,0,,,76,120
3400,control_change,10,0,1,,,,,,,,0,7,108,,
3410,control_change,20,0,2,,,,,,,,2,7,110,,
3414,note_on,14,0,1,,,,,,,,0,,,76,0
3418,note_on,8,0,2,,,,,,,,2,,,52,0
3420,note_on,6,0,1,,,,,,,,0,,,78,120
3420,note_on,2,0,2,,,,,,,,2,,,50,127
3430,control_change,10,0,2,,,,,,,,2,7,111,,
3430,control_change,10,0,1,,,,,,,,0,7,109,,
3444,note_on,14,0,1,,,,,,,,0,,,78,0
3444,note_on,14,0,2,,,,,,,,2,,,50,0
3450,note_on,6,0,1,,,,,,,,0,,,76,120
3460,control_change,10,0,1,,,,,,,,0,7,110,,
3474,note_on,14,0,1,,,,,,,,0,,,76,0
3480,note_on,36,0,2,,,,,,,,2,,,59,127
3480,note_on,6,0,1,,,,,,,,0,,,79,120
3504,note_on,24,0,2,,,,,,,,2,,,59,0
3504,note_on,24,0,1,,,,,,,,0,,,79,0
3510,note_on,6,0,1,,,,,,,,0,,,78,120
3510,note_on,6,0,2,,,,,,,,2,,,58,127
3534,note_on,24,0,2,,,,,,,,2,,,58,0
3534,note_on,24,0,1,,,,,,,,0,,,78,0
3540,note_on,6,0,2,,,,,,,,2,,,59,127
3540,note_on,6,0,1,,,,,,,,0,,,76,120
3564,note_on,24,0,2,,,,,,,,2,,,59,0
3564,note_on,24,0,1,,,,,,,,0,,,76,0
3570,note_on,6,0,1,,,,,,,,0,,,74,120
3594,note_on,24,0,1,,,,,,,,0,,,74,0
3600,note_on,6,0,1,,,,,,,,0,,,76,120
3600,note_on,36,0,2,,,,,,,,2,,,49,127
3624,note_on,24,0,1,,,,,,,,0,,,76,0
3624,note_on,24,0,2,,,,,,,,2,,,49,0
3630,note_on,6,0,1,,,,,,,,0,,,74,120
3654,note_on,24,0,1,,,,,,,,0,,,74,0
3660,note_on,6,0,1,,,,,,,,0,,,78,120
3660,note_on,36,0,2,,,,,,,,2,,,58,127
3684,note_on,24,0,2,,,,,,,,2,,,58,0
3684,note_on,24,0,1,,,,,,,,0,,,78,0
3690,note_on,6,0,2,,,,,,,,2,,,56,127
3690,note_on,6,0,1,,,,,,,,0,,,76,120
3714,note_on,24,0,1,,,,,,,,0,,,76,0
3714,note_on,24,0,2,,,,,,,,2,,,56,0
3720,note_on,6,0,2,,,,,,,,2,,,58,127
3720,note_on,6,0,1,,,,,,,,0,,,74,120
3744,note_on,24,0,1,,,,,,,,0,,,74,0
3744,note_on,24,0,2,,,,,,,,2,,,58,0
3750,note_on,6,0,1,,,,,,,,0,,,73,120
3774,note_on,24,0,1,,,,,,,,0,,,73,0
3780,note_on,6,0,1,,,,,,,,0,,,74,120
3780,note_on,36,0,2,,,,,,,,2,,,59,127
3804,note_on,24,0,2,,,,,,,,2,,,59,0
3804,note_on,24,0,1,,,,,,,,0,,,74,0
3810,note_on,6,0,2,,,,,,,,2,,,57,127
3810,note_on,6,0,1,,,,,,,,0,,,73,120
3834,note_on,24,0,2,,,,,,,,2,,,57,0
3834,note_on,24,0,1,,,,,,,,0,,,73,0
3840,note_on,6,0,1,,,,,,,,0,,,76,120
3840,note_on,6,0,2,,,,,,,,2,,,55,127
3864,note_on,24,0,1,,,,,,,,0,,,76,0
3864,note_on,24,0,2,,,,,,,,2,,,55,0
3870,note_on,6,0,2,,,,,,,,2,,,54,127
3870,note_on,6,0,1,,,,,,,,0,,,74,120
3894,note_on,24,0,1,,,,,,,,0,,,74,0
3894,note_on,24,0,2,,,,,,,,2,,,54,0
3900,note_on,6,0,2,,,,,,,,2,,,52,127
3900,note_on,6,0,1,,,,,,,,0,,,73,120
3924,note_on,24,0,2,,,,,,,,2,,,52,0
3924,note_on,24,0,1,,,,,,,,0,,,73,0
3930,note_on,6,0,2,,,,,,,,2,,,50,127
3930,note_on,6,0,1,,,,,,,,0,,,71,120
3954,note_on,24,0,1,,,,,,,,0,,,71,0
3954,note_on,24,0,2,,,,,,,,2,,,50,0
3960,note_on,6,0,1,,,,,,,,0,,,73,127
3960,note_on,6,0,2,,,,,,,,2,,,52,127
3984,note_on,24,0,2,,,,,,,,2,,,52,0
3990,note_on,30,0,1,,,,,,,,0,,,73,0
3990,note_on,6,0,2,,,,,,,,2,,,50,127
4014,note_on,24,0,2,,,,,,,,2,,,50,0
4020,note_on,30,0,1,,,,,,,,0,,,70,120
4020,note_on,6,0,2,,,,,,,,2,,,54,127
4032,note_on,12,0,1,,,,,,,,0,,,70,0
4035,note_on,3,0,1,,,,,,,,0,,,67,120
4040,control_change,5,0,1,,,,,,,,0,7,112,,
4044,note_on,24,0,2,,,,,,,,2,,,54,0
4047,note_on,7,0,1,,,,,,,,0,,,67,0
4050,note_on,6,0,2,,,,,,,,2,,,52,127
4050,note_on,3,0,1,,,,,,,,0,,,70,120
4060,control_change,10,0,1,,,,,,,,0,7,111,,
4070,control_change,10,0,1,,,,,,,,0,7,110,,
4074,note_on,4,0,1,,,,,,,,0,,,70,0
4074,note_on,24,0,2,,,,,,,,2,,,52,0
4080,note_on,6,0,2,,,,,,,,2,,,50,127
4080,note_on,6,0,1,,,,,,,,0,,,71,120
4080,control_change,0,0,1,,,,,,,,0,7,109,,
4090,control_change,10,0,1,,,,,,,,0,7,108,,
4100,control_change,10,0,1,,,,,,,,0,7,107,,
4104,note_on,24,0,2,,,,,,,,2,,,50,0
4110,note_on,6,0,2,,,,,,,,2,,,49,127
4110,control_change,10,0,1,,,,,,,,0,7,106,,
4120,control_change,10,0,1,,,,,,,,0,7,105,,
4130,control_change,10,0,1,,,,,,,,0,7,104,,
4134,note_on,24,0,2,,,,,,,,2,,,49,0
4140,note_on,6,0,2,,,,,,,,2,,,50,127
4140,control_change,10,0,1,,,,,,,,0,7,103,,
4150,control_change,10,0,1,,,,,,,,0,7,102,,
4160,control_change,10,0,1,,,,,,,,0,7,101,,
4164,note_on,24,0,2,,,,,,,,2,,,50,0
4170,note_on,6,0,2,,,,,,,,2,,,52,127
4170,note_on,10,0,1,,,,,,,,0,,,71,0
4170,control_change,0,0,1,,,,,,,,0,7,100,,
4170,note_on,0,0,1,,,,,,,,0,,,73,127
4180,control_change,10,0,1,,,,,,,,0,7,99,,
4194,note_on,0,0,2,,,,,,,,2,,,54,127
4194,note_on,14,0,1,,,,,,,,0,,,73,0
4194,note_on,24,0,2,,,,,,,,2,,,52,0
4200,control_change,0,0,1,,,,,,,,0,7,98,,
4200,note_on,6,0,1,,,,,,,,0,,,73,127
4210,control_change,10,0,1,,,,,,,,0,7,97,,
4212,note_on,2,0,1,,,,,,,,0,,,73,0
4215,note_on,3,0,1,,,,,,,,0,,,74,127
4220,control_change,5,0,1,,,,,,,,0,7,96,,
4227,note_on,7,0,1,,,,,,,,0,,,74,0
4229,note_on,2,0,1,,,,,,,,0,,,71,127
4230,control_change,1,0,1,,,,,,,,0,7,95,,
4240,control_change,10,0,1,,,,,,,,0,7,94,,
4250,control_change,10,0,1,,,,,,,,0,7,93,,
4254,note_on,60,0,2,,,,,,,,2,,,54,0
4260,note_on,6,0,2,,,,,,,,2,,,42,127
4260,control_change,10,0,1,,,,,,,,0,7,92,,
4270,control_change,10,0,1,,,,,,,,0,7,91,,
4280,control_change,10,0,1,,,,,,,,0,7,90,,
4284,note_on,24,0,2,,,,,,,,2,,,42,0
4289,note_on,9,0,1,,,,,,,,0,,,71,0
4290,control_change,0,0,1,,,,,,,,0,7,89,,
4290,note_on,1,0,1,,,,,,,,0,,,71,127
4300,control_change,10,0,1,,,,,,,,0,7,88,,
4310,control_change,10,0,1,,,,,,,,0,7,87,,
4314,note_on,4,0,1,,,,,,,,0,,,71,0
4320,note_on,6,0,1,,,,,,,,0,,,71,127
4320,control_change,0,0,1,,,,,,,,0,7,86,,
4320,note_on,36,0,2,,,,,,,,2,,,59,127
4320,control_change,0,0,2,,,,,,,,2,7,108,,
4330,control_change,10,0,1,,,,,,,,0,7,85,,
4330,control_change,10,0,2,,,,,,,,2,7,107,,
4340,control_change,10,0,2,,,,,,,,2,7,105,,
4344,note_on,14,0,1,,,,,,,,0,,,71,0
4350,control_change,10,0,2,,,,,,,,2,7,103,,
4350,note_on,6,0,1,,,,,,,,0,,,66,127
4360,control_change,10,0,2,,,,,,,,2,7,102,,
4370,control_change,10,0,2,,,,,,,,2,7,100,,
4374,note_on,24,0,1,,,,,,,,0,,,66,0
4375,note_on,5,0,2,,,,,,,,2,,,54,127
4380,note_on,5,0,2,,,,,,,,2,,,59,0
4380,control_change,0,0,2,,,,,,,,2,7,98,,
4380,note_on,6,0,1,,,,,,,,0,,,68,127
4390,control_change,10,0,2,,,,,,,,2,7,96,,
4400,control_change,10,0,2,,,,,,,,2,7,95,,
4404,note_on,24,0,1,,,,,,,,0,,,68,0
4410,note_on,6,0,1,,,,,,,,0,,,70,127
4410,control_change,10,0,2,,,,,,,,2,7,93,,
4420,control_change,10,0,2,,,,,,,,2,7,91,,
4430,control_change,10,0,2,,,,,,,,2,7,89,,
4434,note_on,24,0,1,,,,,,,,0,,,70,0
4435,note_on,5,0,2,,,,,,,,2,,,54,0
4438,note_on,3,0,2,,,,,,,,2,,,50,127
4440,control_change,2,0,2,,,,,,,,2,7,88,,
4440,note_on,6,0,1,,,,,,,,0,,,71,127
4450,control_change,10,0,2,,,,,,,,2,7,86,,
4460,control_change,10,0,2,,,,,,,,2,7,84,,
4464,note_on,24,0,1,,,,,,,,0,,,71,0
4470,control_change,10,0,2,,,,,,,,2,7,82,,
4470,note_on,6,0,1,,,,,,,,0,,,73,127
4480,control_change,10,0,2,,,,,,,,2,7,81,,
4490,control_change,10,0,2,,,,,,,,2,7,79,,
4494,note_on,24,0,1,,,,,,,,0,,,73,0
4498,note_on,8,0,2,,,,,,,,2,,,50,0
4500,note_on,6,0,1,,,,,,,,0,,,74,127
4500,control_change,0,0,2,,,,,,,,2,7,77,,
4500,note_on,2,0,2,,,,,,,,2,,,47,127
4510,control_change,10,0,2,,,,,,,,2,7,75,,
4524,note_on,24,0,1,,,,,,,,0,,,74,0
4530,note_on,6,0,1,,,,,,,,0,,,73,127
4554,note_on,24,0,1,,,,,,,,0,,,73,0
4560,note_on,6,0,1,,,,,,,,0,,,76,127
4560,note_on,50,0,2,,,,,,,,2,,,47,0
4584,note_on,24,0,1,,,,,,,,0,,,76,0
4590,note_on,6,0,1,,,,,,,,0,,,74,127
4614,note_on,24,0,1,,,,,,,,0,,,74,0
4620,note_on,6,0,1,,,,,,,,0,,,73,127
4644,note_on,24,0,1,,,,,,,,0,,,73,0
4650,note_on,6,0,1,,,,,,,,0,,,71,127
4674,note_on,24,0,1,,,,,,,,0,,,71,0
4680,note_on,6,0,1,,,,,,,,0,,,81,127
4680,control_change,0,0,1,,,,,,,,0,7,85,,
4690,control_change,130,0,2,,,,,,,,2,7,74,,
4692,note_on,12,0,1,,,,,,,,0,,,81,0
4695,note_on,3,0,1,,,,,,,,0,,,79,127
4707,note_on,12,0,1,,,,,,,,0,,,79,0
4710,note_on,20,0,2,,,,,,,,2,,,47,127
4710,note_on,3,0,1,,,,,,,,0,,,81,127
4722,note_on,12,0,1,,,,,,,,0,,,81,0
4725,note_on,3,0,1,,,,,,,,0,,,79,127
4734,note_on,24,0,2,,,,,,,,2,,,47,0
4737,note_on,12,0,1,,,,,,,,0,,,79,0
4740,control_change,0,0,2,,,,,,,,2,7,75,,
4740,note_on,3,0,1,,,,,,,,0,,,81,127
4740,control_change,0,0,1,,,,,,,,0,7,86,,
4740,note_on,6,0,2,,,,,,,,2,,,49,127
4752,note_on,12,0,1,,,,,,,,0,,,81,0
4755,note_on,3,0,1,,,,,,,,0,,,79,127
4764,note_on,24,0,2,,,,,,,,2,,,49,0
4767,note_on,12,0,1,,,,,,,,0,,,79,0
4770,note_on,3,0,1,,,,,,,,0,,,81,127
4770,note_on,6,0,2,,,,,,,,2,,,51,127
4780,control_change,10,0,2,,,,,,,,2,7,76,,
4782,note_on,12,0,1,,,,,,,,0,,,81,0
4785,note_on,3,0,1,,,,,,,,0,,,79,127
4790,control_change,5,0,1,,,,,,,,0,7,87,,
4794,note_on,14,0,2,,,,,,,,2,,,51,0
4797,note_on,7,0,1,,,,,,,,0,,,79,0
4800,note_on,3,0,1,,,,,,,,0,,,81,127
4800,note_on,6,0,2,,,,,,,,2,,,52,127
4812,note_on,12,0,1,,,,,,,,0,,,81,0
4815,note_on,3,0,1,,,,,,,,0,,,79,127
4820,control_change,20,0,2,,,,,,,,2,7,77,,
4824,note_on,4,0,2,,,,,,,,2,,,52,0
4827,note_on,12,0,1,,,,,,,,0,,,79,0
4830,note_on,3,0,1,,,,,,,,0,,,81,127
4830,note_on,6,0,2,,,,,,,,2,,,54,127
4840,control_change,10,0,1,,,,,,,,0,7,88,,
4842,note_on,2,0,1,,,,,,,,0,,,81,0
4845,note_on,3,0,1,,,,,,,,0,,,79,127
4854,note_on,24,0,2,,,,,,,,2,,,54,0
4857,note_on,12,0,1,,,,,,,,0,,,79,0
4860,control_change,0,0,2,,,,,,,,2,7,78,,
4860,note_on,6,0,2,,,,,,,,2,,,55,127
4860,note_on,3,0,1,,,,,,,,0,,,81,127
4872,note_on,12,0,1,,,,,,,,0,,,81,0
4875,note_on,3,0,1,,,,,,,,0,,,79,127
4884,note_on,24,0,2,,,,,,,,2,,,55,0
4887,note_on,12,0,1,,,,,,,,0,,,79,0
4890,note_on,3,0,1,,,,,,,,0,,,81,127
4890,note_on,6,0,2,,,,,,,,2,,,54,127
4900,control_change,10,0,2,,,,,,,,2,7,79,,
4900,control_change,10,0,1,,,,,,,,0,7,89,,
4902,note_on,2,0,1,,,,,,,,0,,,81,0
4905,note_on,3,0,1,,,,,,,,0,,,79,127
4914,note_on,14,0,2,,,,,,,,2,,,54,0
4917,note_on,12,0,1,,,,,,,,0,,,79,0
4920,note_on,3,0,1,,,,,,,,0,,,81,127
4920,note_on,6,0,2,,,,,,,,2,,,57,127
4932,note_on,12,0,1,,,,,,,,0,,,81,0
4935,note_on,3,0,1,,,,,,,,0,,,79,127
4940,control_change,20,0,2,,,,,,,,2,7,80,,
4944,note_on,4,0,2,,,,,,,,2,,,57,0
4947,note_on,12,0,1,,,,,,,,0,,,79,0
4950,note_on,6,0,2,,,,,,,,2,,,55,127
4950,note_on,3,0,1,,,,,,,,0,,,81,127
4950,control_change,0,0,1,,,,,,,,0,7,90,,
4962,note_on,12,0,1,,,,,,,,0,,,81,0
4965,note_on,3,0,1,,,,,,,,0,,,79,127
4974,note_on,24,0,2,,,,,,,,2,,,55,0
4977,note_on,12,0,1,,,,,,,,0,,,79,0
4980,note_on,3,0,1,,,,,,,,0,,,81,127
4980,note_on,6,0,2,,,,,,,,2,,,54,127
4990,control_change,10,0,2,,,,,,,,2,7,81,,
4992,note_on,12,0,1,,,,,,,,0,,,81,0
4995,note_on,3,0,1,,,,,,,,0,,,79,127
5000,control_change,5,0,1,,,,,,,,0,7,91,,
5004,note_on,14,0,2,,,,,,,,2,,,54,0
5007,note_on,7,0,1,,,,,,,,0,,,79,0
5010,note_on,3,0,1,,,,,,,,0,,,81,127
5010,note_on,6,0,2,,,,,,,,2,,,52,127
5019,note_on,9,0,1,,,,,,,,0,,,81,0
5019,note_on,0,0,1,,,,,,,,0,,,79,127
5028,note_on,9,0,1,,,,,,,,0,,,79,0
5028,note_on,0,0,1,,,,,,,,0,,,78,127
5030,control_change,20,0,2,,,,,,,,2,7,82,,
5034,note_on,4,0,2,,,,,,,,2,,,52,0
5037,note_on,9,0,1,,,,,,,,0,,,78,0
5040,note_on,6,0,2,,,,,,,,2,,,57,127
5047,note_on,10,0,1,,,,,,,,0,,,79,127
5052,note_on,12,0,2,,,,,,,,2,,,57,0
5055,note_on,3,0,2,,,,,,,,2,,,56,127
5060,control_change,13,0,1,,,,,,,,0,7,92,,
5065,note_on,5,0,1,,,,,,,,0,,,79,0
5067,note_on,12,0,2,,,,,,,,2,,,56,0
5070,note_on,3,0,2,,,,,,,,2,,,57,127
5070,control_change,0,0,2,,,,,,,,2,7,83,,
5070,note_on,5,0,1,,,,,,,,0,,,64,127
5082,note_on,12,0,2,,,,,,,,2,,,57,0
5085,note_on,3,0,2,,,,,,,,2,,,56,127
5094,note_on,24,0,1,,,,,,,,0,,,64,0
5097,note_on,12,0,2,,,,,,,,2,,,56,0
5100,note_on,3,0,2,,,,,,,,2,,,57,127
5100,note_on,6,0,1,,,,,,,,0,,,66,127
5110,control_change,10,0,2,,,,,,,,2,7,84,,
5110,control_change,10,0,1,,,,,,,,0,7,93,,
5112,note_on,2,0,2,,,,,,,,2,,,57,0
5115,note_on,3,0,2,,,,,,,,2,,,56,127
5124,note_on,14,0,1,,,,,,,,0,,,66,0
5127,note_on,12,0,2,,,,,,,,2,,,56,0
5130,note_on,3,0,2,,,,,,,,2,,,57,127
5130,note_on,6,0,1,,,,,,,,0,,,68,127
5142,note_on,12,0,2,,,,,,,,2,,,57,0
5145,note_on,3,0,2,,,,,,,,2,,,56,127
5150,control_change,5,0,2,,,,,,,,2,7,85,,
5154,note_on,24,0,1,,,,,,,,0,,,68,0
5157,note_on,7,0,2,,,,,,,,2,,,56,0
5160,control_change,0,0,1,,,,,,,,0,7,94,,
5160,note_on,3,0,2,,,,,,,,2,,,57,127
5160,note_on,6,0,1,,,,,,,,0,,,69,127
5172,note_on,12,0,2,,,,,,,,2,,,57,0
5175,note_on,3,0,2,,,,,,,,2,,,56,127
5184,note_on,24,0,1,,,,,,,,0,,,69,0
5187,note_on,12,0,2,,,,,,,,2,,,56,0
5190,note_on,6,0,1,,,,,,,,0,,,71,127
5190,note_on,3,0,2,,,,,,,,2,,,57,127
5190,control_change,0,0,2,,,,,,,,2,7,86,,
5202,note_on,12,0,2,,,,,,,,2,,,57,0
5205,note_on,3,0,2,,,,,,,,2,,,56,127
5210,control_change,20,0,1,,,,,,,,0,7,95,,
5214,note_on,4,0,1,,,,,,,,0,,,71,0
5217,note_on,12,0,2,,,,,,,,2,,,56,0
5220,note_on,3,0,2,,,,,,,,2,,,57,127
5220,note_on,6,0,1,,,,,,,,0,,,73,127
5230,control_change,10,0,2,,,,,,,,2,7,87,,
5232,note_on,2,0,2,,,,,,,,2,,,57,0
5235,note_on,3,0,2,,,,,,,,2,,,56,127
5244,note_on,24,0,1,,,,,,,,0,,,73,0
5247,note_on,12,0,2,,,,,,,,2,,,56,0
5250,note_on,3,0,2,,,,,,,,2,,,57,127
5250,note_on,6,0,1,,,,,,,,0,,,71,127
5262,note_on,12,0,2,,,,,,,,2,,,57,0
5265,note_on,3,0,2,,,,,,,,2,,,56,127
5270,control_change,20,0,1,,,,,,,,0,7,96,,
5274,note_on,4,0,1,,,,,,,,0,,,71,0
5277,note_on,12,0,2,,,,,,,,2,,,56,0
5280,note_on,3,0,2,,,,,,,,2,,,57,127
5280,control_change,0,0,2,,,,,,,,2,7,88,,
5280,note_on,6,0,1,,,,,,,,0,,,74,127
5292,note_on,12,0,2,,,,,,,,2,,,57,0
5295,note_on,3,0,2,,,,,,,,2,,,56,127
5304,note_on,24,0,1,,,,,,,,0,,,74,0
5307,note_on,12,0,2,,,,,,,,2,,,56,0
5310,note_on,3,0,2,,,,,,,,2,,,57,127
5310,note_on,6,0,1,,,,,,,,0,,,73,127
5320,control_change,10,0,2,,,,,,,,2,7,89,,
5320,control_change,10,0,1,,,,,,,,0,7,97,,
5322,note_on,2,0,2,,,,,,,,2,,,57,0
5325,note_on,3,0,2,,,,,,,,2,,,56,127
5334,note_on,14,0,1,,,,,,,,0,,,73,0
5337,note_on,12,0,2,,,,,,,,2,,,56,0
5340,note_on,3,0,2,,,,,,,,2,,,57,127
5340,note_on,6,0,1,,,,,,,,0,,,71,127
5352,note_on,12,0,2,,,,,,,,2,,,57,0
5355,note_on,3,0,2,,,,,,,,2,,,56,127
5360,control_change,5,0,2,,,,,,,,2,7,90,,
5364,note_on,24,0,1,,,,,,,,0,,,71,0
5367,note_on,7,0,2,,,,,,,,2,,,56,0
5370,note_on,6,0,1,,,,,,,,0,,,69,127
5370,control_change,0,0,1,,,,,,,,0,7,98,,
5370,note_on,3,0,2,,,,,,,,2,,,57,127
5382,note_on,12,0,2,,,,,,,,2,,,57,0
5385,note_on,3,0,2,,,,,,,,2,,,56,127
5394,note_on,24,0,1,,,,,,,,0,,,69,0
5397,note_on,12,0,2,,,,,,,,2,,,56,0
5400,note_on,6,0,1,,,,,,,,0,,,79,127
5400,control_change,0,0,2,,,,,,,,2,7,91,,
5400,note_on,3,0,2,,,,,,,,2,,,57,127
5412,note_on,12,0,1,,,,,,,,0,,,79,0
5415,note_on,3,0,1,,,,,,,,0,,,78,127
5424,note_on,24,0,2,,,,,,,,2,,,57,0
5427,note_on,12,0,1,,,,,,,,0,,,78,0
5430,note_on,6,0,2,,,,,,,,2,,,45,127
5430,note_on,3,0,1,,,,,,,,0,,,79,127
5430,control_change,0,0,1,,,,,,,,0,7,99,,
5440,control_change,10,0,2,,,,,,,,2,7,92,,
5442,note_on,12,0,1,,,,,,,,0,,,79,0
5445,note_on,3,0,1,,,,,,,,0,,,78,127
5454,note_on,14,0,2,,,,,,,,2,,,45,0
5457,note_on,12,0,1,,,,,,,,0,,,78,0
5460,note_on,3,0,1,,,,,,,,0,,,79,127
5460,note_on,6,0,2,,,,,,,,2,,,47,127
5472,note_on,12,0,1,,,,,,,,0,,,79,0
5475,note_on,3,0,1,,,,,,,,0,,,78,127
5480,control_change,5,0,1,,,,,,,,0,7,100,,
5480,control_change,20,0,2,,,,,,,,2,7,93,,
5484,note_on,4,0,2,,,,,,,,2,,,47,0
5487,note_on,7,0,1,,,,,,,,0,,,78,0
5490,note_on,3,0,1,,,,,,,,0,,,79,127
5490,note_on,6,0,2,,,,,,,,2,,,49,127
5502,note_on,12,0,1,,,,,,,,0,,,79,0
5505,note_on,3,0,1,,,,,,,,0,,,78,127
5514,note_on,24,0,2,,,,,,,,2,,,49,0
5517,note_on,12,0,1,,,,,,,,0,,,78,0
5520,note_on,3,0,1,,,,,,,,0,,,79,127
5520,note_on,6,0,2,,,,,,,,2,,,50,127
5530,control_change,10,0,2,,,,,,,,2,7,94,,
5530,control_change,10,0,1,,,,,,,,0,7,101,,
5532,note_on,2,0,1,,,,,,,,0,,,79,0
5535,note_on,3,0,1,,,,,,,,0,,,78,127
5544,note_on,14,0,2,,,,,,,,2,,,50,0
5547,note_on,12,0,1,,,,,,,,0,,,78,0
5550,note_on,3,0,1,,,,,,,,0,,,79,127
5550,note_on,6,0,2,,,,,,,,2,,,52,127
5562,note_on,12,0,1,,,,,,,,0,,,79,0
5565,note_on,3,0,1,,,,,,,,0,,,78,127
5570,control_change,20,0,2,,,,,,,,2,7,95,,
5574,note_on,4,0,2,,,,,,,,2,,,52,0
5577,note_on,12,0,1,,,,,,,,0,,,78,0
5580,note_on,3,0,1,,,,,,,,0,,,79,127
5580,note_on,6,0,2,,,,,,,,2,,,54,127
5590,control_change,10,0,1,,,,,,,,0,7,102,,
5592,note_on,2,0,1,,,,,,,,0,,,79,0
5595,note_on,3,0,1,,,,,,,,0,,,78,127
5604,note_on,24,0,2,,,,,,,,2,,,54,0
5607,note_on,12,0,1,,,,,,,,0,,,78,0
5610,control_change,0,0,2,,,,,,,,2,7,96,,
5610,note_on,6,0,2,,,,,,,,2,,,52,127
5610,note_on,3,0,1,,,,,,,,0,,,79,127
5622,note_on,12,0,1,,,,,,,,0,,,79,0
5625,note_on,3,0,1,,,,,,,,0,,,78,127
5634,note_on,24,0,2,,,,,,,,2,,,52,0
5637,note_on,12,0,1,,,,,,,,0,,,78,0
5640,note_on,3,0,1,,,,,,,,0,,,79,127
5640,note_on,6,0,2,,,,,,,,2,,,55,127
5640,control_change,0,0,1,,,,,,,,0,7,103,,
5650,control_change,10,0,2,,,,,,,,2,7,97,,
5652,note_on,12,0,1,,,,,,,,0,,,79,0
5655,note_on,3,0,1,,,,,,,,0,,,78,127
5664,note_on,14,0,2,,,,,,,,2,,,55,0
5667,note_on,12,0,1,,,,,,,,0,,,78,0
5670,note_on,3,0,1,,,,,,,,0,,,79,127
5670,note_on,6,0,2,,,,,,,,2,,,54,127
5682,note_on,12,0,1,,,,,,,,0,,,79,0
5685,note_on,3,0,1,,,,,,,,0,,,78,127
5690,control_change,5,0,1,,,,,,,,0,7,104,,
5690,control_change,20,0,2,,,,,,,,2,7,98,,
5694,note_on,4,0,2,,,,,,,,2,,,54,0
5697,note_on,7,0,1,,,,,,,,0,,,78,0
5700,note_on,6,0,2,,,,,,,,2,,,52,127
5700,note_on,3,0,1,,,,,,,,0,,,79,127
5712,note_on,12,0,1,,,,,,,,0,,,79,0
5715,note_on,3,0,1,,,,,,,,0,,,78,127
5724,note_on,24,0,2,,,,,,,,2,,,52,0
5727,note_on,12,0,1,,,,,,,,0,,,78,0
5729,note_on,2,0,1,,,,,,,,0,,,79,127
5730,note_on,6,0,2,,,,,,,,2,,,50,127
5730,control_change,0,0,2,,,,,,,,2,7,99,,
5738,note_on,9,0,1,,,,,,,,0,,,79,0
5739,note_on,1,0,1,,,,,,,,0,,,78,127
5740,control_change,1,0,1,,,,,,,,0,7,105,,
5748,note_on,8,0,1,,,,,,,,0,,,78,0
5748,note_on,0,0,1,,,,,,,,0,,,76,127
5754,note_on,24,0,2,,,,,,,,2,,,50,0
5757,note_on,9,0,1,,,,,,,,0,,,76,0
5760,note_on,6,0,2,,,,,,,,2,,,56,127
5760,note_on,3,0,1,,,,,,,,0,,,78,127
5770,control_change,10,0,2,,,,,,,,2,7,100,,
5785,note_on,25,0,1,,,,,,,,0,,,78,0
5790,note_on,5,0,1,,,,,,,,0,,,71,127
5800,control_change,10,0,1,,,,,,,,0,7,106,,
5814,note_on,14,0,1,,,,,,,,0,,,71,0
5820,control_change,50,0,2,,,,,,,,2,7,101,,
5820,note_on,6,0,1,,,,,,,,0,,,76,127
5844,note_on,24,0,1,,,,,,,,0,,,76,0
5850,note_on,6,0,1,,,,,,,,0,,,74,127
5850,control_change,0,0,1,,,,,,,,0,7,107,,
5850,note_on,30,0,2,,,,,,,,2,,,56,0
5850,note_on,0,0,2,,,,,,,,2,,,52,127
5860,control_change,10,0,2,,,,,,,,2,7,102,,
5874,note_on,14,0,2,,,,,,,,2,,,52,0
5874,note_on,24,0,1,,,,,,,,0,,,74,0
5880,note_on,6,0,2,,,,,,,,2,,,54,127
5880,note_on,6,0,1,,,,,,,,0,,,73,127
5900,control_change,20,0,2,,,,,,,,2,7,103,,
5900,control_change,20,0,1,,,,,,,,0,7,108,,
5904,note_on,4,0,2,,,,,,,,2,,,54,0
5904,note_on,4,0,1,,,,,,,,0,,,73,0
5910,note_on,6,0,2,,,,,,,,2,,,56,127
5910,note_on,6,0,1,,,,,,,,0,,,71,127
5934,note_on,24,0,2,,,,,,,,2,,,56,0
5934,note_on,24,0,1,,,,,,,,0,,,71,0
5940,note_on,6,0,2,,,,,,,,2,,,57,127
5940,control_change,0,0,2,,,,,,,,2,7,104,,
5940,note_on,6,0,1,,,,,,,,0,,,73,127
5960,control_change,20,0,1,,,,,,,,0,7,109,,
5964,note_on,4,0,1,,,,,,,,0,,,73,0
5964,note_on,24,0,2,,,,,,,,2,,,57,0
5970,note_on,6,0,1,,,,,,,,0,,,71,127
5970,note_on,6,0,2,,,,,,,,2,,,56,127
5980,control_change,10,0,2,,,,,,,,2,7,105,,
5994,note_on,24,0,1,,,,,,,,0,,,71,0
5994,note_on,14,0,2,,,,,,,,2,,,56,0
6000,note_on,6,0,1,,,,,,,,0,,,74,127
6000,note_on,6,0,2,,,,,,,,2,,,54,127
6010,control_change,10,0,1,,,,,,,,0,7,110,,
6020,control_change,20,0,2,,,,,,,,2,7,106,,
6024,note_on,14,0,1,,,,,,,,0,,,74,0
6024,note_on,4,0,2,,,,,,,,2,,,54,0
6030,note_on,6,0,1,,,,,,,,0,,,73,127
6030,note_on,6,0,2,,,,,,,,2,,,52,127
6054,note_on,24,0,1,,,,,,,,0,,,73,0
6054,note_on,24,0,2,,,,,,,,2,,,52,0
6060,control_change,0,0,2,,,,,,,,2,7,107,,
6060,note_on,6,0,2,,,,,,,,2,,,50,127
6060,note_on,6,0,1,,,,,,,,0,,,71,127
6060,control_change,0,0,1,,,,,,,,0,7,111,,
6084,note_on,24,0,1,,,,,,,,0,,,71,0
6084,note_on,24,0,2,,,,,,,,2,,,50,0
6090,note_on,6,0,2,,,,,,,,2,,,54,127
6090,note_on,6,0,1,,,,,,,,0,,,69,127
6110,control_change,20,0,1,,,,,,,,0,7,112,,
6114,note_on,24,0,2,,,,,,,,2,,,54,0
6114,note_on,4,0,1,,,,,,,,0,,,69,0
6120,note_on,6,0,2,,,,,,,,2,,,52,127
6120,note_on,6,0,1,,,,,,,,0,,,68,127
6132,note_on,12,0,1,,,,,,,,0,,,68,0
6135,note_on,3,0,1,,,,,,,,0,,,69,127
6144,note_on,24,0,2,,,,,,,,2,,,52,0
6147,note_on,12,0,1,,,,,,,,0,,,69,0
6150,note_on,3,0,1,,,,,,,,0,,,68,127
6150,note_on,6,0,2,,,,,,,,2,,,50,127
6174,note_on,24,0,1,,,,,,,,0,,,68,0
6174,note_on,24,0,2,,,,,,,,2,,,50,0
6180,note_on,6,0,1,,,,,,,,0,,,64,127
6180,note_on,6,0,2,,,,,,,,2,,,49,127
6204,note_on,24,0,2,,,,,,,,2,,,49,0
6210,note_on,6,0,2,,,,,,,,2,,,47,127
6234,note_on,24,0,2,,,,,,,,2,,,47,0
6240,note_on,6,0,2,,,,,,,,2,,,49,127
6240,note_on,60,0,1,,,,,,,,0,,,64,0
6240,note_on,0,0,1,,,,,,,,0,,,69,127
6264,note_on,24,0,2,,,,,,,,2,,,49,0
6264,note_on,24,0,1,,,,,,,,0,,,69,0
6270,note_on,6,0,2,,,,,,,,2,,,45,127
6270,note_on,6,0,1,,,,,,,,0,,,71,127
6294,note_on,24,0,1,,,,,,,,0,,,71,0
6294,note_on,24,0,2,,,,,,,,2,,,45,0
6300,note_on,6,0,1,,,,,,,,0,,,73,127
6300,control_change,0,0,1,,,,,,,,0,7,109,,
6302,note_on,8,0,2,,,,,,,,2,,,57,127
6320,control_change,20,0,1,,,,,,,,0,7,108,,
6324,note_on,4,0,1,,,,,,,,0,,,73,0
6330,note_on,6,0,1,,,,,,,,0,,,71,127
6340,control_change,10,0,1,,,,,,,,0,7,107,,
6354,note_on,14,0,1,,,,,,,,0,,,71,0
6359,note_on,57,0,2,,,,,,,,2,,,54,127
6360,note_on,6,0,1,,,,,,,,0,,,74,127
6360,control_change,0,0,1,,,,,,,,0,7,106,,
6362,note_on,3,0,2,,,,,,,,2,,,57,0
6380,control_change,20,0,1,,,,,,,,0,7,105,,
6384,note_on,4,0,1,,,,,,,,0,,,74,0
6390,note_on,6,0,1,,,,,,,,0,,,73,127
6400,control_change,10,0,1,,,,,,,,0,7,104,,
6414,note_on,14,0,1,,,,,,,,0,,,73,0
6416,note_on,54,0,2,,,,,,,,2,,,49,127
6419,note_on,3,0,2,,,,,,,,2,,,54,0
6420,note_on,6,0,1,,,,,,,,0,,,71,127
6420,control_change,0,0,1,,,,,,,,0,7,103,,
6440,control_change,20,0,1,,,,,,,,0,7,102,,
6444,note_on,4,0,1,,,,,,,,0,,,71,0
6450,note_on,6,0,1,,,,,,,,0,,,69,127
6460,control_change,10,0,1,,,,,,,,0,7,101,,
6474,note_on,14,0,1,,,,,,,,0,,,69,0
6476,note_on,57,0,2,,,,,,,,2,,,49,0
6480,note_on,6,0,1,,,,,,,,0,,,78,127
6480,note_on,4,0,2,,,,,,,,2,,,50,127
6480,control_change,0,0,1,,,,,,,,0,7,100,,
6490,control_change,10,0,1,,,,,,,,0,7,99,,
6500,control_change,20,0,2,,,,,,,,2,7,106,,
6504,note_on,4,0,2,,,,,,,,2,,,50,0
6510,note_on,6,0,2,,,,,,,,2,,,49,127
6510,control_change,20,0,1,,,,,,,,0,7,98,,
6520,control_change,10,0,2,,,,,,,,2,7,105,,
6530,control_change,10,0,2,,,,,,,,2,7,104,,
6530,control_change,20,0,1,,,,,,,,0,7,97,,
6534,note_on,4,0,2,,,,,,,,2,,,49,0
6540,note_on,6,0,2,,,,,,,,2,,,52,127
6550,control_change,10,0,2,,,,,,,,2,7,103,,
6550,control_change,20,0,1,,,,,,,,0,7,96,,
6560,control_change,10,0,2,,,,,,,,2,7,102,,
6564,note_on,4,0,2,,,,,,,,2,,,52,0
6570,note_on,0,0,1,,,,,,,,0,,,68,127
6570,note_on,20,0,1,,,,,,,,0,,,78,0
6570,note_on,6,0,2,,,,,,,,2,,,50,127
6570,control_change,0,0,1,,,,,,,,0,7,95,,
6580,control_change,10,0,2,,,,,,,,2,7,101,,
6590,control_change,20,0,1,,,,,,,,0,7,94,,
6590,control_change,10,0,2,,,,,,,,2,7,100,,
6594,note_on,4,0,2,,,,,,,,2,,,50,0
6594,note_on,4,0,1,,,,,,,,0,,,68,0
6600,note_on,6,0,1,,,,,,,,0,,,69,127
6600,note_on,6,0,2,,,,,,,,2,,,49,127
6610,control_change,10,0,2,,,,,,,,2,7,99,,
6610,control_change,10,0,1,,,,,,,,0,7,93,,
6620,control_change,10,0,2,,,,,,,,2,7,98,,
6624,note_on,14,0,1,,,,,,,,0,,,69,0
6624,note_on,4,0,2,,,,,,,,2,,,49,0
6630,note_on,6,0,1,,,,,,,,0,,,68,127
6630,control_change,0,0,1,,,,,,,,0,7,92,,
6630,note_on,6,0,2,,,,,,,,2,,,47,127
6640,control_change,10,0,2,,,,,,,,2,7,97,,
6650,control_change,20,0,1,,,,,,,,0,7,91,,
6650,control_change,10,0,2,,,,,,,,2,7,96,,
6654,note_on,4,0,1,,,,,,,,0,,,68,0
6654,note_on,4,0,2,,,,,,,,2,,,47,0
6660,note_on,6,0,2,,,,,,,,2,,,49,127
6660,note_on,6,0,1,,,,,,,,0,,,69,127
6670,control_change,10,0,2,,,,,,,,2,7,95,,
6670,control_change,10,0,1,,,,,,,,0,7,90,,
6680,control_change,10,0,1,,,,,,,,0,7,89,,
6680,control_change,10,0,2,,,,,,,,2,7,94,,
6684,note_on,4,0,1,,,,,,,,0,,,69,0
6684,note_on,4,0,2,,,,,,,,2,,,49,0
6690,note_on,6,0,1,,,,,,,,0,,,74,127
6690,control_change,0,0,2,,,,,,,,2,7,93,,
6690,note_on,6,0,2,,,,,,,,2,,,50,127
6700,control_change,10,0,1,,,,,,,,0,7,88,,
6710,control_change,20,0,2,,,,,,,,2,7,92,,
6714,note_on,14,0,1,,,,,,,,0,,,74,0
6714,note_on,4,0,2,,,,,,,,2,,,50,0
6716,note_on,2,0,2,,,,,,,,2,,,52,127
6720,control_change,4,0,2,,,,,,,,2,7,91,,
6720,note_on,6,0,1,,,,,,,,0,,,71,127
6720,control_change,0,0,1,,,,,,,,0,7,87,,
6732,note_on,12,0,1,,,,,,,,0,,,71,0
6735,note_on,3,0,1,,,,,,,,0,,,73,127
6740,control_change,20,0,2,,,,,,,,2,7,90,,
6740,control_change,5,0,1,,,,,,,,0,7,86,,
6747,note_on,7,0,1,,,,,,,,0,,,73,0
6749,note_on,2,0,1,,,,,,,,0,,,71,127
6750,control_change,10,0,2,,,,,,,,2,7,89,,
6760,control_change,11,0,1,,,,,,,,0,7,85,,
6770,control_change,20,0,2,,,,,,,,2,7,88,,
6776,note_on,6,0,2,,,,,,,,2,,,52,0
6779,note_on,3,0,2,,,,,,,,2,,,40,127
6780,control_change,1,0,2,,,,,,,,2,7,87,,
6780,control_change,20,0,1,,,,,,,,0,7,84,,
6800,control_change,20,0,1,,,,,,,,0,7,83,,
6800,control_change,20,0,2,,,,,,,,2,7,86,,
6809,note_on,9,0,1,,,,,,,,0,,,71,0
6810,note_on,1,0,1,,,,,,,,0,,,69,127
6810,control_change,10,0,2,,,,,,,,2,7,85,,
6820,control_change,10,0,1,,,,,,,,0,7,82,,
6830,control_change,20,0,2,,,,,,,,2,7,84,,
6834,note_on,14,0,1,,,,,,,,0,,,69,0
6839,note_on,9,0,2,,,,,,,,2,,,40,0
6840,note_on,6,0,1,,,,,,,,0,,,69,127
6840,control_change,0,0,1,,,,,,,,0,7,81,,
6840,note_on,1,0,2,,,,,,,,2,,,45,127
6840,control_change,0,0,2,,,,,,,,2,7,83,,
6860,control_change,20,0,1,,,,,,,,0,7,80,,
6860,control_change,20,0,2,,,,,,,,2,7,82,,
6864,note_on,4,0,2,,,,,,,,2,,,45,0
6870,control_change,10,0,1,,,,,,,,0,7,79,,
6870,note_on,6,0,2,,,,,,,,2,,,49,125
6870,control_change,0,0,2,,,,,,,,2,7,81,,
6880,control_change,10,0,2,,,,,,,,2,7,80,,
6894,note_on,14,0,2,,,,,,,,2,,,49,0
6900,note_on,6,0,2,,,,,,,,2,,,50,125
6910,control_change,40,0,1,,,,,,,,0,7,79,,
6924,note_on,24,0,2,,,,,,,,2,,,50,0
6930,note_on,20,0,1,,,,,,,,0,,,69,0
6930,control_change,0,0,1,,,,,,,,0,7,80,,
6930,note_on,0,0,1,,,,,,,,0,,,73,120
6930,note_on,6,0,2,,,,,,,,2,,,52,125
6940,control_change,10,0,1,,,,,,,,0,7,81,,
6950,control_change,10,0,1,,,,,,,,0,7,81,,
6954,note_on,24,0,2,,,,,,,,2,,,52,0
6954,note_on,4,0,1,,,,,,,,0,,,73,0
6960,note_on,6,0,1,,,,,,,,0,,,74,120
6960,note_on,6,0,2,,,,,,,,2,,,54,125
6980,control_change,20,0,1,,,,,,,,0,7,82,,
6984,note_on,24,0,2,,,,,,,,2,,,54,0
6984,note_on,4,0,1,,,,,,,,0,,,74,0
6990,note_on,6,0,1,,,,,,,,0,,,76,120
6990,note_on,6,0,2,,,,,,,,2,,,55,125
7010,control_change,20,0,1,,,,,,,,0,7,83,,
7014,note_on,24,0,2,,,,,,,,2,,,55,0
7014,note_on,4,0,1,,,,,,,,0,,,76,0
7020,note_on,6,0,2,,,,,,,,2,,,57,125
7020,note_on,6,0,1,,,,,,,,0,,,66,127
7040,control_change,20,0,1,,,,,,,,0,7,84,,
7044,note_on,24,0,2,,,,,,,,2,,,57,0
7050,note_on,6,0,2,,,,,,,,2,,,55,125
7070,control_change,30,0,1,,,,,,,,0,7,85,,
7074,note_on,24,0,2,,,,,,,,2,,,55,0
7079,note_on,9,0,1,,,,,,,,0,,,67,127
7080,note_on,1,0,1,,,,,,,,0,,,66,0
7080,note_on,6,0,2,,,,,,,,2,,,59,125
7090,control_change,10,0,1,,,,,,,,0,7,86,,
7104,note_on,24,0,2,,,,,,,,2,,,59,0
7110,note_on,6,0,2,,,,,,,,2,,,57,125
7120,control_change,30,0,1,,,,,,,,0,7,87,,
7134,note_on,24,0,2,,,,,,,,2,,,57,0
7139,note_on,19,0,1,,,,,,,,0,,,67,0
7140,note_on,1,0,1,,,,,,,,0,,,71,120
7140,note_on,6,0,2,,,,,,,,2,,,55,125
7150,control_change,10,0,1,,,,,,,,0,7,88,,
7152,note_on,2,0,1,,,,,,,,0,,,71,0
7155,note_on,3,0,1,,,,,,,,0,,,69,120
7164,note_on,24,0,2,,,,,,,,2,,,55,0
7167,note_on,12,0,1,,,,,,,,0,,,69,0
7170,note_on,3,0,1,,,,,,,,0,,,67,120
7170,note_on,6,0,2,,,,,,,,2,,,54,125
7180,control_change,10,0,1,,,,,,,,0,7,89,,
7182,note_on,2,0,1,,,,,,,,0,,,67,0
7185,note_on,3,0,1,,,,,,,,0,,,69,120
7194,note_on,24,0,2,,,,,,,,2,,,54,0
7197,note_on,12,0,1,,,,,,,,0,,,69,0
7200,control_change,0,0,1,,,,,,,,0,7,90,,
7200,note_on,6,0,2,,,,,,,,2,,,55,125
7200,note_on,3,0,1,,,,,,,,0,,,71,127
7224,note_on,24,0,2,,,,,,,,2,,,55,0
7230,control_change,30,0,1,,,,,,,,0,7,91,,
7230,note_on,6,0,2,,,,,,,,2,,,54,125
7254,note_on,24,0,2,,,,,,,,2,,,54,0
7260,note_on,0,0,1,,,,,,,,0,,,74,120
7260,note_on,6,0,2,,,,,,,,2,,,57,125
7260,note_on,30,0,1,,,,,,,,0,,,71,0
7260,control_change,0,0,1,,,,,,,,0,7,92,,
7272,note_on,12,0,1,,,,,,,,0,,,74,0
7275,note_on,3,0,1,,,,,,,,0,,,73,120
7284,note_on,24,0,2,,,,,,,,2,,,57,0
7287,note_on,12,0,1,,,,,,,,0,,,73,0
7290,control_change,0,0,1,,,,,,,,0,7,93,,
7290,note_on,3,0,1,,,,,,,,0,,,71,120
7290,note_on,6,0,2,,,,,,,,2,,,55,125
7302,note_on,12,0,1,,,,,,,,0,,,71,0
7305,note_on,3,0,1,,,,,,,,0,,,73,120
7310,control_change,5,0,1,,,,,,,,0,7,94,,
7314,note_on,24,0,2,,,,,,,,2,,,55,0
7317,note_on,7,0,1,,,,,,,,0,,,73,0
7320,note_on,6,0,2,,,,,,,,2,,,54,125
7320,note_on,3,0,1,,,,,,,,0,,,74,120
7344,note_on,24,0,2,,,,,,,,2,,,54,0
7350,note_on,6,0,2,,,,,,,,2,,,52,125
7374,note_on,24,0,2,,,,,,,,2,,,52,0
7380,note_on,6,0,2,,,,,,,,2,,,54,125
7404,note_on,24,0,2,,,,,,,,2,,,54,0
7404,note_on,84,0,1,,,,,,,,0,,,74,0
7410,note_on,6,0,1,,,,,,,,0,,,73,120
7410,note_on,6,0,2,,,,,,,,2,,,52,125
7434,note_on,24,0,1,,,,,,,,0,,,73,0
7434,note_on,24,0,2,,,,,,,,2,,,52,0
7440,note_on,6,0,2,,,,,,,,2,,,55,125
7440,note_on,6,0,1,,,,,,,,0,,,76,120
7464,note_on,24,0,1,,,,,,,,0,,,76,0
7464,note_on,24,0,2,,,,,,,,2,,,55,0
7470,note_on,6,0,2,,,,,,,,2,,,54,127
7470,note_on,6,0,1,,,,,,,,0,,,74,120
7494,note_on,24,0,1,,,,,,,,0,,,74,0
7494,note_on,24,0,2,,,,,,,,2,,,54,0
7500,note_on,6,0,1,,,,,,,,0,,,73,120
7500,note_on,6,0,2,,,,,,,,2,,,52,127
7524,note_on,24,0,1,,,,,,,,0,,,73,0
7524,note_on,24,0,2,,,,,,,,2,,,52,0
7530,note_on,6,0,1,,,,,,,,0,,,74,120
7530,note_on,6,0,2,,,,,,,,2,,,50,127
7554,note_on,24,0,1,,,,,,,,0,,,74,0
7554,note_on,24,0,2,,,,,,,,2,,,50,0
7560,note_on,6,0,1,,,,,,,,0,,,76,120
7562,note_on,8,0,2,,,,,,,,2,,,57,127
7570,control_change,10,0,1,,,,,,,,0,7,92,,
7584,note_on,14,0,1,,,,,,,,0,,,76,0
7590,control_change,0,0,1,,,,,,,,0,7,91,,
7590,note_on,6,0,1,,,,,,,,0,,,74,127
7600,control_change,10,0,1,,,,,,,,0,7,90,,
7610,control_change,10,0,1,,,,,,,,0,7,89,,
7614,note_on,52,0,2,,,,,,,,2,,,45,127
7614,note_on,4,0,1,,,,,,,,0,,,74,0
7620,note_on,6,0,1,,,,,,,,0,,,73,127
7622,note_on,8,0,2,,,,,,,,2,,,57,0
7630,control_change,10,0,1,,,,,,,,0,7,88,,
7640,control_change,10,0,1,,,,,,,,0,7,87,,
7644,note_on,22,0,2,,,,,,,,2,,,45,0
7644,note_on,4,0,1,,,,,,,,0,,,73,0
7650,note_on,6,0,1,,,,,,,,0,,,71,127
7650,control_change,0,0,1,,,,,,,,0,7,86,,
7660,control_change,10,0,1,,,,,,,,0,7,85,,
7674,note_on,14,0,1,,,,,,,,0,,,71,0
7680,note_on,6,0,1,,,,,,,,0,,,69,127
7680,control_change,0,0,1,,,,,,,,0,7,84,,
7690,control_change,10,0,1,,,,,,,,0,7,83,,
7700,control_change,10,0,1,,,,,,,,0,7,82,,
7704,note_on,4,0,1,,,,,,,,0,,,69,0
7710,note_on,6,0,1,,,,,,,,0,,,67,127
7710,control_change,0,0,1,,,,,,,,0,7,81,,
7730,control_change,20,0,1,,,,,,,,0,7,80,,
7734,note_on,4,0,1,,,,,,,,0,,,67,0
7740,control_change,0,0,1,,,,,,,,0,7,79,,
7740,note_on,6,0,1,,,,,,,,0,,,66,127
7750,control_change,10,0,1,,,,,,,,0,7,78,,
7760,control_change,10,0,1,,,,,,,,0,7,77,,
7764,note_on,4,0,1,,,,,,,,0,,,66,0
7770,note_on,6,0,1,,,,,,,,0,,,64,120
7794,note_on,24,0,1,,,,,,,,0,,,64,0
7800,note_on,6,0,1,,,,,,,,0,,,67,120
7824,note_on,24,0,1,,,,,,,,0,,,67,0
7830,note_on,6,0,1,,,,,,,,0,,,66,120
7854,note_on,24,0,1,,,,,,,,0,,,66,0
7860,note_on,6,0,1,,,,,,,,0,,,64,120
7884,note_on,24,0,1,,,,,,,,0,,,64,0
7890,note_on,6,0,1,,,,,,,,0,,,62,120
7914,note_on,24,0,1,,,,,,,,0,,,62,0
7920,note_on,6,0,1,,,,,,,,0,,,69,120
7944,note_on,24,0,1,,,,,,,,0,,,69,0
7950,note_on,6,0,1,,,,,,,,0,,,67,120
7960,control_change,10,0,1,,,,,,,,0,7,77,,
7974,note_on,14,0,1,,,,,,,,0,,,67,0
7980,note_on,6,0,1,,,,,,,,0,,,66,120
7980,control_change,0,0,1,,,,,,,,0,7,78,,
8000,control_change,20,0,1,,,,,,,,0,7,79,,
8004,note_on,4,0,1,,,,,,,,0,,,66,0
8010,note_on,6,0,1,,,,,,,,0,,,64,120
8020,control_change,10,0,1,,,,,,,,0,7,80,,
8034,note_on,14,0,1,,,,,,,,0,,,64,0
8040,note_on,6,0,1,,,,,,,,0,,,66,120
8040,control_change,0,0,1,,,,,,,,0,7,81,,
8040,note_on,396,0,2,,,,,,,,2,,,50,125
8060,control_change,20,0,1,,,,,,,,0,7,82,,
8064,note_on,24,0,2,,,,,,,,2,,,50,0
8064,note_on,4,0,1,,,,,,,,0,,,66,0
8070,note_on,6,0,2,,,,,,,,2,,,52,125
8070,note_on,6,0,1,,,,,,,,0,,,62,120
8080,control_change,10,0,1,,,,,,,,0,7,83,,
8090,control_change,10,0,1,,,,,,,,0,7,84,,
8094,note_on,4,0,1,,,,,,,,0,,,62,0
8094,note_on,24,0,2,,,,,,,,2,,,52,0
8100,note_on,6,0,1,,,,,,,,0,,,69,127
8100,note_on,6,0,2,,,,,,,,2,,,54,125
8110,control_change,10,0,1,,,,,,,,0,7,85,,
8110,control_change,10,0,2,,,,,,,,2,7,81,,
8124,note_on,14,0,2,,,,,,,,2,,,54,0
8130,control_change,20,0,1,,,,,,,,0,7,86,,
8130,control_change,0,0,2,,,,,,,,2,7,82,,
8130,note_on,6,0,2,,,,,,,,2,,,52,125
8140,control_change,10,0,2,,,,,,,,2,7,83,,
8150,control_change,20,0,1,,,,,,,,0,7,87,,
8154,note_on,14,0,2,,,,,,,,2,,,52,0
8160,note_on,0,0,1,,,,,,,,0,,,71,127
8160,note_on,6,0,2,,,,,,,,2,,,55,125
8160,note_on,10,0,1,,,,,,,,0,,,69,0
8160,control_change,0,0,2,,,,,,,,2,7,84,,
8170,control_change,10,0,1,,,,,,,,0,7,88,,
8170,control_change,10,0,2,,,,,,,,2,7,85,,
8180,control_change,10,0,2,,,,,,,,2,7,86,,
8184,note_on,4,0,2,,,,,,,,2,,,55,0
8190,control_change,20,0,1,,,,,,,,0,7,89,,
8190,note_on,6,0,2,,,,,,,,2,,,54,125
8200,control_change,10,0,2,,,,,,,,2,7,87,,
8210,control_change,20,0,1,,,,,,,,0,7,90,,
8210,control_change,10,0,2,,,,,,,,2,7,88,,
8214,note_on,4,0,2,,,,,,,,2,,,54,0
8220,note_on,6,0,2,,,,,,,,2,,,52,125
8220,note_on,10,0,1,,,,,,,,0,,,71,0
8220,control_change,0,0,1,,,,,,,,0,7,91,,
8220,note_on,0,0,1,,,,,,,,0,,,73,120
8227,note_on,0,0,1,,,,,,,,0,,,71,120
8227,note_on,7,0,1,,,,,,,,0,,,73,0
8230,control_change,10,0,2,,,,,,,,2,7,89,,
8234,note_on,7,0,1,,,,,,,,0,,,71,0
8235,note_on,1,0,1,,,,,,,,0,,,73,120
8240,control_change,10,0,2,,,,,,,,2,7,90,,
8240,control_change,5,0,1,,,,,,,,0,7,92,,
8244,note_on,4,0,2,,,,,,,,2,,,52,0
8247,note_on,7,0,1,,,,,,,,0,,,73,0
8250,note_on,3,0,1,,,,,,,,0,,,74,120
8250,control_change,0,0,2,,,,,,,,2,7,91,,
8250,note_on,6,0,2,,,,,,,,2,,,50,125
8260,control_change,10,0,1,,,,,,,,0,7,93,,
8270,control_change,20,0,2,,,,,,,,2,7,92,,
8274,note_on,4,0,2,,,,,,,,2,,,50,0
8274,note_on,14,0,1,,,,,,,,0,,,74,0
8280,control_change,0,0,2,,,,,,,,2,7,93,,
8280,note_on,6,0,2,,,,,,,,2,,,57,125
8280,note_on,6,0,1,,,,,,,,0,,,73,127
8280,control_change,0,0,1,,,,,,,,0,7,94,,
8300,control_change,20,0,2,,,,,,,,2,7,94,,
8300,control_change,20,0,1,,,,,,,,0,7,95,,
8304,note_on,4,0,2,,,,,,,,2,,,57,0
8310,note_on,6,0,2,,,,,,,,2,,,55,125
8310,control_change,0,0,2,,,,,,,,2,7,95,,
8320,control_change,20,0,1,,,,,,,,0,7,96,,
8320,control_change,10,0,2,,,,,,,,2,7,96,,
8334,note_on,14,0,2,,,,,,,,2,,,55,0
8340,control_change,0,0,2,,,,,,,,2,7,97,,
8340,note_on,6,0,2,,,,,,,,2,,,54,125
8340,control_change,0,0,1,,,,,,,,0,7,97,,
8340,note_on,0,0,1,,,,,,,,0,,,71,120
8340,note_on,20,0,1,,,,,,,,0,,,73,0
8350,control_change,10,0,2,,,,,,,,2,7,98,,
8350,control_change,10,0,1,,,,,,,,0,7,98,,
8352,note_on,2,0,1,,,,,,,,0,,,71,0
8355,note_on,3,0,1,,,,,,,,0,,,69,120
8364,note_on,14,0,2,,,,,,,,2,,,54,0
8370,control_change,15,0,1,,,,,,,,0,7,99,,
8370,note_on,6,0,2,,,,,,,,2,,,52,125
8370,control_change,0,0,2,,,,,,,,2,7,99,,
8380,control_change,10,0,2,,,,,,,,2,7,100,,
8390,control_change,20,0,1,,,,,,,,0,7,100,,
8390,control_change,10,0,2,,,,,,,,2,7,101,,
8394,note_on,4,0,2,,,,,,,,2,,,52,0
8400,note_on,6,0,2,,,,,,,,2,,,54,125
8400,note_on,0,0,1,,,,,,,,0,,,74,120
8400,note_on,10,0,1,,,,,,,,0,,,69,0
8410,control_change,10,0,2,,,,,,,,2,7,102,,
8410,control_change,10,0,1,,,,,,,,0,7,101,,
8420,control_change,10,0,2,,,,,,,,2,7,103,,
8424,note_on,14,0,1,,,,,,,,0,,,74,0
8424,note_on,4,0,2,,,,,,,,2,,,54,0
8430,note_on,6,0,2,,,,,,,,2,,,50,125
8430,control_change,6,0,1,,,,,,,,0,7,102,,
8440,control_change,10,0,2,,,,,,,,2,7,104,,
8450,control_change,10,0,2,,,,,,,,2,7,105,,
8450,control_change,20,0,1,,,,,,,,0,7,103,,
8454,note_on,4,0,2,,,,,,,,2,,,50,0
8460,control_change,0,0,2,,,,,,,,2,7,106,,
8460,note_on,10,0,1,,,,,,,,0,,,74,127
8460,note_on,6,0,2,,,,,,,,2,,,57,125
8470,control_change,10,0,1,,,,,,,,0,7,104,,
8480,control_change,10,0,1,,,,,,,,0,7,105,,
8484,note_on,24,0,2,,,,,,,,2,,,57,0
8490,note_on,6,0,2,,,,,,,,2,,,54,127
8514,note_on,24,0,2,,,,,,,,2,,,54,0
8516,note_on,36,0,1,,,,,,,,0,,,62,127
8520,note_on,4,0,1,,,,,,,,0,,,74,0
8520,note_on,6,0,2,,,,,,,,2,,,59,127
8544,note_on,24,0,2,,,,,,,,2,,,59,0
8550,note_on,6,0,2,,,,,,,,2,,,55,127
8574,note_on,24,0,2,,,,,,,,2,,,55,0
8576,note_on,56,0,1,,,,,,,,0,,,62,0
8580,note_on,6,0,2,,,,,,,,2,,,54,127
8580,note_on,4,0,1,,,,,,,,0,,,74,127
8604,note_on,24,0,2,,,,,,,,2,,,54,0
8610,note_on,30,0,1,,,,,,,,0,,,74,0
8610,note_on,6,0,2,,,,,,,,2,,,52,127
8634,note_on,24,0,2,,,,,,,,2,,,52,0
8640,note_on,30,0,1,,,,,,,,0,,,74,127
8640,note_on,6,0,2,,,,,,,,2,,,57,127
8664,note_on,24,0,2,,,,,,,,2,,,57,0
8670,note_on,6,0,2,,,,,,,,2,,,54,127
8694,note_on,24,0,2,,,,,,,,2,,,54,0
8696,note_on,56,0,1,,,,,,,,0,,,62,127
8700,note_on,6,0,2,,,,,,,,2,,,55,127
8700,note_on,4,0,1,,,,,,,,0,,,74,0
8724,note_on,24,0,2,,,,,,,,2,,,55,0
8730,note_on,6,0,2,,,,,,,,2,,,52,127
8754,note_on,24,0,2,,,,,,,,2,,,52,0
8756,note_on,56,0,1,,,,,,,,0,,,62,0
8760,note_on,4,0,1,,,,,,,,0,,,74,120
8760,note_on,6,0,2,,,,,,,,2,,,50,127
8784,note_on,24,0,1,,,,,,,,0,,,74,0
8784,note_on,24,0,2,,,,,,,,2,,,50,0
8790,note_on,6,0,2,,,,,,,,2,,,49,127
8814,note_on,24,0,2,,,,,,,,2,,,49,0
8820,note_on,36,0,1,,,,,,,,0,,,74,127
8820,note_on,6,0,2,,,,,,,,2,,,57,127
8844,note_on,24,0,2,,,,,,,,2,,,57,0
8850,note_on,6,0,2,,,,,,,,2,,,54,127
8874,note_on,24,0,2,,,,,,,,2,,,54,0
8875,note_on,55,0,1,,,,,,,,0,,,62,127
8880,note_on,5,0,1,,,,,,,,0,,,74,0
8880,note_on,6,0,2,,,,,,,,2,,,59,127
8904,note_on,24,0,2,,,,,,,,2,,,59,0
8910,note_on,6,0,2,,,,,,,,2,,,55,127
8934,note_on,24,0,2,,,,,,,,2,,,55,0
8935,note_on,55,0,1,,,,,,,,0,,,62,0
8940,note_on,5,0,1,,,,,,,,0,,,74,120
8940,note_on,6,0,2,,,,,,,,2,,,54,127
8964,note_on,24,0,2,,,,,,,,2,,,54,0
8964,note_on,24,0,1,,,,,,,,0,,,74,0
8970,note_on,6,0,2,,,,,,,,2,,,52,127
8994,note_on,24,0,2,,,,,,,,2,,,52,0
9000,note_on,6,0,2,,,,,,,,2,,,57,127
9000,note_on,36,0,1,,,,,,,,0,,,74,127
9024,note_on,24,0,2,,,,,,,,2,,,57,0
9030,note_on,6,0,2,,,,,,,,2,,,54,127
9054,note_on,24,0,2,,,,,,,,2,,,54,0
9058,note_on,58,0,1,,,,,,,,0,,,62,127
9060,note_on,6,0,2,,,,,,,,2,,,55,127
9060,note_on,2,0,1,,,,,,,,0,,,74,0
9084,note_on,24,0,2,,,,,,,,2,,,55,0
9090,note_on,6,0,2,,,,,,,,2,,,52,127
9114,note_on,24,0,2,,,,,,,,2,,,52,0
9118,note_on,58,0,1,,,,,,,,0,,,62,0
9120,note_on,6,0,2,,,,,,,,2,,,50,127
9120,note_on,2,0,1,,,,,,,,0,,,74,120
9144,note_on,24,0,2,,,,,,,,2,,,50,0
9144,note_on,24,0,1,,,,,,,,0,,,74,0
9150,note_on,6,0,2,,,,,,,,2,,,49,127
9150,note_on,6,0,1,,,,,,,,0,,,76,120
9174,note_on,24,0,2,,,,,,,,2,,,49,0
9174,note_on,24,0,1,,,,,,,,0,,,76,0
9180,note_on,6,0,1,,,,,,,,0,,,78,120
9180,note_on,6,0,2,,,,,,,,2,,,50,127
9204,note_on,24,0,1,,,,,,,,0,,,78,0
9210,note_on,6,0,1,,,,,,,,0,,,76,120
9234,note_on,24,0,1,,,,,,,,0,,,76,0
9240,note_on,6,0,1,,,,,,,,0,,,79,120
9240,note_on,0,0,2,,,,,,,,2,,,52,127
9240,note_on,60,0,2,,,,,,,,2,,,50,0
9264,note_on,24,0,1,,,,,,,,0,,,79,0
9270,note_on,6,0,1,,,,,,,,0,,,78,120
9294,note_on,24,0,1,,,,,,,,0,,,78,0
9296,note_on,56,0,2,,,,,,,,2,,,54,127
9300,note_on,4,0,2,,,,,,,,2,,,52,0
9300,note_on,6,0,1,,,,,,,,0,,,76,120
9324,note_on,24,0,1,,,,,,,,0,,,76,0
9330,note_on,6,0,1,,,,,,,,0,,,74,120
9354,note_on,24,0,1,,,,,,,,0,,,74,0
9356,note_on,56,0,2,,,,,,,,2,,,54,0
9360,note_on,6,0,1,,,,,,,,0,,,83,127
9360,note_on,4,0,2,,,,,,,,2,,,55,127
9384,note_on,24,0,2,,,,,,,,2,,,55,0
9390,note_on,6,0,2,,,,,,,,2,,,54,127
9414,note_on,24,0,2,,,,,,,,2,,,54,0
9417,note_on,57,0,1,,,,,,,,0,,,73,127
9420,note_on,6,0,2,,,,,,,,2,,,57,127
9420,note_on,3,0,1,,,,,,,,0,,,83,0
9444,note_on,24,0,2,,,,,,,,2,,,57,0
9450,note_on,6,0,2,,,,,,,,2,,,55,127
9474,note_on,24,0,2,,,,,,,,2,,,55,0
9477,note_on,57,0,1,,,,,,,,0,,,73,0
9480,note_on,3,0,1,,,,,,,,0,,,74,120
9480,note_on,6,0,2,,,,,,,,2,,,54,127
9504,note_on,24,0,2,,,,,,,,2,,,54,0
9510,note_on,6,0,2,,,,,,,,2,,,52,127
9530,control_change,50,0,1,,,,,,,,0,7,109,,
9534,note_on,24,0,2,,,,,,,,2,,,52,0
9540,control_change,10,0,1,,,,,,,,0,7,108,,
9540,note_on,6,0,2,,,,,,,,2,,,54,127
9550,control_change,10,0,1,,,,,,,,0,7,106,,
9560,control_change,10,0,1,,,,,,,,0,7,105,,
9560,control_change,20,0,2,,,,,,,,2,7,105,,
9564,note_on,4,0,2,,,,,,,,2,,,54,0
9570,note_on,10,0,1,,,,,,,,0,,,74,0
9570,note_on,6,0,2,,,,,,,,2,,,55,127
9570,control_change,0,0,2,,,,,,,,2,7,104,,
9570,note_on,0,0,1,,,,,,,,0,,,76,127
9570,control_change,0,0,1,,,,,,,,0,7,103,,
9580,control_change,10,0,2,,,,,,,,2,7,102,,
9580,control_change,10,0,1,,,,,,,,0,7,101,,
9590,control_change,10,0,1,,,,,,,,0,7,100,,
9590,control_change,10,0,2,,,,,,,,2,7,100,,
9594,note_on,4,0,2,,,,,,,,2,,,55,0
9599,note_on,9,0,1,,,,,,,,0,,,76,0
9600,control_change,0,0,2,,,,,,,,2,7,98,,
9600,note_on,6,0,2,,,,,,,,2,,,57,127
9600,note_on,1,0,1,,,,,,,,0,,,76,127
9600,control_change,0,0,1,,,,,,,,0,7,98,,
9610,control_change,10,0,2,,,,,,,,2,7,96,,
9610,control_change,10,0,1,,,,,,,,0,7,96,,
9612,note_on,2,0,1,,,,,,,,0,,,76,0
9615,note_on,3,0,1,,,,,,,,0,,,78,127
9620,control_change,5,0,1,,,,,,,,0,7,95,,
9620,control_change,10,0,2,,,,,,,,2,7,95,,
9627,note_on,7,0,1,,,,,,,,0,,,78,0
9630,control_change,10,0,2,,,,,,,,2,7,93,,
9630,note_on,3,0,1,,,,,,,,0,,,76,127
9630,control_change,0,0,1,,,,,,,,0,7,93,,
9640,control_change,10,0,2,,,,,,,,2,7,91,,
9640,control_change,10,0,1,,,,,,,,0,7,91,,
9650,control_change,10,0,2,,,,,,,,2,7,89,,
9650,control_change,10,0,1,,,,,,,,0,7,90,,
9659,note_on,9,0,2,,,,,,,,2,,,45,127
9660,control_change,0,0,2,,,,,,,,2,7,87,,
9660,note_on,1,0,2,,,,,,,,2,,,57,0
9660,control_change,10,0,1,,,,,,,,0,7,88,,
9670,control_change,10,0,2,,,,,,,,2,7,85,,
9670,control_change,10,0,1,,,,,,,,0,7,86,,
9680,control_change,10,0,2,,,,,,,,2,7,84,,
9680,control_change,10,0,1,,,,,,,,0,7,85,,
9689,note_on,9,0,2,,,,,,,,2,,,45,0
9689,note_on,9,0,1,,,,,,,,0,,,76,0
9690,control_change,1,0,2,,,,,,,,2,7,82,,
9690,control_change,0,0,1,,,,,,,,0,7,83,,
9690,note_on,1,0,1,,,,,,,,0,,,74,127
9700,control_change,10,0,2,,,,,,,,2,7,80,,
9700,control_change,10,0,1,,,,,,,,0,7,81,,
9710,control_change,10,0,2,,,,,,,,2,7,78,,
9710,control_change,10,0,1,,,,,,,,0,7,80,,
9719,note_on,9,0,1,,,,,,,,0,,,74,0
9720,note_on,1,0,1,,,,,,,,0,,,74,127
9720,control_change,0,0,1,,,,,,,,0,7,78,,
9720,note_on,10,0,2,,,,,,,,2,,,47,127
9720,control_change,0,0,2,,,,,,,,2,7,76,,
9730,control_change,10,0,1,,,,,,,,0,7,76,,
9730,control_change,10,0,2,,,,,,,,2,7,74,,
9744,note_on,14,0,2,,,,,,,,2,,,47,0
9750,note_on,6,0,2,,,,,,,,2,,,45,127
9774,note_on,24,0,2,,,,,,,,2,,,45,0
9776,note_on,46,0,1,,,,,,,,0,,,62,127
9780,note_on,4,0,1,,,,,,,,0,,,74,0
9780,note_on,6,0,2,,,,,,,,2,,,48,127
9804,note_on,24,0,2,,,,,,,,2,,,48,0
9810,note_on,6,0,2,,,,,,,,2,,,47,127
9834,note_on,24,0,2,,,,,,,,2,,,47,0
9836,note_on,56,0,1,,,,,,,,0,,,62,0
9840,note_on,4,0,1,,,,,,,,0,,,67,127
9840,note_on,6,0,2,,,,,,,,2,,,45,127
9864,note_on,24,0,2,,,,,,,,2,,,45,0
9870,note_on,6,0,2,,,,,,,,2,,,43,127
9894,note_on,24,0,2,,,,,,,,2,,,43,0
9900,note_on,6,0,2,,,,,,,,2,,,50,127
9924,note_on,84,0,1,,,,,,,,0,,,67,0
9930,note_on,6,0,1,,,,,,,,0,,,57,127
9950,control_change,50,0,2,,,,,,,,2,7,76,,
9954,note_on,24,0,1,,,,,,,,0,,,57,0
9960,note_on,6,0,1,,,,,,,,0,,,59,127
9970,control_change,20,0,2,,,,,,,,2,7,77,,
9984,note_on,24,0,1,,,,,,,,0,,,59,0
9990,note_on,6,0,1,,,,,,,,0,,,61,127
9990,control_change,20,0,2,,,,,,,,2,7,78,,
10010,control_change,20,0,2,,,,,,,,2,7,79,,
10014,note_on,24,0,1,,,,,,,,0,,,61,0
10020,control_change,10,0,2,,,,,,,,2,7,80,,
10020,note_on,6,0,1,,,,,,,,0,,,62,127
10040,control_change,20,0,1,,,,,,,,0,7,76,,
10040,control_change,20,0,2,,,,,,,,2,7,81,,
10044,note_on,4,0,1,,,,,,,,0,,,62,0
10050,note_on,6,0,1,,,,,,,,0,,,64,127
10060,control_change,10,0,1,,,,,,,,0,7,77,,
10060,control_change,20,0,2,,,,,,,,2,7,82,,
10070,control_change,10,0,1,,,,,,,,0,7,78,,
10074,note_on,4,0,1,,,,,,,,0,,,64,0
10080,note_on,6,0,1,,,,,,,,0,,,66,127
10080,control_change,20,0,2,,,,,,,,2,7,83,,
10090,control_change,10,0,2,,,,,,,,2,7,84,,
10090,control_change,10,0,1,,,,,,,,0,7,79,,
10100,control_change,10,0,1,,,,,,,,0,7,80,,
10104,note_on,14,0,2,,,,,,,,2,,,50,0
10104,note_on,4,0,1,,,,,,,,0,,,66,0
10110,control_change,0,0,2,,,,,,,,2,7,85,,
10110,note_on,6,0,2,,,,,,,,2,,,49,127
10110,note_on,6,0,1,,,,,,,,0,,,64,127
10120,control_change,10,0,1,,,,,,,,0,7,81,,
10130,control_change,10,0,1,,,,,,,,0,7,82,,
10130,control_change,20,0,2,,,,,,,,2,7,86,,
10134,note_on,4,0,1,,,,,,,,0,,,64,0
10134,note_on,4,0,2,,,,,,,,2,,,49,0
10140,note_on,6,0,2,,,,,,,,2,,,47,127
10140,note_on,6,0,1,,,,,,,,0,,,67,127
10150,control_change,10,0,2,,,,,,,,2,7,87,,
10150,control_change,10,0,1,,,,,,,,0,7,83,,
10160,control_change,10,0,1,,,,,,,,0,7,84,,
10160,control_change,10,0,2,,,,,,,,2,7,88,,
10164,note_on,4,0,2,,,,,,,,2,,,47,0
10164,note_on,4,0,1,,,,,,,,0,,,67,0
10170,note_on,6,0,1,,,,,,,,0,,,66,127
10170,control_change,0,0,1,,,,,,,,0,7,85,,
10170,note_on,6,0,2,,,,,,,,2,,,45,127
10180,control_change,10,0,2,,,,,,,,2,7,89,,
10190,control_change,20,0,1,,,,,,,,0,7,86,,
10194,note_on,4,0,1,,,,,,,,0,,,66,0
10194,note_on,14,0,2,,,,,,,,2,,,45,0
10200,note_on,6,0,1,,,,,,,,0,,,64,127
10200,control_change,0,0,1,,,,,,,,0,7,87,,
10200,note_on,6,0,2,,,,,,,,2,,,43,127
10200,control_change,0,0,2,,,,,,,,2,7,90,,
10220,control_change,20,0,1,,,,,,,,0,7,88,,
10220,control_change,20,0,2,,,,,,,,2,7,91,,
10224,note_on,4,0,1,,,,,,,,0,,,64,0
10224,note_on,4,0,2,,,,,,,,2,,,43,0
10230,control_change,0,0,2,,,,,,,,2,7,92,,
10230,note_on,6,0,2,,,,,,,,2,,,42,127
10230,note_on,6,0,1,,,,,,,,0,,,62,127
10230,control_change,0,0,1,,,,,,,,0,7,89,,
10250,control_change,20,0,1,,,,,,,,0,7,90,,
10254,note_on,24,0,2,,,,,,,,2,,,42,0
10254,note_on,4,0,1,,,,,,,,0,,,62,0
10260,note_on,6,0,2,,,,,,,,2,,,43,127
10260,control_change,0,0,1,,,,,,,,0,7,91,,
10260,note_on,6,0,1,,,,,,,,0,,,71,127
10280,control_change,20,0,1,,,,,,,,0,7,92,,
10284,note_on,24,0,2,,,,,,,,2,,,43,0
10290,control_change,10,0,1,,,,,,,,0,7,93,,
10290,note_on,6,0,2,,,,,,,,2,,,42,127
10300,control_change,10,0,1,,,,,,,,0,7,94,,
10314,note_on,24,0,2,,,,,,,,2,,,42,0
10320,note_on,6,0,2,,,,,,,,2,,,45,127
10344,note_on,24,0,2,,,,,,,,2,,,45,0
10350,note_on,50,0,1,,,,,,,,0,,,71,0
10350,note_on,0,0,1,,,,,,,,0,,,61,127
10350,note_on,6,0,2,,,,,,,,2,,,43,127
10374,note_on,24,0,2,,,,,,,,2,,,43,0
10374,note_on,24,0,1,,,,,,,,0,,,61,0
10380,note_on,6,0,2,,,,,,,,2,,,42,127
10380,note_on,6,0,1,,,,,,,,0,,,62,127
10404,note_on,24,0,1,,,,,,,,0,,,62,0
10404,note_on,24,0,2,,,,,,,,2,,,42,0
10410,note_on,6,0,1,,,,,,,,0,,,61,127
10410,note_on,6,0,2,,,,,,,,2,,,40,127
10425,set_tempo,10420,1,0,,,,,,750939,,,,,,
10430,set_tempo,5,1,0,,,,,,755668,,,,,,
10434,note_on,24,0,2,,,,,,,,2,,,40,0
10434,note_on,24,0,1,,,,,,,,0,,,61,0
10435,set_tempo,5,1,0,,,,,,765306,,,,,,
10440,control_change,0,0,2,,,,,,,,2,7,89,,
10440,note_on,6,0,2,,,,,,,,2,,,42,127
10440,set_tempo,5,1,0,,,,,,775194,,,,,,
10440,note_on,6,0,1,,,,,,,,0,,,62,127
10445,set_tempo,5,1,0,,,,,,785340,,,,,,
10450,set_tempo,5,1,0,,,,,,795756,,,,,,
10455,set_tempo,5,1,0,,,,,,806452,,,,,,
10460,control_change,20,0,2,,,,,,,,2,7,88,,
10460,control_change,20,0,1,,,,,,,,0,7,96,,
10460,set_tempo,5,1,0,,,,,,817439,,,,,,
10464,note_on,4,0,1,,,,,,,,0,,,62,0
10464,note_on,4,0,2,,,,,,,,2,,,42,0
10465,set_tempo,5,1,0,,,,,,823045,,,,,,
10470,note_on,6,0,2,,,,,,,,2,,,43,127
10470,set_tempo,5,1,0,,,,,,834492,,,,,,
10470,control_change,0,0,1,,,,,,,,0,7,91,,
10470,note_on,6,0,1,,,,,,,,0,,,67,127
10475,set_tempo,5,1,0,,,,,,846262,,,,,,
10480,set_tempo,5,1,0,,,,,,858369,,,,,,
10480,control_change,10,0,1,,,,,,,,0,7,90,,
10480,control_change,10,0,2,,,,,,,,2,7,87,,
10485,set_tempo,5,1,0,,,,,,870827,,,,,,
10490,control_change,10,0,1,,,,,,,,0,7,89,,
10490,set_tempo,5,1,0,,,,,,883652,,,,,,
10490,control_change,10,0,2,,,,,,,,2,7,86,,
10494,note_on,4,0,1,,,,,,,,0,,,67,0
10494,note_on,4,0,2,,,,,,,,2,,,43,0
10495,set_tempo,5,1,0,,,,,,896861,,,,,,
10500,control_change,0,0,1,,,,,,,,0,7,88,,
10500,set_tempo,5,1,0,,,,,,903614,,,,,,
10500,note_on,6,0,1,,,,,,,,0,,,64,127
10500,note_on,6,0,2,,,,,,,,2,,,45,127
10505,set_tempo,5,1,0,,,,,,917431,,,,,,
10510,set_tempo,5,1,0,,,,,,931677,,,,,,
10510,control_change,10,0,1,,,,,,,,0,7,86,,
10510,control_change,10,0,2,,,,,,,,2,7,85,,
10512,note_on,2,0,1,,,,,,,,0,,,64,0
10515,note_on,3,0,1,,,,,,,,0,,,66,127
10515,set_tempo,5,1,0,,,,,,946372,,,,,,
10520,control_change,5,0,1,,,,,,,,0,7,85,,
10520,set_tempo,5,1,0,,,,,,961538,,,,,,
10520,control_change,10,0,2,,,,,,,,2,7,84,,
10524,note_on,4,0,2,,,,,,,,2,,,45,0
10525,set_tempo,5,1,0,,,,,,977199,,,,,,
10527,note_on,7,0,1,,,,,,,,0,,,66,0
10530,control_change,0,0,1,,,,,,,,0,7,84,,
10530,note_on,3,0,1,,,,,,,,0,,,64,127
10530,set_tempo,5,1,0,,,,,,993377,,,,,,
10535,set_tempo,5,1,0,,,,,,1001669,,,,,,
10540,control_change,16,0,2,,,,,,,,2,7,83,,
10540,set_tempo,5,1,0,,,,,,1018676,,,,,,
10540,control_change,10,0,1,,,,,,,,0,7,83,,
10542,note_on,2,0,1,,,,,,,,0,,,64,0
10545,set_tempo,5,1,0,,,,,,1036269,,,,,,
10545,note_on,3,0,1,,,,,,,,0,,,66,127
10550,control_change,10,0,2,,,,,,,,2,7,82,,
10550,control_change,5,0,1,,,,,,,,0,7,81,,
10550,set_tempo,5,1,0,,,,,,1054482,,,,,,
10555,set_tempo,5,1,0,,,,,,1073345,,,,,,
10557,note_on,7,0,1,,,,,,,,0,,,66,0
10560,note_on,3,0,1,,,,,,,,0,,,64,127
10560,control_change,0,0,1,,,,,,,,0,7,80,,
10560,note_on,10,0,2,,,,,,,,2,,,45,127
10560,set_tempo,5,1,0,,,,,,1092896,,,,,,
10565,set_tempo,5,1,0,,,,,,1113173,,,,,,
10570,set_tempo,5,1,0,,,,,,1123596,,,,,,
10570,control_change,10,0,1,,,,,,,,0,7,79,,
10570,control_change,10,0,2,,,,,,,,2,7,81,,
10572,note_on,2,0,1,,,,,,,,0,,,64,0
10575,note_on,3,0,1,,,,,,,,0,,,66,127
10575,set_tempo,5,1,0,,,,,,1145038,,,,,,
10580,set_tempo,5,1,0,,,,,,1167315,,,,,,
10580,control_change,10,0,2,,,,,,,,2,7,80,,
10580,control_change,5,0,1,,,,,,,,0,7,77,,
10584,note_on,4,0,2,,,,,,,,2,,,45,0
10585,set_tempo,5,1,0,,,,,,1190476,,,,,,
10587,note_on,7,0,1,,,,,,,,0,,,66,0
10590,note_on,3,0,1,,,,,,,,0,,,62,127
10590,control_change,0,0,1,,,,,,,,0,7,76,,
10590,set_tempo,5,1,0,,,,,,1214575,,,,,,
10595,set_tempo,5,1,0,,,,,,1239669,,,,,,
10600,control_change,16,0,2,,,,,,,,2,7,79,,
10600,set_tempo,5,1,0,,,,,,1265823,,,,,,
10600,control_change,10,0,1,,,,,,,,0,7,75,,
10605,set_tempo,5,1,0,,,,,,1279318,,,,,,
10610,control_change,10,0,2,,,,,,,,2,7,78,,
10610,set_tempo,5,1,0,,,,,,1307190,,,,,,
10610,control_change,10,0,1,,,,,,,,0,7,74,,
10614,note_on,4,0,1,,,,,,,,0,,,62,0
10615,set_tempo,5,1,0,,,,,,1336303,,,,,,
10620,note_on,10,0,2,,,,,,,,2,,,38,127
10620,set_tempo,5,1,0,,,,,,1366743,,,,,,
10620,note_on,6,0,1,,,,,,,,0,,,62,127
10620,control_change,0,0,1,,,,,,,,0,7,72,,
10625,set_tempo,5,1,0,,,,,,1398601,,,,,,
10630,control_change,10,0,2,,,,,,,,2,7,77,,
10630,control_change,10,0,1,,,,,,,,0,7,71,,
10630,set_tempo,5,1,0,,,,,,1431981,,,,,,
10635,end_of_track,0,1,0,,,,,,,,,,,,
10635,set_tempo,5,1,0,,,,,,1466993,,,,,,
10640,control_change,10,0,2,,,,,,,,2,7,76,,
10640,control_change,10,0,1,,,,,,,,0,7,70,,
10650,control_change,10,0,1,,,,,,,,0,7,68,,
10660,control_change,20,0,2,,,,,,,,2,7,75,,
10660,control_change,10,0,1,,,,,,,,0,7,67,,
10670,control_change,10,0,2,,,,,,,,2,7,74,,
10670,control_change,10,0,1,,,,,,,,0,7,66,,
10680,control_change,10,0,1,,,,,,,,0,7,65,,
10690,control_change,20,0,2,,,,,,,,2,7,73,,
10690,control_change,10,0,1,,,,,,,,0,7,63,,
10700,control_change,10,0,1,,,,,,,,0,7,62,,
10700,control_change,10,0,2,,,,,,,,2,7,72,,
10710,control_change,10,0,1,,,,,,,,0,7,61,,
10720,control_change,10,0,1,,,,,,,,0,7,60,,
10720,control_change,20,0,2,,,,,,,,2,7,71,,
10730,control_change,10,0,1,,,,,,,,0,7,58,,
10730,control_change,10,0,2,,,,,,,,2,7,70,,
10740,control_change,10,0,1,,,,,,,,0,7,57,,
10750,control_change,10,0,1,,,,,,,,0,7,56,,
10750,control_change,20,0,2,,,,,,,,2,7,69,,
10760,control_change,10,0,2,,,,,,,,2,7,68,,
10760,control_change,10,0,1,,,,,,,,0,7,54,,
10770,control_change,10,0,1,,,,,,,,0,7,53,,
10780,control_change,10,0,1,,,,,,,,0,7,52,,
10790,control_change,10,0,1,,,,,,,,0,7,51,,
10800,control_change,0,0,1,,,,,,,,0,7,49,,
10800,end_of_track,0,1,2,,,,,,,,,,,,
10800,note_on,40,0,2,,,,,,,,2,,,38,0
10800,note_on,10,0,1,,,,,,,,0,,,62,0
10810,control_change,10,0,1,,,,,,,,0,7,48,,
10820,control_change,10,0,1,,,,,,,,0,7,47,,
10830,control_change,10,0,1,,,,,,,,0,7,45,,
10830,end_of_track,0,1,1,,,,,,,,,,,,
