tick,type,time,meta,track,frame_rate,hours,minutes,seconds,frames,sub_frames,numerator,denominator,clocks_per_click,notated_32nd_notes_per_beat,tempo,note,velocity,channel
0,text,0,1,0,,,,,,,,,,,,,,
0,text,0,1,3,,,,,,,,,,,,,,
0,note_on,0,0,3,,,,,,,,,,,,67,40,0
0,note_on,0,0,3,,,,,,,,,,,,70,40,0
0,note_on,0,0,3,,,,,,,,,,,,75,40,0
0,text,0,1,4,,,,,,,,,,,,,,
0,note_on,0,0,4,,,,,,,,,,,,51,64,0
0,text,0,1,2,,,,,,,,,,,,,,
0,text,0,1,1,,,,,,,,,,,,,,
0,smpte_offset,0,1,0,24,32,0,0,0,0,,,,,,,,
0,time_signature,0,1,0,,,,,,,4,4,24,8,,,,
0,set_tempo,0,1,0,,,,,,,,,,,1428571,,,
0,end_of_track,0,1,0,,,,,,,,,,,,,,
240,note_on,240,0,1,,,,,,,,,,,,70,64,0
240,note_on,240,0,2,,,,,,,,,,,,67,64,0
480,note_on,0,0,1,,,,,,,,,,,,72,64,0
480,note_off,480,0,4,,,,,,,,,,,,51,64,0
480,note_off,480,0,3,,,,,,,,,,,,67,64,0
480,note_on,0,0,2,,,,,,,,,,,,68,64,0
480,note_off,0,0,3,,,,,,,,,,,,70,64,0
480,note_off,0,0,3,,,,,,,,,,,,75,64,0
480,note_off,240,0,2,,,,,,,,,,,,67,64,0
480,note_off,240,0,1,,,,,,,,,,,,70,64,0
720,note_off,240,0,2,,,,,,,,,,,,68,64,0
720,note_on,0,0,2,,,,,,,,,,,,70,64,0
720,note_off,240,0,1,,,,,,,,,,,,72,64,0
720,note_on,0,0,1,,,,,,,,,,,,73,64,0
960,note_on,0,0,3,,,,,,,,,,,,67,40,0
960,note_on,480,0,4,,,,,,,,,,,,39,64,0
960,note_on,0,0,3,,,,,,,,,,,,73,40,0
960,note_on,0,0,3,,,,,,,,,,,,70,40,0
960,note_on,480,0,3,,,,,,,,,,,,63,40,0
1200,note_off,0,0,3,,,,,,,,,,,,67,64,0
1200,note_off,0,0,3,,,,,,,,,,,,73,64,0
1200,note_on,0,0,3,,,,,,,,,,,,72,40,0
1200,note_off,240,0,3,,,,,,,,,,,,63,64,0
1200,note_on,0,0,3,,,,,,,,,,,,68,40,0
1200,note_on,0,0,2,,,,,,,,,,,,68,64,0
1200,note_off,480,0,2,,,,,,,,,,,,70,64,0
1200,note_off,0,0,3,,,,,,,,,,,,70,64,0
1200,note_on,0,0,3,,,,,,,,,,,,63,40,0
1200,note_on,0,0,1,,,,,,,,,,,,72,64,0
1200,note_off,480,0,1,,,,,,,,,,,,73,64,0
1320,note_off,120,0,2,,,,,,,,,,,,68,64,0
1320,note_off,120,0,1,,,,,,,,,,,,72,64,0
1320,note_on,0,0,2,,,,,,,,,,,,61,64,0
1320,note_on,0,0,1,,,,,,,,,,,,70,64,0
1440,note_on,0,0,2,,,,,,,,,,,,61,64,0
1440,note_off,480,0,4,,,,,,,,,,,,39,64,0
1440,note_on,0,0,1,,,,,,,,,,,,70,64,0
1440,note_off,120,0,2,,,,,,,,,,,,61,64,0
1440,note_off,0,0,3,,,,,,,,,,,,68,64,0
1440,note_off,0,0,3,,,,,,,,,,,,72,64,0
1440,note_off,240,0,3,,,,,,,,,,,,63,64,0
1440,note_off,120,0,1,,,,,,,,,,,,70,64,0
1560,note_off,120,0,1,,,,,,,,,,,,70,64,0
1560,note_on,0,0,2,,,,,,,,,,,,60,64,0
1560,note_off,120,0,2,,,,,,,,,,,,61,64,0
1560,note_on,0,0,1,,,,,,,,,,,,68,64,0
1680,note_on,0,0,3,,,,,,,,,,,,70,40,0
1680,note_on,0,0,3,,,,,,,,,,,,67,40,0
1680,note_off,120,0,1,,,,,,,,,,,,68,64,0
1680,note_on,240,0,3,,,,,,,,,,,,63,40,0
1680,note_on,240,0,4,,,,,,,,,,,,39,64,0
1680,note_off,120,0,2,,,,,,,,,,,,60,64,0
1800,note_on,120,0,1,,,,,,,,,,,,67,64,0
1800,note_on,120,0,2,,,,,,,,,,,,63,64,0
1920,note_off,0,0,3,,,,,,,,,,,,70,64,0
1920,note_on,0,0,3,,,,,,,,,,,,68,40,0
1920,note_on,0,0,3,,,,,,,,,,,,65,40,0
1920,note_on,0,0,3,,,,,,,,,,,,62,40,0
1920,note_off,0,0,3,,,,,,,,,,,,67,64,0
1920,note_on,0,0,1,,,,,,,,,,,,67,64,0
1920,note_off,120,0,1,,,,,,,,,,,,67,64,0
1920,note_on,0,0,2,,,,,,,,,,,,63,64,0
1920,note_off,120,0,2,,,,,,,,,,,,63,64,0
1920,note_off,240,0,3,,,,,,,,,,,,63,64,0
1920,note_off,240,0,4,,,,,,,,,,,,39,64,0
1920,note_on,0,0,4,,,,,,,,,,,,51,64,0
2040,note_on,0,0,2,,,,,,,,,,,,62,64,0
2040,note_on,0,0,1,,,,,,,,,,,,65,64,0
2040,note_off,120,0,1,,,,,,,,,,,,67,64,0
2040,note_off,120,0,2,,,,,,,,,,,,63,64,0
2160,note_off,120,0,2,,,,,,,,,,,,62,64,0
2160,note_on,0,0,2,,,,,,,,,,,,65,64,0
2160,note_off,120,0,1,,,,,,,,,,,,65,64,0
2160,note_on,0,0,1,,,,,,,,,,,,74,64,0
2400,note_off,0,0,3,,,,,,,,,,,,65,64,0
2400,note_off,480,0,3,,,,,,,,,,,,62,64,0
2400,note_off,480,0,4,,,,,,,,,,,,51,64,0
2400,note_off,240,0,1,,,,,,,,,,,,74,64,0
2400,note_on,0,0,1,,,,,,,,,,,,75,64,0
2400,note_on,0,0,2,,,,,,,,,,,,67,64,0
2400,note_off,240,0,2,,,,,,,,,,,,65,64,0
2400,note_off,0,0,3,,,,,,,,,,,,68,64,0
2640,note_on,0,0,2,,,,,,,,,,,,68,64,0
2640,note_on,0,0,1,,,,,,,,,,,,77,64,0
2640,note_off,240,0,2,,,,,,,,,,,,67,64,0
2640,note_off,240,0,1,,,,,,,,,,,,75,64,0
2880,note_on,480,0,4,,,,,,,,,,,,39,64,0
2880,note_on,0,0,3,,,,,,,,,,,,62,40,0
2880,note_on,480,0,3,,,,,,,,,,,,58,40,0
2880,note_on,0,0,3,,,,,,,,,,,,65,40,0
2880,note_on,0,0,3,,,,,,,,,,,,68,40,0
3120,note_off,480,0,1,,,,,,,,,,,,77,64,0
3120,note_off,480,0,2,,,,,,,,,,,,68,64,0
3120,note_on,0,0,2,,,,,,,,,,,,67,64,0
3120,note_on,0,0,3,,,,,,,,,,,,58,40,0
3120,note_off,240,0,3,,,,,,,,,,,,58,64,0
3120,note_off,0,0,3,,,,,,,,,,,,68,64,0
3120,note_off,0,0,3,,,,,,,,,,,,65,64,0
3120,note_off,0,0,3,,,,,,,,,,,,62,64,0
3120,note_on,0,0,3,,,,,,,,,,,,63,40,0
3120,note_on,0,0,1,,,,,,,,,,,,75,64,0
3120,note_on,0,0,3,,,,,,,,,,,,67,40,0
3240,note_on,0,0,1,,,,,,,,,,,,68,64,0
3240,note_off,120,0,2,,,,,,,,,,,,67,64,0
3240,note_on,0,0,2,,,,,,,,,,,,72,64,0
3240,note_off,120,0,1,,,,,,,,,,,,75,64,0
3360,note_on,0,0,1,,,,,,,,,,,,68,64,0
3360,note_off,120,0,1,,,,,,,,,,,,68,64,0
3360,note_off,480,0,4,,,,,,,,,,,,39,64,0
3360,note_off,240,0,3,,,,,,,,,,,,58,64,0
3360,note_off,0,0,3,,,,,,,,,,,,67,64,0
3360,note_off,120,0,2,,,,,,,,,,,,72,64,0
3360,note_on,0,0,2,,,,,,,,,,,,72,64,0
3360,note_off,0,0,3,,,,,,,,,,,,63,64,0
3480,note_on,0,0,2,,,,,,,,,,,,70,64,0
3480,note_off,120,0,2,,,,,,,,,,,,72,64,0
3480,note_on,0,0,1,,,,,,,,,,,,67,64,0
3480,note_off,120,0,1,,,,,,,,,,,,68,64,0
3600,note_on,240,0,3,,,,,,,,,,,,58,40,0
3600,note_on,0,0,3,,,,,,,,,,,,62,40,0
3600,note_on,0,0,3,,,,,,,,,,,,65,40,0
3600,note_on,0,0,3,,,,,,,,,,,,68,40,0
3600,note_on,240,0,4,,,,,,,,,,,,39,64,0
3600,note_off,120,0,2,,,,,,,,,,,,70,64,0
3600,note_off,120,0,1,,,,,,,,,,,,67,64,0
3720,note_on,120,0,2,,,,,,,,,,,,68,64,0
3720,note_on,120,0,1,,,,,,,,,,,,62,64,0
3840,note_on,0,0,3,,,,,,,,,,,,58,40,0
3840,note_off,240,0,3,,,,,,,,,,,,58,64,0
3840,note_on,0,0,3,,,,,,,,,,,,67,40,0
3840,note_off,0,0,3,,,,,,,,,,,,68,64,0
3840,note_off,0,0,3,,,,,,,,,,,,65,64,0
3840,note_on,0,0,3,,,,,,,,,,,,63,40,0
3840,note_off,0,0,3,,,,,,,,,,,,62,64,0
3840,note_off,120,0,1,,,,,,,,,,,,62,64,0
3840,note_on,0,0,1,,,,,,,,,,,,62,64,0
3840,note_off,120,0,2,,,,,,,,,,,,68,64,0
3840,note_on,0,0,2,,,,,,,,,,,,68,64,0
3840,note_off,240,0,4,,,,,,,,,,,,39,64,0
3840,note_on,0,0,4,,,,,,,,,,,,51,64,0
3960,note_off,120,0,1,,,,,,,,,,,,62,64,0
3960,note_on,0,0,1,,,,,,,,,,,,63,64,0
3960,note_off,120,0,2,,,,,,,,,,,,68,64,0
3960,note_on,0,0,2,,,,,,,,,,,,67,64,0
4080,note_off,120,0,2,,,,,,,,,,,,67,64,0
4080,note_off,120,0,1,,,,,,,,,,,,63,64,0
4080,note_off,240,0,3,,,,,,,,,,,,58,64,0
4080,note_off,240,0,4,,,,,,,,,,,,51,64,0
4080,note_on,0,0,4,,,,,,,,,,,,58,64,0
4080,note_off,0,0,3,,,,,,,,,,,,67,64,0
4080,note_off,0,0,3,,,,,,,,,,,,63,64,0
4320,note_off,240,0,4,,,,,,,,,,,,58,64,0
4320,note_on,0,0,4,,,,,,,,,,,,60,64,0
4560,note_off,240,0,4,,,,,,,,,,,,60,64,0
4560,note_on,0,0,4,,,,,,,,,,,,61,64,0
4800,note_on,0,0,3,,,,,,,,,,,,67,40,0
4800,note_on,720,0,3,,,,,,,,,,,,64,40,0
4800,note_on,0,0,3,,,,,,,,,,,,70,40,0
4800,note_on,720,0,2,,,,,,,,,,,,76,64,0
4800,note_on,720,0,1,,,,,,,,,,,,67,64,0
5040,note_on,0,0,4,,,,,,,,,,,,60,64,0
5040,note_off,480,0,4,,,,,,,,,,,,61,64,0
5160,note_on,0,0,4,,,,,,,,,,,,58,64,0
5160,note_off,120,0,4,,,,,,,,,,,,60,64,0
5280,note_on,0,0,4,,,,,,,,,,,,58,64,0
5280,note_off,120,0,4,,,,,,,,,,,,58,64,0
5400,note_off,120,0,4,,,,,,,,,,,,58,64,0
5400,note_on,0,0,4,,,,,,,,,,,,60,64,0
5520,note_off,720,0,2,,,,,,,,,,,,76,64,0
5520,note_on,0,0,3,,,,,,,,,,,,67,40,0
5520,note_off,720,0,1,,,,,,,,,,,,67,64,0
5520,note_off,0,0,3,,,,,,,,,,,,70,64,0
5520,note_off,0,0,3,,,,,,,,,,,,67,64,0
5520,note_on,0,0,3,,,,,,,,,,,,60,40,0
5520,note_on,0,0,3,,,,,,,,,,,,70,40,0
5520,note_off,720,0,3,,,,,,,,,,,,64,64,0
5520,note_off,120,0,4,,,,,,,,,,,,60,64,0
5520,note_on,0,0,4,,,,,,,,,,,,52,64,0
5640,note_on,120,0,1,,,,,,,,,,,,70,64,0
5640,note_on,120,0,2,,,,,,,,,,,,67,64,0
5760,note_off,0,0,3,,,,,,,,,,,,67,64,0
5760,note_off,120,0,1,,,,,,,,,,,,70,64,0
5760,note_on,0,0,1,,,,,,,,,,,,70,64,0
5760,note_on,0,0,3,,,,,,,,,,,,60,40,0
5760,note_on,0,0,4,,,,,,,,,,,,41,64,0
5760,note_off,240,0,4,,,,,,,,,,,,52,64,0
5760,note_on,0,0,2,,,,,,,,,,,,67,64,0
5760,note_off,0,0,3,,,,,,,,,,,,70,64,0
5760,note_on,0,0,3,,,,,,,,,,,,68,40,0
5760,note_off,120,0,2,,,,,,,,,,,,67,64,0
5760,note_off,240,0,3,,,,,,,,,,,,60,64,0
5760,note_on,0,0,3,,,,,,,,,,,,65,40,0
5880,note_off,120,0,1,,,,,,,,,,,,70,64,0
5880,note_off,120,0,2,,,,,,,,,,,,67,64,0
5880,note_on,0,0,2,,,,,,,,,,,,65,64,0
5880,note_on,0,0,1,,,,,,,,,,,,68,64,0
6000,note_off,120,0,1,,,,,,,,,,,,68,64,0
6000,note_off,0,0,3,,,,,,,,,,,,65,64,0
6000,note_off,0,0,3,,,,,,,,,,,,68,64,0
6000,note_on,0,0,4,,,,,,,,,,,,60,64,0
6000,note_off,240,0,4,,,,,,,,,,,,41,64,0
6000,note_off,240,0,3,,,,,,,,,,,,60,64,0
6000,note_off,120,0,2,,,,,,,,,,,,65,64,0
6240,note_on,0,0,4,,,,,,,,,,,,61,64,0
6240,note_off,240,0,4,,,,,,,,,,,,60,64,0
6480,note_off,240,0,4,,,,,,,,,,,,61,64,0
6480,note_on,0,0,4,,,,,,,,,,,,63,64,0
6720,note_on,0,0,3,,,,,,,,,,,,69,40,0
6720,note_on,0,0,3,,,,,,,,,,,,72,40,0
6720,note_on,720,0,1,,,,,,,,,,,,78,64,0
6720,note_on,720,0,3,,,,,,,,,,,,66,40,0
6720,note_on,720,0,2,,,,,,,,,,,,69,64,0
6960,note_on,0,0,4,,,,,,,,,,,,61,64,0
6960,note_off,480,0,4,,,,,,,,,,,,63,64,0
7080,note_on,0,0,4,,,,,,,,,,,,60,64,0
7080,note_off,120,0,4,,,,,,,,,,,,61,64,0
7200,note_on,0,0,4,,,,,,,,,,,,60,64,0
7200,note_off,120,0,4,,,,,,,,,,,,60,64,0
7320,note_off,120,0,4,,,,,,,,,,,,60,64,0
7320,note_on,0,0,4,,,,,,,,,,,,61,64,0
7440,note_off,720,0,3,,,,,,,,,,,,66,64,0
7440,note_off,0,0,3,,,,,,,,,,,,72,64,0
7440,note_off,0,0,3,,,,,,,,,,,,69,64,0
7440,note_off,720,0,2,,,,,,,,,,,,69,64,0
7440,note_on,0,0,3,,,,,,,,,,,,63,40,0
7440,note_on,0,0,4,,,,,,,,,,,,53,64,0
7440,note_on,0,0,3,,,,,,,,,,,,69,40,0
7440,note_on,0,0,3,,,,,,,,,,,,72,40,0
7440,note_off,720,0,1,,,,,,,,,,,,78,64,0
7440,note_off,120,0,4,,,,,,,,,,,,61,64,0
7560,note_on,120,0,2,,,,,,,,,,,,81,64,0
7560,note_on,120,0,1,,,,,,,,,,,,75,64,0
7680,note_off,120,0,2,,,,,,,,,,,,81,64,0
7680,note_on,0,0,2,,,,,,,,,,,,81,64,0
7680,note_off,240,0,3,,,,,,,,,,,,63,64,0
7680,note_off,0,0,3,,,,,,,,,,,,69,64,0
7680,note_off,120,0,1,,,,,,,,,,,,75,64,0
7680,note_on,0,0,1,,,,,,,,,,,,75,64,0
7680,note_on,0,0,4,,,,,,,,,,,,42,64,0
7680,note_off,240,0,4,,,,,,,,,,,,53,64,0
7680,note_off,0,0,3,,,,,,,,,,,,72,64,0
7680,note_on,0,0,3,,,,,,,,,,,,70,40,0
7680,note_on,0,0,3,,,,,,,,,,,,61,40,0
7800,note_on,0,0,2,,,,,,,,,,,,82,64,0
7800,note_off,120,0,1,,,,,,,,,,,,75,64,0
7800,note_on,0,0,1,,,,,,,,,,,,73,64,0
7800,note_off,120,0,2,,,,,,,,,,,,81,64,0
7920,note_off,240,0,4,,,,,,,,,,,,42,64,0
7920,note_off,120,0,1,,,,,,,,,,,,73,64,0
7920,note_on,0,0,4,,,,,,,,,,,,54,64,0
7920,note_off,120,0,2,,,,,,,,,,,,82,64,0
8040,note_on,120,0,2,,,,,,,,,,,,73,64,0
8040,note_on,120,0,1,,,,,,,,,,,,70,64,0
8160,note_on,0,0,2,,,,,,,,,,,,73,64,0
8160,note_off,120,0,2,,,,,,,,,,,,73,64,0
8160,note_off,120,0,1,,,,,,,,,,,,70,64,0
8160,note_off,240,0,4,,,,,,,,,,,,54,64,0
8160,note_on,0,0,4,,,,,,,,,,,,54,64,0
8160,note_on,0,0,1,,,,,,,,,,,,70,64,0
8280,note_on,0,0,2,,,,,,,,,,,,72,64,0
8280,note_on,0,0,1,,,,,,,,,,,,69,64,0
8280,note_off,120,0,1,,,,,,,,,,,,70,64,0
8280,note_off,120,0,2,,,,,,,,,,,,73,64,0
8400,note_on,0,0,3,,,,,,,,,,,,72,40,0
8400,note_off,0,0,3,,,,,,,,,,,,70,64,0
8400,note_on,0,0,4,,,,,,,,,,,,42,64,0
8400,note_off,240,0,4,,,,,,,,,,,,54,64,0
8400,note_on,0,0,3,,,,,,,,,,,,63,40,0
8400,note_off,120,0,1,,,,,,,,,,,,69,64,0
8400,note_off,720,0,3,,,,,,,,,,,,61,64,0
8400,note_off,120,0,2,,,,,,,,,,,,72,64,0
8400,note_on,0,0,3,,,,,,,,,,,,69,40,0
8520,note_on,120,0,2,,,,,,,,,,,,72,64,0
8520,note_on,120,0,1,,,,,,,,,,,,81,64,0
8640,note_off,240,0,4,,,,,,,,,,,,42,64,0
8640,note_on,0,0,4,,,,,,,,,,,,41,64,0
8640,note_on,0,0,1,,,,,,,,,,,,81,64,0
8640,note_off,120,0,1,,,,,,,,,,,,81,64,0
8640,note_off,240,0,3,,,,,,,,,,,,63,64,0
8640,note_on,0,0,3,,,,,,,,,,,,72,40,0
8640,note_off,0,0,3,,,,,,,,,,,,72,64,0
8640,note_off,0,0,3,,,,,,,,,,,,69,64,0
8640,note_on,0,0,3,,,,,,,,,,,,69,40,0
8640,note_on,0,0,3,,,,,,,,,,,,63,40,0
8640,note_off,120,0,2,,,,,,,,,,,,72,64,0
8640,note_on,0,0,2,,,,,,,,,,,,72,64,0
8760,note_on,0,0,1,,,,,,,,,,,,82,64,0
8760,note_off,120,0,2,,,,,,,,,,,,72,64,0
8760,note_on,0,0,2,,,,,,,,,,,,73,64,0
8760,note_off,120,0,1,,,,,,,,,,,,81,64,0
8880,note_off,240,0,4,,,,,,,,,,,,41,64,0
8880,note_off,120,0,1,,,,,,,,,,,,82,64,0
8880,note_off,120,0,2,,,,,,,,,,,,73,64,0
8880,note_on,0,0,4,,,,,,,,,,,,53,64,0
9000,note_on,120,0,1,,,,,,,,,,,,73,64,0
9000,note_on,120,0,2,,,,,,,,,,,,70,64,0
9120,note_off,240,0,4,,,,,,,,,,,,53,64,0
9120,note_on,0,0,4,,,,,,,,,,,,53,64,0
9120,note_off,120,0,2,,,,,,,,,,,,70,64,0
9120,note_on,0,0,2,,,,,,,,,,,,70,64,0
9120,note_on,0,0,1,,,,,,,,,,,,73,64,0
9120,note_off,120,0,1,,,,,,,,,,,,73,64,0
9240,note_off,120,0,2,,,,,,,,,,,,70,64,0
9240,note_on,0,0,2,,,,,,,,,,,,69,64,0
9240,note_on,0,0,1,,,,,,,,,,,,72,64,0
9240,note_off,120,0,1,,,,,,,,,,,,73,64,0
9360,note_off,120,0,2,,,,,,,,,,,,69,64,0
9360,note_off,120,0,1,,,,,,,,,,,,72,64,0
9360,note_on,0,0,4,,,,,,,,,,,,41,64,0
9360,note_off,240,0,4,,,,,,,,,,,,53,64,0
9360,note_off,0,0,3,,,,,,,,,,,,72,64,0
9360,note_off,0,0,3,,,,,,,,,,,,69,64,0
9360,note_on,0,0,3,,,,,,,,,,,,65,40,0
9360,note_on,0,0,3,,,,,,,,,,,,70,40,0
9360,note_on,0,0,3,,,,,,,,,,,,73,40,0
9360,note_off,720,0,3,,,,,,,,,,,,63,64,0
9480,note_on,120,0,2,,,,,,,,,,,,65,64,0
9480,note_on,120,0,1,,,,,,,,,,,,81,64,0
9600,note_off,0,0,3,,,,,,,,,,,,73,64,0
9600,note_off,120,0,2,,,,,,,,,,,,65,64,0
9600,note_off,240,0,3,,,,,,,,,,,,65,64,0
9600,note_on,0,0,4,,,,,,,,,,,,40,64,0
9600,note_off,240,0,4,,,,,,,,,,,,41,64,0
9600,note_on,0,0,3,,,,,,,,,,,,70,40,0
9600,note_on,0,0,3,,,,,,,,,,,,67,40,0
9600,note_on,0,0,2,,,,,,,,,,,,65,64,0
9600,note_on,0,0,3,,,,,,,,,,,,61,40,0
9600,note_off,0,0,3,,,,,,,,,,,,70,64,0
9600,note_off,120,0,1,,,,,,,,,,,,81,64,0
9600,note_on,0,0,1,,,,,,,,,,,,81,64,0
9720,note_off,120,0,2,,,,,,,,,,,,65,64,0
9720,note_on,0,0,2,,,,,,,,,,,,73,64,0
9720,note_on,0,0,1,,,,,,,,,,,,82,64,0
9720,note_off,120,0,1,,,,,,,,,,,,81,64,0
9840,note_on,0,0,4,,,,,,,,,,,,52,64,0
9840,note_off,240,0,4,,,,,,,,,,,,40,64,0
9840,note_off,120,0,1,,,,,,,,,,,,82,64,0
9960,note_on,120,0,1,,,,,,,,,,,,69,64,0
10080,note_on,0,0,4,,,,,,,,,,,,52,64,0
10080,note_off,240,0,4,,,,,,,,,,,,52,64,0
10080,note_off,120,0,1,,,,,,,,,,,,69,64,0
10080,note_on,0,0,1,,,,,,,,,,,,69,64,0
10140,note_on,0,0,2,,,,,,,,,,,,72,64,0
10140,note_off,420,0,2,,,,,,,,,,,,73,64,0
10200,note_off,120,0,1,,,,,,,,,,,,69,64,0
10200,note_on,0,0,1,,,,,,,,,,,,70,64,0
10200,note_on,0,0,2,,,,,,,,,,,,70,64,0
10200,note_off,60,0,2,,,,,,,,,,,,72,64,0
10260,note_on,0,0,2,,,,,,,,,,,,68,64,0
10260,note_off,60,0,2,,,,,,,,,,,,70,64,0
10320,note_off,720,0,3,,,,,,,,,,,,61,64,0
10320,note_off,0,0,3,,,,,,,,,,,,70,64,0
10320,note_on,0,0,2,,,,,,,,,,,,67,64,0
10320,note_off,0,0,3,,,,,,,,,,,,67,64,0
10320,note_on,0,0,3,,,,,,,,,,,,60,40,0
10320,note_on,0,0,3,,,,,,,,,,,,67,40,0
10320,note_on,0,0,4,,,,,,,,,,,,40,64,0
10320,note_off,240,0,4,,,,,,,,,,,,52,64,0
10320,note_off,120,0,1,,,,,,,,,,,,70,64,0
10320,note_on,0,0,3,,,,,,,,,,,,70,40,0
10320,note_off,60,0,2,,,,,,,,,,,,68,64,0
10380,note_off,60,0,2,,,,,,,,,,,,67,64,0
10380,note_on,0,0,2,,,,,,,,,,,,65,64,0
10440,note_off,60,0,2,,,,,,,,,,,,65,64,0
10440,note_on,0,0,2,,,,,,,,,,,,64,64,0
10440,note_on,120,0,1,,,,,,,,,,,,70,64,0
10470,note_on,0,0,2,,,,,,,,,,,,65,64,0
10470,note_off,30,0,2,,,,,,,,,,,,64,64,0
10500,note_on,0,0,2,,,,,,,,,,,,67,64,0
10500,note_off,30,0,2,,,,,,,,,,,,65,64,0
10560,note_off,0,0,3,,,,,,,,,,,,67,64,0
10560,note_on,0,0,3,,,,,,,,,,,,60,40,0
10560,note_on,0,0,3,,,,,,,,,,,,67,40,0
10560,note_on,0,0,3,,,,,,,,,,,,70,40,0
10560,note_on,0,0,1,,,,,,,,,,,,70,64,0
10560,note_off,120,0,1,,,,,,,,,,,,70,64,0
10560,note_off,240,0,3,,,,,,,,,,,,60,64,0
10560,note_off,60,0,2,,,,,,,,,,,,67,64,0
10560,note_on,0,0,2,,,,,,,,,,,,60,64,0
10560,note_off,0,0,3,,,,,,,,,,,,70,64,0
10560,note_on,0,0,4,,,,,,,,,,,,39,64,0
10560,note_off,240,0,4,,,,,,,,,,,,40,64,0
10680,note_off,120,0,2,,,,,,,,,,,,60,64,0
10680,note_on,0,0,2,,,,,,,,,,,,70,64,0
10680,note_off,120,0,1,,,,,,,,,,,,70,64,0
10680,note_on,0,0,1,,,,,,,,,,,,78,64,0
10800,note_on,0,0,4,,,,,,,,,,,,51,64,0
10800,note_off,240,0,4,,,,,,,,,,,,39,64,0
10800,note_off,120,0,2,,,,,,,,,,,,70,64,0
10920,note_on,120,0,2,,,,,,,,,,,,82,64,0
11040,note_off,240,0,4,,,,,,,,,,,,51,64,0
11040,note_on,0,0,4,,,,,,,,,,,,51,64,0
11040,note_on,0,0,2,,,,,,,,,,,,82,64,0
11040,note_off,120,0,2,,,,,,,,,,,,82,64,0
11100,note_off,420,0,1,,,,,,,,,,,,78,64,0
11100,note_on,0,0,1,,,,,,,,,,,,77,64,0
11160,note_on,0,0,2,,,,,,,,,,,,81,64,0
11160,note_off,60,0,1,,,,,,,,,,,,77,64,0
11160,note_on,0,0,1,,,,,,,,,,,,75,64,0
11160,note_off,120,0,2,,,,,,,,,,,,82,64,0
11220,note_off,60,0,1,,,,,,,,,,,,75,64,0
11220,note_on,0,0,1,,,,,,,,,,,,73,64,0
11280,note_off,720,0,3,,,,,,,,,,,,60,64,0
11280,note_off,0,0,3,,,,,,,,,,,,70,64,0
11280,note_off,0,0,3,,,,,,,,,,,,67,64,0
11280,note_off,60,0,1,,,,,,,,,,,,73,64,0
11280,note_on,0,0,4,,,,,,,,,,,,39,64,0
11280,note_on,0,0,3,,,,,,,,,,,,60,40,0
11280,note_off,240,0,4,,,,,,,,,,,,51,64,0
11280,note_on,0,0,3,,,,,,,,,,,,65,40,0
11280,note_on,0,0,3,,,,,,,,,,,,69,40,0
11280,note_off,120,0,2,,,,,,,,,,,,81,64,0
11280,note_on,0,0,1,,,,,,,,,,,,72,64,0
11340,note_on,0,0,1,,,,,,,,,,,,70,64,0
11340,note_off,60,0,1,,,,,,,,,,,,72,64,0
11400,note_off,60,0,1,,,,,,,,,,,,70,64,0
11400,note_on,0,0,1,,,,,,,,,,,,69,64,0
11400,note_on,120,0,2,,,,,,,,,,,,60,64,0
11430,note_off,30,0,1,,,,,,,,,,,,69,64,0
11430,note_on,0,0,1,,,,,,,,,,,,70,64,0
11460,note_on,0,0,1,,,,,,,,,,,,72,64,0
11460,note_off,30,0,1,,,,,,,,,,,,70,64,0
11520,note_off,240,0,4,,,,,,,,,,,,39,64,0
11520,note_on,0,0,4,,,,,,,,,,,,37,64,0
11520,note_off,240,0,3,,,,,,,,,,,,60,64,0
11520,note_off,120,0,2,,,,,,,,,,,,60,64,0
11520,note_off,60,0,1,,,,,,,,,,,,72,64,0
11520,note_on,0,0,1,,,,,,,,,,,,65,64,0
11520,note_on,0,0,3,,,,,,,,,,,,70,40,0
11520,note_on,0,0,3,,,,,,,,,,,,65,40,0
11520,note_on,0,0,3,,,,,,,,,,,,61,40,0
11520,note_off,0,0,3,,,,,,,,,,,,65,64,0
11520,note_off,0,0,3,,,,,,,,,,,,69,64,0
11520,note_on,0,0,2,,,,,,,,,,,,60,64,0
11640,note_off,120,0,1,,,,,,,,,,,,65,64,0
11640,note_on,0,0,1,,,,,,,,,,,,73,64,0
11640,note_off,120,0,2,,,,,,,,,,,,60,64,0
11640,note_on,0,0,2,,,,,,,,,,,,58,64,0
11760,note_off,120,0,1,,,,,,,,,,,,73,64,0
11760,note_on,0,0,3,,,,,,,,,,,,61,40,0
11760,note_on,0,0,3,,,,,,,,,,,,70,40,0
11760,note_off,240,0,4,,,,,,,,,,,,37,64,0
11760,note_off,240,0,3,,,,,,,,,,,,61,64,0
11760,note_off,0,0,3,,,,,,,,,,,,70,64,0
11760,note_off,0,0,3,,,,,,,,,,,,65,64,0
11760,note_off,120,0,2,,,,,,,,,,,,58,64,0
11760,note_on,0,0,4,,,,,,,,,,,,42,64,0
11760,note_on,0,0,3,,,,,,,,,,,,66,40,0
11880,note_on,120,0,2,,,,,,,,,,,,61,64,0
11880,note_on,120,0,1,,,,,,,,,,,,70,64,0
12000,note_on,0,0,4,,,,,,,,,,,,39,64,0
12000,note_off,240,0,4,,,,,,,,,,,,42,64,0
12000,note_off,120,0,2,,,,,,,,,,,,61,64,0
12000,note_on,0,0,3,,,,,,,,,,,,72,40,0
12000,note_on,0,0,3,,,,,,,,,,,,66,40,0
12000,note_on,0,0,3,,,,,,,,,,,,63,40,0
12000,note_off,0,0,3,,,,,,,,,,,,66,64,0
12000,note_off,240,0,3,,,,,,,,,,,,61,64,0
12000,note_on,0,0,2,,,,,,,,,,,,61,64,0
12000,note_off,0,0,3,,,,,,,,,,,,70,64,0
12000,note_off,120,0,1,,,,,,,,,,,,70,64,0
12000,note_on,0,0,1,,,,,,,,,,,,70,64,0
12120,note_off,120,0,2,,,,,,,,,,,,61,64,0
12120,note_on,0,0,2,,,,,,,,,,,,63,64,0
12120,note_on,0,0,1,,,,,,,,,,,,72,64,0
12120,note_off,120,0,1,,,,,,,,,,,,70,64,0
12240,note_off,0,0,3,,,,,,,,,,,,72,64,0
12240,note_on,0,0,3,,,,,,,,,,,,63,40,0
12240,note_off,0,0,3,,,,,,,,,,,,66,64,0
12240,note_off,240,0,3,,,,,,,,,,,,63,64,0
12240,note_off,120,0,1,,,,,,,,,,,,72,64,0
12240,note_on,0,0,3,,,,,,,,,,,,69,40,0
12240,note_off,240,0,4,,,,,,,,,,,,39,64,0
12240,note_on,0,0,4,,,,,,,,,,,,41,64,0
12240,note_off,120,0,2,,,,,,,,,,,,63,64,0
12240,note_on,0,0,3,,,,,,,,,,,,65,40,0
12360,note_on,120,0,1,,,,,,,,,,,,69,64,0
12360,note_on,120,0,2,,,,,,,,,,,,60,64,0
12480,note_on,0,0,3,,,,,,,,,,,,61,40,0
12480,note_off,0,0,3,,,,,,,,,,,,65,64,0
12480,note_on,0,0,3,,,,,,,,,,,,70,40,0
12480,note_off,0,0,3,,,,,,,,,,,,69,64,0
12480,note_on,0,0,3,,,,,,,,,,,,65,40,0
12480,note_on,0,0,4,,,,,,,,,,,,46,64,0
12480,note_off,120,0,1,,,,,,,,,,,,69,64,0
12480,note_off,240,0,4,,,,,,,,,,,,41,64,0
12480,note_on,0,0,1,,,,,,,,,,,,69,64,0
12480,note_on,0,0,2,,,,,,,,,,,,60,64,0
12480,note_off,120,0,2,,,,,,,,,,,,60,64,0
12480,note_off,240,0,3,,,,,,,,,,,,63,64,0
12600,note_on,0,0,1,,,,,,,,,,,,70,64,0
12600,note_on,0,0,2,,,,,,,,,,,,61,64,0
12600,note_off,120,0,2,,,,,,,,,,,,60,64,0
12600,note_off,120,0,1,,,,,,,,,,,,69,64,0
12720,note_on,0,0,2,,,,,,,,,,,,65,64,0
12720,note_off,120,0,2,,,,,,,,,,,,61,64,0
12720,note_off,120,0,1,,,,,,,,,,,,70,64,0
12720,note_on,0,0,1,,,,,,,,,,,,73,64,0
12960,note_off,0,0,3,,,,,,,,,,,,65,64,0
12960,note_off,240,0,2,,,,,,,,,,,,65,64,0
12960,note_on,0,0,2,,,,,,,,,,,,66,64,0
12960,note_off,240,0,1,,,,,,,,,,,,73,64,0
12960,note_on,0,0,1,,,,,,,,,,,,75,64,0
12960,note_off,480,0,4,,,,,,,,,,,,46,64,0
12960,note_off,480,0,3,,,,,,,,,,,,61,64,0
12960,note_off,0,0,3,,,,,,,,,,,,70,64,0
13200,note_on,0,0,1,,,,,,,,,,,,77,64,0
13200,note_off,240,0,1,,,,,,,,,,,,75,64,0
13200,note_off,240,0,2,,,,,,,,,,,,66,64,0
13200,note_on,0,0,2,,,,,,,,,,,,68,64,0
13200,note_on,240,0,3,,,,,,,,,,,,68,40,0
13200,note_on,0,0,3,,,,,,,,,,,,77,40,0
13440,note_on,480,0,4,,,,,,,,,,,,39,64,0
13440,note_on,0,0,3,,,,,,,,,,,,77,40,0
13440,note_on,0,0,3,,,,,,,,,,,,70,40,0
13440,note_off,0,0,3,,,,,,,,,,,,77,64,0
13440,note_off,240,0,3,,,,,,,,,,,,68,64,0
13440,note_on,0,0,3,,,,,,,,,,,,68,40,0
13680,note_on,0,0,3,,,,,,,,,,,,67,40,0
13680,note_on,0,0,1,,,,,,,,,,,,75,64,0
13680,note_off,480,0,1,,,,,,,,,,,,77,64,0
13680,note_off,0,0,3,,,,,,,,,,,,70,64,0
13680,note_off,240,0,3,,,,,,,,,,,,68,64,0
13680,note_off,0,0,3,,,,,,,,,,,,77,64,0
13680,note_on,0,0,2,,,,,,,,,,,,67,64,0
13680,note_off,240,0,4,,,,,,,,,,,,39,64,0
13680,note_on,0,0,4,,,,,,,,,,,,51,64,0
13680,note_off,480,0,2,,,,,,,,,,,,68,64,0
13680,note_on,0,0,3,,,,,,,,,,,,75,40,0
13680,note_on,0,0,3,,,,,,,,,,,,70,40,0
13800,note_off,120,0,2,,,,,,,,,,,,67,64,0
13800,note_off,120,0,1,,,,,,,,,,,,75,64,0
13800,note_on,0,0,1,,,,,,,,,,,,73,64,0
13800,note_on,0,0,2,,,,,,,,,,,,77,64,0
13920,note_off,120,0,2,,,,,,,,,,,,77,64,0
13920,note_off,120,0,1,,,,,,,,,,,,73,64,0
13920,note_on,0,0,1,,,,,,,,,,,,73,64,0
13920,note_off,240,0,4,,,,,,,,,,,,51,64,0
13920,note_on,0,0,2,,,,,,,,,,,,77,64,0
13920,note_on,0,0,4,,,,,,,,,,,,53,64,0
14040,note_off,120,0,2,,,,,,,,,,,,77,64,0
14040,note_on,0,0,2,,,,,,,,,,,,75,64,0
14040,note_on,0,0,1,,,,,,,,,,,,72,64,0
14040,note_off,120,0,1,,,,,,,,,,,,73,64,0
14160,note_off,120,0,1,,,,,,,,,,,,72,64,0
14160,note_on,0,0,4,,,,,,,,,,,,55,64,0
14160,note_off,240,0,4,,,,,,,,,,,,53,64,0
14160,note_off,0,0,3,,,,,,,,,,,,70,64,0
14160,note_off,480,0,3,,,,,,,,,,,,67,64,0
14160,note_off,0,0,3,,,,,,,,,,,,75,64,0
14160,note_off,120,0,2,,,,,,,,,,,,75,64,0
14160,note_on,0,0,3,,,,,,,,,,,,63,40,0
14160,note_on,0,0,3,,,,,,,,,,,,70,40,0
14160,note_on,0,0,3,,,,,,,,,,,,73,40,0
14280,note_on,120,0,1,,,,,,,,,,,,70,64,0
14280,note_on,120,0,2,,,,,,,,,,,,73,64,0
14400,note_on,0,0,3,,,,,,,,,,,,72,40,0
14400,note_on,0,0,3,,,,,,,,,,,,63,40,0
14400,note_on,0,0,2,,,,,,,,,,,,73,64,0
14400,note_off,0,0,3,,,,,,,,,,,,70,64,0
14400,note_off,0,0,3,,,,,,,,,,,,73,64,0
14400,note_off,240,0,3,,,,,,,,,,,,63,64,0
14400,note_off,120,0,2,,,,,,,,,,,,73,64,0
14400,note_off,120,0,1,,,,,,,,,,,,70,64,0
14400,note_on,0,0,1,,,,,,,,,,,,70,64,0
14400,note_on,0,0,3,,,,,,,,,,,,68,40,0
14400,note_on,0,0,4,,,,,,,,,,,,44,64,0
14400,note_off,240,0,4,,,,,,,,,,,,55,64,0
14520,note_on,0,0,1,,,,,,,,,,,,68,64,0
14520,note_off,120,0,2,,,,,,,,,,,,73,64,0
14520,note_on,0,0,2,,,,,,,,,,,,72,64,0
14520,note_off,120,0,1,,,,,,,,,,,,70,64,0
14640,note_off,120,0,1,,,,,,,,,,,,68,64,0
14640,note_on,0,0,1,,,,,,,,,,,,77,64,0
14640,note_off,120,0,2,,,,,,,,,,,,72,64,0
14640,note_on,0,0,2,,,,,,,,,,,,68,64,0
14880,note_off,240,0,2,,,,,,,,,,,,68,64,0
14880,note_on,0,0,2,,,,,,,,,,,,70,64,0
14880,note_on,0,0,1,,,,,,,,,,,,79,64,0
14880,note_off,480,0,3,,,,,,,,,,,,63,64,0
14880,note_off,0,0,3,,,,,,,,,,,,72,64,0
14880,note_off,240,0,1,,,,,,,,,,,,77,64,0
14880,note_off,0,0,3,,,,,,,,,,,,68,64,0
14880,note_off,480,0,4,,,,,,,,,,,,44,64,0
15120,note_on,240,0,3,,,,,,,,,,,,65,40,0
15120,note_on,0,0,1,,,,,,,,,,,,80,64,0
15120,note_off,240,0,1,,,,,,,,,,,,79,64,0
15120,note_on,0,0,2,,,,,,,,,,,,72,64,0
15120,note_off,240,0,2,,,,,,,,,,,,70,64,0
15120,note_on,0,0,3,,,,,,,,,,,,68,40,0
15360,note_on,0,0,3,,,,,,,,,,,,68,40,0
15360,note_off,0,0,3,,,,,,,,,,,,68,64,0
15360,note_off,240,0,3,,,,,,,,,,,,65,64,0
15360,note_on,0,0,3,,,,,,,,,,,,72,40,0
15360,note_on,0,0,3,,,,,,,,,,,,65,40,0
15360,note_on,480,0,4,,,,,,,,,,,,36,64,0
15600,note_off,480,0,1,,,,,,,,,,,,80,64,0
15600,note_on,0,0,1,,,,,,,,,,,,79,64,0
15600,note_off,0,0,3,,,,,,,,,,,,68,64,0
15600,note_on,0,0,2,,,,,,,,,,,,70,64,0
15600,note_on,0,0,3,,,,,,,,,,,,64,40,0
15600,note_off,480,0,2,,,,,,,,,,,,72,64,0
15600,note_on,0,0,3,,,,,,,,,,,,67,40,0
15600,note_on,0,0,3,,,,,,,,,,,,72,40,0
15600,note_off,0,0,3,,,,,,,,,,,,72,64,0
15600,note_on,0,0,4,,,,,,,,,,,,48,64,0
15600,note_off,240,0,4,,,,,,,,,,,,36,64,0
15600,note_off,240,0,3,,,,,,,,,,,,65,64,0
15720,note_on,0,0,1,,,,,,,,,,,,84,64,0
15720,note_on,0,0,2,,,,,,,,,,,,68,64,0
15720,note_off,120,0,1,,,,,,,,,,,,79,64,0
15720,note_off,120,0,2,,,,,,,,,,,,70,64,0
15840,note_off,120,0,2,,,,,,,,,,,,68,64,0
15840,note_on,0,0,2,,,,,,,,,,,,68,64,0
15840,note_off,240,0,3,,,,,,,,,,,,64,64,0
15840,note_on,0,0,3,,,,,,,,,,,,72,40,0
15840,note_on,0,0,3,,,,,,,,,,,,65,40,0
15840,note_off,120,0,1,,,,,,,,,,,,84,64,0
15840,note_on,0,0,4,,,,,,,,,,,,50,64,0
15840,note_off,240,0,4,,,,,,,,,,,,48,64,0
15840,note_off,0,0,3,,,,,,,,,,,,67,64,0
15840,note_on,0,0,3,,,,,,,,,,,,62,40,0
15840,note_on,0,0,1,,,,,,,,,,,,84,64,0
15840,note_off,0,0,3,,,,,,,,,,,,72,64,0
15960,note_off,120,0,1,,,,,,,,,,,,84,64,0
15960,note_on,0,0,1,,,,,,,,,,,,82,64,0
15960,note_off,120,0,2,,,,,,,,,,,,68,64,0
15960,note_on,0,0,2,,,,,,,,,,,,67,64,0
16080,note_off,120,0,2,,,,,,,,,,,,67,64,0
16080,note_on,0,0,3,,,,,,,,,,,,67,40,0
16080,note_off,0,0,3,,,,,,,,,,,,72,64,0
16080,note_off,120,0,1,,,,,,,,,,,,82,64,0
16080,note_off,240,0,4,,,,,,,,,,,,50,64,0
16080,note_on,0,0,4,,,,,,,,,,,,52,64,0
16080,note_on,0,0,3,,,,,,,,,,,,70,40,0
16080,note_on,0,0,3,,,,,,,,,,,,60,40,0
16080,note_off,0,0,3,,,,,,,,,,,,65,64,0
16080,note_off,240,0,3,,,,,,,,,,,,62,64,0
16200,note_on,120,0,1,,,,,,,,,,,,70,64,0
16200,note_on,120,0,2,,,,,,,,,,,,79,64,0
16320,note_on,0,0,2,,,,,,,,,,,,79,64,0
16320,note_off,120,0,2,,,,,,,,,,,,79,64,0
16320,note_off,240,0,4,,,,,,,,,,,,52,64,0
16320,note_on,0,0,4,,,,,,,,,,,,41,64,0
16320,note_on,0,0,3,,,,,,,,,,,,70,40,0
16320,note_off,240,0,3,,,,,,,,,,,,60,64,0
16320,note_off,0,0,3,,,,,,,,,,,,70,64,0
16320,note_off,0,0,3,,,,,,,,,,,,67,64,0
16320,note_on,0,0,3,,,,,,,,,,,,60,40,0
16320,note_on,0,0,3,,,,,,,,,,,,67,40,0
16320,note_off,120,0,1,,,,,,,,,,,,70,64,0
16320,note_on,0,0,1,,,,,,,,,,,,70,64,0
16440,note_off,120,0,2,,,,,,,,,,,,79,64,0
16440,note_on,0,0,2,,,,,,,,,,,,77,64,0
16440,note_on,0,0,1,,,,,,,,,,,,68,64,0
16440,note_off,120,0,1,,,,,,,,,,,,70,64,0
16560,note_off,120,0,2,,,,,,,,,,,,77,64,0
16560,note_off,0,0,3,,,,,,,,,,,,67,64,0
16560,note_on,0,0,4,,,,,,,,,,,,53,64,0
16560,note_on,0,0,3,,,,,,,,,,,,68,40,0
16560,note_on,0,0,3,,,,,,,,,,,,65,40,0
16560,note_on,0,0,3,,,,,,,,,,,,60,40,0
16560,note_off,0,0,3,,,,,,,,,,,,70,64,0
16560,note_off,240,0,3,,,,,,,,,,,,60,64,0
16560,note_off,240,0,4,,,,,,,,,,,,41,64,0
16560,note_off,120,0,1,,,,,,,,,,,,68,64,0
16680,note_on,120,0,2,,,,,,,,,,,,72,64,0
16680,note_on,120,0,1,,,,,,,,,,,,80,64,0
16800,note_on,0,0,1,,,,,,,,,,,,80,64,0
16800,note_on,0,0,4,,,,,,,,,,,,55,64,0
16800,note_off,120,0,1,,,,,,,,,,,,80,64,0
16800,note_off,240,0,4,,,,,,,,,,,,53,64,0
16800,note_on,0,0,2,,,,,,,,,,,,72,64,0
16800,note_off,120,0,2,,,,,,,,,,,,72,64,0
16920,note_off,120,0,1,,,,,,,,,,,,80,64,0
16920,note_on,0,0,1,,,,,,,,,,,,79,64,0
16920,note_on,0,0,2,,,,,,,,,,,,71,64,0
16920,note_off,120,0,2,,,,,,,,,,,,72,64,0
17040,note_on,0,0,4,,,,,,,,,,,,56,64,0
17040,note_off,120,0,2,,,,,,,,,,,,71,64,0
17040,note_off,120,0,1,,,,,,,,,,,,79,64,0
17040,note_off,240,0,4,,,,,,,,,,,,55,64,0
17160,note_on,120,0,1,,,,,,,,,,,,77,64,0
17160,note_on,120,0,2,,,,,,,,,,,,72,64,0
17280,note_off,0,0,3,,,,,,,,,,,,68,64,0
17280,note_off,240,0,4,,,,,,,,,,,,56,64,0
17280,note_on,0,0,4,,,,,,,,,,,,48,64,0
17280,note_off,120,0,2,,,,,,,,,,,,72,64,0
17280,note_on,0,0,2,,,,,,,,,,,,74,64,0
17280,note_off,0,0,3,,,,,,,,,,,,65,64,0
17280,note_off,720,0,3,,,,,,,,,,,,60,64,0
17280,note_on,0,0,3,,,,,,,,,,,,65,40,0
17280,note_on,0,0,3,,,,,,,,,,,,67,40,0
17280,note_off,120,0,1,,,,,,,,,,,,77,64,0
17280,note_on,0,0,1,,,,,,,,,,,,77,64,0
17280,note_on,0,0,3,,,,,,,,,,,,62,40,0
17400,note_off,120,0,4,,,,,,,,,,,,48,64,0
17400,note_on,0,0,4,,,,,,,,,,,,47,64,0
17520,note_off,240,0,2,,,,,,,,,,,,74,64,0
17520,note_off,240,0,3,,,,,,,,,,,,62,64,0
17520,note_off,0,0,3,,,,,,,,,,,,67,64,0
17520,note_off,240,0,1,,,,,,,,,,,,77,64,0
17520,note_on,0,0,1,,,,,,,,,,,,62,64,0
17520,note_on,0,0,2,,,,,,,,,,,,71,64,0
17520,note_off,0,0,3,,,,,,,,,,,,65,64,0
17520,note_off,120,0,4,,,,,,,,,,,,47,64,0
17640,note_on,0,0,3,,,,,,,,,,,,65,40,0
17640,note_on,0,0,3,,,,,,,,,,,,71,40,0
17640,note_on,120,0,4,,,,,,,,,,,,56,64,0
17640,note_on,120,0,3,,,,,,,,,,,,62,40,0
17760,note_on,0,0,2,,,,,,,,,,,,72,64,0
17760,note_off,240,0,1,,,,,,,,,,,,62,64,0
17760,note_on,0,0,1,,,,,,,,,,,,63,64,0
17760,note_on,0,0,4,,,,,,,,,,,,56,64,0
17760,note_off,120,0,4,,,,,,,,,,,,56,64,0
17760,note_on,0,0,3,,,,,,,,,,,,72,40,0
17760,note_on,0,0,3,,,,,,,,,,,,63,40,0
17760,note_off,0,0,3,,,,,,,,,,,,65,64,0
17760,note_off,0,0,3,,,,,,,,,,,,71,64,0
17760,note_off,120,0,3,,,,,,,,,,,,62,64,0
17760,note_off,240,0,2,,,,,,,,,,,,71,64,0
17880,note_on,0,0,4,,,,,,,,,,,,55,64,0
17880,note_off,120,0,4,,,,,,,,,,,,56,64,0
18000,note_off,240,0,1,,,,,,,,,,,,63,64,0
18000,note_on,0,0,1,,,,,,,,,,,,65,64,0
18000,note_off,240,0,2,,,,,,,,,,,,72,64,0
18000,note_on,0,0,2,,,,,,,,,,,,74,64,0
18000,note_off,0,0,3,,,,,,,,,,,,72,64,0
18000,note_off,240,0,3,,,,,,,,,,,,63,64,0
18000,note_off,120,0,4,,,,,,,,,,,,55,64,0
18120,note_on,0,0,3,,,,,,,,,,,,74,40,0
18120,note_on,0,0,3,,,,,,,,,,,,68,40,0
18120,note_on,120,0,3,,,,,,,,,,,,62,40,0
18120,note_on,120,0,4,,,,,,,,,,,,53,64,0
18240,note_on,0,0,3,,,,,,,,,,,,71,40,0
18240,note_on,0,0,3,,,,,,,,,,,,67,40,0
18240,note_on,0,0,3,,,,,,,,,,,,62,40,0
18240,note_off,0,0,3,,,,,,,,,,,,68,64,0
18240,note_off,0,0,3,,,,,,,,,,,,74,64,0
18240,note_off,120,0,3,,,,,,,,,,,,62,64,0
18240,note_off,240,0,1,,,,,,,,,,,,65,64,0
18240,note_off,120,0,4,,,,,,,,,,,,53,64,0
18240,note_on,0,0,1,,,,,,,,,,,,67,64,0
18240,note_on,0,0,4,,,,,,,,,,,,53,64,0
18360,note_off,120,0,4,,,,,,,,,,,,53,64,0
18360,note_on,0,0,4,,,,,,,,,,,,51,64,0
18360,note_off,120,0,1,,,,,,,,,,,,67,64,0
18360,note_on,0,0,1,,,,,,,,,,,,72,64,0
18360,note_off,360,0,2,,,,,,,,,,,,74,64,0
18360,note_on,0,0,2,,,,,,,,,,,,67,64,0
18480,note_on,0,0,3,,,,,,,,,,,,65,40,0
18480,note_off,120,0,1,,,,,,,,,,,,72,64,0
18480,note_off,0,0,3,,,,,,,,,,,,67,64,0
18480,note_off,0,0,3,,,,,,,,,,,,71,64,0
18480,note_off,240,0,3,,,,,,,,,,,,62,64,0
18480,note_on,0,0,2,,,,,,,,,,,,65,64,0
18480,note_on,0,0,4,,,,,,,,,,,,56,64,0
18480,note_off,120,0,4,,,,,,,,,,,,51,64,0
18480,note_off,120,0,2,,,,,,,,,,,,67,64,0
18480,note_on,0,0,1,,,,,,,,,,,,71,64,0
18600,note_off,120,0,2,,,,,,,,,,,,65,64,0
18600,note_on,0,0,2,,,,,,,,,,,,67,64,0
18600,note_on,0,0,1,,,,,,,,,,,,72,64,0
18600,note_off,120,0,1,,,,,,,,,,,,71,64,0
18600,note_on,0,0,4,,,,,,,,,,,,53,64,0
18600,note_off,120,0,4,,,,,,,,,,,,56,64,0
18600,note_on,0,0,3,,,,,,,,,,,,68,40,0
18600,note_off,120,0,3,,,,,,,,,,,,65,64,0
18720,note_off,120,0,4,,,,,,,,,,,,53,64,0
18720,note_on,0,0,1,,,,,,,,,,,,80,64,0
18720,note_off,120,0,1,,,,,,,,,,,,72,64,0
18720,note_on,0,0,4,,,,,,,,,,,,55,64,0
18720,note_on,0,0,3,,,,,,,,,,,,63,40,0
18720,note_on,0,0,3,,,,,,,,,,,,67,40,0
18720,note_off,120,0,2,,,,,,,,,,,,67,64,0
18720,note_on,0,0,3,,,,,,,,,,,,72,40,0
18720,note_off,120,0,3,,,,,,,,,,,,68,64,0
18720,note_on,0,0,2,,,,,,,,,,,,63,64,0
18840,note_off,120,0,1,,,,,,,,,,,,80,64,0
18840,note_on,0,0,1,,,,,,,,,,,,79,64,0
18960,note_off,240,0,4,,,,,,,,,,,,55,64,0
18960,note_on,0,0,2,,,,,,,,,,,,63,64,0
18960,note_on,0,0,3,,,,,,,,,,,,71,40,0
18960,note_on,0,0,3,,,,,,,,,,,,67,40,0
18960,note_on,0,0,3,,,,,,,,,,,,62,40,0
18960,note_off,240,0,2,,,,,,,,,,,,63,64,0
18960,note_on,0,0,1,,,,,,,,,,,,72,64,0
18960,note_off,120,0,1,,,,,,,,,,,,79,64,0
18960,note_off,0,0,3,,,,,,,,,,,,67,64,0
18960,note_off,0,0,3,,,,,,,,,,,,72,64,0
18960,note_off,240,0,3,,,,,,,,,,,,63,64,0
18960,note_on,0,0,4,,,,,,,,,,,,43,64,0
18990,note_off,30,0,2,,,,,,,,,,,,63,64,0
18990,note_on,0,0,2,,,,,,,,,,,,62,64,0
19020,note_off,30,0,2,,,,,,,,,,,,62,64,0
19020,note_on,0,0,2,,,,,,,,,,,,63,64,0
19050,note_off,30,0,2,,,,,,,,,,,,63,64,0
19050,note_on,0,0,2,,,,,,,,,,,,62,64,0
19080,note_off,30,0,2,,,,,,,,,,,,62,64,0
19080,note_off,120,0,1,,,,,,,,,,,,72,64,0
19080,note_on,0,0,2,,,,,,,,,,,,63,64,0
19080,note_on,0,0,1,,,,,,,,,,,,71,64,0
19110,note_on,0,0,2,,,,,,,,,,,,62,64,0
19110,note_off,30,0,2,,,,,,,,,,,,63,64,0
19140,note_off,30,0,2,,,,,,,,,,,,62,64,0
19140,note_on,0,0,2,,,,,,,,,,,,60,64,0
19170,note_off,30,0,2,,,,,,,,,,,,60,64,0
19170,note_on,0,0,2,,,,,,,,,,,,62,64,0
19200,note_on,0,0,4,,,,,,,,,,,,48,64,0
19200,note_on,0,0,3,,,,,,,,,,,,72,40,0
19200,note_on,0,0,3,,,,,,,,,,,,67,40,0
19200,note_on,0,0,3,,,,,,,,,,,,63,40,0
19200,note_off,240,0,3,,,,,,,,,,,,62,64,0
19200,note_off,120,0,1,,,,,,,,,,,,71,64,0
19200,note_off,240,0,4,,,,,,,,,,,,43,64,0
19200,note_on,0,0,1,,,,,,,,,,,,72,64,0
19200,note_on,0,0,2,,,,,,,,,,,,60,64,0
19200,note_off,30,0,2,,,,,,,,,,,,62,64,0
19200,note_off,0,0,3,,,,,,,,,,,,67,64,0
19200,note_off,0,0,3,,,,,,,,,,,,71,64,0
19440,note_off,0,0,3,,,,,,,,,,,,72,64,0
19440,note_off,0,0,3,,,,,,,,,,,,67,64,0
19440,note_off,240,0,3,,,,,,,,,,,,63,64,0
19440,note_on,0,0,2,,,,,,,,,,,,67,64,0
19440,note_off,240,0,4,,,,,,,,,,,,48,64,0
19440,note_off,240,0,2,,,,,,,,,,,,60,64,0
19560,note_on,120,0,4,,,,,,,,,,,,61,64,0
19560,note_on,0,0,3,,,,,,,,,,,,67,40,0
19560,note_on,0,0,3,,,,,,,,,,,,70,40,0
19560,note_on,120,0,3,,,,,,,,,,,,64,40,0
19680,note_on,0,0,3,,,,,,,,,,,,67,40,0
19680,note_on,0,0,2,,,,,,,,,,,,70,64,0
19680,note_off,120,0,4,,,,,,,,,,,,61,64,0
19680,note_on,0,0,4,,,,,,,,,,,,61,64,0
19680,note_on,0,0,3,,,,,,,,,,,,70,40,0
19680,note_off,120,0,3,,,,,,,,,,,,64,64,0
19680,note_off,0,0,3,,,,,,,,,,,,70,64,0
19680,note_off,0,0,3,,,,,,,,,,,,67,64,0
19680,note_on,0,0,3,,,,,,,,,,,,64,40,0
19680,note_off,480,0,1,,,,,,,,,,,,72,64,0
19680,note_off,240,0,2,,,,,,,,,,,,67,64,0
19800,note_on,0,0,4,,,,,,,,,,,,60,64,0
19800,note_off,120,0,4,,,,,,,,,,,,61,64,0
19920,note_off,240,0,3,,,,,,,,,,,,64,64,0
19920,note_off,0,0,3,,,,,,,,,,,,70,64,0
19920,note_on,0,0,2,,,,,,,,,,,,72,64,0
19920,note_off,120,0,4,,,,,,,,,,,,60,64,0
19920,note_off,240,0,2,,,,,,,,,,,,70,64,0
19920,note_off,0,0,3,,,,,,,,,,,,67,64,0
20040,note_off,120,0,2,,,,,,,,,,,,72,64,0
20040,note_on,120,0,4,,,,,,,,,,,,58,64,0
20040,note_on,0,0,2,,,,,,,,,,,,73,64,0
20160,note_on,240,0,3,,,,,,,,,,,,67,40,0
20160,note_on,0,0,3,,,,,,,,,,,,70,40,0
20160,note_on,0,0,3,,,,,,,,,,,,76,40,0
20160,note_on,0,0,2,,,,,,,,,,,,64,64,0
20160,note_off,120,0,2,,,,,,,,,,,,73,64,0
20160,note_off,120,0,4,,,,,,,,,,,,58,64,0
20160,note_on,0,0,4,,,,,,,,,,,,58,64,0
20280,note_off,120,0,4,,,,,,,,,,,,58,64,0
20280,note_on,0,0,4,,,,,,,,,,,,56,64,0
20400,note_on,720,0,1,,,,,,,,,,,,77,64,0
20400,note_on,0,0,3,,,,,,,,,,,,77,40,0
20400,note_on,0,0,4,,,,,,,,,,,,49,64,0
20400,note_off,120,0,4,,,,,,,,,,,,56,64,0
20400,note_off,240,0,3,,,,,,,,,,,,67,64,0
20400,note_on,0,0,3,,,,,,,,,,,,68,40,0
20400,note_on,0,0,3,,,,,,,,,,,,65,40,0
20400,note_off,0,0,3,,,,,,,,,,,,70,64,0
20400,note_off,0,0,3,,,,,,,,,,,,76,64,0
20400,note_off,240,0,2,,,,,,,,,,,,64,64,0
20520,note_on,120,0,2,,,,,,,,,,,,80,64,0
20640,note_off,240,0,3,,,,,,,,,,,,65,64,0
20640,note_off,0,0,3,,,,,,,,,,,,68,64,0
20640,note_on,0,0,3,,,,,,,,,,,,65,40,0
20640,note_on,0,0,3,,,,,,,,,,,,68,40,0
20640,note_off,240,0,1,,,,,,,,,,,,77,64,0
20640,note_on,0,0,4,,,,,,,,,,,,46,64,0
20640,note_on,0,0,1,,,,,,,,,,,,75,64,0
20640,note_off,240,0,4,,,,,,,,,,,,49,64,0
20640,note_on,0,0,2,,,,,,,,,,,,80,64,0
20640,note_off,120,0,2,,,,,,,,,,,,80,64,0
20640,note_on,0,0,3,,,,,,,,,,,,73,40,0
20640,note_off,0,0,3,,,,,,,,,,,,77,64,0
20760,note_on,0,0,1,,,,,,,,,,,,73,64,0
20760,note_off,120,0,1,,,,,,,,,,,,75,64,0
20760,note_on,0,0,2,,,,,,,,,,,,79,64,0
20760,note_off,120,0,2,,,,,,,,,,,,80,64,0
20880,note_off,240,0,4,,,,,,,,,,,,46,64,0
20880,note_on,0,0,4,,,,,,,,,,,,48,64,0
20880,note_off,240,0,3,,,,,,,,,,,,65,64,0
20880,note_off,0,0,3,,,,,,,,,,,,73,64,0
20880,note_off,0,0,3,,,,,,,,,,,,68,64,0
20880,note_on,0,0,3,,,,,,,,,,,,64,40,0
20880,note_on,0,0,3,,,,,,,,,,,,67,40,0
20880,note_on,0,0,3,,,,,,,,,,,,72,40,0
20880,note_on,0,0,1,,,,,,,,,,,,72,64,0
20880,note_off,120,0,1,,,,,,,,,,,,73,64,0
20880,note_off,120,0,2,,,,,,,,,,,,79,64,0
21000,note_on,120,0,2,,,,,,,,,,,,79,64,0
21000,note_off,120,0,1,,,,,,,,,,,,72,64,0
21000,note_on,0,0,1,,,,,,,,,,,,70,64,0
21120,note_off,120,0,2,,,,,,,,,,,,79,64,0
21120,note_on,0,0,4,,,,,,,,,,,,41,64,0
21120,note_on,0,0,3,,,,,,,,,,,,72,40,0
21120,note_off,240,0,3,,,,,,,,,,,,64,64,0
21120,note_off,0,0,3,,,,,,,,,,,,72,64,0
21120,note_off,120,0,1,,,,,,,,,,,,70,64,0
21120,note_on,0,0,3,,,,,,,,,,,,68,40,0
21120,note_on,0,0,3,,,,,,,,,,,,65,40,0
21120,note_off,0,0,3,,,,,,,,,,,,67,64,0
21120,note_on,0,0,1,,,,,,,,,,,,80,64,0
21120,note_on,0,0,2,,,,,,,,,,,,79,64,0
21120,note_off,240,0,4,,,,,,,,,,,,48,64,0
21240,note_off,120,0,2,,,,,,,,,,,,79,64,0
21240,note_on,0,0,2,,,,,,,,,,,,77,64,0
21360,note_off,120,0,2,,,,,,,,,,,,77,64,0
21360,note_on,0,0,2,,,,,,,,,,,,68,64,0
21360,note_on,0,0,1,,,,,,,,,,,,77,64,0
21360,note_off,240,0,1,,,,,,,,,,,,80,64,0
21600,note_off,480,0,4,,,,,,,,,,,,41,64,0
21600,note_off,240,0,1,,,,,,,,,,,,77,64,0
21600,note_off,480,0,3,,,,,,,,,,,,65,64,0
21600,note_on,0,0,2,,,,,,,,,,,,70,64,0
21600,note_off,240,0,2,,,,,,,,,,,,68,64,0
21600,note_off,0,0,3,,,,,,,,,,,,68,64,0
21600,note_off,0,0,3,,,,,,,,,,,,72,64,0
21600,note_on,0,0,1,,,,,,,,,,,,79,64,0
21840,note_off,240,0,1,,,,,,,,,,,,79,64,0
21840,note_off,240,0,2,,,,,,,,,,,,70,64,0
21840,note_on,0,0,2,,,,,,,,,,,,72,64,0
21840,note_on,0,0,1,,,,,,,,,,,,80,64,0
22080,note_on,0,0,3,,,,,,,,,,,,77,40,0
22080,note_on,0,0,3,,,,,,,,,,,,72,40,0
22080,note_on,480,0,3,,,,,,,,,,,,68,40,0
22080,note_on,480,0,4,,,,,,,,,,,,53,64,0
22320,note_off,480,0,2,,,,,,,,,,,,72,64,0
22320,note_on,0,0,2,,,,,,,,,,,,70,64,0
22320,note_on,0,0,1,,,,,,,,,,,,79,64,0
22320,note_off,480,0,1,,,,,,,,,,,,80,64,0
22440,note_on,0,0,1,,,,,,,,,,,,73,64,0
22440,note_off,120,0,2,,,,,,,,,,,,70,64,0
22440,note_on,0,0,2,,,,,,,,,,,,82,64,0
22440,note_off,120,0,1,,,,,,,,,,,,79,64,0
22560,note_off,120,0,1,,,,,,,,,,,,73,64,0
22560,note_off,480,0,3,,,,,,,,,,,,68,64,0
22560,note_off,480,0,4,,,,,,,,,,,,53,64,0
22560,note_off,0,0,3,,,,,,,,,,,,77,64,0
22560,note_on,0,0,3,,,,,,,,,,,,67,40,0
22560,note_on,0,0,1,,,,,,,,,,,,73,64,0
22560,note_on,0,0,3,,,,,,,,,,,,76,40,0
22560,note_on,0,0,2,,,,,,,,,,,,82,64,0
22560,note_off,120,0,2,,,,,,,,,,,,82,64,0
22560,note_off,0,0,3,,,,,,,,,,,,72,64,0
22680,note_off,120,0,1,,,,,,,,,,,,73,64,0
22680,note_on,0,0,1,,,,,,,,,,,,72,64,0
22680,note_on,0,0,2,,,,,,,,,,,,80,64,0
22680,note_off,120,0,2,,,,,,,,,,,,82,64,0
22800,note_on,240,0,4,,,,,,,,,,,,41,64,0
22800,note_on,0,0,3,,,,,,,,,,,,67,40,0
22800,note_on,0,0,3,,,,,,,,,,,,72,40,0
22800,note_off,120,0,1,,,,,,,,,,,,72,64,0
22800,note_off,0,0,3,,,,,,,,,,,,76,64,0
22800,note_on,0,0,3,,,,,,,,,,,,76,40,0
22800,note_on,0,0,3,,,,,,,,,,,,70,40,0
22800,note_off,120,0,2,,,,,,,,,,,,80,64,0
22800,note_off,240,0,3,,,,,,,,,,,,67,64,0
22920,note_on,120,0,2,,,,,,,,,,,,64,64,0
22920,note_on,120,0,1,,,,,,,,,,,,70,64,0
23040,note_on,0,0,1,,,,,,,,,,,,70,64,0
23040,note_off,120,0,1,,,,,,,,,,,,70,64,0
23040,note_off,240,0,4,,,,,,,,,,,,41,64,0
23040,note_on,0,0,4,,,,,,,,,,,,41,64,0
23040,note_on,0,0,3,,,,,,,,,,,,77,40,0
23040,note_on,0,0,3,,,,,,,,,,,,72,40,0
23040,note_on,0,0,2,,,,,,,,,,,,64,64,0
23040,note_off,0,0,3,,,,,,,,,,,,70,64,0
23040,note_on,0,0,3,,,,,,,,,,,,68,40,0
23040,note_off,240,0,3,,,,,,,,,,,,67,64,0
23040,note_off,0,0,3,,,,,,,,,,,,76,64,0
23040,note_off,120,0,2,,,,,,,,,,,,64,64,0
23040,note_off,0,0,3,,,,,,,,,,,,72,64,0
23160,note_off,120,0,2,,,,,,,,,,,,64,64,0
23160,note_on,0,0,2,,,,,,,,,,,,65,64,0
23160,note_off,120,0,1,,,,,,,,,,,,70,64,0
23160,note_on,0,0,1,,,,,,,,,,,,68,64,0
23280,note_off,240,0,4,,,,,,,,,,,,41,64,0
23280,note_off,0,0,3,,,,,,,,,,,,72,64,0
23280,note_off,0,0,3,,,,,,,,,,,,77,64,0
23280,note_off,240,0,3,,,,,,,,,,,,68,64,0
23280,note_off,120,0,1,,,,,,,,,,,,68,64,0
23280,note_on,0,0,1,,,,,,,,,,,,72,64,0
23280,note_off,120,0,2,,,,,,,,,,,,65,64,0
23400,note_on,120,0,4,,,,,,,,,,,,54,64,0
23520,note_off,240,0,1,,,,,,,,,,,,72,64,0
23520,note_on,0,0,1,,,,,,,,,,,,75,64,0
23520,note_on,0,0,4,,,,,,,,,,,,54,64,0
23520,note_off,120,0,4,,,,,,,,,,,,54,64,0
23520,note_on,0,0,3,,,,,,,,,,,,75,40,0
23520,note_on,0,0,3,,,,,,,,,,,,72,40,0
23520,note_on,240,0,3,,,,,,,,,,,,69,40,0
23640,note_off,120,0,4,,,,,,,,,,,,54,64,0
23640,note_on,0,0,4,,,,,,,,,,,,53,64,0
23760,note_off,0,0,3,,,,,,,,,,,,75,64,0
23760,note_off,240,0,3,,,,,,,,,,,,69,64,0
23760,note_off,240,0,1,,,,,,,,,,,,75,64,0
23760,note_on,0,0,1,,,,,,,,,,,,77,64,0
23760,note_off,120,0,4,,,,,,,,,,,,53,64,0
23760,note_off,0,0,3,,,,,,,,,,,,72,64,0
23880,note_off,120,0,1,,,,,,,,,,,,77,64,0
23880,note_on,0,0,1,,,,,,,,,,,,78,64,0
23880,note_on,120,0,4,,,,,,,,,,,,51,64,0
24000,note_on,0,0,3,,,,,,,,,,,,77,40,0
24000,note_off,120,0,1,,,,,,,,,,,,78,64,0
24000,note_on,0,0,3,,,,,,,,,,,,72,40,0
24000,note_on,0,0,1,,,,,,,,,,,,69,64,0
24000,note_on,0,0,4,,,,,,,,,,,,51,64,0
24000,note_off,120,0,4,,,,,,,,,,,,51,64,0
24000,note_on,240,0,3,,,,,,,,,,,,69,40,0
24120,note_on,0,0,4,,,,,,,,,,,,49,64,0
24120,note_off,120,0,4,,,,,,,,,,,,51,64,0
24240,note_on,0,0,4,,,,,,,,,,,,42,64,0
24240,note_off,240,0,3,,,,,,,,,,,,69,64,0
24240,note_off,0,0,3,,,,,,,,,,,,77,64,0
24240,note_off,0,0,3,,,,,,,,,,,,72,64,0
24240,note_on,0,0,3,,,,,,,,,,,,70,40,0
24240,note_off,120,0,4,,,,,,,,,,,,49,64,0
24240,note_off,240,0,1,,,,,,,,,,,,69,64,0
24240,note_on,0,0,3,,,,,,,,,,,,78,40,0
24240,note_on,0,0,3,,,,,,,,,,,,73,40,0
24240,note_on,960,0,2,,,,,,,,,,,,70,64,0
24360,note_on,120,0,1,,,,,,,,,,,,85,64,0
24480,note_on,0,0,4,,,,,,,,,,,,39,64,0
24480,note_off,120,0,1,,,,,,,,,,,,85,64,0
24480,note_on,0,0,1,,,,,,,,,,,,85,64,0
24480,note_off,240,0,2,,,,,,,,,,,,70,64,0
24480,note_on,0,0,2,,,,,,,,,,,,66,64,0
24480,note_off,240,0,4,,,,,,,,,,,,42,64,0
24600,note_off,120,0,1,,,,,,,,,,,,85,64,0
24600,note_on,0,0,1,,,,,,,,,,,,84,64,0
24720,note_on,0,0,3,,,,,,,,,,,,69,40,0
24720,note_off,0,0,3,,,,,,,,,,,,78,64,0
24720,note_off,240,0,2,,,,,,,,,,,,66,64,0
24720,note_on,0,0,2,,,,,,,,,,,,65,64,0
24720,note_off,120,0,1,,,,,,,,,,,,84,64,0
24720,note_off,0,0,3,,,,,,,,,,,,73,64,0
24720,note_on,0,0,4,,,,,,,,,,,,41,64,0
24720,note_off,240,0,4,,,,,,,,,,,,39,64,0
24720,note_off,480,0,3,,,,,,,,,,,,70,64,0
24720,note_on,0,0,3,,,,,,,,,,,,77,40,0
24720,note_on,0,0,3,,,,,,,,,,,,72,40,0
24840,note_off,120,0,2,,,,,,,,,,,,65,64,0
24840,note_on,0,0,2,,,,,,,,,,,,63,64,0
24840,note_on,120,0,1,,,,,,,,,,,,84,64,0
24960,note_on,0,0,1,,,,,,,,,,,,84,64,0
24960,note_on,0,0,3,,,,,,,,,,,,70,40,0
24960,note_on,0,0,3,,,,,,,,,,,,65,40,0
24960,note_off,0,0,3,,,,,,,,,,,,72,64,0
24960,note_off,0,0,3,,,,,,,,,,,,77,64,0
24960,note_off,240,0,3,,,,,,,,,,,,69,64,0
24960,note_off,240,0,4,,,,,,,,,,,,41,64,0
24960,note_on,0,0,4,,,,,,,,,,,,46,64,0
24960,note_on,0,0,3,,,,,,,,,,,,73,40,0
24960,note_off,120,0,1,,,,,,,,,,,,84,64,0
24960,note_on,0,0,2,,,,,,,,,,,,73,64,0
24960,note_off,120,0,2,,,,,,,,,,,,63,64,0
25080,note_off,120,0,1,,,,,,,,,,,,84,64,0
25080,note_on,0,0,1,,,,,,,,,,,,82,64,0
25200,note_off,120,0,1,,,,,,,,,,,,82,64,0
25200,note_on,0,0,2,,,,,,,,,,,,61,64,0
25200,note_off,240,0,2,,,,,,,,,,,,73,64,0
25200,note_on,0,0,1,,,,,,,,,,,,70,64,0
25440,note_off,0,0,3,,,,,,,,,,,,70,64,0
25440,note_off,0,0,3,,,,,,,,,,,,73,64,0
25440,note_off,480,0,3,,,,,,,,,,,,65,64,0
25440,note_on,0,0,2,,,,,,,,,,,,63,64,0
25440,note_off,240,0,2,,,,,,,,,,,,61,64,0
25440,note_off,240,0,1,,,,,,,,,,,,70,64,0
25440,note_on,0,0,1,,,,,,,,,,,,72,64,0
25440,note_off,480,0,4,,,,,,,,,,,,46,64,0
25680,note_off,240,0,2,,,,,,,,,,,,63,64,0
25680,note_off,240,0,1,,,,,,,,,,,,72,64,0
25680,note_on,0,0,1,,,,,,,,,,,,73,64,0
25680,note_on,0,0,2,,,,,,,,,,,,65,64,0
25920,note_on,0,0,3,,,,,,,,,,,,73,40,0
25920,note_on,480,0,4,,,,,,,,,,,,58,64,0
25920,note_on,0,0,3,,,,,,,,,,,,70,40,0
25920,note_on,480,0,3,,,,,,,,,,,,65,40,0
26160,note_on,0,0,2,,,,,,,,,,,,63,64,0
26160,note_off,480,0,2,,,,,,,,,,,,65,64,0
26160,note_off,480,0,1,,,,,,,,,,,,73,64,0
26160,note_on,0,0,1,,,,,,,,,,,,72,64,0
26280,note_on,0,0,1,,,,,,,,,,,,66,64,0
26280,note_on,0,0,2,,,,,,,,,,,,75,64,0
26280,note_off,120,0,1,,,,,,,,,,,,72,64,0
26280,note_off,120,0,2,,,,,,,,,,,,63,64,0
26400,note_on,0,0,2,,,,,,,,,,,,75,64,0
26400,note_off,0,0,3,,,,,,,,,,,,73,64,0
26400,note_off,480,0,4,,,,,,,,,,,,58,64,0
26400,note_off,120,0,1,,,,,,,,,,,,66,64,0
26400,note_on,0,0,1,,,,,,,,,,,,66,64,0
26400,note_off,480,0,3,,,,,,,,,,,,65,64,0
26400,note_off,0,0,3,,,,,,,,,,,,70,64,0
26400,note_on,0,0,3,,,,,,,,,,,,72,40,0
26400,note_on,0,0,3,,,,,,,,,,,,69,40,0
26400,note_off,120,0,2,,,,,,,,,,,,75,64,0
26520,note_on,0,0,1,,,,,,,,,,,,65,64,0
26520,note_off,120,0,1,,,,,,,,,,,,66,64,0
26520,note_on,0,0,2,,,,,,,,,,,,73,64,0
26520,note_off,120,0,2,,,,,,,,,,,,75,64,0
26640,note_on,0,0,3,,,,,,,,,,,,65,40,0
26640,note_off,120,0,2,,,,,,,,,,,,73,64,0
26640,note_on,0,0,3,,,,,,,,,,,,69,40,0
26640,note_on,0,0,3,,,,,,,,,,,,72,40,0
26640,note_off,240,0,3,,,,,,,,,,,,69,64,0
26640,note_off,120,0,1,,,,,,,,,,,,65,64,0
26640,note_on,240,0,4,,,,,,,,,,,,58,64,0
26640,note_off,0,0,3,,,,,,,,,,,,72,64,0
26640,note_on,0,0,3,,,,,,,,,,,,75,40,0
26760,note_on,120,0,2,,,,,,,,,,,,63,64,0
26760,note_on,120,0,1,,,,,,,,,,,,69,64,0
26880,note_off,240,0,3,,,,,,,,,,,,65,64,0
26880,note_on,0,0,4,,,,,,,,,,,,46,64,0
26880,note_off,240,0,4,,,,,,,,,,,,58,64,0
26880,note_off,120,0,2,,,,,,,,,,,,63,64,0
26880,note_on,0,0,2,,,,,,,,,,,,63,64,0
26880,note_on,0,0,1,,,,,,,,,,,,69,64,0
26880,note_off,120,0,1,,,,,,,,,,,,69,64,0
26880,note_off,0,0,3,,,,,,,,,,,,75,64,0
26880,note_off,0,0,3,,,,,,,,,,,,72,64,0
26880,note_off,0,0,3,,,,,,,,,,,,69,64,0
26880,note_on,0,0,3,,,,,,,,,,,,65,40,0
26880,note_on,0,0,3,,,,,,,,,,,,73,40,0
26880,note_on,0,0,3,,,,,,,,,,,,70,40,0
27000,note_off,120,0,2,,,,,,,,,,,,63,64,0
27000,note_on,0,0,2,,,,,,,,,,,,61,64,0
27000,note_on,0,0,1,,,,,,,,,,,,70,64,0
27000,note_off,120,0,1,,,,,,,,,,,,69,64,0
27120,note_off,240,0,3,,,,,,,,,,,,65,64,0
27120,note_off,240,0,4,,,,,,,,,,,,46,64,0
27120,note_off,120,0,2,,,,,,,,,,,,61,64,0
27120,note_on,0,0,1,,,,,,,,,,,,77,64,0
27120,note_off,120,0,1,,,,,,,,,,,,70,64,0
27120,note_off,0,0,3,,,,,,,,,,,,73,64,0
27120,note_off,0,0,3,,,,,,,,,,,,70,64,0
27240,note_on,120,0,4,,,,,,,,,,,,57,64,0
27240,note_on,120,0,3,,,,,,,,,,,,72,40,0
27240,note_on,0,0,3,,,,,,,,,,,,77,40,0
27360,note_on,0,0,3,,,,,,,,,,,,66,40,0
27360,note_off,120,0,3,,,,,,,,,,,,72,64,0
27360,note_off,0,0,3,,,,,,,,,,,,77,64,0
27360,note_on,0,0,3,,,,,,,,,,,,73,40,0
27360,note_off,120,0,4,,,,,,,,,,,,57,64,0
27360,note_on,0,0,4,,,,,,,,,,,,57,64,0
27360,note_on,0,0,1,,,,,,,,,,,,77,64,0
27360,note_off,240,0,1,,,,,,,,,,,,77,64,0
27360,note_on,0,0,3,,,,,,,,,,,,78,40,0
27480,note_off,120,0,4,,,,,,,,,,,,57,64,0
27480,note_on,0,0,4,,,,,,,,,,,,58,64,0
27480,note_off,120,0,1,,,,,,,,,,,,77,64,0
27480,note_on,0,0,1,,,,,,,,,,,,78,64,0
27600,note_off,240,0,3,,,,,,,,,,,,66,64,0
27600,note_off,0,0,3,,,,,,,,,,,,78,64,0
27600,note_off,0,0,3,,,,,,,,,,,,73,64,0
27600,note_off,120,0,4,,,,,,,,,,,,58,64,0
27600,note_on,480,0,2,,,,,,,,,,,,73,64,0
27720,note_on,0,0,3,,,,,,,,,,,,78,40,0
27720,note_on,120,0,3,,,,,,,,,,,,66,40,0
27720,note_on,120,0,4,,,,,,,,,,,,46,64,0
27720,note_on,0,0,3,,,,,,,,,,,,73,40,0
27840,note_off,120,0,4,,,,,,,,,,,,46,64,0
27840,note_on,0,0,2,,,,,,,,,,,,72,64,0
27840,note_off,240,0,2,,,,,,,,,,,,73,64,0
27840,note_off,0,0,3,,,,,,,,,,,,78,64,0
27840,note_on,0,0,4,,,,,,,,,,,,46,64,0
27840,note_off,0,0,3,,,,,,,,,,,,73,64,0
27840,note_on,0,0,3,,,,,,,,,,,,66,40,0
27840,note_on,0,0,3,,,,,,,,,,,,72,40,0
27840,note_on,0,0,3,,,,,,,,,,,,78,40,0
27840,note_off,120,0,3,,,,,,,,,,,,66,64,0
27960,note_off,120,0,4,,,,,,,,,,,,46,64,0
27960,note_off,480,0,1,,,,,,,,,,,,78,64,0
27960,note_on,0,0,1,,,,,,,,,,,,77,64,0
27960,note_on,0,0,4,,,,,,,,,,,,45,64,0
28080,note_off,0,0,3,,,,,,,,,,,,78,64,0
28080,note_off,240,0,3,,,,,,,,,,,,66,64,0
28080,note_off,120,0,1,,,,,,,,,,,,77,64,0
28080,note_on,0,0,1,,,,,,,,,,,,77,64,0
28080,note_off,120,0,4,,,,,,,,,,,,45,64,0
28080,note_off,0,0,3,,,,,,,,,,,,72,64,0
28200,note_on,120,0,3,,,,,,,,,,,,67,40,0
28200,note_on,0,0,3,,,,,,,,,,,,76,40,0
28200,note_on,0,0,3,,,,,,,,,,,,72,40,0
28200,note_on,0,0,1,,,,,,,,,,,,76,64,0
28200,note_on,120,0,4,,,,,,,,,,,,55,64,0
28200,note_off,120,0,1,,,,,,,,,,,,77,64,0
28320,note_off,120,0,3,,,,,,,,,,,,67,64,0
28320,note_off,120,0,4,,,,,,,,,,,,55,64,0
28320,note_on,0,0,4,,,,,,,,,,,,55,64,0
28320,note_on,0,0,3,,,,,,,,,,,,77,40,0
28320,note_on,0,0,3,,,,,,,,,,,,72,40,0
28320,note_on,0,0,3,,,,,,,,,,,,65,40,0
28320,note_off,0,0,3,,,,,,,,,,,,72,64,0
28320,note_off,0,0,3,,,,,,,,,,,,76,64,0
28320,note_off,120,0,1,,,,,,,,,,,,76,64,0
28320,note_on,0,0,1,,,,,,,,,,,,76,64,0
28440,note_off,600,0,2,,,,,,,,,,,,72,64,0
28440,note_on,0,0,2,,,,,,,,,,,,71,64,0
28440,note_on,0,0,1,,,,,,,,,,,,77,64,0
28440,note_off,120,0,1,,,,,,,,,,,,76,64,0
28440,note_on,0,0,4,,,,,,,,,,,,56,64,0
28440,note_off,120,0,4,,,,,,,,,,,,55,64,0
28560,note_off,0,0,3,,,,,,,,,,,,72,64,0
28560,note_off,0,0,3,,,,,,,,,,,,77,64,0
28560,note_off,240,0,3,,,,,,,,,,,,65,64,0
28560,note_on,0,0,2,,,,,,,,,,,,71,64,0
28560,note_off,120,0,4,,,,,,,,,,,,56,64,0
28560,note_off,120,0,2,,,,,,,,,,,,71,64,0
28680,note_off,120,0,2,,,,,,,,,,,,71,64,0
28680,note_on,0,0,2,,,,,,,,,,,,70,64,0
28680,note_on,120,0,3,,,,,,,,,,,,65,40,0
28680,note_on,0,0,3,,,,,,,,,,,,71,40,0
28680,note_on,0,0,3,,,,,,,,,,,,77,40,0
28680,note_on,120,0,4,,,,,,,,,,,,44,64,0
28800,note_on,0,0,2,,,,,,,,,,,,70,64,0
28800,note_off,120,0,2,,,,,,,,,,,,70,64,0
28800,note_off,120,0,4,,,,,,,,,,,,44,64,0
28800,note_on,0,0,4,,,,,,,,,,,,44,64,0
28800,note_on,0,0,3,,,,,,,,,,,,77,40,0
28800,note_on,0,0,3,,,,,,,,,,,,70,40,0
28800,note_on,0,0,3,,,,,,,,,,,,65,40,0
28800,note_off,0,0,3,,,,,,,,,,,,71,64,0
28800,note_off,0,0,3,,,,,,,,,,,,77,64,0
28800,note_off,120,0,3,,,,,,,,,,,,65,64,0
28920,note_off,120,0,4,,,,,,,,,,,,44,64,0
28920,note_off,480,0,1,,,,,,,,,,,,77,64,0
28920,note_on,0,0,1,,,,,,,,,,,,75,64,0
28920,note_on,0,0,4,,,,,,,,,,,,43,64,0
29040,note_off,120,0,4,,,,,,,,,,,,43,64,0
29040,note_off,240,0,3,,,,,,,,,,,,65,64,0
29040,note_off,0,0,3,,,,,,,,,,,,70,64,0
29040,note_on,0,0,1,,,,,,,,,,,,75,64,0
29040,note_off,120,0,1,,,,,,,,,,,,75,64,0
29040,note_off,0,0,3,,,,,,,,,,,,77,64,0
29160,note_on,120,0,3,,,,,,,,,,,,65,40,0
29160,note_on,120,0,4,,,,,,,,,,,,53,64,0
29160,note_on,0,0,3,,,,,,,,,,,,74,40,0
29160,note_on,0,0,3,,,,,,,,,,,,70,40,0
29160,note_on,0,0,1,,,,,,,,,,,,74,64,0
29160,note_off,120,0,1,,,,,,,,,,,,75,64,0
29280,note_on,0,0,3,,,,,,,,,,,,63,40,0
29280,note_off,120,0,3,,,,,,,,,,,,65,64,0
29280,note_off,120,0,4,,,,,,,,,,,,53,64,0
29280,note_on,0,0,4,,,,,,,,,,,,53,64,0
29280,note_on,0,0,3,,,,,,,,,,,,70,40,0
29280,note_on,0,0,3,,,,,,,,,,,,75,40,0
29280,note_on,0,0,1,,,,,,,,,,,,74,64,0
29280,note_off,120,0,1,,,,,,,,,,,,74,64,0
29280,note_off,0,0,3,,,,,,,,,,,,74,64,0
29280,note_off,0,0,3,,,,,,,,,,,,70,64,0
29400,note_off,120,0,4,,,,,,,,,,,,53,64,0
29400,note_off,600,0,2,,,,,,,,,,,,70,64,0
29400,note_on,0,0,4,,,,,,,,,,,,54,64,0
29400,note_on,0,0,1,,,,,,,,,,,,75,64,0
29400,note_off,120,0,1,,,,,,,,,,,,74,64,0
29400,note_on,0,0,2,,,,,,,,,,,,69,64,0
29520,note_off,240,0,3,,,,,,,,,,,,63,64,0
29520,note_off,120,0,4,,,,,,,,,,,,54,64,0
29520,note_off,0,0,3,,,,,,,,,,,,70,64,0
29520,note_on,0,0,2,,,,,,,,,,,,69,64,0
29520,note_off,0,0,3,,,,,,,,,,,,75,64,0
29520,note_off,120,0,2,,,,,,,,,,,,69,64,0
29640,note_off,120,0,2,,,,,,,,,,,,69,64,0
29640,note_on,0,0,2,,,,,,,,,,,,70,64,0
29640,note_on,120,0,4,,,,,,,,,,,,54,64,0
29640,note_on,0,0,3,,,,,,,,,,,,75,40,0
29640,note_on,0,0,3,,,,,,,,,,,,70,40,0
29640,note_on,120,0,3,,,,,,,,,,,,66,40,0
29760,note_on,0,0,4,,,,,,,,,,,,46,64,0
29760,note_off,120,0,4,,,,,,,,,,,,54,64,0
29760,note_on,0,0,3,,,,,,,,,,,,75,40,0
29760,note_on,0,0,3,,,,,,,,,,,,72,40,0
29760,note_on,0,0,3,,,,,,,,,,,,65,40,0
29760,note_off,0,0,3,,,,,,,,,,,,70,64,0
29760,note_off,120,0,3,,,,,,,,,,,,66,64,0
29760,note_off,0,0,3,,,,,,,,,,,,75,64,0
29760,note_on,0,0,2,,,,,,,,,,,,72,64,0
29760,note_off,120,0,2,,,,,,,,,,,,70,64,0
29880,note_on,0,0,4,,,,,,,,,,,,45,64,0
29880,note_on,0,0,2,,,,,,,,,,,,65,64,0
29880,note_off,120,0,4,,,,,,,,,,,,46,64,0
29880,note_off,120,0,2,,,,,,,,,,,,72,64,0
30000,note_on,0,0,3,,,,,,,,,,,,65,40,0
30000,note_off,120,0,4,,,,,,,,,,,,45,64,0
30000,note_on,0,0,4,,,,,,,,,,,,46,64,0
30000,note_on,0,0,2,,,,,,,,,,,,70,64,0
30000,note_off,120,0,2,,,,,,,,,,,,65,64,0
30000,note_off,240,0,3,,,,,,,,,,,,65,64,0
30000,note_off,0,0,3,,,,,,,,,,,,75,64,0
30000,note_off,0,0,3,,,,,,,,,,,,72,64,0
30000,note_on,0,0,3,,,,,,,,,,,,70,40,0
30000,note_on,0,0,3,,,,,,,,,,,,73,40,0
30120,note_on,0,0,1,,,,,,,,,,,,73,64,0
30120,note_off,720,0,1,,,,,,,,,,,,75,64,0
30240,note_on,0,0,3,,,,,,,,,,,,70,40,0
30240,note_on,0,0,3,,,,,,,,,,,,73,40,0
30240,note_off,240,0,4,,,,,,,,,,,,46,64,0
30240,note_on,0,0,3,,,,,,,,,,,,67,40,0
30240,note_off,0,0,3,,,,,,,,,,,,70,64,0
30240,note_off,0,0,3,,,,,,,,,,,,73,64,0
30240,note_off,240,0,3,,,,,,,,,,,,65,64,0
30240,note_off,120,0,1,,,,,,,,,,,,73,64,0
30240,note_on,0,0,1,,,,,,,,,,,,73,64,0
30240,note_on,0,0,4,,,,,,,,,,,,39,64,0
30360,note_off,120,0,1,,,,,,,,,,,,73,64,0
30360,note_on,0,0,1,,,,,,,,,,,,72,64,0
30480,note_off,240,0,4,,,,,,,,,,,,39,64,0
30480,note_on,0,0,3,,,,,,,,,,,,72,40,0
30480,note_on,0,0,3,,,,,,,,,,,,68,40,0
30480,note_off,0,0,3,,,,,,,,,,,,70,64,0
30480,note_off,0,0,3,,,,,,,,,,,,73,64,0
30480,note_off,240,0,3,,,,,,,,,,,,67,64,0
30480,note_off,120,0,1,,,,,,,,,,,,72,64,0
30480,note_off,480,0,2,,,,,,,,,,,,70,64,0
30480,note_on,0,0,2,,,,,,,,,,,,68,64,0
30480,note_on,0,0,4,,,,,,,,,,,,41,64,0
30600,note_on,120,0,1,,,,,,,,,,,,75,64,0
30720,note_off,120,0,1,,,,,,,,,,,,75,64,0
30720,note_on,0,0,1,,,,,,,,,,,,75,64,0
30720,note_on,0,0,3,,,,,,,,,,,,68,40,0
30720,note_on,0,0,4,,,,,,,,,,,,46,64,0
30720,note_off,240,0,4,,,,,,,,,,,,41,64,0
30720,note_off,240,0,3,,,,,,,,,,,,68,64,0
30720,note_off,0,0,3,,,,,,,,,,,,72,64,0
30720,note_on,0,0,3,,,,,,,,,,,,65,40,0
30720,note_on,0,0,3,,,,,,,,,,,,74,40,0
30840,note_off,120,0,1,,,,,,,,,,,,75,64,0
30840,note_on,0,0,1,,,,,,,,,,,,74,64,0
30960,note_off,0,0,3,,,,,,,,,,,,68,64,0
30960,note_on,0,0,4,,,,,,,,,,,,48,64,0
30960,note_off,240,0,4,,,,,,,,,,,,46,64,0
30960,note_on,0,0,1,,,,,,,,,,,,75,64,0
30960,note_off,120,0,1,,,,,,,,,,,,74,64,0
30960,note_on,0,0,3,,,,,,,,,,,,63,40,0
30960,note_off,0,0,3,,,,,,,,,,,,74,64,0
30960,note_off,240,0,3,,,,,,,,,,,,65,64,0
30960,note_on,0,0,3,,,,,,,,,,,,67,40,0
30960,note_on,0,0,3,,,,,,,,,,,,75,40,0
31080,note_on,0,0,2,,,,,,,,,,,,67,64,0
31080,note_off,600,0,2,,,,,,,,,,,,68,64,0
31200,note_on,0,0,4,,,,,,,,,,,,44,64,0
31200,note_off,240,0,4,,,,,,,,,,,,48,64,0
31200,note_on,0,0,2,,,,,,,,,,,,67,64,0
31200,note_off,120,0,2,,,,,,,,,,,,67,64,0
31200,note_off,240,0,3,,,,,,,,,,,,63,64,0
31200,note_off,0,0,3,,,,,,,,,,,,75,64,0
31200,note_off,0,0,3,,,,,,,,,,,,67,64,0
31200,note_on,0,0,3,,,,,,,,,,,,65,40,0
31200,note_on,0,0,3,,,,,,,,,,,,72,40,0
31200,note_on,0,0,3,,,,,,,,,,,,75,40,0
31320,note_on,0,0,2,,,,,,,,,,,,65,64,0
31320,note_off,120,0,2,,,,,,,,,,,,67,64,0
31440,note_on,0,0,4,,,,,,,,,,,,46,64,0
31440,note_off,240,0,4,,,,,,,,,,,,44,64,0
31440,note_off,120,0,2,,,,,,,,,,,,65,64,0
31440,note_off,240,0,3,,,,,,,,,,,,65,64,0
31440,note_off,0,0,3,,,,,,,,,,,,75,64,0
31440,note_off,0,0,3,,,,,,,,,,,,72,64,0
31440,note_on,0,0,1,,,,,,,,,,,,73,64,0
31440,note_off,480,0,1,,,,,,,,,,,,75,64,0
31440,note_on,0,0,3,,,,,,,,,,,,70,40,0
31440,note_on,0,0,3,,,,,,,,,,,,73,40,0
31440,note_on,0,0,3,,,,,,,,,,,,65,40,0
31560,note_on,120,0,2,,,,,,,,,,,,68,64,0
31680,note_on,0,0,3,,,,,,,,,,,,67,40,0
31680,note_on,0,0,2,,,,,,,,,,,,68,64,0
31680,note_off,120,0,2,,,,,,,,,,,,68,64,0
31680,note_on,0,0,4,,,,,,,,,,,,51,64,0
31680,note_off,240,0,4,,,,,,,,,,,,46,64,0
31680,note_off,0,0,3,,,,,,,,,,,,70,64,0
31680,note_off,0,0,3,,,,,,,,,,,,73,64,0
31680,note_on,0,0,3,,,,,,,,,,,,73,40,0
31680,note_off,240,0,3,,,,,,,,,,,,65,64,0
31680,note_on,0,0,3,,,,,,,,,,,,70,40,0
31800,note_off,120,0,2,,,,,,,,,,,,68,64,0
31800,note_on,0,0,2,,,,,,,,,,,,67,64,0
31920,note_off,240,0,3,,,,,,,,,,,,67,64,0
31920,note_on,0,0,2,,,,,,,,,,,,68,64,0
31920,note_off,0,0,3,,,,,,,,,,,,73,64,0
31920,note_off,120,0,2,,,,,,,,,,,,67,64,0
31920,note_on,0,0,3,,,,,,,,,,,,72,40,0
31920,note_off,0,0,3,,,,,,,,,,,,70,64,0
31920,note_off,240,0,4,,,,,,,,,,,,51,64,0
31920,note_on,0,0,3,,,,,,,,,,,,68,40,0
31920,note_on,0,0,4,,,,,,,,,,,,53,64,0
32040,note_off,600,0,1,,,,,,,,,,,,73,64,0
32040,note_on,0,0,1,,,,,,,,,,,,72,64,0
32160,note_on,0,0,3,,,,,,,,,,,,65,40,0
32160,note_off,0,0,3,,,,,,,,,,,,72,64,0
32160,note_off,240,0,4,,,,,,,,,,,,53,64,0
32160,note_on,0,0,3,,,,,,,,,,,,68,40,0
32160,note_on,0,0,4,,,,,,,,,,,,49,64,0
32160,note_on,0,0,1,,,,,,,,,,,,72,64,0
32160,note_off,120,0,1,,,,,,,,,,,,72,64,0
32160,note_off,240,0,3,,,,,,,,,,,,68,64,0
32160,note_on,0,0,3,,,,,,,,,,,,70,40,0
32280,note_on,0,0,1,,,,,,,,,,,,70,64,0
32280,note_off,120,0,1,,,,,,,,,,,,72,64,0
32400,note_off,120,0,1,,,,,,,,,,,,70,64,0
32400,note_off,240,0,4,,,,,,,,,,,,49,64,0
32400,note_on,0,0,4,,,,,,,,,,,,51,64,0
32400,note_off,480,0,2,,,,,,,,,,,,68,64,0
32400,note_on,0,0,2,,,,,,,,,,,,67,64,0
32400,note_on,0,0,3,,,,,,,,,,,,70,40,0
32400,note_off,0,0,3,,,,,,,,,,,,70,64,0
32400,note_off,0,0,3,,,,,,,,,,,,68,64,0
32400,note_off,240,0,3,,,,,,,,,,,,65,64,0
32400,note_on,0,0,3,,,,,,,,,,,,67,40,0
32400,note_on,0,0,3,,,,,,,,,,,,63,40,0
32520,note_on,120,0,1,,,,,,,,,,,,73,64,0
32640,note_on,0,0,3,,,,,,,,,,,,72,40,0
32640,note_off,120,0,1,,,,,,,,,,,,73,64,0
32640,note_on,0,0,1,,,,,,,,,,,,73,64,0
32640,note_on,0,0,3,,,,,,,,,,,,63,40,0
32640,note_off,0,0,3,,,,,,,,,,,,67,64,0
32640,note_off,0,0,3,,,,,,,,,,,,70,64,0
32640,note_off,240,0,3,,,,,,,,,,,,63,64,0
32640,note_on,0,0,4,,,,,,,,,,,,44,64,0
32640,note_off,240,0,4,,,,,,,,,,,,51,64,0
32640,note_on,0,0,3,,,,,,,,,,,,68,40,0
32640,note_on,0,0,2,,,,,,,,,,,,68,64,0
32640,note_off,240,0,2,,,,,,,,,,,,67,64,0
32760,note_off,120,0,1,,,,,,,,,,,,73,64,0
32760,note_on,0,0,1,,,,,,,,,,,,72,64,0
32880,note_off,240,0,2,,,,,,,,,,,,68,64,0
32880,note_on,0,0,2,,,,,,,,,,,,72,64,0
32880,note_off,120,0,1,,,,,,,,,,,,72,64,0
32880,note_on,0,0,1,,,,,,,,,,,,75,64,0
33120,note_off,0,0,3,,,,,,,,,,,,68,64,0
33120,note_off,0,0,3,,,,,,,,,,,,72,64,0
33120,note_off,480,0,3,,,,,,,,,,,,63,64,0
33120,note_on,0,0,1,,,,,,,,,,,,77,64,0
33120,note_off,240,0,1,,,,,,,,,,,,75,64,0
33120,note_off,480,0,4,,,,,,,,,,,,44,64,0
33120,note_off,240,0,2,,,,,,,,,,,,72,64,0
33120,note_on,0,0,2,,,,,,,,,,,,73,64,0
33360,note_on,0,0,2,,,,,,,,,,,,75,64,0
33360,note_on,0,0,3,,,,,,,,,,,,75,40,0
33360,note_on,240,0,3,,,,,,,,,,,,66,40,0
33360,note_on,0,0,1,,,,,,,,,,,,78,64,0
33360,note_off,240,0,1,,,,,,,,,,,,77,64,0
33360,note_off,240,0,2,,,,,,,,,,,,73,64,0
33600,note_off,240,0,3,,,,,,,,,,,,66,64,0
33600,note_on,480,0,4,,,,,,,,,,,,56,64,0
33600,note_on,0,0,3,,,,,,,,,,,,75,40,0
33600,note_on,0,0,3,,,,,,,,,,,,68,40,0
33600,note_on,0,0,3,,,,,,,,,,,,66,40,0
33600,note_off,0,0,3,,,,,,,,,,,,75,64,0
33840,note_on,0,0,3,,,,,,,,,,,,73,40,0
33840,note_off,0,0,3,,,,,,,,,,,,75,64,0
33840,note_on,0,0,2,,,,,,,,,,,,73,64,0
33840,note_off,480,0,2,,,,,,,,,,,,75,64,0
33840,note_on,0,0,3,,,,,,,,,,,,68,40,0
33840,note_off,480,0,1,,,,,,,,,,,,78,64,0
33840,note_on,0,0,1,,,,,,,,,,,,77,64,0
33840,note_off,0,0,3,,,,,,,,,,,,68,64,0
33840,note_off,240,0,3,,,,,,,,,,,,66,64,0
33840,note_on,0,0,3,,,,,,,,,,,,65,40,0
33960,note_off,120,0,2,,,,,,,,,,,,73,64,0
33960,note_on,0,0,2,,,,,,,,,,,,66,64,0
33960,note_off,120,0,1,,,,,,,,,,,,77,64,0
33960,note_on,0,0,1,,,,,,,,,,,,75,64,0
34080,note_off,240,0,3,,,,,,,,,,,,65,64,0
34080,note_off,0,0,3,,,,,,,,,,,,73,64,0
34080,note_off,0,0,3,,,,,,,,,,,,68,64,0
34080,note_off,480,0,4,,,,,,,,,,,,56,64,0
34080,note_off,120,0,1,,,,,,,,,,,,75,64,0
34080,note_on,0,0,1,,,,,,,,,,,,75,64,0
34080,note_off,120,0,2,,,,,,,,,,,,66,64,0
34080,note_on,0,0,2,,,,,,,,,,,,66,64,0
34200,note_off,120,0,1,,,,,,,,,,,,75,64,0
34200,note_off,120,0,2,,,,,,,,,,,,66,64,0
34200,note_on,0,0,2,,,,,,,,,,,,65,64,0
34200,note_on,0,0,1,,,,,,,,,,,,73,64,0
34320,note_off,120,0,2,,,,,,,,,,,,65,64,0
34320,note_on,240,0,4,,,,,,,,,,,,56,64,0
34320,note_on,0,0,3,,,,,,,,,,,,72,40,0
34320,note_on,0,0,3,,,,,,,,,,,,68,40,0
34320,note_on,240,0,3,,,,,,,,,,,,63,40,0
34320,note_off,120,0,1,,,,,,,,,,,,73,64,0
34440,note_on,120,0,1,,,,,,,,,,,,72,64,0
34440,note_on,120,0,2,,,,,,,,,,,,68,64,0
34560,note_on,0,0,3,,,,,,,,,,,,67,40,0
34560,note_on,0,0,3,,,,,,,,,,,,63,40,0
34560,note_off,0,0,3,,,,,,,,,,,,68,64,0
34560,note_off,0,0,3,,,,,,,,,,,,72,64,0
34560,note_off,240,0,3,,,,,,,,,,,,63,64,0
34560,note_off,120,0,2,,,,,,,,,,,,68,64,0
34560,note_off,240,0,4,,,,,,,,,,,,56,64,0
34560,note_on,0,0,1,,,,,,,,,,,,72,64,0
34560,note_off,120,0,1,,,,,,,,,,,,72,64,0
34560,note_on,0,0,3,,,,,,,,,,,,70,40,0
34560,note_on,0,0,3,,,,,,,,,,,,73,40,0
34560,note_on,0,0,4,,,,,,,,,,,,44,64,0
34560,note_on,0,0,2,,,,,,,,,,,,68,64,0
34680,note_off,120,0,2,,,,,,,,,,,,68,64,0
34680,note_on,0,0,2,,,,,,,,,,,,67,64,0
34680,note_off,120,0,1,,,,,,,,,,,,72,64,0
34680,note_on,0,0,1,,,,,,,,,,,,70,64,0
34800,note_on,0,0,1,,,,,,,,,,,,79,64,0
34800,note_off,120,0,1,,,,,,,,,,,,70,64,0
34800,note_off,120,0,2,,,,,,,,,,,,67,64,0
34800,note_on,0,0,2,,,,,,,,,,,,70,64,0
35040,note_off,0,0,3,,,,,,,,,,,,73,64,0
35040,note_off,480,0,3,,,,,,,,,,,,63,64,0
35040,note_off,0,0,3,,,,,,,,,,,,67,64,0
35040,note_on,0,0,2,,,,,,,,,,,,72,64,0
35040,note_off,240,0,2,,,,,,,,,,,,70,64,0
35040,note_off,0,0,3,,,,,,,,,,,,70,64,0
35040,note_on,0,0,1,,,,,,,,,,,,80,64,0
35040,note_off,240,0,1,,,,,,,,,,,,79,64,0
35040,note_off,480,0,4,,,,,,,,,,,,44,64,0
35280,note_off,240,0,2,,,,,,,,,,,,72,64,0
35280,note_on,0,0,2,,,,,,,,,,,,73,64,0
35280,note_on,0,0,1,,,,,,,,,,,,82,64,0
35280,note_off,240,0,1,,,,,,,,,,,,80,64,0
35520,note_on,480,0,4,,,,,,,,,,,,56,64,0
35520,note_on,480,0,3,,,,,,,,,,,,63,40,0
35520,note_on,0,0,3,,,,,,,,,,,,67,40,0
35520,note_on,0,0,3,,,,,,,,,,,,70,40,0
35520,note_on,0,0,3,,,,,,,,,,,,73,40,0
35760,note_on,0,0,1,,,,,,,,,,,,80,64,0
35760,note_off,0,0,3,,,,,,,,,,,,70,64,0
35760,note_off,0,0,3,,,,,,,,,,,,73,64,0
35760,note_off,0,0,3,,,,,,,,,,,,67,64,0
35760,note_on,0,0,3,,,,,,,,,,,,63,40,0
35760,note_on,0,0,3,,,,,,,,,,,,68,40,0
35760,note_on,0,0,3,,,,,,,,,,,,72,40,0
35760,note_on,0,0,2,,,,,,,,,,,,72,64,0
35760,note_off,480,0,2,,,,,,,,,,,,73,64,0
35760,note_off,240,0,3,,,,,,,,,,,,63,64,0
35760,note_off,480,0,1,,,,,,,,,,,,82,64,0
35880,note_off,120,0,2,,,,,,,,,,,,72,64,0
35880,note_off,120,0,1,,,,,,,,,,,,80,64,0
35880,note_on,0,0,2,,,,,,,,,,,,77,64,0
35880,note_on,0,0,1,,,,,,,,,,,,73,64,0
36000,note_off,120,0,1,,,,,,,,,,,,73,64,0
36000,note_on,0,0,1,,,,,,,,,,,,73,64,0
36000,note_off,480,0,4,,,,,,,,,,,,56,64,0
36000,note_on,0,0,2,,,,,,,,,,,,77,64,0
36000,note_off,120,0,2,,,,,,,,,,,,77,64,0
36000,note_off,240,0,3,,,,,,,,,,,,63,64,0
36000,note_off,0,0,3,,,,,,,,,,,,72,64,0
36000,note_off,0,0,3,,,,,,,,,,,,68,64,0
36120,note_on,0,0,2,,,,,,,,,,,,75,64,0
36120,note_off,120,0,1,,,,,,,,,,,,73,64,0
36120,note_on,0,0,1,,,,,,,,,,,,72,64,0
36120,note_off,120,0,2,,,,,,,,,,,,77,64,0
36240,note_on,240,0,4,,,,,,,,,,,,56,64,0
36240,note_off,120,0,1,,,,,,,,,,,,72,64,0
36240,note_on,240,0,3,,,,,,,,,,,,61,40,0
36240,note_on,0,0,3,,,,,,,,,,,,63,40,0
36240,note_off,120,0,2,,,,,,,,,,,,75,64,0
36240,note_on,0,0,3,,,,,,,,,,,,70,40,0
36360,note_on,120,0,2,,,,,,,,,,,,73,64,0
36360,note_on,120,0,1,,,,,,,,,,,,67,64,0
36480,note_off,0,0,3,,,,,,,,,,,,70,64,0
36480,note_off,240,0,3,,,,,,,,,,,,61,64,0
36480,note_on,0,0,3,,,,,,,,,,,,68,40,0
36480,note_on,0,0,3,,,,,,,,,,,,63,40,0
36480,note_on,0,0,3,,,,,,,,,,,,60,40,0
36480,note_off,0,0,3,,,,,,,,,,,,63,64,0
36480,note_off,120,0,2,,,,,,,,,,,,73,64,0
36480,note_on,0,0,4,,,,,,,,,,,,44,64,0
36480,note_on,0,0,2,,,,,,,,,,,,73,64,0
36480,note_on,0,0,1,,,,,,,,,,,,67,64,0
36480,note_off,120,0,1,,,,,,,,,,,,67,64,0
36480,note_off,240,0,4,,,,,,,,,,,,56,64,0
36600,note_on,0,0,2,,,,,,,,,,,,72,64,0
36600,note_off,120,0,2,,,,,,,,,,,,73,64,0
36600,note_on,0,0,1,,,,,,,,,,,,68,64,0
36600,note_off,120,0,1,,,,,,,,,,,,67,64,0
36720,note_off,240,0,4,,,,,,,,,,,,44,64,0
36720,note_on,0,0,4,,,,,,,,,,,,51,64,0
36720,note_off,120,0,2,,,,,,,,,,,,72,64,0
36720,note_off,120,0,1,,,,,,,,,,,,68,64,0
36960,note_off,0,0,3,,,,,,,,,,,,68,64,0
36960,note_off,480,0,3,,,,,,,,,,,,60,64,0
36960,note_off,0,0,3,,,,,,,,,,,,63,64,0
36960,note_off,240,0,4,,,,,,,,,,,,51,64,0
36960,note_on,0,0,4,,,,,,,,,,,,53,64,0
37200,note_on,0,0,4,,,,,,,,,,,,54,64,0
37200,note_off,240,0,4,,,,,,,,,,,,53,64,0
37440,note_on,720,0,1,,,,,,,,,,,,72,64,0
37440,note_on,720,0,2,,,,,,,,,,,,81,64,0
37440,note_on,0,0,3,,,,,,,,,,,,72,40,0
37440,note_on,0,0,3,,,,,,,,,,,,69,40,0
37440,note_on,480,0,3,,,,,,,,,,,,63,40,0
37680,note_off,480,0,4,,,,,,,,,,,,54,64,0
37680,note_on,0,0,4,,,,,,,,,,,,53,64,0
37800,note_off,120,0,4,,,,,,,,,,,,53,64,0
37800,note_on,0,0,4,,,,,,,,,,,,51,64,0
37920,note_on,0,0,4,,,,,,,,,,,,51,64,0
37920,note_off,120,0,4,,,,,,,,,,,,51,64,0
38040,note_on,0,0,4,,,,,,,,,,,,53,64,0
38040,note_off,120,0,4,,,,,,,,,,,,51,64,0
38160,note_on,0,0,4,,,,,,,,,,,,45,64,0
38160,note_off,720,0,2,,,,,,,,,,,,81,64,0
38160,note_off,720,0,1,,,,,,,,,,,,72,64,0
38160,note_off,120,0,4,,,,,,,,,,,,53,64,0
38160,note_on,0,0,3,,,,,,,,,,,,72,40,0
38160,note_on,0,0,3,,,,,,,,,,,,65,40,0
38160,note_on,0,0,3,,,,,,,,,,,,63,40,0
38160,note_off,0,0,3,,,,,,,,,,,,69,64,0
38160,note_off,0,0,3,,,,,,,,,,,,72,64,0
38160,note_off,720,0,3,,,,,,,,,,,,63,64,0
38280,note_on,120,0,2,,,,,,,,,,,,63,64,0
38280,note_on,120,0,1,,,,,,,,,,,,84,64,0
38400,note_on,0,0,2,,,,,,,,,,,,63,64,0
38400,note_on,0,0,1,,,,,,,,,,,,84,64,0
38400,note_off,120,0,2,,,,,,,,,,,,63,64,0
38400,note_off,120,0,1,,,,,,,,,,,,84,64,0
38400,note_on,0,0,4,,,,,,,,,,,,46,64,0
38400,note_off,240,0,4,,,,,,,,,,,,45,64,0
38400,note_off,0,0,3,,,,,,,,,,,,72,64,0
38400,note_off,0,0,3,,,,,,,,,,,,65,64,0
38400,note_on,0,0,3,,,,,,,,,,,,61,40,0
38400,note_on,0,0,3,,,,,,,,,,,,65,40,0
38400,note_on,0,0,3,,,,,,,,,,,,70,40,0
38400,note_off,240,0,3,,,,,,,,,,,,63,64,0
38520,note_on,0,0,2,,,,,,,,,,,,61,64,0
38520,note_off,120,0,2,,,,,,,,,,,,63,64,0
38520,note_on,0,0,1,,,,,,,,,,,,82,64,0
38520,note_off,120,0,1,,,,,,,,,,,,84,64,0
38640,note_off,120,0,2,,,,,,,,,,,,61,64,0
38640,note_on,0,0,4,,,,,,,,,,,,53,64,0
38640,note_off,240,0,4,,,,,,,,,,,,46,64,0
38640,note_off,240,0,3,,,,,,,,,,,,61,64,0
38640,note_off,0,0,3,,,,,,,,,,,,70,64,0
38640,note_off,0,0,3,,,,,,,,,,,,65,64,0
38640,note_off,120,0,1,,,,,,,,,,,,82,64,0
38880,note_on,0,0,4,,,,,,,,,,,,54,64,0
38880,note_off,240,0,4,,,,,,,,,,,,53,64,0
39120,note_off,240,0,4,,,,,,,,,,,,54,64,0
39120,note_on,0,0,4,,,,,,,,,,,,56,64,0
39360,note_on,0,0,3,,,,,,,,,,,,74,40,0
39360,note_on,720,0,2,,,,,,,,,,,,74,64,0
39360,note_on,0,0,3,,,,,,,,,,,,71,40,0
39360,note_on,720,0,3,,,,,,,,,,,,65,40,0
39360,note_on,720,0,1,,,,,,,,,,,,83,64,0
39600,note_off,480,0,4,,,,,,,,,,,,56,64,0
39600,note_on,0,0,4,,,,,,,,,,,,54,64,0
39720,note_off,120,0,4,,,,,,,,,,,,54,64,0
39720,note_on,0,0,4,,,,,,,,,,,,53,64,0
39840,note_on,0,0,4,,,,,,,,,,,,53,64,0
39840,note_off,120,0,4,,,,,,,,,,,,53,64,0
39960,note_on,0,0,4,,,,,,,,,,,,54,64,0
39960,note_off,120,0,4,,,,,,,,,,,,53,64,0
40080,note_off,720,0,2,,,,,,,,,,,,74,64,0
40080,note_off,720,0,1,,,,,,,,,,,,83,64,0
40080,note_off,720,0,3,,,,,,,,,,,,65,64,0
40080,note_off,0,0,3,,,,,,,,,,,,74,64,0
40080,note_off,0,0,3,,,,,,,,,,,,71,64,0
40080,note_on,0,0,3,,,,,,,,,,,,65,40,0
40080,note_on,0,0,3,,,,,,,,,,,,68,40,0
40080,note_on,0,0,3,,,,,,,,,,,,74,40,0
40080,note_off,120,0,4,,,,,,,,,,,,54,64,0
40080,note_on,0,0,4,,,,,,,,,,,,46,64,0
40200,note_on,120,0,1,,,,,,,,,,,,74,64,0
40200,note_on,120,0,2,,,,,,,,,,,,80,64,0
40320,note_off,0,0,3,,,,,,,,,,,,74,64,0
40320,note_on,0,0,3,,,,,,,,,,,,75,40,0
40320,note_on,0,0,3,,,,,,,,,,,,66,40,0
40320,note_on,0,0,3,,,,,,,,,,,,63,40,0
40320,note_off,120,0,1,,,,,,,,,,,,74,64,0
40320,note_off,240,0,3,,,,,,,,,,,,65,64,0
40320,note_on,0,0,2,,,,,,,,,,,,80,64,0
40320,note_off,120,0,2,,,,,,,,,,,,80,64,0
40320,note_off,0,0,3,,,,,,,,,,,,68,64,0
40320,note_on,0,0,1,,,,,,,,,,,,74,64,0
40320,note_on,0,0,4,,,,,,,,,,,,47,64,0
40320,note_off,240,0,4,,,,,,,,,,,,46,64,0
40440,note_off,120,0,1,,,,,,,,,,,,74,64,0
40440,note_off,120,0,2,,,,,,,,,,,,80,64,0
40440,note_on,0,0,2,,,,,,,,,,,,78,64,0
40440,note_on,0,0,1,,,,,,,,,,,,75,64,0
40560,note_off,240,0,4,,,,,,,,,,,,47,64,0
40560,note_on,0,0,4,,,,,,,,,,,,59,64,0
40560,note_off,120,0,2,,,,,,,,,,,,78,64,0
40560,note_off,120,0,1,,,,,,,,,,,,75,64,0
40680,note_on,120,0,2,,,,,,,,,,,,75,64,0
40680,note_on,120,0,1,,,,,,,,,,,,66,64,0
40800,note_on,0,0,1,,,,,,,,,,,,66,64,0
40800,note_off,120,0,1,,,,,,,,,,,,66,64,0
40800,note_on,0,0,4,,,,,,,,,,,,59,64,0
40800,note_off,240,0,4,,,,,,,,,,,,59,64,0
40800,note_on,0,0,2,,,,,,,,,,,,75,64,0
40800,note_off,120,0,2,,,,,,,,,,,,75,64,0
40920,note_off,120,0,1,,,,,,,,,,,,66,64,0
40920,note_on,0,0,1,,,,,,,,,,,,65,64,0
40920,note_on,0,0,2,,,,,,,,,,,,74,64,0
40920,note_off,120,0,2,,,,,,,,,,,,75,64,0
41040,note_on,0,0,3,,,,,,,,,,,,65,40,0
41040,note_off,0,0,3,,,,,,,,,,,,66,64,0
41040,note_off,0,0,3,,,,,,,,,,,,75,64,0
41040,note_off,720,0,3,,,,,,,,,,,,63,64,0
41040,note_on,0,0,4,,,,,,,,,,,,47,64,0
41040,note_on,0,0,3,,,,,,,,,,,,74,40,0
41040,note_off,120,0,2,,,,,,,,,,,,74,64,0
41040,note_off,120,0,1,,,,,,,,,,,,65,64,0
41040,note_on,0,0,3,,,,,,,,,,,,68,40,0
41040,note_off,240,0,4,,,,,,,,,,,,59,64,0
41160,note_on,120,0,2,,,,,,,,,,,,62,64,0
41160,note_on,120,0,1,,,,,,,,,,,,77,64,0
41280,note_on,0,0,2,,,,,,,,,,,,62,64,0
41280,note_off,120,0,2,,,,,,,,,,,,62,64,0
41280,note_on,0,0,4,,,,,,,,,,,,46,64,0
41280,note_off,0,0,3,,,,,,,,,,,,74,64,0
41280,note_off,240,0,4,,,,,,,,,,,,47,64,0
41280,note_off,240,0,3,,,,,,,,,,,,65,64,0
41280,note_on,0,0,1,,,,,,,,,,,,77,64,0
41280,note_off,120,0,1,,,,,,,,,,,,77,64,0
41280,note_on,0,0,3,,,,,,,,,,,,70,40,0
41280,note_on,0,0,3,,,,,,,,,,,,66,40,0
41280,note_off,0,0,3,,,,,,,,,,,,68,64,0
41280,note_on,0,0,3,,,,,,,,,,,,75,40,0
41400,note_on,0,0,1,,,,,,,,,,,,78,64,0
41400,note_off,120,0,1,,,,,,,,,,,,77,64,0
41400,note_off,120,0,2,,,,,,,,,,,,62,64,0
41400,note_on,0,0,2,,,,,,,,,,,,63,64,0
41520,note_off,120,0,1,,,,,,,,,,,,78,64,0
41520,note_on,0,0,4,,,,,,,,,,,,58,64,0
41520,note_off,120,0,2,,,,,,,,,,,,63,64,0
41520,note_off,240,0,4,,,,,,,,,,,,46,64,0
41640,note_on,120,0,1,,,,,,,,,,,,66,64,0
41640,note_on,120,0,2,,,,,,,,,,,,75,64,0
41760,note_off,240,0,4,,,,,,,,,,,,58,64,0
41760,note_on,0,0,4,,,,,,,,,,,,58,64,0
41760,note_on,0,0,2,,,,,,,,,,,,75,64,0
41760,note_off,120,0,1,,,,,,,,,,,,66,64,0
41760,note_on,0,0,1,,,,,,,,,,,,66,64,0
41760,note_off,120,0,2,,,,,,,,,,,,75,64,0
41880,note_off,120,0,2,,,,,,,,,,,,75,64,0
41880,note_on,0,0,1,,,,,,,,,,,,65,64,0
41880,note_off,120,0,1,,,,,,,,,,,,66,64,0
41880,note_on,0,0,2,,,,,,,,,,,,74,64,0
42000,note_off,120,0,2,,,,,,,,,,,,74,64,0
42000,note_on,0,0,3,,,,,,,,,,,,74,40,0
42000,note_on,0,0,3,,,,,,,,,,,,70,40,0
42000,note_on,0,0,3,,,,,,,,,,,,65,40,0
42000,note_off,0,0,3,,,,,,,,,,,,70,64,0
42000,note_off,0,0,3,,,,,,,,,,,,75,64,0
42000,note_off,720,0,3,,,,,,,,,,,,66,64,0
42000,note_off,120,0,1,,,,,,,,,,,,65,64,0
42000,note_on,0,0,4,,,,,,,,,,,,46,64,0
42000,note_off,240,0,4,,,,,,,,,,,,58,64,0
42120,note_on,120,0,2,,,,,,,,,,,,65,64,0
42120,note_on,120,0,1,,,,,,,,,,,,74,64,0
42240,note_on,0,0,2,,,,,,,,,,,,65,64,0
42240,note_on,0,0,3,,,,,,,,,,,,75,40,0
42240,note_off,240,0,4,,,,,,,,,,,,46,64,0
42240,note_on,0,0,4,,,,,,,,,,,,45,64,0
42240,note_off,120,0,2,,,,,,,,,,,,65,64,0
42240,note_on,0,0,3,,,,,,,,,,,,72,40,0
42240,note_off,240,0,3,,,,,,,,,,,,65,64,0
42240,note_off,0,0,3,,,,,,,,,,,,70,64,0
42240,note_on,0,0,3,,,,,,,,,,,,66,40,0
42240,note_off,0,0,3,,,,,,,,,,,,74,64,0
42240,note_on,0,0,1,,,,,,,,,,,,74,64,0
42240,note_off,120,0,1,,,,,,,,,,,,74,64,0
42360,note_off,120,0,1,,,,,,,,,,,,74,64,0
42360,note_on,0,0,1,,,,,,,,,,,,75,64,0
42360,note_on,0,0,2,,,,,,,,,,,,66,64,0
42360,note_off,120,0,2,,,,,,,,,,,,65,64,0
42480,note_off,240,0,4,,,,,,,,,,,,45,64,0
42480,note_on,0,0,4,,,,,,,,,,,,57,64,0
42480,note_off,120,0,1,,,,,,,,,,,,75,64,0
42480,note_on,0,0,1,,,,,,,,,,,,78,64,0
42480,note_off,120,0,2,,,,,,,,,,,,66,64,0
42600,note_on,120,0,2,,,,,,,,,,,,62,64,0
42720,note_off,240,0,4,,,,,,,,,,,,57,64,0
42720,note_on,0,0,4,,,,,,,,,,,,57,64,0
42720,note_off,120,0,2,,,,,,,,,,,,62,64,0
42720,note_on,0,0,2,,,,,,,,,,,,62,64,0
42780,note_on,0,0,1,,,,,,,,,,,,77,64,0
42780,note_off,300,0,1,,,,,,,,,,,,78,64,0
42840,note_on,0,0,1,,,,,,,,,,,,75,64,0
42840,note_off,60,0,1,,,,,,,,,,,,77,64,0
42840,note_off,120,0,2,,,,,,,,,,,,62,64,0
42840,note_on,0,0,2,,,,,,,,,,,,63,64,0
42900,note_off,60,0,1,,,,,,,,,,,,75,64,0
42900,note_on,0,0,1,,,,,,,,,,,,73,64,0
42960,note_on,0,0,1,,,,,,,,,,,,72,64,0
42960,note_off,60,0,1,,,,,,,,,,,,73,64,0
42960,note_on,0,0,4,,,,,,,,,,,,45,64,0
42960,note_off,240,0,4,,,,,,,,,,,,57,64,0
42960,note_on,0,0,3,,,,,,,,,,,,75,40,0
42960,note_off,720,0,3,,,,,,,,,,,,66,64,0
42960,note_off,120,0,2,,,,,,,,,,,,63,64,0
42960,note_off,0,0,3,,,,,,,,,,,,75,64,0
42960,note_on,0,0,3,,,,,,,,,,,,72,40,0
42960,note_off,0,0,3,,,,,,,,,,,,72,64,0
42960,note_on,0,0,3,,,,,,,,,,,,65,40,0
43020,note_off,60,0,1,,,,,,,,,,,,72,64,0
43020,note_on,0,0,1,,,,,,,,,,,,70,64,0
43080,note_off,60,0,1,,,,,,,,,,,,70,64,0
43080,note_on,0,0,1,,,,,,,,,,,,69,64,0
43080,note_on,120,0,2,,,,,,,,,,,,63,64,0
43110,note_off,30,0,1,,,,,,,,,,,,69,64,0
43110,note_on,0,0,1,,,,,,,,,,,,70,64,0
43140,note_off,30,0,1,,,,,,,,,,,,70,64,0
43140,note_on,0,0,1,,,,,,,,,,,,72,64,0
43200,note_on,0,0,1,,,,,,,,,,,,65,64,0
43200,note_off,240,0,4,,,,,,,,,,,,45,64,0
43200,note_off,60,0,1,,,,,,,,,,,,72,64,0
43200,note_on,0,0,4,,,,,,,,,,,,44,64,0
43200,note_on,0,0,3,,,,,,,,,,,,71,40,0
43200,note_on,0,0,3,,,,,,,,,,,,75,40,0
43200,note_off,120,0,2,,,,,,,,,,,,63,64,0
43200,note_on,0,0,2,,,,,,,,,,,,63,64,0
43200,note_off,240,0,3,,,,,,,,,,,,65,64,0
43200,note_off,0,0,3,,,,,,,,,,,,75,64,0
43200,note_off,0,0,3,,,,,,,,,,,,72,64,0
43200,note_on,0,0,3,,,,,,,,,,,,65,40,0
43320,note_off,120,0,1,,,,,,,,,,,,65,64,0
43320,note_on,0,0,1,,,,,,,,,,,,75,64,0
43320,note_on,0,0,2,,,,,,,,,,,,71,64,0
43320,note_off,120,0,2,,,,,,,,,,,,63,64,0
43440,note_off,120,0,1,,,,,,,,,,,,75,64,0
43440,note_off,240,0,4,,,,,,,,,,,,44,64,0
43440,note_on,0,0,4,,,,,,,,,,,,56,64,0
43560,note_on,120,0,1,,,,,,,,,,,,87,64,0
43680,note_on,0,0,1,,,,,,,,,,,,87,64,0
43680,note_off,240,0,4,,,,,,,,,,,,56,64,0
43680,note_off,120,0,1,,,,,,,,,,,,87,64,0
43680,note_on,0,0,4,,,,,,,,,,,,56,64,0
43740,note_off,420,0,2,,,,,,,,,,,,71,64,0
43740,note_on,0,0,2,,,,,,,,,,,,70,64,0
43800,note_on,0,0,2,,,,,,,,,,,,68,64,0
43800,note_on,0,0,1,,,,,,,,,,,,86,64,0
43800,note_off,120,0,1,,,,,,,,,,,,87,64,0
43800,note_off,60,0,2,,,,,,,,,,,,70,64,0
43860,note_off,60,0,2,,,,,,,,,,,,68,64,0
43860,note_on,0,0,2,,,,,,,,,,,,66,64,0
43920,note_off,720,0,3,,,,,,,,,,,,65,64,0
43920,note_off,60,0,2,,,,,,,,,,,,66,64,0
43920,note_on,0,0,2,,,,,,,,,,,,65,64,0
43920,note_off,0,0,3,,,,,,,,,,,,71,64,0
43920,note_on,0,0,3,,,,,,,,,,,,65,40,0
43920,note_on,0,0,4,,,,,,,,,,,,44,64,0
43920,note_on,0,0,3,,,,,,,,,,,,70,40,0
43920,note_on,0,0,3,,,,,,,,,,,,74,40,0
43920,note_off,120,0,1,,,,,,,,,,,,86,64,0
43920,note_off,240,0,4,,,,,,,,,,,,56,64,0
43920,note_off,0,0,3,,,,,,,,,,,,75,64,0
43980,note_on,0,0,2,,,,,,,,,,,,63,64,0
43980,note_off,60,0,2,,,,,,,,,,,,65,64,0
44040,note_off,60,0,2,,,,,,,,,,,,63,64,0
44040,note_on,0,0,2,,,,,,,,,,,,62,64,0
44040,note_on,120,0,1,,,,,,,,,,,,77,64,0
44070,note_on,0,0,2,,,,,,,,,,,,63,64,0
44070,note_off,30,0,2,,,,,,,,,,,,62,64,0
44100,note_off,30,0,2,,,,,,,,,,,,63,64,0
44100,note_on,0,0,2,,,,,,,,,,,,65,64,0
44160,note_off,240,0,4,,,,,,,,,,,,44,64,0
44160,note_on,0,0,4,,,,,,,,,,,,43,64,0
44160,note_off,240,0,3,,,,,,,,,,,,65,64,0
44160,note_off,0,0,3,,,,,,,,,,,,74,64,0
44160,note_off,0,0,3,,,,,,,,,,,,70,64,0
44160,note_on,0,0,3,,,,,,,,,,,,63,40,0
44160,note_on,0,0,3,,,,,,,,,,,,70,40,0
44160,note_on,0,0,3,,,,,,,,,,,,75,40,0
44160,note_on,0,0,1,,,,,,,,,,,,77,64,0
44160,note_off,120,0,1,,,,,,,,,,,,77,64,0
44160,note_off,60,0,2,,,,,,,,,,,,65,64,0
44160,note_on,0,0,2,,,,,,,,,,,,58,64,0
44280,note_off,120,0,1,,,,,,,,,,,,77,64,0
44280,note_on,0,0,1,,,,,,,,,,,,75,64,0
44280,note_on,0,0,2,,,,,,,,,,,,67,64,0
44280,note_off,120,0,2,,,,,,,,,,,,58,64,0
44400,note_on,0,0,4,,,,,,,,,,,,48,64,0
44400,note_off,240,0,4,,,,,,,,,,,,43,64,0
44400,note_on,0,0,3,,,,,,,,,,,,72,40,0
44400,note_on,0,0,3,,,,,,,,,,,,67,40,0
44400,note_on,0,0,3,,,,,,,,,,,,63,40,0
44400,note_off,0,0,3,,,,,,,,,,,,70,64,0
44400,note_off,120,0,2,,,,,,,,,,,,67,64,0
44400,note_off,120,0,1,,,,,,,,,,,,75,64,0
44400,note_off,0,0,3,,,,,,,,,,,,75,64,0
44400,note_off,240,0,3,,,,,,,,,,,,63,64,0
44520,note_on,120,0,1,,,,,,,,,,,,75,64,0
44520,note_on,120,0,2,,,,,,,,,,,,67,64,0
44640,note_on,0,0,3,,,,,,,,,,,,72,40,0
44640,note_on,0,0,3,,,,,,,,,,,,68,40,0
44640,note_on,0,0,4,,,,,,,,,,,,44,64,0
44640,note_off,240,0,4,,,,,,,,,,,,48,64,0
44640,note_on,0,0,2,,,,,,,,,,,,67,64,0
44640,note_on,0,0,3,,,,,,,,,,,,65,40,0
44640,note_off,0,0,3,,,,,,,,,,,,67,64,0
44640,note_off,0,0,3,,,,,,,,,,,,72,64,0
44640,note_off,120,0,2,,,,,,,,,,,,67,64,0
44640,note_on,0,0,1,,,,,,,,,,,,75,64,0
44640,note_off,120,0,1,,,,,,,,,,,,75,64,0
44640,note_off,240,0,3,,,,,,,,,,,,63,64,0
44760,note_on,0,0,1,,,,,,,,,,,,77,64,0
44760,note_on,0,0,2,,,,,,,,,,,,68,64,0
44760,note_off,120,0,2,,,,,,,,,,,,67,64,0
44760,note_off,120,0,1,,,,,,,,,,,,75,64,0
44880,note_off,0,0,3,,,,,,,,,,,,72,64,0
44880,note_off,0,0,3,,,,,,,,,,,,68,64,0
44880,note_on,0,0,4,,,,,,,,,,,,46,64,0
44880,note_off,240,0,4,,,,,,,,,,,,44,64,0
44880,note_off,120,0,1,,,,,,,,,,,,77,64,0
44880,note_on,0,0,3,,,,,,,,,,,,65,40,0
44880,note_off,120,0,2,,,,,,,,,,,,68,64,0
44880,note_on,0,0,3,,,,,,,,,,,,70,40,0
44880,note_on,0,0,3,,,,,,,,,,,,62,40,0
44880,note_off,240,0,3,,,,,,,,,,,,65,64,0
45000,note_on,120,0,1,,,,,,,,,,,,68,64,0
45000,note_on,120,0,2,,,,,,,,,,,,65,64,0
45120,note_off,240,0,3,,,,,,,,,,,,62,64,0
45120,note_off,0,0,3,,,,,,,,,,,,70,64,0
45120,note_off,0,0,3,,,,,,,,,,,,65,64,0
45120,note_on,0,0,3,,,,,,,,,,,,63,40,0
45120,note_on,0,0,3,,,,,,,,,,,,67,40,0
45120,note_off,240,0,4,,,,,,,,,,,,46,64,0
45120,note_on,0,0,3,,,,,,,,,,,,70,40,0
45120,note_off,120,0,1,,,,,,,,,,,,68,64,0
45120,note_on,0,0,1,,,,,,,,,,,,68,64,0
45120,note_off,120,0,2,,,,,,,,,,,,65,64,0
45120,note_on,0,0,2,,,,,,,,,,,,65,64,0
45120,note_on,0,0,4,,,,,,,,,,,,39,64,0
45240,note_off,120,0,2,,,,,,,,,,,,65,64,0
45240,note_on,0,0,2,,,,,,,,,,,,63,64,0
45240,note_off,120,0,1,,,,,,,,,,,,68,64,0
45240,note_on,0,0,1,,,,,,,,,,,,67,64,0
45360,note_off,120,0,2,,,,,,,,,,,,63,64,0
45360,note_off,240,0,4,,,,,,,,,,,,39,64,0
45360,note_on,0,0,4,,,,,,,,,,,,44,64,0
45360,note_off,240,0,3,,,,,,,,,,,,63,64,0
45360,note_off,0,0,3,,,,,,,,,,,,67,64,0
45360,note_on,0,0,3,,,,,,,,,,,,63,40,0
45360,note_on,0,0,3,,,,,,,,,,,,68,40,0
45360,note_on,0,0,3,,,,,,,,,,,,72,40,0
45360,note_off,120,0,1,,,,,,,,,,,,67,64,0
45360,note_off,0,0,3,,,,,,,,,,,,70,64,0
45480,note_on,120,0,2,,,,,,,,,,,,63,64,0
45480,note_on,120,0,1,,,,,,,,,,,,72,64,0
45600,note_on,0,0,3,,,,,,,,,,,,74,40,0
45600,note_on,0,0,1,,,,,,,,,,,,72,64,0
45600,note_on,0,0,3,,,,,,,,,,,,68,40,0
45600,note_on,0,0,3,,,,,,,,,,,,65,40,0
45600,note_off,0,0,3,,,,,,,,,,,,68,64,0
45600,note_off,0,0,3,,,,,,,,,,,,72,64,0
45600,note_off,120,0,1,,,,,,,,,,,,72,64,0
45600,note_off,240,0,3,,,,,,,,,,,,63,64,0
45600,note_on,0,0,2,,,,,,,,,,,,63,64,0
45600,note_off,120,0,2,,,,,,,,,,,,63,64,0
45600,note_on,0,0,4,,,,,,,,,,,,41,64,0
45600,note_off,240,0,4,,,,,,,,,,,,44,64,0
45720,note_on,0,0,1,,,,,,,,,,,,74,64,0
45720,note_on,0,0,2,,,,,,,,,,,,65,64,0
45720,note_off,120,0,2,,,,,,,,,,,,63,64,0
45720,note_off,120,0,1,,,,,,,,,,,,72,64,0
45840,note_off,0,0,3,,,,,,,,,,,,68,64,0
45840,note_on,0,0,3,,,,,,,,,,,,62,40,0
45840,note_on,0,0,3,,,,,,,,,,,,67,40,0
45840,note_on,0,0,4,,,,,,,,,,,,43,64,0
45840,note_off,0,0,3,,,,,,,,,,,,74,64,0
45840,note_off,120,0,2,,,,,,,,,,,,65,64,0
45840,note_off,240,0,4,,,,,,,,,,,,41,64,0
45840,note_off,120,0,1,,,,,,,,,,,,74,64,0
45840,note_on,0,0,3,,,,,,,,,,,,71,40,0
45840,note_off,240,0,3,,,,,,,,,,,,65,64,0
45960,note_on,120,0,1,,,,,,,,,,,,65,64,0
45960,note_on,120,0,2,,,,,,,,,,,,62,64,0
46080,note_off,120,0,1,,,,,,,,,,,,65,64,0
46080,note_on,0,0,2,,,,,,,,,,,,62,64,0
46080,note_off,120,0,2,,,,,,,,,,,,62,64,0
46080,note_off,0,0,3,,,,,,,,,,,,67,64,0
46080,note_on,0,0,3,,,,,,,,,,,,72,40,0
46080,note_on,0,0,3,,,,,,,,,,,,67,40,0
46080,note_on,0,0,3,,,,,,,,,,,,63,40,0
46080,note_off,240,0,3,,,,,,,,,,,,62,64,0
46080,note_on,0,0,1,,,,,,,,,,,,65,64,0
46080,note_off,0,0,3,,,,,,,,,,,,71,64,0
46080,note_on,0,0,4,,,,,,,,,,,,36,64,0
46080,note_off,240,0,4,,,,,,,,,,,,43,64,0
46200,note_off,120,0,2,,,,,,,,,,,,62,64,0
46200,note_on,0,0,2,,,,,,,,,,,,60,64,0
46200,note_on,0,0,1,,,,,,,,,,,,63,64,0
46200,note_off,120,0,1,,,,,,,,,,,,65,64,0
46320,note_on,0,0,3,,,,,,,,,,,,68,40,0
46320,note_on,0,0,3,,,,,,,,,,,,72,40,0
46320,note_on,0,0,3,,,,,,,,,,,,65,40,0
46320,note_off,120,0,2,,,,,,,,,,,,60,64,0
46320,note_off,240,0,4,,,,,,,,,,,,36,64,0
46320,note_off,0,0,3,,,,,,,,,,,,67,64,0
46320,note_on,0,0,4,,,,,,,,,,,,53,64,0
46320,note_off,120,0,1,,,,,,,,,,,,63,64,0
46320,note_off,0,0,3,,,,,,,,,,,,72,64,0
46320,note_off,240,0,3,,,,,,,,,,,,63,64,0
46440,note_on,120,0,2,,,,,,,,,,,,72,64,0
46440,note_on,120,0,1,,,,,,,,,,,,80,64,0
46560,note_off,120,0,1,,,,,,,,,,,,80,64,0
46560,note_off,240,0,4,,,,,,,,,,,,53,64,0
46560,note_on,0,0,4,,,,,,,,,,,,49,64,0
46560,note_off,120,0,2,,,,,,,,,,,,72,64,0
46560,note_off,0,0,3,,,,,,,,,,,,68,64,0
46560,note_on,0,0,3,,,,,,,,,,,,77,40,0
46560,note_on,0,0,2,,,,,,,,,,,,72,64,0
46560,note_on,0,0,3,,,,,,,,,,,,70,40,0
46560,note_off,240,0,3,,,,,,,,,,,,65,64,0
46560,note_off,0,0,3,,,,,,,,,,,,72,64,0
46560,note_on,0,0,1,,,,,,,,,,,,80,64,0
46560,note_on,0,0,3,,,,,,,,,,,,65,40,0
46680,note_on,0,0,2,,,,,,,,,,,,73,64,0
46680,note_on,0,0,1,,,,,,,,,,,,82,64,0
46680,note_off,120,0,1,,,,,,,,,,,,80,64,0
46680,note_off,120,0,2,,,,,,,,,,,,72,64,0
46800,note_on,0,0,3,,,,,,,,,,,,75,40,0
46800,note_on,0,0,3,,,,,,,,,,,,70,40,0
46800,note_off,120,0,2,,,,,,,,,,,,73,64,0
46800,note_off,0,0,3,,,,,,,,,,,,70,64,0
46800,note_off,0,0,3,,,,,,,,,,,,77,64,0
46800,note_off,240,0,3,,,,,,,,,,,,65,64,0
46800,note_on,0,0,4,,,,,,,,,,,,51,64,0
46800,note_off,240,0,4,,,,,,,,,,,,49,64,0
46800,note_off,120,0,1,,,,,,,,,,,,82,64,0
46800,note_on,0,0,3,,,,,,,,,,,,67,40,0
46920,note_on,120,0,2,,,,,,,,,,,,70,64,0
46920,note_on,120,0,1,,,,,,,,,,,,79,64,0
47040,note_on,0,0,2,,,,,,,,,,,,70,64,0
47040,note_off,120,0,2,,,,,,,,,,,,70,64,0
47040,note_on,0,0,1,,,,,,,,,,,,79,64,0
47040,note_on,0,0,3,,,,,,,,,,,,72,40,0
47040,note_off,0,0,3,,,,,,,,,,,,75,64,0
47040,note_off,120,0,1,,,,,,,,,,,,79,64,0
47040,note_off,240,0,4,,,,,,,,,,,,51,64,0
47040,note_on,0,0,4,,,,,,,,,,,,44,64,0
47040,note_off,240,0,3,,,,,,,,,,,,67,64,0
47040,note_on,0,0,3,,,,,,,,,,,,68,40,0
47040,note_off,0,0,3,,,,,,,,,,,,70,64,0
47040,note_on,0,0,3,,,,,,,,,,,,75,40,0
47160,note_off,120,0,1,,,,,,,,,,,,79,64,0
47160,note_on,0,0,2,,,,,,,,,,,,72,64,0
47160,note_off,120,0,2,,,,,,,,,,,,70,64,0
47160,note_on,0,0,1,,,,,,,,,,,,80,64,0
47280,note_off,120,0,2,,,,,,,,,,,,72,64,0
47280,note_off,120,0,1,,,,,,,,,,,,80,64,0
47280,note_off,0,0,3,,,,,,,,,,,,72,64,0
47280,note_off,240,0,4,,,,,,,,,,,,44,64,0
47280,note_off,240,0,3,,,,,,,,,,,,68,64,0
47280,note_on,0,0,3,,,,,,,,,,,,75,40,0
47280,note_on,0,0,3,,,,,,,,,,,,70,40,0
47280,note_on,0,0,3,,,,,,,,,,,,67,40,0
47280,note_off,0,0,3,,,,,,,,,,,,75,64,0
47280,note_on,0,0,4,,,,,,,,,,,,46,64,0
47400,note_on,120,0,2,,,,,,,,,,,,70,64,0
47400,note_on,120,0,1,,,,,,,,,,,,79,64,0
47520,note_off,120,0,2,,,,,,,,,,,,70,64,0
47520,note_off,0,0,3,,,,,,,,,,,,75,64,0
47520,note_off,0,0,3,,,,,,,,,,,,70,64,0
47520,note_on,0,0,3,,,,,,,,,,,,65,40,0
47520,note_on,0,0,3,,,,,,,,,,,,68,40,0
47520,note_off,240,0,4,,,,,,,,,,,,46,64,0
47520,note_off,120,0,1,,,,,,,,,,,,79,64,0
47520,note_on,0,0,1,,,,,,,,,,,,79,64,0
47520,note_on,0,0,4,,,,,,,,,,,,48,64,0
47520,note_on,0,0,2,,,,,,,,,,,,70,64,0
47520,note_off,240,0,3,,,,,,,,,,,,67,64,0
47520,note_on,0,0,3,,,,,,,,,,,,74,40,0
47640,note_off,120,0,1,,,,,,,,,,,,79,64,0
47640,note_on,0,0,1,,,,,,,,,,,,77,64,0
47640,note_on,0,0,2,,,,,,,,,,,,68,64,0
47640,note_off,120,0,2,,,,,,,,,,,,70,64,0
47760,note_off,120,0,1,,,,,,,,,,,,77,64,0
47760,note_on,0,0,3,,,,,,,,,,,,72,40,0
47760,note_off,0,0,3,,,,,,,,,,,,68,64,0
47760,note_off,120,0,2,,,,,,,,,,,,68,64,0
47760,note_off,240,0,3,,,,,,,,,,,,65,64,0
47760,note_off,0,0,3,,,,,,,,,,,,74,64,0
47760,note_on,0,0,3,,,,,,,,,,,,67,40,0
47760,note_on,0,0,3,,,,,,,,,,,,75,40,0
47760,note_off,240,0,4,,,,,,,,,,,,48,64,0
47760,note_on,0,0,4,,,,,,,,,,,,44,64,0
47880,note_on,120,0,1,,,,,,,,,,,,75,64,0
47880,note_on,120,0,2,,,,,,,,,,,,67,64,0
48000,note_on,0,0,4,,,,,,,,,,,,46,64,0
48000,note_off,240,0,4,,,,,,,,,,,,44,64,0
48000,note_on,0,0,2,,,,,,,,,,,,67,64,0
48000,note_on,0,0,3,,,,,,,,,,,,65,40,0
48000,note_off,0,0,3,,,,,,,,,,,,75,64,0
48000,note_off,240,0,3,,,,,,,,,,,,67,64,0
48000,note_off,120,0,1,,,,,,,,,,,,75,64,0
48000,note_on,0,0,1,,,,,,,,,,,,75,64,0
48000,note_on,0,0,3,,,,,,,,,,,,70,40,0
48000,note_on,0,0,3,,,,,,,,,,,,74,40,0
48000,note_off,0,0,3,,,,,,,,,,,,72,64,0
48000,note_off,120,0,2,,,,,,,,,,,,67,64,0
48120,note_off,120,0,2,,,,,,,,,,,,67,64,0
48120,note_on,0,0,2,,,,,,,,,,,,65,64,0
48120,note_on,0,0,1,,,,,,,,,,,,74,64,0
48120,note_off,120,0,1,,,,,,,,,,,,75,64,0
48240,note_off,0,0,3,,,,,,,,,,,,70,64,0
48240,note_off,0,0,3,,,,,,,,,,,,74,64,0
48240,note_off,240,0,3,,,,,,,,,,,,65,64,0
48240,note_off,240,0,4,,,,,,,,,,,,46,64,0
48240,note_off,120,0,1,,,,,,,,,,,,74,64,0
48240,note_on,0,0,2,,,,,,,,,,,,70,64,0
48240,note_off,120,0,2,,,,,,,,,,,,65,64,0
48360,note_on,120,0,3,,,,,,,,,,,,77,40,0
48360,note_on,120,0,4,,,,,,,,,,,,62,64,0
48360,note_on,0,0,3,,,,,,,,,,,,82,40,0
48480,note_on,0,0,3,,,,,,,,,,,,83,40,0
48480,note_on,0,0,3,,,,,,,,,,,,71,40,0
48480,note_off,0,0,3,,,,,,,,,,,,82,64,0
48480,note_on,0,0,3,,,,,,,,,,,,78,40,0
48480,note_off,120,0,3,,,,,,,,,,,,77,64,0
48480,note_on,0,0,2,,,,,,,,,,,,70,64,0
48480,note_off,120,0,4,,,,,,,,,,,,62,64,0
48480,note_on,0,0,4,,,,,,,,,,,,62,64,0
48480,note_off,240,0,2,,,,,,,,,,,,70,64,0
48600,note_off,120,0,2,,,,,,,,,,,,70,64,0
48600,note_on,0,0,2,,,,,,,,,,,,71,64,0
48600,note_off,120,0,4,,,,,,,,,,,,62,64,0
48600,note_on,0,0,4,,,,,,,,,,,,63,64,0
48720,note_off,240,0,3,,,,,,,,,,,,71,64,0
48720,note_off,0,0,3,,,,,,,,,,,,78,64,0
48720,note_off,120,0,4,,,,,,,,,,,,63,64,0
48720,note_on,480,0,1,,,,,,,,,,,,78,64,0
48720,note_off,0,0,3,,,,,,,,,,,,83,64,0
48840,note_on,120,0,4,,,,,,,,,,,,51,64,0
48840,note_on,120,0,3,,,,,,,,,,,,71,40,0
48840,note_on,0,0,3,,,,,,,,,,,,78,40,0
48840,note_on,0,0,3,,,,,,,,,,,,83,40,0
48960,note_off,120,0,3,,,,,,,,,,,,71,64,0
48960,note_off,0,0,3,,,,,,,,,,,,83,64,0
48960,note_off,0,0,3,,,,,,,,,,,,78,64,0
48960,note_on,0,0,3,,,,,,,,,,,,71,40,0
48960,note_on,0,0,3,,,,,,,,,,,,77,40,0
48960,note_on,0,0,3,,,,,,,,,,,,83,40,0
48960,note_off,120,0,4,,,,,,,,,,,,51,64,0
48960,note_on,0,0,4,,,,,,,,,,,,51,64,0
48960,note_on,0,0,1,,,,,,,,,,,,77,64,0
48960,note_off,240,0,1,,,,,,,,,,,,78,64,0
49080,note_on,0,0,2,,,,,,,,,,,,70,64,0
49080,note_off,480,0,2,,,,,,,,,,,,71,64,0
49080,note_off,120,0,4,,,,,,,,,,,,51,64,0
49080,note_on,0,0,4,,,,,,,,,,,,50,64,0
49200,note_on,0,0,2,,,,,,,,,,,,70,64,0
49200,note_off,120,0,2,,,,,,,,,,,,70,64,0
49200,note_off,120,0,4,,,,,,,,,,,,50,64,0
49200,note_off,240,0,3,,,,,,,,,,,,71,64,0
49200,note_off,0,0,3,,,,,,,,,,,,83,64,0
49200,note_off,0,0,3,,,,,,,,,,,,77,64,0
49320,note_off,120,0,2,,,,,,,,,,,,70,64,0
49320,note_on,0,0,2,,,,,,,,,,,,69,64,0
49320,note_on,120,0,3,,,,,,,,,,,,72,40,0
49320,note_on,0,0,3,,,,,,,,,,,,81,40,0
49320,note_on,120,0,4,,,,,,,,,,,,60,64,0
49320,note_on,0,0,3,,,,,,,,,,,,77,40,0
49440,note_on,0,0,4,,,,,,,,,,,,60,64,0
49440,note_off,120,0,4,,,,,,,,,,,,60,64,0
49440,note_on,0,0,3,,,,,,,,,,,,82,40,0
49440,note_on,0,0,3,,,,,,,,,,,,77,40,0
49440,note_on,0,0,3,,,,,,,,,,,,70,40,0
49440,note_on,0,0,2,,,,,,,,,,,,69,64,0
49440,note_off,120,0,2,,,,,,,,,,,,69,64,0
49440,note_off,0,0,3,,,,,,,,,,,,77,64,0
49440,note_off,0,0,3,,,,,,,,,,,,81,64,0
49440,note_off,120,0,3,,,,,,,,,,,,72,64,0
49560,note_off,120,0,2,,,,,,,,,,,,69,64,0
49560,note_off,120,0,4,,,,,,,,,,,,60,64,0
49560,note_on,0,0,2,,,,,,,,,,,,70,64,0
49560,note_on,0,0,4,,,,,,,,,,,,61,64,0
49560,note_on,0,0,1,,,,,,,,,,,,76,64,0
49560,note_off,600,0,1,,,,,,,,,,,,77,64,0
49680,note_off,0,0,3,,,,,,,,,,,,77,64,0
49680,note_off,0,0,3,,,,,,,,,,,,82,64,0
49680,note_off,240,0,3,,,,,,,,,,,,70,64,0
49680,note_on,0,0,1,,,,,,,,,,,,76,64,0
49680,note_off,120,0,4,,,,,,,,,,,,61,64,0
49680,note_off,120,0,1,,,,,,,,,,,,76,64,0
49800,note_on,0,0,3,,,,,,,,,,,,82,40,0
49800,note_on,0,0,3,,,,,,,,,,,,76,40,0
49800,note_on,120,0,3,,,,,,,,,,,,70,40,0
49800,note_on,120,0,4,,,,,,,,,,,,49,64,0
49800,note_off,120,0,1,,,,,,,,,,,,76,64,0
49800,note_on,0,0,1,,,,,,,,,,,,75,64,0
49920,note_off,120,0,4,,,,,,,,,,,,49,64,0
49920,note_on,0,0,1,,,,,,,,,,,,75,64,0
49920,note_off,120,0,1,,,,,,,,,,,,75,64,0
49920,note_off,0,0,3,,,,,,,,,,,,82,64,0
49920,note_off,120,0,3,,,,,,,,,,,,70,64,0
49920,note_on,0,0,3,,,,,,,,,,,,75,40,0
49920,note_on,0,0,4,,,,,,,,,,,,49,64,0
49920,note_on,0,0,3,,,,,,,,,,,,82,40,0
49920,note_off,0,0,3,,,,,,,,,,,,76,64,0
49920,note_on,0,0,3,,,,,,,,,,,,70,40,0
50040,note_on,0,0,2,,,,,,,,,,,,68,64,0
50040,note_off,480,0,2,,,,,,,,,,,,70,64,0
50040,note_on,0,0,4,,,,,,,,,,,,48,64,0
50040,note_off,120,0,4,,,,,,,,,,,,49,64,0
50160,note_off,120,0,4,,,,,,,,,,,,48,64,0
50160,note_on,0,0,2,,,,,,,,,,,,68,64,0
50160,note_off,240,0,3,,,,,,,,,,,,70,64,0
50160,note_off,0,0,3,,,,,,,,,,,,82,64,0
50160,note_off,0,0,3,,,,,,,,,,,,75,64,0
50160,note_off,120,0,2,,,,,,,,,,,,68,64,0
50280,note_on,0,0,2,,,,,,,,,,,,67,64,0
50280,note_off,120,0,2,,,,,,,,,,,,68,64,0
50280,note_on,120,0,4,,,,,,,,,,,,58,64,0
50280,note_on,120,0,3,,,,,,,,,,,,70,40,0
50280,note_on,0,0,3,,,,,,,,,,,,75,40,0
50280,note_on,0,0,3,,,,,,,,,,,,79,40,0
50400,note_off,120,0,3,,,,,,,,,,,,70,64,0
50400,note_on,0,0,4,,,,,,,,,,,,58,64,0
50400,note_on,0,0,3,,,,,,,,,,,,80,40,0
50400,note_on,0,0,3,,,,,,,,,,,,75,40,0
50400,note_on,0,0,3,,,,,,,,,,,,68,40,0
50400,note_off,0,0,3,,,,,,,,,,,,75,64,0
50400,note_off,0,0,3,,,,,,,,,,,,79,64,0
50400,note_off,120,0,4,,,,,,,,,,,,58,64,0
50400,note_off,120,0,2,,,,,,,,,,,,67,64,0
50400,note_on,0,0,2,,,,,,,,,,,,67,64,0
50520,note_on,0,0,2,,,,,,,,,,,,68,64,0
50520,note_on,0,0,1,,,,,,,,,,,,74,64,0
50520,note_off,120,0,4,,,,,,,,,,,,58,64,0
50520,note_on,0,0,4,,,,,,,,,,,,59,64,0
50520,note_off,600,0,1,,,,,,,,,,,,75,64,0
50520,note_off,120,0,2,,,,,,,,,,,,67,64,0
50640,note_off,120,0,4,,,,,,,,,,,,59,64,0
50640,note_off,240,0,3,,,,,,,,,,,,68,64,0
50640,note_off,120,0,1,,,,,,,,,,,,74,64,0
50640,note_on,0,0,1,,,,,,,,,,,,74,64,0
50640,note_off,0,0,3,,,,,,,,,,,,80,64,0
50640,note_off,0,0,3,,,,,,,,,,,,75,64,0
50760,note_on,0,0,3,,,,,,,,,,,,75,40,0
50760,note_on,120,0,4,,,,,,,,,,,,47,64,0
50760,note_off,120,0,1,,,,,,,,,,,,74,64,0
50760,note_on,0,0,1,,,,,,,,,,,,75,64,0
50760,note_on,120,0,3,,,,,,,,,,,,68,40,0
50880,note_off,120,0,4,,,,,,,,,,,,47,64,0
50880,note_off,120,0,1,,,,,,,,,,,,75,64,0
50880,note_on,0,0,1,,,,,,,,,,,,77,64,0
50880,note_on,0,0,3,,,,,,,,,,,,77,40,0
50880,note_off,120,0,3,,,,,,,,,,,,68,64,0
50880,note_off,0,0,3,,,,,,,,,,,,75,64,0
50880,note_on,0,0,4,,,,,,,,,,,,47,64,0
50880,note_on,0,0,3,,,,,,,,,,,,74,40,0
50880,note_on,0,0,3,,,,,,,,,,,,68,40,0
51000,note_on,0,0,4,,,,,,,,,,,,46,64,0
51000,note_off,120,0,4,,,,,,,,,,,,47,64,0
51000,note_on,0,0,1,,,,,,,,,,,,70,64,0
51000,note_off,120,0,1,,,,,,,,,,,,77,64,0
51120,note_off,600,0,2,,,,,,,,,,,,68,64,0
51120,note_off,0,0,3,,,,,,,,,,,,77,64,0
51120,note_off,0,0,3,,,,,,,,,,,,74,64,0
51120,note_off,120,0,4,,,,,,,,,,,,46,64,0
51120,note_on,0,0,1,,,,,,,,,,,,75,64,0
51120,note_on,0,0,2,,,,,,,,,,,,66,64,0
51120,note_off,120,0,1,,,,,,,,,,,,70,64,0
51120,note_off,240,0,3,,,,,,,,,,,,68,64,0
51240,note_on,120,0,4,,,,,,,,,,,,45,64,0
51240,note_on,0,0,3,,,,,,,,,,,,75,40,0
51240,note_on,0,0,3,,,,,,,,,,,,72,40,0
51240,note_on,120,0,3,,,,,,,,,,,,66,40,0
51360,note_on,0,0,4,,,,,,,,,,,,45,64,0
51360,note_off,120,0,4,,,,,,,,,,,,45,64,0
51360,note_on,0,0,3,,,,,,,,,,,,72,40,0
51360,note_off,240,0,2,,,,,,,,,,,,66,64,0
51360,note_on,0,0,3,,,,,,,,,,,,75,40,0
51360,note_off,120,0,3,,,,,,,,,,,,66,64,0
51360,note_off,0,0,3,,,,,,,,,,,,75,64,0
51360,note_on,0,0,3,,,,,,,,,,,,65,40,0
51360,note_on,0,0,2,,,,,,,,,,,,65,64,0
51360,note_off,0,0,3,,,,,,,,,,,,72,64,0
51480,note_off,120,0,4,,,,,,,,,,,,45,64,0
51480,note_on,0,0,4,,,,,,,,,,,,46,64,0
51600,note_off,120,0,4,,,,,,,,,,,,46,64,0
51600,note_off,0,0,3,,,,,,,,,,,,75,64,0
51600,note_on,0,0,1,,,,,,,,,,,,74,64,0
51600,note_off,0,0,3,,,,,,,,,,,,72,64,0
51600,note_off,240,0,3,,,,,,,,,,,,65,64,0
51600,note_off,240,0,2,,,,,,,,,,,,65,64,0
51600,note_on,0,0,2,,,,,,,,,,,,70,64,0
51600,note_off,480,0,1,,,,,,,,,,,,75,64,0
51720,note_on,0,0,2,,,,,,,,,,,,68,64,0
51720,note_off,120,0,2,,,,,,,,,,,,70,64,0
51720,note_on,120,0,3,,,,,,,,,,,,65,40,0
51720,note_on,0,0,3,,,,,,,,,,,,74,40,0
51720,note_on,0,0,3,,,,,,,,,,,,70,40,0
51720,note_on,120,0,4,,,,,,,,,,,,46,64,0
51840,note_on,0,0,2,,,,,,,,,,,,67,64,0
51840,note_off,120,0,2,,,,,,,,,,,,68,64,0
51840,note_on,0,0,1,,,,,,,,,,,,75,64,0
51840,note_off,240,0,1,,,,,,,,,,,,74,64,0
51840,note_off,120,0,4,,,,,,,,,,,,46,64,0
51840,note_on,0,0,4,,,,,,,,,,,,39,64,0
51840,note_off,120,0,3,,,,,,,,,,,,65,64,0
51840,note_off,0,0,3,,,,,,,,,,,,74,64,0
51840,note_off,0,0,3,,,,,,,,,,,,70,64,0
51840,note_on,0,0,3,,,,,,,,,,,,67,40,0
51840,note_on,0,0,3,,,,,,,,,,,,70,40,0
51840,note_on,0,0,3,,,,,,,,,,,,75,40,0
52080,note_on,0,0,1,,,,,,,,,,,,79,64,0
52080,note_off,240,0,2,,,,,,,,,,,,67,64,0
52080,note_on,0,0,2,,,,,,,,,,,,70,64,0
52080,note_off,240,0,1,,,,,,,,,,,,75,64,0
52320,note_on,0,0,2,,,,,,,,,,,,72,64,0
52320,note_off,0,0,3,,,,,,,,,,,,70,64,0
52320,note_off,0,0,3,,,,,,,,,,,,75,64,0
52320,note_off,480,0,3,,,,,,,,,,,,67,64,0
52320,note_off,240,0,2,,,,,,,,,,,,70,64,0
52320,note_off,480,0,4,,,,,,,,,,,,39,64,0
52320,note_off,240,0,1,,,,,,,,,,,,79,64,0
52320,note_on,0,0,1,,,,,,,,,,,,80,64,0
52560,note_off,240,0,2,,,,,,,,,,,,72,64,0
52560,note_on,0,0,2,,,,,,,,,,,,73,64,0
52560,note_off,240,0,1,,,,,,,,,,,,80,64,0
52560,note_on,0,0,1,,,,,,,,,,,,82,64,0
52800,note_on,0,0,3,,,,,,,,,,,,67,40,0
52800,note_on,480,0,4,,,,,,,,,,,,51,64,0
52800,note_on,0,0,3,,,,,,,,,,,,73,40,0
52800,note_on,0,0,3,,,,,,,,,,,,70,40,0
52800,note_on,480,0,3,,,,,,,,,,,,63,40,0
53040,note_on,0,0,3,,,,,,,,,,,,72,40,0
53040,note_on,0,0,3,,,,,,,,,,,,68,40,0
53040,note_on,0,0,3,,,,,,,,,,,,63,40,0
53040,note_off,0,0,3,,,,,,,,,,,,67,64,0
53040,note_off,0,0,3,,,,,,,,,,,,70,64,0
53040,note_off,0,0,3,,,,,,,,,,,,73,64,0
53040,note_off,240,0,3,,,,,,,,,,,,63,64,0
53040,note_on,0,0,2,,,,,,,,,,,,72,64,0
53040,note_off,480,0,2,,,,,,,,,,,,73,64,0
53040,note_off,480,0,1,,,,,,,,,,,,82,64,0
53040,note_on,0,0,1,,,,,,,,,,,,80,64,0
53160,note_off,120,0,2,,,,,,,,,,,,72,64,0
53160,note_on,0,0,2,,,,,,,,,,,,70,64,0
53160,note_off,120,0,1,,,,,,,,,,,,80,64,0
53160,note_on,0,0,1,,,,,,,,,,,,73,64,0
53280,note_off,120,0,2,,,,,,,,,,,,70,64,0
53280,note_off,0,0,3,,,,,,,,,,,,72,64,0
53280,note_off,240,0,3,,,,,,,,,,,,63,64,0
53280,note_on,0,0,2,,,,,,,,,,,,70,64,0
53280,note_off,480,0,4,,,,,,,,,,,,51,64,0
53280,note_off,0,0,3,,,,,,,,,,,,68,64,0
53280,note_off,120,0,1,,,,,,,,,,,,73,64,0
53280,note_on,0,0,1,,,,,,,,,,,,73,64,0
53400,note_on,0,0,2,,,,,,,,,,,,68,64,0
53400,note_off,120,0,2,,,,,,,,,,,,70,64,0
53400,note_on,0,0,1,,,,,,,,,,,,72,64,0
53400,note_off,120,0,1,,,,,,,,,,,,73,64,0
53520,note_off,120,0,2,,,,,,,,,,,,68,64,0
53520,note_off,120,0,1,,,,,,,,,,,,72,64,0
53520,note_on,240,0,3,,,,,,,,,,,,63,40,0
53520,note_on,0,0,3,,,,,,,,,,,,67,40,0
53520,note_on,0,0,3,,,,,,,,,,,,70,40,0
53520,note_on,240,0,4,,,,,,,,,,,,51,64,0
53637,note_on,117,0,2,,,,,,,,,,,,67,64,0
53640,note_on,120,0,1,,,,,,,,,,,,75,64,0
53757,note_on,0,0,2,,,,,,,,,,,,67,64,0
53757,note_off,120,0,2,,,,,,,,,,,,67,64,0
53760,note_on,0,0,4,,,,,,,,,,,,39,64,0
53760,note_off,240,0,4,,,,,,,,,,,,51,64,0
53760,note_off,0,0,3,,,,,,,,,,,,70,64,0
53760,note_off,240,0,3,,,,,,,,,,,,63,64,0
53760,note_off,120,0,1,,,,,,,,,,,,75,64,0
53760,note_on,0,0,3,,,,,,,,,,,,68,40,0
53760,note_on,0,0,3,,,,,,,,,,,,65,40,0
53760,note_on,0,0,3,,,,,,,,,,,,62,40,0
53760,note_off,0,0,3,,,,,,,,,,,,67,64,0
53760,note_on,0,0,1,,,,,,,,,,,,75,64,0
53875,note_on,0,0,2,,,,,,,,,,,,65,64,0
53875,note_off,118,0,2,,,,,,,,,,,,67,64,0
53882,note_off,122,0,1,,,,,,,,,,,,75,64,0
53882,note_on,0,0,1,,,,,,,,,,,,74,64,0
53995,note_on,0,0,2,,,,,,,,,,,,74,64,0
53995,note_off,120,0,2,,,,,,,,,,,,65,64,0
54002,note_off,120,0,1,,,,,,,,,,,,74,64,0
54002,note_on,0,0,1,,,,,,,,,,,,65,64,0
54235,note_on,0,0,2,,,,,,,,,,,,75,64,0
54235,note_off,240,0,2,,,,,,,,,,,,74,64,0
54240,note_off,480,0,4,,,,,,,,,,,,39,64,0
54240,note_off,0,0,3,,,,,,,,,,,,65,64,0
54240,note_off,480,0,3,,,,,,,,,,,,62,64,0
54240,note_off,0,0,3,,,,,,,,,,,,68,64,0
54242,note_off,240,0,1,,,,,,,,,,,,65,64,0
54242,note_on,0,0,1,,,,,,,,,,,,67,64,0
54475,note_off,240,0,2,,,,,,,,,,,,75,64,0
54475,note_on,0,0,2,,,,,,,,,,,,77,64,0
54482,note_off,240,0,1,,,,,,,,,,,,67,64,0
54482,note_on,0,0,1,,,,,,,,,,,,68,64,0
54720,note_on,480,0,4,,,,,,,,,,,,51,64,0
54720,note_on,480,0,3,,,,,,,,,,,,58,40,0
54720,note_on,0,0,3,,,,,,,,,,,,65,40,0
54720,note_on,0,0,3,,,,,,,,,,,,68,40,0
54955,note_off,480,0,2,,,,,,,,,,,,77,64,0
54955,note_on,0,0,2,,,,,,,,,,,,75,64,0
54960,note_off,240,0,3,,,,,,,,,,,,58,64,0
54960,note_off,0,0,3,,,,,,,,,,,,65,64,0
54960,note_off,0,0,3,,,,,,,,,,,,68,64,0
54960,note_on,0,0,3,,,,,,,,,,,,58,40,0
54960,note_on,0,0,3,,,,,,,,,,,,63,40,0
54960,note_on,0,0,3,,,,,,,,,,,,67,40,0
54962,note_on,0,0,1,,,,,,,,,,,,67,64,0
54962,note_off,480,0,1,,,,,,,,,,,,68,64,0
55075,note_on,0,0,2,,,,,,,,,,,,68,64,0
55075,note_off,120,0,2,,,,,,,,,,,,75,64,0
55082,note_on,0,0,1,,,,,,,,,,,,72,64,0
55082,note_off,120,0,1,,,,,,,,,,,,67,64,0
55195,note_on,0,0,2,,,,,,,,,,,,68,64,0
55195,note_off,120,0,2,,,,,,,,,,,,68,64,0
55200,note_off,480,0,4,,,,,,,,,,,,51,64,0
55200,note_off,240,0,3,,,,,,,,,,,,58,64,0
55200,note_off,0,0,3,,,,,,,,,,,,67,64,0
55200,note_off,0,0,3,,,,,,,,,,,,63,64,0
55202,note_off,120,0,1,,,,,,,,,,,,72,64,0
55202,note_on,0,0,1,,,,,,,,,,,,72,64,0
55315,note_on,0,0,2,,,,,,,,,,,,67,64,0
55315,note_off,120,0,2,,,,,,,,,,,,68,64,0
55322,note_on,0,0,1,,,,,,,,,,,,70,64,0
55322,note_off,120,0,1,,,,,,,,,,,,72,64,0
55435,note_off,120,0,2,,,,,,,,,,,,67,64,0
55440,note_on,0,0,3,,,,,,,,,,,,58,40,0
55440,note_on,0,0,3,,,,,,,,,,,,62,40,0
55440,note_on,240,0,4,,,,,,,,,,,,51,64,0
55440,note_on,240,0,3,,,,,,,,,,,,56,40,0
55442,note_off,120,0,1,,,,,,,,,,,,70,64,0
55555,note_on,120,0,2,,,,,,,,,,,,62,64,0
55562,note_on,120,0,1,,,,,,,,,,,,68,64,0
55675,note_off,120,0,2,,,,,,,,,,,,62,64,0
55675,note_on,0,0,2,,,,,,,,,,,,62,64,0
55680,note_on,0,0,3,,,,,,,,,,,,63,40,0
55680,note_on,0,0,4,,,,,,,,,,,,39,64,0
55680,note_off,240,0,4,,,,,,,,,,,,51,64,0
55680,note_on,0,0,3,,,,,,,,,,,,55,40,0
55680,note_off,0,0,3,,,,,,,,,,,,58,64,0
55680,note_off,0,0,3,,,,,,,,,,,,62,64,0
55680,note_off,240,0,3,,,,,,,,,,,,56,64,0
55680,note_on,0,0,3,,,,,,,,,,,,58,40,0
55682,note_on,0,0,1,,,,,,,,,,,,68,64,0
55682,note_off,120,0,1,,,,,,,,,,,,68,64,0
55795,note_off,120,0,2,,,,,,,,,,,,62,64,0
55795,note_on,0,0,2,,,,,,,,,,,,63,64,0
55802,note_on,0,0,1,,,,,,,,,,,,67,64,0
55802,note_off,120,0,1,,,,,,,,,,,,68,64,0
55915,end_of_track,0,1,2,,,,,,,,,,,,,,
55915,note_off,120,0,2,,,,,,,,,,,,63,64,0
55922,end_of_track,0,1,1,,,,,,,,,,,,,,
55922,note_off,120,0,1,,,,,,,,,,,,67,64,0
56160,end_of_track,0,1,3,,,,,,,,,,,,,,
56160,note_off,0,0,3,,,,,,,,,,,,58,64,0
56160,note_off,0,0,3,,,,,,,,,,,,63,64,0
56160,note_off,480,0,3,,,,,,,,,,,,55,64,0
56160,note_off,480,0,4,,,,,,,,,,,,39,64,0
56160,end_of_track,0,1,4,,,,,,,,,,,,,,
