tick,type,numerator,denominator,clocks_per_click,notated_32nd_notes_per_beat,time,meta,track,key,tempo,port,program,channel,control,value,note,velocity
0,time_signature,3,4,24,8,0,1,0,,,,,,,,,
0,program_change,,,,,0,0,1,,,,0,0,,,,
0,control_change,,,,,0,0,1,,,,,0,7,100,,
0,control_change,,,,,0,0,1,,,,,0,10,45,,
0,control_change,,,,,0,0,1,,,,,0,7,98,,
0,note_on,,,,,0,0,1,,,,,0,,,72,64
0,track_name,,,,,0,1,2,,,,,,,,,
0,note_on,,,,,0,0,3,,,,,2,,,41,64
0,control_change,,,,,0,0,3,,,,,2,10,90,,
0,control_change,,,,,0,0,3,,,,,2,7,100,,
0,program_change,,,,,0,0,3,,,,0,2,,,,
0,track_name,,,,,0,1,3,,,,,,,,,
0,midi_port,,,,,0,1,3,,,0,,,,,,
0,control_change,,,,,0,0,2,,,,,1,10,58,,
0,control_change,,,,,0,0,2,,,,,1,7,100,,
0,program_change,,,,,0,0,2,,,,0,1,,,,
0,track_name,,,,,0,1,1,,,,,,,,,
0,midi_port,,,,,0,1,1,,,0,,,,,,
0,midi_port,,,,,0,1,2,,,0,,,,,,
0,key_signature,,,,,0,1,0,Ab,,,,,,,,
0,set_tempo,,,,,0,1,0,,666667,,,,,,,
0,marker,,,,,0,1,0,,,,,,,,,
0,marker,,,,,0,1,0,,,,,,,,,
30,control_change,,,,,30,0,3,,,,,2,7,96,,
30,note_on,,,,,30,0,1,,,,,0,,,72,0
30,note_on,,,,,0,0,1,,,,,0,,,70,64
60,note_on,,,,,60,0,2,,,,,1,,,60,64
60,note_on,,,,,0,0,3,,,,,2,,,53,64
60,note_on,,,,,30,0,3,,,,,2,,,41,0
60,note_on,,,,,30,0,1,,,,,0,,,70,0
60,note_on,,,,,0,0,1,,,,,0,,,68,64
80,control_change,,,,,20,0,1,,,,,0,7,99,,
90,note_on,,,,,0,0,1,,,,,0,,,67,64
90,note_on,,,,,10,0,1,,,,,0,,,68,0
90,note_on,,,,,0,0,2,,,,,1,,,58,64
90,note_on,,,,,30,0,2,,,,,1,,,60,0
120,note_on,,,,,30,0,1,,,,,0,,,67,0
120,note_on,,,,,0,0,2,,,,,1,,,56,64
120,note_on,,,,,30,0,2,,,,,1,,,58,0
120,note_on,,,,,60,0,3,,,,,2,,,53,0
120,note_on,,,,,0,0,3,,,,,2,,,53,64
122,note_on,,,,,2,0,1,,,,,0,,,68,64
150,control_change,,,,,28,0,1,,,,,0,7,100,,
150,note_on,,,,,0,0,2,,,,,1,,,58,64
150,note_on,,,,,30,0,2,,,,,1,,,56,0
150,control_change,,,,,0,0,3,,,,,2,7,97,,
150,note_on,,,,,0,0,3,,,,,2,,,55,64
150,note_on,,,,,30,0,3,,,,,2,,,53,0
180,note_on,,,,,30,0,1,,,,,0,,,65,64
180,note_on,,,,,0,0,3,,,,,2,,,56,64
180,note_on,,,,,30,0,2,,,,,1,,,58,0
180,note_on,,,,,0,0,2,,,,,1,,,60,64
180,note_on,,,,,30,0,3,,,,,2,,,55,0
182,note_on,,,,,2,0,1,,,,,0,,,68,0
200,control_change,,,,,20,0,3,,,,,2,7,98,,
210,note_on,,,,,0,0,2,,,,,1,,,58,64
210,note_on,,,,,30,0,2,,,,,1,,,60,0
210,note_on,,,,,0,0,3,,,,,2,,,55,64
210,note_on,,,,,10,0,3,,,,,2,,,56,0
240,note_on,,,,,0,0,2,,,,,1,,,56,64
240,note_on,,,,,0,0,3,,,,,2,,,53,64
240,note_on,,,,,0,0,1,,,,,0,,,73,64
240,note_on,,,,,58,0,1,,,,,0,,,65,0
240,note_on,,,,,30,0,3,,,,,2,,,55,0
240,note_on,,,,,30,0,2,,,,,1,,,58,0
250,control_change,,,,,10,0,3,,,,,2,7,99,,
270,note_on,,,,,0,0,3,,,,,2,,,51,64
270,note_on,,,,,20,0,3,,,,,2,,,53,0
290,control_change,,,,,20,0,3,,,,,2,7,100,,
300,note_on,,,,,0,0,3,,,,,2,,,49,64
300,note_on,,,,,10,0,3,,,,,2,,,51,0
300,note_on,,,,,60,0,2,,,,,1,,,56,0
300,note_on,,,,,0,0,2,,,,,1,,,53,64
330,note_on,,,,,0,0,3,,,,,2,,,48,64
330,note_on,,,,,30,0,3,,,,,2,,,49,0
340,control_change,,,,,10,0,3,,,,,2,7,101,,
350,control_change,,,,,110,0,1,,,,,0,7,100,,
360,note_on,,,,,60,0,2,,,,,1,,,53,0
360,note_on,,,,,0,0,2,,,,,1,,,61,64
360,note_on,,,,,20,0,3,,,,,2,,,48,0
360,note_on,,,,,0,0,3,,,,,2,,,46,64
380,control_change,,,,,20,0,3,,,,,2,7,102,,
390,note_on,,,,,40,0,1,,,,,0,,,73,0
390,note_on,,,,,0,0,1,,,,,0,,,72,64
400,control_change,,,,,10,0,1,,,,,0,7,101,,
420,note_on,,,,,20,0,1,,,,,0,,,72,0
420,note_on,,,,,0,0,1,,,,,0,,,70,64
420,note_on,,,,,0,0,3,,,,,2,,,55,64
420,note_on,,,,,40,0,3,,,,,2,,,46,0
430,control_change,,,,,10,0,3,,,,,2,7,103,,
450,note_on,,,,,30,0,1,,,,,0,,,70,0
450,note_on,,,,,0,0,1,,,,,0,,,69,64
450,note_on,,,,,0,0,2,,,,,1,,,60,64
450,control_change,,,,,0,0,1,,,,,0,7,102,,
450,note_on,,,,,90,0,2,,,,,1,,,61,0
470,control_change,,,,,40,0,3,,,,,2,7,104,,
479,note_on,,,,,29,0,1,,,,,0,,,70,64
480,note_on,,,,,30,0,2,,,,,1,,,60,0
480,note_on,,,,,0,0,2,,,,,1,,,58,64
480,note_on,,,,,1,0,1,,,,,0,,,69,0
500,control_change,,,,,20,0,1,,,,,0,7,103,,
510,note_on,,,,,30,0,2,,,,,1,,,58,0
510,note_on,,,,,40,0,3,,,,,2,,,55,0
510,note_on,,,,,0,0,3,,,,,2,,,56,64
510,note_on,,,,,0,0,2,,,,,1,,,60,64
520,control_change,,,,,10,0,3,,,,,2,7,105,,
536,note_on,,,,,36,0,1,,,,,0,,,67,64
539,note_on,,,,,3,0,1,,,,,0,,,70,0
540,note_on,,,,,30,0,2,,,,,1,,,60,0
540,note_on,,,,,0,0,2,,,,,1,,,61,64
540,note_on,,,,,20,0,3,,,,,2,,,56,0
540,note_on,,,,,0,0,3,,,,,2,,,58,64
550,control_change,,,,,11,0,1,,,,,0,7,104,,
560,control_change,,,,,20,0,3,,,,,2,7,106,,
570,note_on,,,,,0,0,2,,,,,1,,,60,64
570,note_on,,,,,30,0,2,,,,,1,,,61,0
570,note_on,,,,,0,0,3,,,,,2,,,56,64
570,note_on,,,,,10,0,3,,,,,2,,,58,0
596,note_on,,,,,46,0,1,,,,,0,,,67,0
600,note_on,,,,,0,0,2,,,,,1,,,58,64
600,note_on,,,,,30,0,3,,,,,2,,,56,0
600,note_on,,,,,0,0,3,,,,,2,,,55,64
600,control_change,,,,,0,0,1,,,,,0,7,105,,
600,note_on,,,,,4,0,1,,,,,0,,,76,64
600,note_on,,,,,30,0,2,,,,,1,,,60,0
610,control_change,,,,,10,0,3,,,,,2,7,107,,
630,note_on,,,,,20,0,3,,,,,2,,,55,0
630,note_on,,,,,0,0,3,,,,,2,,,53,64
650,control_change,,,,,20,0,3,,,,,2,7,108,,
650,control_change,,,,,50,0,1,,,,,0,7,106,,
660,note_on,,,,,10,0,3,,,,,2,,,53,0
660,note_on,,,,,0,0,3,,,,,2,,,52,64
660,note_on,,,,,60,0,2,,,,,1,,,58,0
660,note_on,,,,,0,0,2,,,,,1,,,55,64
690,note_on,,,,,0,0,3,,,,,2,,,50,64
690,note_on,,,,,30,0,3,,,,,2,,,52,0
700,control_change,,,,,50,0,1,,,,,0,7,107,,
700,control_change,,,,,10,0,3,,,,,2,7,109,,
720,note_on,,,,,0,0,2,,,,,1,,,64,64
720,control_change,,,,,0,0,3,,,,,2,7,109,,
720,note_on,,,,,0,0,3,,,,,2,,,48,64
720,note_on,,,,,20,0,3,,,,,2,,,50,0
720,note_on,,,,,60,0,2,,,,,1,,,55,0
750,note_on,,,,,0,0,3,,,,,2,,,50,64
750,note_on,,,,,30,0,3,,,,,2,,,48,0
750,control_change,,,,,0,0,1,,,,,0,7,108,,
750,note_on,,,,,0,0,1,,,,,0,,,77,64
750,note_on,,,,,50,0,1,,,,,0,,,76,0
770,control_change,,,,,20,0,3,,,,,2,7,110,,
780,note_on,,,,,0,0,3,,,,,2,,,52,64
780,note_on,,,,,30,0,1,,,,,0,,,77,0
780,note_on,,,,,0,0,1,,,,,0,,,79,64
780,note_on,,,,,10,0,3,,,,,2,,,50,0
800,control_change,,,,,20,0,1,,,,,0,7,109,,
810,note_on,,,,,10,0,1,,,,,0,,,79,0
810,note_on,,,,,0,0,1,,,,,0,,,80,64
810,note_on,,,,,30,0,3,,,,,2,,,52,0
810,note_on,,,,,0,0,3,,,,,2,,,53,64
820,control_change,,,,,10,0,3,,,,,2,7,111,,
840,note_on,,,,,120,0,2,,,,,1,,,64,0
840,note_on,,,,,0,0,2,,,,,1,,,64,64
840,note_on,,,,,30,0,1,,,,,0,,,80,0
840,note_on,,,,,0,0,3,,,,,2,,,55,64
840,note_on,,,,,20,0,3,,,,,2,,,53,0
841,note_on,,,,,1,0,1,,,,,0,,,82,64
850,control_change,,,,,9,0,1,,,,,0,7,110,,
870,note_on,,,,,0,0,2,,,,,1,,,65,64
870,note_on,,,,,0,0,3,,,,,2,,,56,64
870,control_change,,,,,0,0,3,,,,,2,7,112,,
870,note_on,,,,,30,0,2,,,,,1,,,64,0
870,note_on,,,,,30,0,3,,,,,2,,,55,0
890,control_change,,,,,40,0,1,,,,,0,7,111,,
900,note_on,,,,,0,0,3,,,,,2,,,58,64
900,note_on,,,,,30,0,2,,,,,1,,,65,0
900,note_on,,,,,0,0,2,,,,,1,,,67,64
900,note_on,,,,,30,0,3,,,,,2,,,56,0
900,note_on,,,,,10,0,1,,,,,0,,,79,64
901,note_on,,,,,1,0,1,,,,,0,,,82,0
910,control_change,,,,,10,0,3,,,,,2,7,113,,
930,note_on,,,,,0,0,3,,,,,2,,,55,64
930,note_on,,,,,20,0,3,,,,,2,,,58,0
930,note_on,,,,,0,0,1,,,,,0,,,76,64
930,note_on,,,,,29,0,1,,,,,0,,,79,0
960,note_on,,,,,0,0,3,,,,,2,,,53,64
960,note_on,,,,,30,0,3,,,,,2,,,55,0
960,note_on,,,,,30,0,1,,,,,0,,,76,0
961,note_on,,,,,1,0,1,,,,,0,,,73,64
990,note_on,,,,,30,0,3,,,,,2,,,53,0
990,note_on,,,,,0,0,3,,,,,2,,,52,64
1020,note_on,,,,,0,0,3,,,,,2,,,53,64
1020,note_on,,,,,30,0,3,,,,,2,,,52,0
1021,note_on,,,,,60,0,1,,,,,0,,,73,0
1021,note_on,,,,,0,0,1,,,,,0,,,72,64
1050,note_on,,,,,0,0,3,,,,,2,,,52,64
1050,note_on,,,,,30,0,3,,,,,2,,,53,0
1080,note_on,,,,,59,0,1,,,,,0,,,70,64
1080,note_on,,,,,30,0,3,,,,,2,,,52,0
1080,note_on,,,,,0,0,3,,,,,2,,,53,64
1081,note_on,,,,,1,0,1,,,,,0,,,72,0
1110,note_on,,,,,29,0,1,,,,,0,,,70,0
1110,note_on,,,,,0,0,2,,,,,1,,,65,64
1110,note_on,,,,,210,0,2,,,,,1,,,67,0
1110,note_on,,,,,0,0,1,,,,,0,,,68,64
1140,note_on,,,,,0,0,2,,,,,1,,,60,64
1140,note_on,,,,,30,0,2,,,,,1,,,65,0
1140,note_on,,,,,0,0,1,,,,,0,,,67,64
1140,note_on,,,,,30,0,1,,,,,0,,,68,0
1170,note_on,,,,,30,0,1,,,,,0,,,67,0
1170,note_on,,,,,30,0,2,,,,,1,,,60,0
1170,note_on,,,,,0,0,2,,,,,1,,,65,64
1170,note_on,,,,,0,0,1,,,,,0,,,68,64
1200,note_on,,,,,30,0,2,,,,,1,,,65,0
1200,note_on,,,,,0,0,2,,,,,1,,,67,64
1200,note_on,,,,,0,0,1,,,,,0,,,70,64
1200,note_on,,,,,30,0,1,,,,,0,,,68,0
1200,note_on,,,,,120,0,3,,,,,2,,,53,0
1230,note_on,,,,,30,0,3,,,,,2,,,48,64
1230,note_on,,,,,30,0,2,,,,,1,,,67,0
1230,note_on,,,,,0,0,2,,,,,1,,,70,64
1230,note_on,,,,,0,0,1,,,,,0,,,73,64
1230,note_on,,,,,30,0,1,,,,,0,,,70,0
1260,note_on,,,,,30,0,3,,,,,2,,,48,0
1260,note_on,,,,,30,0,1,,,,,0,,,73,0
1260,note_on,,,,,0,0,3,,,,,2,,,50,64
1260,note_on,,,,,30,0,2,,,,,1,,,70,0
1260,note_on,,,,,0,0,2,,,,,1,,,68,64
1260,note_on,,,,,0,0,1,,,,,0,,,72,64
1280,control_change,,,,,20,0,3,,,,,2,7,110,,
1290,note_on,,,,,10,0,3,,,,,2,,,50,0
1290,note_on,,,,,0,0,1,,,,,0,,,70,64
1290,note_on,,,,,30,0,1,,,,,0,,,72,0
1290,note_on,,,,,0,0,2,,,,,1,,,67,64
1290,note_on,,,,,30,0,2,,,,,1,,,68,0
1290,note_on,,,,,0,0,3,,,,,2,,,52,64
1300,control_change,,,,,10,0,3,,,,,2,7,109,,
1320,control_change,,,,,0,0,3,,,,,2,7,108,,
1320,note_on,,,,,0,0,1,,,,,0,,,68,64
1320,note_on,,,,,20,0,3,,,,,2,,,52,0
1320,note_on,,,,,30,0,2,,,,,1,,,67,0
1320,note_on,,,,,0,0,2,,,,,1,,,65,64
1320,note_on,,,,,30,0,1,,,,,0,,,70,0
1320,note_on,,,,,0,0,3,,,,,2,,,53,64
1330,control_change,,,,,10,0,3,,,,,2,7,107,,
1350,note_on,,,,,0,0,3,,,,,2,,,55,64
1350,control_change,,,,,0,0,3,,,,,2,7,106,,
1350,note_on,,,,,20,0,3,,,,,2,,,53,0
1350,note_on,,,,,30,0,1,,,,,0,,,68,0
1350,note_on,,,,,30,0,2,,,,,1,,,65,0
1350,note_on,,,,,0,0,2,,,,,1,,,58,64
1350,note_on,,,,,0,0,1,,,,,0,,,67,64
1360,control_change,,,,,10,0,3,,,,,2,7,105,,
1380,note_on,,,,,30,0,2,,,,,1,,,58,0
1380,note_on,,,,,0,0,2,,,,,1,,,60,64
1380,note_on,,,,,30,0,1,,,,,0,,,67,0
1380,note_on,,,,,20,0,3,,,,,2,,,55,0
1380,note_on,,,,,0,0,3,,,,,2,,,56,64
1380,control_change,,,,,0,0,3,,,,,2,7,104,,
1380,note_on,,,,,0,0,1,,,,,0,,,65,64
1390,control_change,,,,,10,0,3,,,,,2,7,103,,
1410,note_on,,,,,30,0,2,,,,,1,,,60,0
1410,note_on,,,,,20,0,3,,,,,2,,,56,0
1410,note_on,,,,,0,0,3,,,,,2,,,58,64
1410,note_on,,,,,0,0,2,,,,,1,,,61,64
1410,control_change,,,,,0,0,3,,,,,2,7,102,,
1410,note_on,,,,,0,0,1,,,,,0,,,64,64
1410,note_on,,,,,30,0,1,,,,,0,,,65,0
1420,control_change,,,,,10,0,3,,,,,2,7,101,,
1440,note_on,,,,,30,0,1,,,,,0,,,64,0
1440,note_on,,,,,0,0,1,,,,,0,,,68,64
1440,note_on,,,,,30,0,2,,,,,1,,,61,0
1440,note_on,,,,,0,0,2,,,,,1,,,53,64
1440,note_on,,,,,20,0,3,,,,,2,,,58,0
1440,note_on,,,,,0,0,3,,,,,2,,,60,64
1440,control_change,,,,,0,0,3,,,,,2,7,100,,
1450,control_change,,,,,10,0,3,,,,,2,7,99,,
1460,control_change,,,,,20,0,1,,,,,0,7,97,,
1470,note_on,,,,,0,0,3,,,,,2,,,58,64
1470,note_on,,,,,20,0,3,,,,,2,,,60,0
1470,control_change,,,,,0,0,3,,,,,2,7,98,,
1480,control_change,,,,,10,0,3,,,,,2,7,97,,
1500,note_on,,,,,0,0,1,,,,,0,,,77,64
1500,note_on,,,,,20,0,3,,,,,2,,,58,0
1500,note_on,,,,,0,0,3,,,,,2,,,56,64
1500,note_on,,,,,40,0,1,,,,,0,,,68,0
1500,note_on,,,,,0,0,2,,,,,1,,,72,64
1500,note_on,,,,,60,0,2,,,,,1,,,53,0
1520,control_change,,,,,20,0,3,,,,,2,7,96,,
1530,note_on,,,,,0,0,3,,,,,2,,,55,64
1530,note_on,,,,,10,0,3,,,,,2,,,56,0
1530,note_on,,,,,0,0,2,,,,,1,,,70,64
1530,note_on,,,,,30,0,2,,,,,1,,,72,0
1560,note_on,,,,,30,0,3,,,,,2,,,55,0
1560,note_on,,,,,0,0,3,,,,,2,,,56,64
1560,note_on,,,,,0,0,2,,,,,1,,,68,64
1560,note_on,,,,,30,0,2,,,,,1,,,70,0
1570,control_change,,,,,10,0,3,,,,,2,7,97,,
1590,note_on,,,,,90,0,1,,,,,0,,,77,0
1590,note_on,,,,,0,0,2,,,,,1,,,70,64
1590,note_on,,,,,0,0,1,,,,,0,,,79,64
1590,note_on,,,,,30,0,2,,,,,1,,,68,0
1620,note_on,,,,,0,0,3,,,,,2,,,41,64
1620,note_on,,,,,0,0,2,,,,,1,,,72,64
1620,note_on,,,,,0,0,1,,,,,0,,,80,64
1620,note_on,,,,,30,0,1,,,,,0,,,79,0
1620,note_on,,,,,50,0,3,,,,,2,,,56,0
1620,note_on,,,,,30,0,2,,,,,1,,,70,0
1620,control_change,,,,,0,0,3,,,,,2,7,98,,
1650,note_on,,,,,0,0,2,,,,,1,,,70,64
1650,note_on,,,,,30,0,2,,,,,1,,,72,0
1650,note_on,,,,,30,0,1,,,,,0,,,80,0
1650,note_on,,,,,0,0,1,,,,,0,,,79,64
1670,control_change,,,,,50,0,3,,,,,2,7,99,,
1680,note_on,,,,,10,0,3,,,,,2,,,41,0
1680,note_on,,,,,0,0,2,,,,,1,,,68,64
1680,note_on,,,,,30,0,2,,,,,1,,,70,0
1680,note_on,,,,,0,0,1,,,,,0,,,77,64
1680,note_on,,,,,0,0,3,,,,,2,,,49,64
1680,note_on,,,,,30,0,1,,,,,0,,,79,0
1710,note_on,,,,,0,0,1,,,,,0,,,75,64
1710,note_on,,,,,0,0,2,,,,,1,,,67,64
1710,note_on,,,,,30,0,1,,,,,0,,,77,0
1710,note_on,,,,,30,0,2,,,,,1,,,68,0
1720,control_change,,,,,40,0,3,,,,,2,7,100,,
1740,note_on,,,,,30,0,2,,,,,1,,,67,0
1740,note_on,,,,,0,0,1,,,,,0,,,73,64
1740,note_on,,,,,30,0,1,,,,,0,,,75,0
1740,note_on,,,,,0,0,2,,,,,1,,,65,64
1770,control_change,,,,,50,0,3,,,,,2,7,101,,
1770,note_on,,,,,0,0,1,,,,,0,,,72,64
1770,note_on,,,,,30,0,1,,,,,0,,,73,0
1790,control_change,,,,,20,0,1,,,,,0,7,97,,
1800,note_on,,,,,10,0,1,,,,,0,,,72,0
1801,note_on,,,,,1,0,1,,,,,0,,,70,64
1820,control_change,,,,,50,0,3,,,,,2,7,102,,
1830,note_on,,,,,10,0,3,,,,,2,,,49,0
1830,note_on,,,,,0,0,3,,,,,2,,,48,64
1830,control_change,,,,,29,0,1,,,,,0,7,98,,
1860,note_on,,,,,30,0,1,,,,,0,,,79,64
1860,note_on,,,,,30,0,3,,,,,2,,,48,0
1860,note_on,,,,,0,0,3,,,,,2,,,46,64
1860,control_change,,,,,0,0,3,,,,,2,7,103,,
1860,control_change,,,,,0,0,1,,,,,0,7,99,,
1860,note_on,,,,,0,0,2,,,,,1,,,73,64
1860,note_on,,,,,120,0,2,,,,,1,,,65,0
1861,note_on,,,,,1,0,1,,,,,0,,,70,0
1890,note_on,,,,,30,0,3,,,,,2,,,46,0
1890,note_on,,,,,0,0,3,,,,,2,,,45,64
1890,note_on,,,,,0,0,2,,,,,1,,,72,64
1890,note_on,,,,,30,0,2,,,,,1,,,73,0
1900,control_change,,,,,39,0,1,,,,,0,7,100,,
1910,control_change,,,,,20,0,3,,,,,2,7,104,,
1920,note_on,,,,,0,0,3,,,,,2,,,46,64
1920,note_on,,,,,10,0,3,,,,,2,,,45,0
1920,note_on,,,,,0,0,2,,,,,1,,,70,64
1920,note_on,,,,,30,0,2,,,,,1,,,72,0
1930,control_change,,,,,30,0,1,,,,,0,7,101,,
1950,note_on,,,,,30,0,2,,,,,1,,,70,0
1950,note_on,,,,,0,0,2,,,,,1,,,72,64
1950,note_on,,,,,0,0,1,,,,,0,,,80,64
1950,note_on,,,,,20,0,1,,,,,0,,,79,0
1960,control_change,,,,,40,0,3,,,,,2,7,105,,
1970,control_change,,,,,20,0,1,,,,,0,7,102,,
1980,note_on,,,,,30,0,2,,,,,1,,,72,0
1980,note_on,,,,,0,0,2,,,,,1,,,73,64
1980,note_on,,,,,0,0,3,,,,,2,,,43,64
1980,note_on,,,,,10,0,1,,,,,0,,,80,0
1980,note_on,,,,,20,0,3,,,,,2,,,46,0
1980,note_on,,,,,0,0,1,,,,,0,,,82,64
2000,control_change,,,,,20,0,1,,,,,0,7,103,,
2010,control_change,,,,,30,0,3,,,,,2,7,106,,
2010,note_on,,,,,10,0,1,,,,,0,,,82,0
2010,note_on,,,,,0,0,2,,,,,1,,,72,64
2010,note_on,,,,,30,0,2,,,,,1,,,73,0
2010,note_on,,,,,0,0,1,,,,,0,,,80,64
2040,note_on,,,,,0,0,2,,,,,1,,,70,64
2040,note_on,,,,,30,0,3,,,,,2,,,43,0
2040,note_on,,,,,0,0,3,,,,,2,,,52,64
2040,control_change,,,,,0,0,1,,,,,0,7,104,,
2040,note_on,,,,,0,0,1,,,,,0,,,79,64
2040,note_on,,,,,30,0,1,,,,,0,,,80,0
2040,note_on,,,,,30,0,2,,,,,1,,,72,0
2060,control_change,,,,,20,0,3,,,,,2,7,107,,
2070,note_on,,,,,30,0,2,,,,,1,,,70,0
2070,note_on,,,,,0,0,2,,,,,1,,,68,64
2070,control_change,,,,,0,0,1,,,,,0,7,105,,
2070,note_on,,,,,0,0,1,,,,,0,,,77,64
2070,note_on,,,,,30,0,1,,,,,0,,,79,0
2100,note_on,,,,,0,0,1,,,,,0,,,76,64
2100,note_on,,,,,30,0,2,,,,,1,,,68,0
2100,note_on,,,,,0,0,2,,,,,1,,,67,64
2100,note_on,,,,,30,0,1,,,,,0,,,77,0
2110,control_change,,,,,10,0,1,,,,,0,7,106,,
2110,control_change,,,,,50,0,3,,,,,2,7,108,,
2130,note_on,,,,,0,0,1,,,,,0,,,74,64
2130,note_on,,,,,20,0,1,,,,,0,,,76,0
2140,control_change,,,,,10,0,1,,,,,0,7,107,,
2160,note_on,,,,,20,0,1,,,,,0,,,74,0
2160,note_on,,,,,0,0,1,,,,,0,,,72,64
2160,control_change,,,,,50,0,3,,,,,2,7,109,,
2180,control_change,,,,,20,0,1,,,,,0,7,108,,
2190,note_on,,,,,0,0,1,,,,,0,,,74,64
2190,note_on,,,,,10,0,1,,,,,0,,,72,0
2190,note_on,,,,,30,0,3,,,,,2,,,52,0
2190,note_on,,,,,0,0,3,,,,,2,,,53,64
2200,control_change,,,,,10,0,3,,,,,2,7,110,,
2210,control_change,,,,,20,0,1,,,,,0,7,109,,
2220,note_on,,,,,0,0,2,,,,,1,,,70,64
2220,note_on,,,,,0,0,1,,,,,0,,,76,64
2220,note_on,,,,,10,0,1,,,,,0,,,74,0
2220,note_on,,,,,20,0,3,,,,,2,,,53,0
2220,note_on,,,,,0,0,3,,,,,2,,,55,64
2220,note_on,,,,,120,0,2,,,,,1,,,67,0
2250,note_on,,,,,30,0,3,,,,,2,,,55,0
2250,note_on,,,,,0,0,3,,,,,2,,,56,64
2250,note_on,,,,,0,0,1,,,,,0,,,77,64
2250,note_on,,,,,30,0,1,,,,,0,,,76,0
2250,control_change,,,,,0,0,1,,,,,0,7,110,,
2280,control_change,,,,,0,0,1,,,,,0,7,111,,
2280,note_on,,,,,0,0,1,,,,,0,,,79,64
2280,note_on,,,,,30,0,3,,,,,2,,,56,0
2280,note_on,,,,,30,0,1,,,,,0,,,77,0
2280,note_on,,,,,0,0,3,,,,,2,,,58,64
2280,note_on,,,,,60,0,2,,,,,1,,,70,0
2280,note_on,,,,,0,0,2,,,,,1,,,61,64
2310,note_on,,,,,0,0,1,,,,,0,,,80,64
2310,note_on,,,,,30,0,1,,,,,0,,,79,0
2320,control_change,,,,,10,0,1,,,,,0,7,112,,
2340,note_on,,,,,0,0,1,,,,,0,,,82,64
2340,note_on,,,,,20,0,1,,,,,0,,,80,0
2340,note_on,,,,,60,0,3,,,,,2,,,58,0
2340,note_on,,,,,0,0,3,,,,,2,,,55,64
2350,control_change,,,,,10,0,1,,,,,0,7,113,,
2370,note_on,,,,,0,0,3,,,,,2,,,52,64
2370,note_on,,,,,0,0,1,,,,,0,,,79,64
2370,note_on,,,,,30,0,3,,,,,2,,,55,0
2370,note_on,,,,,20,0,1,,,,,0,,,82,0
2400,note_on,,,,,30,0,3,,,,,2,,,52,0
2400,note_on,,,,,0,0,1,,,,,0,,,77,64
2400,note_on,,,,,120,0,2,,,,,1,,,61,0
2400,note_on,,,,,0,0,3,,,,,2,,,49,64
2400,note_on,,,,,0,0,2,,,,,1,,,70,64
2400,note_on,,,,,30,0,1,,,,,0,,,79,0
2430,note_on,,,,,0,0,1,,,,,0,,,76,64
2430,note_on,,,,,0,0,2,,,,,1,,,67,64
2430,note_on,,,,,30,0,1,,,,,0,,,77,0
2430,note_on,,,,,30,0,2,,,,,1,,,70,0
2460,note_on,,,,,30,0,1,,,,,0,,,76,0
2460,note_on,,,,,0,0,1,,,,,0,,,77,64
2460,note_on,,,,,60,0,3,,,,,2,,,49,0
2460,note_on,,,,,0,0,3,,,,,2,,,48,64
2460,note_on,,,,,30,0,2,,,,,1,,,67,0
2460,note_on,,,,,0,0,2,,,,,1,,,68,64
2490,note_on,,,,,30,0,2,,,,,1,,,68,0
2490,note_on,,,,,0,0,2,,,,,1,,,67,64
2490,note_on,,,,,0,0,1,,,,,0,,,76,64
2490,note_on,,,,,30,0,1,,,,,0,,,77,0
2520,note_on,,,,,0,0,2,,,,,1,,,60,64
2520,note_on,,,,,0,0,1,,,,,0,,,77,64
2520,note_on,,,,,30,0,1,,,,,0,,,76,0
2520,note_on,,,,,0,0,3,,,,,2,,,46,64
2520,note_on,,,,,60,0,3,,,,,2,,,48,0
2520,note_on,,,,,30,0,2,,,,,1,,,67,0
2530,control_change,,,,,10,0,1,,,,,0,7,112,,
2550,note_on,,,,,0,0,2,,,,,1,,,62,64
2550,note_on,,,,,30,0,3,,,,,2,,,46,0
2550,control_change,,,,,20,0,1,,,,,0,7,111,,
2550,note_on,,,,,0,0,3,,,,,2,,,44,64
2550,note_on,,,,,30,0,2,,,,,1,,,60,0
2560,control_change,,,,,10,0,1,,,,,0,7,110,,
2570,control_change,,,,,10,0,1,,,,,0,7,109,,
2580,note_on,,,,,30,0,3,,,,,2,,,44,0
2580,note_on,,,,,0,0,3,,,,,2,,,43,64
2580,note_on,,,,,0,0,2,,,,,1,,,64,64
2580,note_on,,,,,10,0,1,,,,,0,,,77,0
2580,note_on,,,,,0,0,1,,,,,0,,,72,64
2580,control_change,,,,,0,0,1,,,,,0,7,108,,
2580,note_on,,,,,30,0,2,,,,,1,,,62,0
2590,control_change,,,,,10,0,1,,,,,0,7,107,,
2600,control_change,,,,,10,0,1,,,,,0,7,106,,
2610,note_on,,,,,30,0,2,,,,,1,,,64,0
2610,note_on,,,,,0,0,2,,,,,1,,,65,64
2610,note_on,,,,,30,0,3,,,,,2,,,43,0
2610,note_on,,,,,0,0,3,,,,,2,,,44,64
2620,control_change,,,,,20,0,1,,,,,0,7,105,,
2630,control_change,,,,,10,0,1,,,,,0,7,104,,
2630,control_change,,,,,20,0,3,,,,,2,7,109,,
2640,note_on,,,,,10,0,3,,,,,2,,,44,0
2640,note_on,,,,,0,0,3,,,,,2,,,46,64
2640,note_on,,,,,0,0,2,,,,,1,,,61,64
2640,note_on,,,,,30,0,2,,,,,1,,,65,0
2640,control_change,,,,,10,0,1,,,,,0,7,103,,
2650,control_change,,,,,10,0,3,,,,,2,7,108,,
2650,control_change,,,,,10,0,1,,,,,0,7,102,,
2660,control_change,,,,,10,0,1,,,,,0,7,101,,
2660,control_change,,,,,10,0,3,,,,,2,7,107,,
2670,note_on,,,,,0,0,3,,,,,2,,,49,64
2670,note_on,,,,,10,0,3,,,,,2,,,46,0
2670,control_change,,,,,0,0,3,,,,,2,7,106,,
2670,note_on,,,,,0,0,1,,,,,0,,,70,64
2670,note_on,,,,,10,0,1,,,,,0,,,72,0
2670,control_change,,,,,0,0,1,,,,,0,7,100,,
2680,control_change,,,,,10,0,3,,,,,2,7,105,,
2690,control_change,,,,,20,0,1,,,,,0,7,99,,
2700,control_change,,,,,0,0,3,,,,,2,7,104,,
2700,note_on,,,,,0,0,3,,,,,2,,,48,64
2700,note_on,,,,,20,0,3,,,,,2,,,49,0
2700,control_change,,,,,0,0,1,,,,,0,7,98,,
2700,note_on,,,,,0,0,1,,,,,0,,,68,64
2700,note_on,,,,,10,0,1,,,,,0,,,70,0
2710,control_change,,,,,10,0,3,,,,,2,7,103,,
2710,control_change,,,,,10,0,1,,,,,0,7,97,,
2720,control_change,,,,,10,0,3,,,,,2,7,102,,
2720,control_change,,,,,10,0,1,,,,,0,7,96,,
2730,control_change,,,,,0,0,1,,,,,0,7,95,,
2730,note_on,,,,,10,0,1,,,,,0,,,68,0
2730,note_on,,,,,0,0,1,,,,,0,,,67,64
2730,control_change,,,,,0,0,3,,,,,2,7,101,,
2730,note_on,,,,,0,0,3,,,,,2,,,46,64
2730,note_on,,,,,10,0,3,,,,,2,,,48,0
2740,control_change,,,,,10,0,1,,,,,0,7,94,,
2750,control_change,,,,,10,0,1,,,,,0,7,93,,
2750,control_change,,,,,20,0,3,,,,,2,7,100,,
2760,note_on,,,,,120,0,2,,,,,1,,,61,0
2760,note_on,,,,,0,0,2,,,,,1,,,60,64
2760,note_on,,,,,0,0,1,,,,,0,,,65,64
2760,note_on,,,,,10,0,1,,,,,0,,,67,0
2760,note_on,,,,,10,0,3,,,,,2,,,46,0
2760,note_on,,,,,0,0,3,,,,,2,,,44,64
2760,control_change,,,,,0,0,3,,,,,2,7,99,,
2770,control_change,,,,,10,0,1,,,,,0,7,92,,
2770,control_change,,,,,10,0,3,,,,,2,7,98,,
2780,control_change,,,,,10,0,1,,,,,0,7,91,,
2780,control_change,,,,,10,0,3,,,,,2,7,97,,
2790,note_on,,,,,10,0,3,,,,,2,,,44,0
2790,control_change,,,,,0,0,3,,,,,2,7,96,,
2790,note_on,,,,,0,0,1,,,,,0,,,64,64
2790,control_change,,,,,0,0,1,,,,,0,7,90,,
2790,note_on,,,,,0,0,3,,,,,2,,,43,64
2790,note_on,,,,,10,0,1,,,,,0,,,65,0
2800,control_change,,,,,10,0,1,,,,,0,7,89,,
2810,control_change,,,,,20,0,3,,,,,2,7,95,,
2810,control_change,,,,,10,0,1,,,,,0,7,88,,
2820,note_on,,,,,10,0,1,,,,,0,,,64,0
2820,note_on,,,,,0,0,1,,,,,0,,,68,64
2820,control_change,,,,,0,0,1,,,,,0,7,87,,
2820,note_on,,,,,10,0,3,,,,,2,,,43,0
2820,control_change,,,,,0,0,3,,,,,2,7,94,,
2820,note_on,,,,,0,0,3,,,,,2,,,41,64
2830,control_change,,,,,10,0,3,,,,,2,7,93,,
2840,control_change,,,,,10,0,3,,,,,2,7,92,,
2840,control_change,,,,,20,0,1,,,,,0,7,86,,
2850,note_on,,,,,0,0,3,,,,,2,,,40,64
2850,note_on,,,,,10,0,3,,,,,2,,,41,0
2850,note_on,,,,,10,0,1,,,,,0,,,68,0
2850,note_on,,,,,0,0,1,,,,,0,,,67,64
2850,control_change,,,,,0,0,1,,,,,0,7,85,,
2860,control_change,,,,,10,0,3,,,,,2,7,91,,
2860,control_change,,,,,10,0,1,,,,,0,7,84,,
2870,control_change,,,,,10,0,3,,,,,2,7,90,,
2870,control_change,,,,,10,0,1,,,,,0,7,83,,
2880,note_on,,,,,10,0,1,,,,,0,,,67,0
2880,note_on,,,,,0,0,3,,,,,2,,,44,64
2880,control_change,,,,,0,0,3,,,,,2,7,89,,
2880,note_on,,,,,10,0,3,,,,,2,,,40,0
2880,note_on,,,,,0,0,1,,,,,0,,,72,64
2880,control_change,,,,,0,0,1,,,,,0,7,82,,
2890,control_change,,,,,10,0,3,,,,,2,7,88,,
2890,control_change,,,,,10,0,1,,,,,0,7,81,,
2900,control_change,,,,,10,0,3,,,,,2,7,87,,
2900,control_change,,,,,10,0,1,,,,,0,7,80,,
2910,note_on,,,,,0,0,1,,,,,0,,,70,64
2910,note_on,,,,,10,0,1,,,,,0,,,72,0
2940,note_on,,,,,0,0,2,,,,,1,,,72,64
2940,note_on,,,,,180,0,2,,,,,1,,,60,0
2940,note_on,,,,,0,0,1,,,,,0,,,68,64
2940,note_on,,,,,30,0,1,,,,,0,,,70,0
2940,note_on,,,,,0,0,3,,,,,2,,,53,64
2940,note_on,,,,,40,0,3,,,,,2,,,44,0
2970,note_on,,,,,30,0,1,,,,,0,,,68,0
2970,note_on,,,,,0,0,1,,,,,0,,,67,64
2970,note_on,,,,,30,0,2,,,,,1,,,72,0
2970,note_on,,,,,0,0,2,,,,,1,,,70,64
2995,note_on,,,,,25,0,1,,,,,0,,,68,64
3000,note_on,,,,,5,0,1,,,,,0,,,67,0
3000,note_on,,,,,0,0,2,,,,,1,,,68,64
3000,note_on,,,,,30,0,2,,,,,1,,,70,0
3020,control_change,,,,,80,0,3,,,,,2,7,87,,
3030,note_on,,,,,30,0,2,,,,,1,,,68,0
3030,note_on,,,,,10,0,3,,,,,2,,,53,0
3030,note_on,,,,,0,0,3,,,,,2,,,55,64
3030,note_on,,,,,0,0,2,,,,,1,,,70,64
3055,note_on,,,,,55,0,1,,,,,0,,,68,0
3057,note_on,,,,,2,0,1,,,,,0,,,65,64
3060,note_on,,,,,0,0,2,,,,,1,,,72,64
3060,note_on,,,,,30,0,3,,,,,2,,,55,0
3060,note_on,,,,,0,0,3,,,,,2,,,56,64
3060,note_on,,,,,30,0,2,,,,,1,,,70,0
3090,note_on,,,,,30,0,2,,,,,1,,,72,0
3090,note_on,,,,,0,0,2,,,,,1,,,70,64
3090,note_on,,,,,30,0,3,,,,,2,,,56,0
3090,note_on,,,,,0,0,3,,,,,2,,,55,64
3090,control_change,,,,,33,0,1,,,,,0,7,79,,
3100,control_change,,,,,10,0,3,,,,,2,7,88,,
3117,note_on,,,,,27,0,1,,,,,0,,,65,0
3120,note_on,,,,,0,0,3,,,,,2,,,53,64
3120,note_on,,,,,20,0,3,,,,,2,,,55,0
3120,note_on,,,,,0,0,2,,,,,1,,,68,64
3120,note_on,,,,,30,0,2,,,,,1,,,70,0
3120,note_on,,,,,3,0,1,,,,,0,,,80,64
3150,control_change,,,,,30,0,1,,,,,0,7,80,,
3150,note_on,,,,,0,0,3,,,,,2,,,51,64
3150,note_on,,,,,30,0,3,,,,,2,,,53,0
3180,control_change,,,,,0,0,3,,,,,2,7,89,,
3180,note_on,,,,,0,0,3,,,,,2,,,50,64
3180,note_on,,,,,30,0,3,,,,,2,,,51,0
3180,note_on,,,,,0,0,2,,,,,1,,,65,64
3180,note_on,,,,,60,0,2,,,,,1,,,68,0
3200,control_change,,,,,50,0,1,,,,,0,7,81,,
3210,note_on,,,,,30,0,3,,,,,2,,,50,0
3210,note_on,,,,,0,0,3,,,,,2,,,48,64
3240,note_on,,,,,0,0,2,,,,,1,,,74,64
3240,note_on,,,,,60,0,2,,,,,1,,,65,0
3240,note_on,,,,,30,0,3,,,,,2,,,48,0
3240,note_on,,,,,0,0,3,,,,,2,,,47,64
3250,control_change,,,,,50,0,1,,,,,0,7,82,,
3260,control_change,,,,,20,0,3,,,,,2,7,90,,
3270,note_on,,,,,0,0,1,,,,,0,,,79,64
3270,note_on,,,,,20,0,1,,,,,0,,,80,0
3300,note_on,,,,,60,0,2,,,,,1,,,74,0
3300,note_on,,,,,40,0,3,,,,,2,,,47,0
3300,note_on,,,,,0,0,3,,,,,2,,,56,64
3300,note_on,,,,,0,0,1,,,,,0,,,77,64
3300,note_on,,,,,30,0,1,,,,,0,,,79,0
3300,note_on,,,,,0,0,2,,,,,1,,,62,64
3310,control_change,,,,,10,0,1,,,,,0,7,83,,
3330,note_on,,,,,0,0,1,,,,,0,,,76,64
3330,note_on,,,,,20,0,1,,,,,0,,,77,0
3330,control_change,,,,,30,0,3,,,,,2,7,91,,
3356,note_on,,,,,26,0,1,,,,,0,,,77,64
3360,note_on,,,,,4,0,1,,,,,0,,,76,0
3360,control_change,,,,,0,0,1,,,,,0,7,84,,
3390,note_on,,,,,0,0,3,,,,,2,,,55,64
3390,note_on,,,,,60,0,3,,,,,2,,,56,0
3410,control_change,,,,,20,0,3,,,,,2,7,92,,
3410,control_change,,,,,50,0,1,,,,,0,7,85,,
3416,note_on,,,,,6,0,1,,,,,0,,,77,0
3420,note_on,,,,,0,0,3,,,,,2,,,53,64
3420,note_on,,,,,10,0,3,,,,,2,,,55,0
3420,note_on,,,,,120,0,2,,,,,1,,,62,0
3420,note_on,,,,,0,0,2,,,,,1,,,68,64
3420,note_on,,,,,4,0,1,,,,,0,,,74,64
3450,note_on,,,,,0,0,2,,,,,1,,,67,64
3450,note_on,,,,,30,0,3,,,,,2,,,53,0
3450,note_on,,,,,0,0,3,,,,,2,,,51,64
3450,note_on,,,,,30,0,2,,,,,1,,,68,0
3470,control_change,,,,,50,0,1,,,,,0,7,86,,
3480,note_on,,,,,30,0,2,,,,,1,,,67,0
3480,note_on,,,,,0,0,2,,,,,1,,,65,64
3480,note_on,,,,,10,0,1,,,,,0,,,74,0
3480,note_on,,,,,0,0,1,,,,,0,,,71,64
3480,note_on,,,,,30,0,3,,,,,2,,,51,0
3480,note_on,,,,,0,0,3,,,,,2,,,50,64
3490,control_change,,,,,10,0,3,,,,,2,7,93,,
3510,note_on,,,,,0,0,3,,,,,2,,,48,64
3510,note_on,,,,,20,0,3,,,,,2,,,50,0
3520,control_change,,,,,40,0,1,,,,,0,7,87,,
3540,note_on,,,,,0,0,3,,,,,2,,,47,64
3540,note_on,,,,,30,0,3,,,,,2,,,48,0
3540,note_on,,,,,60,0,2,,,,,1,,,65,0
3540,note_on,,,,,0,0,2,,,,,1,,,62,64
3560,control_change,,,,,20,0,3,,,,,2,7,94,,
3570,note_on,,,,,0,0,3,,,,,2,,,45,64
3570,note_on,,,,,10,0,3,,,,,2,,,47,0
3570,control_change,,,,,50,0,1,,,,,0,7,88,,
3600,note_on,,,,,0,0,3,,,,,2,,,43,64
3600,note_on,,,,,30,0,3,,,,,2,,,45,0
3630,control_change,,,,,0,0,1,,,,,0,7,89,,
3630,note_on,,,,,0,0,1,,,,,0,,,72,64
3630,note_on,,,,,60,0,1,,,,,0,,,71,0
3630,note_on,,,,,0,0,3,,,,,2,,,45,64
3630,note_on,,,,,30,0,3,,,,,2,,,43,0
3640,control_change,,,,,10,0,3,,,,,2,7,95,,
3660,note_on,,,,,0,0,1,,,,,0,,,74,64
3660,note_on,,,,,30,0,1,,,,,0,,,72,0
3660,note_on,,,,,0,0,3,,,,,2,,,47,64
3660,note_on,,,,,120,0,2,,,,,1,,,62,0
3660,note_on,,,,,20,0,3,,,,,2,,,45,0
3660,note_on,,,,,0,0,2,,,,,1,,,68,64
3680,control_change,,,,,20,0,1,,,,,0,7,90,,
3690,note_on,,,,,10,0,1,,,,,0,,,74,0
3690,note_on,,,,,0,0,1,,,,,0,,,75,64
3690,note_on,,,,,30,0,3,,,,,2,,,47,0
3690,note_on,,,,,0,0,3,,,,,2,,,48,64
3718,note_on,,,,,28,0,1,,,,,0,,,77,64
3720,note_on,,,,,2,0,1,,,,,0,,,75,0
3720,note_on,,,,,0,0,3,,,,,2,,,50,64
3720,control_change,,,,,0,0,3,,,,,2,7,96,,
3720,note_on,,,,,30,0,3,,,,,2,,,48,0
3730,control_change,,,,,10,0,1,,,,,0,7,91,,
3750,note_on,,,,,0,0,3,,,,,2,,,51,64
3750,note_on,,,,,30,0,3,,,,,2,,,50,0
3778,note_on,,,,,48,0,1,,,,,0,,,77,0
3780,note_on,,,,,0,0,2,,,,,1,,,68,64
3780,note_on,,,,,2,0,1,,,,,0,,,74,64
3780,note_on,,,,,120,0,2,,,,,1,,,68,0
3780,note_on,,,,,30,0,3,,,,,2,,,51,0
3780,note_on,,,,,0,0,3,,,,,2,,,53,64
3790,control_change,,,,,10,0,1,,,,,0,7,92,,
3800,control_change,,,,,20,0,3,,,,,2,7,97,,
3810,note_on,,,,,0,0,2,,,,,1,,,65,64
3810,note_on,,,,,0,0,1,,,,,0,,,71,64
3810,note_on,,,,,20,0,1,,,,,0,,,74,0
3810,note_on,,,,,0,0,3,,,,,2,,,50,64
3810,note_on,,,,,10,0,3,,,,,2,,,53,0
3810,note_on,,,,,30,0,2,,,,,1,,,68,0
3838,note_on,,,,,28,0,1,,,,,0,,,68,64
3840,note_on,,,,,2,0,1,,,,,0,,,71,0
3840,control_change,,,,,0,0,1,,,,,0,7,93,,
3840,note_on,,,,,30,0,3,,,,,2,,,50,0
3840,note_on,,,,,0,0,3,,,,,2,,,48,64
3870,note_on,,,,,60,0,2,,,,,1,,,65,0
3870,note_on,,,,,0,0,2,,,,,1,,,62,64
3870,note_on,,,,,30,0,3,,,,,2,,,48,0
3870,note_on,,,,,0,0,3,,,,,2,,,47,64
3870,control_change,,,,,0,0,3,,,,,2,7,98,,
3890,control_change,,,,,50,0,1,,,,,0,7,94,,
3898,note_on,,,,,8,0,1,,,,,0,,,68,0
3900,note_on,,,,,0,0,2,,,,,1,,,63,64
3900,note_on,,,,,2,0,1,,,,,0,,,67,64
3900,note_on,,,,,30,0,2,,,,,1,,,62,0
3900,note_on,,,,,30,0,3,,,,,2,,,47,0
3900,note_on,,,,,0,0,3,,,,,2,,,48,64
3930,note_on,,,,,30,0,2,,,,,1,,,63,0
3930,note_on,,,,,0,0,2,,,,,1,,,62,64
3930,note_on,,,,,0,0,3,,,,,2,,,47,64
3930,note_on,,,,,30,0,3,,,,,2,,,48,0
3950,control_change,,,,,20,0,3,,,,,2,7,99,,
3950,control_change,,,,,50,0,1,,,,,0,7,95,,
3960,note_on,,,,,10,0,3,,,,,2,,,47,0
3960,note_on,,,,,0,0,3,,,,,2,,,51,64
3960,note_on,,,,,0,0,2,,,,,1,,,60,64
3960,note_on,,,,,30,0,2,,,,,1,,,62,0
3990,note_on,,,,,0,0,1,,,,,0,,,65,64
3990,note_on,,,,,40,0,1,,,,,0,,,67,0
4000,control_change,,,,,10,0,1,,,,,0,7,96,,
4020,note_on,,,,,60,0,3,,,,,2,,,51,0
4020,note_on,,,,,0,0,3,,,,,2,,,48,64
4020,note_on,,,,,20,0,1,,,,,0,,,65,0
4020,note_on,,,,,0,0,1,,,,,0,,,63,64
4020,note_on,,,,,60,0,2,,,,,1,,,60,0
4020,note_on,,,,,0,0,2,,,,,1,,,67,64
4030,control_change,,,,,10,0,3,,,,,2,7,100,,
4050,control_change,,,,,0,0,1,,,,,0,7,97,,
4050,note_on,,,,,30,0,1,,,,,0,,,63,0
4050,note_on,,,,,0,0,1,,,,,0,,,62,64
4050,note_on,,,,,30,0,2,,,,,1,,,67,0
4050,note_on,,,,,0,0,2,,,,,1,,,65,64
4078,note_on,,,,,28,0,1,,,,,0,,,63,64
4080,note_on,,,,,2,0,1,,,,,0,,,62,0
4080,note_on,,,,,30,0,2,,,,,1,,,65,0
4080,note_on,,,,,0,0,2,,,,,1,,,67,64
4100,control_change,,,,,70,0,3,,,,,2,7,101,,
4110,note_on,,,,,30,0,2,,,,,1,,,67,0
4110,note_on,,,,,0,0,2,,,,,1,,,65,64
4110,control_change,,,,,30,0,1,,,,,0,7,98,,
4110,note_on,,,,,10,0,3,,,,,2,,,48,0
4110,note_on,,,,,0,0,3,,,,,2,,,50,64
4138,note_on,,,,,28,0,1,,,,,0,,,63,0
4139,note_on,,,,,1,0,1,,,,,0,,,60,64
4140,note_on,,,,,30,0,3,,,,,2,,,50,0
4140,note_on,,,,,0,0,3,,,,,2,,,51,64
4140,note_on,,,,,0,0,2,,,,,1,,,63,64
4140,note_on,,,,,30,0,2,,,,,1,,,65,0
4160,control_change,,,,,21,0,1,,,,,0,7,99,,
4170,note_on,,,,,0,0,3,,,,,2,,,50,64
4170,note_on,,,,,0,0,2,,,,,1,,,65,64
4170,note_on,,,,,30,0,2,,,,,1,,,63,0
4170,note_on,,,,,30,0,3,,,,,2,,,51,0
4180,control_change,,,,,10,0,3,,,,,2,7,102,,
4199,note_on,,,,,39,0,1,,,,,0,,,60,0
4200,note_on,,,,,20,0,3,,,,,2,,,50,0
4200,note_on,,,,,0,0,3,,,,,2,,,48,64
4200,note_on,,,,,0,0,2,,,,,1,,,67,64
4200,note_on,,,,,1,0,1,,,,,0,,,75,64
4200,note_on,,,,,30,0,2,,,,,1,,,65,0
4210,control_change,,,,,10,0,1,,,,,0,7,100,,
4230,note_on,,,,,0,0,3,,,,,2,,,46,64
4230,note_on,,,,,30,0,3,,,,,2,,,48,0
4260,note_on,,,,,0,0,3,,,,,2,,,45,64
4260,note_on,,,,,30,0,3,,,,,2,,,46,0
4260,note_on,,,,,60,0,2,,,,,1,,,67,0
4260,note_on,,,,,0,0,2,,,,,1,,,72,64
4260,control_change,,,,,0,0,3,,,,,2,7,103,,
4270,control_change,,,,,60,0,1,,,,,0,7,101,,
4290,note_on,,,,,30,0,3,,,,,2,,,45,0
4290,note_on,,,,,0,0,3,,,,,2,,,43,64
4290,note_on,,,,,30,0,2,,,,,1,,,72,0
4290,note_on,,,,,0,0,2,,,,,1,,,70,64
4320,note_on,,,,,0,0,2,,,,,1,,,69,64
4320,note_on,,,,,0,0,3,,,,,2,,,42,64
4320,control_change,,,,,50,0,1,,,,,0,7,102,,
4320,note_on,,,,,30,0,3,,,,,2,,,43,0
4320,note_on,,,,,30,0,2,,,,,1,,,70,0
4340,control_change,,,,,20,0,3,,,,,2,7,104,,
4350,note_on,,,,,30,0,1,,,,,0,,,75,0
4350,note_on,,,,,0,0,1,,,,,0,,,74,64
4370,control_change,,,,,20,0,1,,,,,0,7,103,,
4380,note_on,,,,,0,0,1,,,,,0,,,72,64
4380,note_on,,,,,0,0,3,,,,,2,,,51,64
4380,note_on,,,,,40,0,3,,,,,2,,,42,0
4380,note_on,,,,,10,0,1,,,,,0,,,74,0
4410,note_on,,,,,30,0,1,,,,,0,,,72,0
4410,note_on,,,,,0,0,1,,,,,0,,,71,64
4410,control_change,,,,,30,0,3,,,,,2,7,105,,
4410,note_on,,,,,0,0,2,,,,,1,,,67,64
4410,note_on,,,,,90,0,2,,,,,1,,,69,0
4430,control_change,,,,,20,0,1,,,,,0,7,104,,
4436,note_on,,,,,6,0,1,,,,,0,,,72,64
4440,note_on,,,,,0,0,2,,,,,1,,,66,64
4440,note_on,,,,,30,0,2,,,,,1,,,67,0
4440,note_on,,,,,4,0,1,,,,,0,,,71,0
4470,note_on,,,,,60,0,3,,,,,2,,,51,0
4470,note_on,,,,,0,0,3,,,,,2,,,50,64
4480,control_change,,,,,40,0,1,,,,,0,7,105,,
4490,control_change,,,,,20,0,3,,,,,2,7,106,,
4496,note_on,,,,,16,0,1,,,,,0,,,72,0
4496,note_on,,,,,0,0,1,,,,,0,,,69,64
4500,note_on,,,,,10,0,3,,,,,2,,,50,0
4500,note_on,,,,,0,0,3,,,,,2,,,48,64
4530,note_on,,,,,30,0,3,,,,,2,,,48,0
4530,note_on,,,,,0,0,3,,,,,2,,,46,64
4530,control_change,,,,,34,0,1,,,,,0,7,106,,
4556,note_on,,,,,26,0,1,,,,,0,,,69,0
4560,note_on,,,,,30,0,3,,,,,2,,,46,0
4560,note_on,,,,,0,0,3,,,,,2,,,45,64
4560,note_on,,,,,120,0,2,,,,,1,,,66,0
4560,note_on,,,,,0,0,2,,,,,1,,,72,64
4560,note_on,,,,,4,0,1,,,,,0,,,78,64
4570,control_change,,,,,10,0,3,,,,,2,7,107,,
4590,note_on,,,,,0,0,3,,,,,2,,,43,64
4590,control_change,,,,,30,0,1,,,,,0,7,107,,
4590,note_on,,,,,20,0,3,,,,,2,,,45,0
4620,note_on,,,,,30,0,3,,,,,2,,,43,0
4620,note_on,,,,,0,0,3,,,,,2,,,42,64
4620,note_on,,,,,0,0,2,,,,,1,,,69,64
4620,note_on,,,,,60,0,2,,,,,1,,,72,0
4640,control_change,,,,,20,0,3,,,,,2,7,108,,
4640,control_change,,,,,50,0,1,,,,,0,7,108,,
4650,note_on,,,,,0,0,3,,,,,2,,,40,64
4650,note_on,,,,,10,0,3,,,,,2,,,42,0
4680,note_on,,,,,30,0,3,,,,,2,,,40,0
4680,note_on,,,,,0,0,3,,,,,2,,,38,64
4690,control_change,,,,,50,0,1,,,,,0,7,109,,
4710,note_on,,,,,90,0,2,,,,,1,,,69,0
4710,note_on,,,,,0,0,2,,,,,1,,,67,64
4710,note_on,,,,,0,0,3,,,,,2,,,40,64
4710,note_on,,,,,30,0,3,,,,,2,,,38,0
4710,note_on,,,,,0,0,1,,,,,0,,,79,64
4710,note_on,,,,,20,0,1,,,,,0,,,78,0
4720,control_change,,,,,10,0,3,,,,,2,7,109,,
4740,note_on,,,,,20,0,3,,,,,2,,,40,0
4740,note_on,,,,,0,0,1,,,,,0,,,81,64
4740,note_on,,,,,30,0,1,,,,,0,,,79,0
4740,note_on,,,,,30,0,2,,,,,1,,,67,0
4740,note_on,,,,,0,0,3,,,,,2,,,42,64
4740,note_on,,,,,0,0,2,,,,,1,,,66,64
4750,control_change,,,,,10,0,1,,,,,0,7,110,,
4770,note_on,,,,,30,0,3,,,,,2,,,42,0
4770,note_on,,,,,0,0,2,,,,,1,,,64,64
4770,note_on,,,,,0,0,3,,,,,2,,,43,64
4770,note_on,,,,,0,0,1,,,,,0,,,82,64
4770,note_on,,,,,20,0,1,,,,,0,,,81,0
4770,note_on,,,,,30,0,2,,,,,1,,,66,0
4796,note_on,,,,,26,0,1,,,,,0,,,84,64
4800,note_on,,,,,30,0,3,,,,,2,,,43,0
4800,note_on,,,,,0,0,3,,,,,2,,,45,64
4800,note_on,,,,,4,0,1,,,,,0,,,82,0
4800,control_change,,,,,0,0,1,,,,,0,7,111,,
4800,note_on,,,,,0,0,2,,,,,1,,,63,64
4800,control_change,,,,,0,0,3,,,,,2,7,110,,
4800,note_on,,,,,30,0,2,,,,,1,,,64,0
4830,note_on,,,,,30,0,3,,,,,2,,,45,0
4830,note_on,,,,,0,0,2,,,,,1,,,62,64
4830,note_on,,,,,30,0,2,,,,,1,,,63,0
4830,note_on,,,,,0,0,3,,,,,2,,,46,64
4850,control_change,,,,,50,0,1,,,,,0,7,112,,
4856,note_on,,,,,6,0,1,,,,,0,,,84,0
4860,note_on,,,,,0,0,3,,,,,2,,,48,64
4860,note_on,,,,,0,0,2,,,,,1,,,63,64
4860,note_on,,,,,30,0,3,,,,,2,,,46,0
4860,note_on,,,,,4,0,1,,,,,0,,,81,64
4860,note_on,,,,,30,0,2,,,,,1,,,62,0
4870,control_change,,,,,10,0,3,,,,,2,7,111,,
4890,note_on,,,,,20,0,3,,,,,2,,,48,0
4890,note_on,,,,,0,0,1,,,,,0,,,78,64
4890,note_on,,,,,30,0,1,,,,,0,,,81,0
4890,note_on,,,,,0,0,3,,,,,2,,,45,64
4916,note_on,,,,,26,0,1,,,,,0,,,75,64
4920,note_on,,,,,4,0,1,,,,,0,,,78,0
4920,note_on,,,,,30,0,3,,,,,2,,,45,0
4920,note_on,,,,,0,0,2,,,,,1,,,69,64
4920,note_on,,,,,60,0,2,,,,,1,,,63,0
4920,note_on,,,,,0,0,3,,,,,2,,,43,64
4950,note_on,,,,,30,0,3,,,,,2,,,43,0
4950,note_on,,,,,0,0,3,,,,,2,,,42,64
4950,note_on,,,,,0,0,2,,,,,1,,,72,64
4950,note_on,,,,,30,0,2,,,,,1,,,69,0
4976,note_on,,,,,56,0,1,,,,,0,,,75,0
4980,note_on,,,,,30,0,3,,,,,2,,,42,0
4980,note_on,,,,,0,0,3,,,,,2,,,43,64
4980,note_on,,,,,0,0,2,,,,,1,,,70,64
4980,note_on,,,,,30,0,2,,,,,1,,,72,0
4980,note_on,,,,,4,0,1,,,,,0,,,74,64
5010,note_on,,,,,30,0,3,,,,,2,,,43,0
5010,note_on,,,,,0,0,3,,,,,2,,,42,64
5010,note_on,,,,,30,0,2,,,,,1,,,70,0
5010,note_on,,,,,0,0,2,,,,,1,,,69,64
5040,note_on,,,,,0,0,1,,,,,0,,,71,64
5040,control_change,,,,,0,0,1,,,,,0,7,111,,
5040,note_on,,,,,0,0,3,,,,,2,,,43,64
5040,note_on,,,,,60,0,1,,,,,0,,,74,0
5040,note_on,,,,,30,0,3,,,,,2,,,42,0
5055,note_on,,,,,15,0,1,,,,,0,,,71,0
5055,note_on,,,,,0,0,1,,,,,0,,,72,64
5070,control_change,,,,,0,0,1,,,,,0,7,110,,
5070,note_on,,,,,0,0,3,,,,,2,,,45,64
5070,note_on,,,,,15,0,1,,,,,0,,,72,0
5070,note_on,,,,,0,0,1,,,,,0,,,71,64
5070,note_on,,,,,30,0,3,,,,,2,,,43,0
5100,note_on,,,,,30,0,3,,,,,2,,,45,0
5100,note_on,,,,,0,0,2,,,,,1,,,67,64
5100,note_on,,,,,90,0,2,,,,,1,,,69,0
5100,note_on,,,,,0,0,3,,,,,2,,,47,64
5100,control_change,,,,,30,0,1,,,,,0,7,109,,
5130,note_on,,,,,30,0,3,,,,,2,,,47,0
5130,control_change,,,,,30,0,1,,,,,0,7,108,,
5130,note_on,,,,,30,0,2,,,,,1,,,67,0
5130,note_on,,,,,0,0,2,,,,,1,,,66,64
5130,note_on,,,,,0,0,3,,,,,2,,,48,64
5160,note_on,,,,,0,0,2,,,,,1,,,65,64
5160,control_change,,,,,30,0,1,,,,,0,7,107,,
5160,note_on,,,,,30,0,2,,,,,1,,,66,0
5160,note_on,,,,,0,0,3,,,,,2,,,50,64
5160,note_on,,,,,30,0,3,,,,,2,,,48,0
5190,note_on,,,,,30,0,3,,,,,2,,,50,0
5190,note_on,,,,,0,0,3,,,,,2,,,51,64
5190,note_on,,,,,30,0,2,,,,,1,,,65,0
5190,note_on,,,,,0,0,2,,,,,1,,,67,64
5190,control_change,,,,,30,0,1,,,,,0,7,106,,
5220,note_on,,,,,30,0,2,,,,,1,,,67,0
5220,note_on,,,,,30,0,1,,,,,0,,,71,0
5220,note_on,,,,,0,0,1,,,,,0,,,71,64
5220,control_change,,,,,0,0,1,,,,,0,7,105,,
5220,note_on,,,,,0,0,2,,,,,1,,,68,64
5220,note_on,,,,,30,0,3,,,,,2,,,51,0
5220,note_on,,,,,0,0,3,,,,,2,,,53,64
5250,note_on,,,,,30,0,3,,,,,2,,,53,0
5250,note_on,,,,,30,0,2,,,,,1,,,68,0
5250,note_on,,,,,0,0,3,,,,,2,,,50,64
5250,control_change,,,,,30,0,1,,,,,0,7,104,,
5250,note_on,,,,,0,0,2,,,,,1,,,65,64
5280,note_on,,,,,30,0,3,,,,,2,,,50,0
5280,note_on,,,,,0,0,3,,,,,2,,,51,64
5280,note_on,,,,,30,0,1,,,,,0,,,71,0
5280,note_on,,,,,0,0,1,,,,,0,,,72,64
5280,note_on,,,,,30,0,2,,,,,1,,,65,0
5280,note_on,,,,,0,0,2,,,,,1,,,67,64
5280,control_change,,,,,0,0,1,,,,,0,7,103,,
5295,note_on,,,,,0,0,1,,,,,0,,,71,64
5295,note_on,,,,,15,0,1,,,,,0,,,72,0
5310,note_on,,,,,30,0,2,,,,,1,,,67,0
5310,note_on,,,,,30,0,3,,,,,2,,,51,0
5310,note_on,,,,,0,0,3,,,,,2,,,48,64
5310,note_on,,,,,0,0,2,,,,,1,,,63,64
5310,note_on,,,,,15,0,1,,,,,0,,,71,0
5310,note_on,,,,,0,0,1,,,,,0,,,72,64
5310,control_change,,,,,0,0,1,,,,,0,7,102,,
5320,control_change,,,,,10,0,3,,,,,2,7,106,,
5340,note_on,,,,,0,0,2,,,,,1,,,65,64
5340,note_on,,,,,20,0,3,,,,,2,,,48,0
5340,note_on,,,,,0,0,3,,,,,2,,,50,64
5340,note_on,,,,,30,0,2,,,,,1,,,63,0
5340,control_change,,,,,30,0,1,,,,,0,7,101,,
5360,control_change,,,,,20,0,3,,,,,2,7,105,,
5360,control_change,,,,,20,0,1,,,,,0,7,100,,
5370,note_on,,,,,0,0,3,,,,,2,,,51,64
5370,note_on,,,,,0,0,2,,,,,1,,,67,64
5370,note_on,,,,,30,0,2,,,,,1,,,65,0
5370,note_on,,,,,10,0,3,,,,,2,,,50,0
5390,control_change,,,,,20,0,3,,,,,2,7,104,,
5390,control_change,,,,,30,0,1,,,,,0,7,99,,
5400,note_on,,,,,0,0,3,,,,,2,,,53,64
5400,note_on,,,,,10,0,3,,,,,2,,,51,0
5400,note_on,,,,,0,0,2,,,,,1,,,68,64
5400,note_on,,,,,30,0,2,,,,,1,,,67,0
5420,control_change,,,,,30,0,1,,,,,0,7,98,,
5420,control_change,,,,,20,0,3,,,,,2,7,103,,
5430,note_on,,,,,30,0,2,,,,,1,,,68,0
5430,note_on,,,,,0,0,2,,,,,1,,,64,64
5430,note_on,,,,,0,0,1,,,,,0,,,73,64
5430,note_on,,,,,10,0,1,,,,,0,,,72,0
5430,note_on,,,,,0,0,3,,,,,2,,,55,64
5430,note_on,,,,,10,0,3,,,,,2,,,53,0
5445,note_on,,,,,0,0,1,,,,,0,,,72,64
5445,note_on,,,,,15,0,1,,,,,0,,,73,0
5450,control_change,,,,,20,0,3,,,,,2,7,102,,
5450,control_change,,,,,5,0,1,,,,,0,7,97,,
5460,note_on,,,,,0,0,3,,,,,2,,,56,64
5460,note_on,,,,,30,0,2,,,,,1,,,64,0
5460,note_on,,,,,0,0,2,,,,,1,,,65,64
5460,note_on,,,,,0,0,1,,,,,0,,,70,64
5460,note_on,,,,,10,0,1,,,,,0,,,72,0
5460,note_on,,,,,10,0,3,,,,,2,,,55,0
5475,note_on,,,,,0,0,1,,,,,0,,,72,64
5475,note_on,,,,,15,0,1,,,,,0,,,70,0
5480,control_change,,,,,5,0,1,,,,,0,7,96,,
5480,control_change,,,,,20,0,3,,,,,2,7,101,,
5490,note_on,,,,,0,0,3,,,,,2,,,53,64
5490,note_on,,,,,30,0,2,,,,,1,,,65,0
5490,note_on,,,,,10,0,1,,,,,0,,,72,0
5490,note_on,,,,,0,0,1,,,,,0,,,74,64
5490,note_on,,,,,10,0,3,,,,,2,,,56,0
5490,note_on,,,,,0,0,2,,,,,1,,,68,64
5510,control_change,,,,,20,0,3,,,,,2,7,100,,
5510,control_change,,,,,20,0,1,,,,,0,7,95,,
5519,note_on,,,,,9,0,1,,,,,0,,,75,64
5520,note_on,,,,,0,0,2,,,,,1,,,59,64
5520,note_on,,,,,1,0,1,,,,,0,,,74,0
5520,note_on,,,,,10,0,3,,,,,2,,,53,0
5520,note_on,,,,,0,0,3,,,,,2,,,55,64
5520,note_on,,,,,30,0,2,,,,,1,,,68,0
5534,note_on,,,,,14,0,1,,,,,0,,,75,0
5535,note_on,,,,,1,0,1,,,,,0,,,73,64
5540,control_change,,,,,5,0,1,,,,,0,7,94,,
5540,control_change,,,,,20,0,3,,,,,2,7,99,,
5549,note_on,,,,,9,0,1,,,,,0,,,75,64
5550,note_on,,,,,1,0,1,,,,,0,,,73,0
5550,note_on,,,,,10,0,3,,,,,2,,,55,0
5550,note_on,,,,,0,0,3,,,,,2,,,50,64
5564,note_on,,,,,14,0,1,,,,,0,,,75,0
5566,note_on,,,,,2,0,1,,,,,0,,,73,64
5570,control_change,,,,,20,0,3,,,,,2,7,98,,
5570,control_change,,,,,4,0,1,,,,,0,7,93,,
5580,note_on,,,,,10,0,1,,,,,0,,,75,64
5580,note_on,,,,,0,0,3,,,,,2,,,51,64
5580,note_on,,,,,60,0,2,,,,,1,,,59,0
5580,note_on,,,,,0,0,2,,,,,1,,,60,64
5580,note_on,,,,,10,0,3,,,,,2,,,50,0
5581,note_on,,,,,1,0,1,,,,,0,,,73,0
5595,note_on,,,,,14,0,1,,,,,0,,,75,0
5595,note_on,,,,,0,0,1,,,,,0,,,73,64
5600,control_change,,,,,5,0,1,,,,,0,7,92,,
5600,control_change,,,,,20,0,3,,,,,2,7,97,,
5609,note_on,,,,,9,0,1,,,,,0,,,75,64
5610,note_on,,,,,0,0,2,,,,,1,,,62,64
5610,note_on,,,,,10,0,3,,,,,2,,,51,0
5610,note_on,,,,,0,0,3,,,,,2,,,53,64
5610,note_on,,,,,1,0,1,,,,,0,,,73,0
5610,note_on,,,,,30,0,2,,,,,1,,,60,0
5624,note_on,,,,,14,0,1,,,,,0,,,75,0
5625,note_on,,,,,1,0,1,,,,,0,,,73,64
5630,control_change,,,,,5,0,1,,,,,0,7,91,,
5639,note_on,,,,,9,0,1,,,,,0,,,75,64
5640,note_on,,,,,1,0,1,,,,,0,,,73,0
5640,note_on,,,,,30,0,2,,,,,1,,,62,0
5640,note_on,,,,,0,0,2,,,,,1,,,60,64
5640,note_on,,,,,30,0,3,,,,,2,,,53,0
5640,note_on,,,,,0,0,3,,,,,2,,,43,64
5640,control_change,,,,,0,0,3,,,,,2,7,96,,
5650,control_change,,,,,10,0,1,,,,,0,7,90,,
5654,note_on,,,,,4,0,1,,,,,0,,,75,0
5655,note_on,,,,,1,0,1,,,,,0,,,73,64
5669,note_on,,,,,14,0,1,,,,,0,,,75,64
5670,note_on,,,,,0,0,3,,,,,2,,,53,64
5670,note_on,,,,,30,0,3,,,,,2,,,43,0
5670,control_change,,,,,0,0,3,,,,,2,7,95,,
5670,note_on,,,,,0,0,2,,,,,1,,,59,64
5670,note_on,,,,,30,0,2,,,,,1,,,60,0
5670,note_on,,,,,1,0,1,,,,,0,,,73,0
5680,control_change,,,,,10,0,1,,,,,0,7,89,,
5684,note_on,,,,,4,0,1,,,,,0,,,75,0
5686,note_on,,,,,2,0,1,,,,,0,,,73,64
5700,note_on,,,,,0,0,2,,,,,1,,,67,64
5700,note_on,,,,,30,0,3,,,,,2,,,53,0
5700,control_change,,,,,0,0,3,,,,,2,7,94,,
5700,note_on,,,,,30,0,2,,,,,1,,,59,0
5700,note_on,,,,,0,0,3,,,,,2,,,51,64
5701,note_on,,,,,15,0,1,,,,,0,,,73,0
5702,note_on,,,,,1,0,1,,,,,0,,,72,64
5710,control_change,,,,,8,0,1,,,,,0,7,88,,
5730,note_on,,,,,30,0,3,,,,,2,,,51,0
5730,note_on,,,,,0,0,3,,,,,2,,,50,64
5730,control_change,,,,,0,0,3,,,,,2,7,93,,
5740,control_change,,,,,30,0,1,,,,,0,7,87,,
5760,note_on,,,,,20,0,1,,,,,0,,,72,90
5760,control_change,,,,,0,0,3,,,,,2,7,92,,
5760,note_on,,,,,0,0,3,,,,,2,,,51,64
5760,note_on,,,,,30,0,3,,,,,2,,,50,0
5762,note_on,,,,,2,0,1,,,,,0,,,72,0
5770,control_change,,,,,8,0,1,,,,,0,7,86,,
5790,note_on,,,,,0,0,3,,,,,2,,,53,64
5790,note_on,,,,,90,0,2,,,,,1,,,67,0
5790,note_on,,,,,0,0,2,,,,,1,,,68,64
5790,control_change,,,,,0,0,3,,,,,2,7,91,,
5790,note_on,,,,,30,0,3,,,,,2,,,51,0
5800,control_change,,,,,30,0,1,,,,,0,7,85,,
5820,note_on,,,,,30,0,2,,,,,1,,,68,0
5820,note_on,,,,,0,0,2,,,,,1,,,67,64
5820,note_on,,,,,30,0,3,,,,,2,,,53,0
5820,note_on,,,,,0,0,3,,,,,2,,,51,64
5820,control_change,,,,,0,0,3,,,,,2,7,90,,
5830,control_change,,,,,30,0,1,,,,,0,7,84,,
5850,note_on,,,,,30,0,3,,,,,2,,,51,0
5850,note_on,,,,,0,0,2,,,,,1,,,65,64
5850,note_on,,,,,30,0,2,,,,,1,,,67,0
5850,control_change,,,,,0,0,3,,,,,2,7,89,,
5850,note_on,,,,,0,0,3,,,,,2,,,50,64
5860,control_change,,,,,30,0,1,,,,,0,7,83,,
5880,note_on,,,,,0,0,2,,,,,1,,,67,64
5880,note_on,,,,,30,0,2,,,,,1,,,65,0
5880,note_on,,,,,0,0,3,,,,,2,,,51,64
5880,note_on,,,,,30,0,3,,,,,2,,,50,0
5880,control_change,,,,,0,0,3,,,,,2,7,88,,
5890,control_change,,,,,30,0,1,,,,,0,7,82,,
5910,note_on,,,,,0,0,1,,,,,0,,,74,64
5910,note_on,,,,,20,0,1,,,,,0,,,72,0
5920,control_change,,,,,10,0,1,,,,,0,7,81,,
5940,note_on,,,,,0,0,3,,,,,2,,,48,64
5940,note_on,,,,,60,0,3,,,,,2,,,51,0
5940,note_on,,,,,20,0,1,,,,,0,,,74,0
5940,note_on,,,,,0,0,1,,,,,0,,,75,64
5940,control_change,,,,,0,0,1,,,,,0,7,80,,
5950,control_change,,,,,10,0,1,,,,,0,7,80,,
5970,note_on,,,,,90,0,2,,,,,1,,,67,0
5970,note_on,,,,,0,0,2,,,,,1,,,65,64
5970,note_on,,,,,20,0,1,,,,,0,,,75,0
5970,note_on,,,,,0,0,1,,,,,0,,,74,64
5980,control_change,,,,,10,0,1,,,,,0,7,81,,
6000,note_on,,,,,0,0,3,,,,,2,,,56,64
6000,note_on,,,,,60,0,3,,,,,2,,,48,0
6000,note_on,,,,,20,0,1,,,,,0,,,74,0
6000,note_on,,,,,0,0,1,,,,,0,,,72,64
6000,control_change,,,,,0,0,3,,,,,2,7,85,,
6000,note_on,,,,,30,0,2,,,,,1,,,65,0
6000,note_on,,,,,0,0,2,,,,,1,,,63,64
6010,control_change,,,,,10,0,1,,,,,0,7,82,,
6030,note_on,,,,,0,0,1,,,,,0,,,70,64
6030,note_on,,,,,20,0,1,,,,,0,,,72,0
6040,control_change,,,,,10,0,1,,,,,0,7,83,,
6040,control_change,,,,,40,0,3,,,,,2,7,86,,
6060,note_on,,,,,0,0,1,,,,,0,,,68,64
6060,control_change,,,,,0,0,1,,,,,0,7,84,,
6060,note_on,,,,,20,0,1,,,,,0,,,70,0
6060,note_on,,,,,60,0,2,,,,,1,,,63,0
6060,note_on,,,,,0,0,2,,,,,1,,,60,64
6070,control_change,,,,,30,0,3,,,,,2,7,87,,
6090,note_on,,,,,30,0,1,,,,,0,,,68,0
6090,note_on,,,,,0,0,1,,,,,0,,,67,64
6090,control_change,,,,,0,0,1,,,,,0,7,85,,
6100,control_change,,,,,30,0,3,,,,,2,7,88,,
6120,note_on,,,,,0,0,2,,,,,1,,,68,64
6120,note_on,,,,,60,0,2,,,,,1,,,60,0
6120,note_on,,,,,30,0,1,,,,,0,,,67,0
6120,note_on,,,,,0,0,1,,,,,0,,,65,64
6120,control_change,,,,,0,0,1,,,,,0,7,86,,
6130,control_change,,,,,30,0,3,,,,,2,7,89,,
6150,note_on,,,,,0,0,3,,,,,2,,,55,64
6150,note_on,,,,,20,0,3,,,,,2,,,56,0
6150,control_change,,,,,30,0,1,,,,,0,7,87,,
6170,control_change,,,,,20,0,3,,,,,2,7,90,,
6170,control_change,,,,,20,0,1,,,,,0,7,88,,
6180,note_on,,,,,0,0,3,,,,,2,,,53,64
6180,note_on,,,,,10,0,3,,,,,2,,,55,0
6180,note_on,,,,,0,0,1,,,,,0,,,74,64
6180,note_on,,,,,10,0,1,,,,,0,,,65,0
6200,control_change,,,,,20,0,1,,,,,0,7,89,,
6200,control_change,,,,,20,0,3,,,,,2,7,91,,
6210,note_on,,,,,0,0,3,,,,,2,,,52,64
6210,note_on,,,,,10,0,3,,,,,2,,,53,0
6210,note_on,,,,,90,0,2,,,,,1,,,68,0
6210,note_on,,,,,0,0,2,,,,,1,,,67,64
6230,control_change,,,,,20,0,3,,,,,2,7,92,,
6230,control_change,,,,,30,0,1,,,,,0,7,90,,
6240,note_on,,,,,10,0,3,,,,,2,,,52,0
6240,note_on,,,,,0,0,3,,,,,2,,,53,64
6240,note_on,,,,,30,0,2,,,,,1,,,67,0
6240,note_on,,,,,0,0,2,,,,,1,,,65,64
6260,control_change,,,,,30,0,1,,,,,0,7,91,,
6260,control_change,,,,,20,0,3,,,,,2,7,93,,
6270,note_on,,,,,30,0,2,,,,,1,,,65,0
6270,note_on,,,,,0,0,2,,,,,1,,,63,64
6270,note_on,,,,,10,0,1,,,,,0,,,74,0
6270,note_on,,,,,0,0,1,,,,,0,,,75,64
6280,control_change,,,,,10,0,1,,,,,0,7,92,,
6300,note_on,,,,,20,0,1,,,,,0,,,75,0
6300,note_on,,,,,0,0,1,,,,,0,,,77,64
6300,note_on,,,,,30,0,2,,,,,1,,,63,0
6300,note_on,,,,,0,0,3,,,,,2,,,38,64
6300,control_change,,,,,0,0,3,,,,,2,7,94,,
6300,note_on,,,,,40,0,3,,,,,2,,,53,0
6300,note_on,,,,,0,0,2,,,,,1,,,62,64
6310,control_change,,,,,10,0,1,,,,,0,7,93,,
6330,note_on,,,,,0,0,1,,,,,0,,,75,64
6330,note_on,,,,,30,0,2,,,,,1,,,62,0
6330,note_on,,,,,0,0,2,,,,,1,,,63,64
6330,control_change,,,,,30,0,3,,,,,2,7,95,,
6330,note_on,,,,,20,0,1,,,,,0,,,77,0
6340,control_change,,,,,10,0,1,,,,,0,7,94,,
6360,control_change,,,,,0,0,1,,,,,0,7,95,,
6360,note_on,,,,,0,0,1,,,,,0,,,74,64
6360,note_on,,,,,20,0,1,,,,,0,,,75,0
6360,note_on,,,,,30,0,3,,,,,2,,,38,0
6360,note_on,,,,,0,0,3,,,,,2,,,47,64
6360,note_on,,,,,30,0,2,,,,,1,,,63,0
6360,control_change,,,,,0,0,3,,,,,2,7,96,,
6360,note_on,,,,,0,0,2,,,,,1,,,65,64
6390,control_change,,,,,30,0,3,,,,,2,7,97,,
6390,note_on,,,,,30,0,1,,,,,0,,,74,0
6390,note_on,,,,,0,0,1,,,,,0,,,72,64
6390,control_change,,,,,0,0,1,,,,,0,7,96,,
6420,note_on,,,,,0,0,2,,,,,1,,,62,64
6420,note_on,,,,,30,0,1,,,,,0,,,72,0
6420,control_change,,,,,0,0,1,,,,,0,7,97,,
6420,note_on,,,,,60,0,2,,,,,1,,,65,0
6420,note_on,,,,,0,0,1,,,,,0,,,71,64
6430,control_change,,,,,40,0,3,,,,,2,7,98,,
6450,note_on,,,,,30,0,1,,,,,0,,,71,0
6450,note_on,,,,,0,0,1,,,,,0,,,69,64
6450,control_change,,,,,0,0,1,,,,,0,7,98,,
6460,control_change,,,,,30,0,3,,,,,2,7,99,,
6470,control_change,,,,,20,0,1,,,,,0,7,99,,
6480,note_on,,,,,0,0,2,,,,,1,,,74,64
6480,note_on,,,,,60,0,2,,,,,1,,,62,0
6480,note_on,,,,,10,0,1,,,,,0,,,69,0
6480,note_on,,,,,0,0,1,,,,,0,,,67,64
6490,control_change,,,,,30,0,3,,,,,2,7,100,,
6500,control_change,,,,,20,0,1,,,,,0,7,100,,
6510,note_on,,,,,0,0,1,,,,,0,,,69,64
6510,note_on,,,,,10,0,1,,,,,0,,,67,0
6510,note_on,,,,,20,0,3,,,,,2,,,47,0
6510,note_on,,,,,0,0,3,,,,,2,,,48,64
6520,control_change,,,,,10,0,3,,,,,2,7,101,,
6530,control_change,,,,,20,0,1,,,,,0,7,101,,
6540,note_on,,,,,60,0,2,,,,,1,,,74,0
6540,note_on,,,,,0,0,2,,,,,1,,,65,64
6540,note_on,,,,,0,0,1,,,,,0,,,71,64
6540,note_on,,,,,10,0,1,,,,,0,,,69,0
6540,note_on,,,,,20,0,3,,,,,2,,,48,0
6540,note_on,,,,,0,0,3,,,,,2,,,50,64
6560,control_change,,,,,20,0,3,,,,,2,7,102,,
6560,control_change,,,,,20,0,1,,,,,0,7,102,,
6570,note_on,,,,,0,0,1,,,,,0,,,72,64
6570,note_on,,,,,10,0,1,,,,,0,,,71,0
6570,note_on,,,,,10,0,3,,,,,2,,,50,0
6570,note_on,,,,,0,0,3,,,,,2,,,51,64
6570,note_on,,,,,0,0,2,,,,,1,,,67,64
6570,note_on,,,,,30,0,2,,,,,1,,,65,0
6580,control_change,,,,,10,0,1,,,,,0,7,103,,
6590,control_change,,,,,20,0,3,,,,,2,7,103,,
6600,note_on,,,,,0,0,1,,,,,0,,,74,64
6600,note_on,,,,,30,0,2,,,,,1,,,67,0
6600,note_on,,,,,0,0,2,,,,,1,,,68,64
6600,note_on,,,,,0,0,3,,,,,2,,,53,64
6600,note_on,,,,,10,0,3,,,,,2,,,51,0
6600,note_on,,,,,20,0,1,,,,,0,,,72,0
6610,control_change,,,,,10,0,1,,,,,0,7,104,,
6620,control_change,,,,,20,0,3,,,,,2,7,104,,
6630,note_on,,,,,20,0,1,,,,,0,,,74,0
6630,note_on,,,,,0,0,1,,,,,0,,,75,64
6640,control_change,,,,,10,0,1,,,,,0,7,105,,
6650,control_change,,,,,30,0,3,,,,,2,7,105,,
6660,control_change,,,,,0,0,1,,,,,0,7,106,,
6660,note_on,,,,,0,0,1,,,,,0,,,77,64
6660,note_on,,,,,20,0,1,,,,,0,,,75,0
6660,note_on,,,,,10,0,3,,,,,2,,,53,0
6660,note_on,,,,,0,0,3,,,,,2,,,50,64
6680,control_change,,,,,20,0,3,,,,,2,7,106,,
6690,note_on,,,,,0,0,1,,,,,0,,,74,64
6690,note_on,,,,,30,0,1,,,,,0,,,77,0
6690,note_on,,,,,0,0,3,,,,,2,,,47,64
6690,note_on,,,,,10,0,3,,,,,2,,,50,0
6720,control_change,,,,,0,0,3,,,,,2,7,106,,
6720,note_on,,,,,0,0,2,,,,,1,,,62,64
6720,note_on,,,,,120,0,2,,,,,1,,,68,0
6720,note_on,,,,,0,0,3,,,,,2,,,44,64
6720,note_on,,,,,30,0,1,,,,,0,,,74,0
6720,note_on,,,,,0,0,1,,,,,0,,,72,64
6720,note_on,,,,,30,0,3,,,,,2,,,47,0
6750,note_on,,,,,30,0,1,,,,,0,,,72,0
6750,note_on,,,,,0,0,1,,,,,0,,,71,64
6780,note_on,,,,,0,0,3,,,,,2,,,43,64
6780,note_on,,,,,0,0,1,,,,,0,,,72,64
6780,note_on,,,,,60,0,3,,,,,2,,,44,0
6780,note_on,,,,,30,0,1,,,,,0,,,71,0
6810,note_on,,,,,30,0,1,,,,,0,,,72,0
6810,note_on,,,,,0,0,1,,,,,0,,,71,64
6830,control_change,,,,,20,0,1,,,,,0,7,105,,
6840,note_on,,,,,0,0,1,,,,,0,,,79,64
6840,note_on,,,,,10,0,1,,,,,0,,,71,0
6840,note_on,,,,,0,0,2,,,,,1,,,62,64
6840,note_on,,,,,120,0,2,,,,,1,,,62,0
6840,note_on,,,,,0,0,3,,,,,2,,,41,64
6840,note_on,,,,,60,0,3,,,,,2,,,43,0
6870,note_on,,,,,0,0,3,,,,,2,,,39,64
6870,note_on,,,,,0,0,2,,,,,1,,,60,64
6870,note_on,,,,,30,0,3,,,,,2,,,41,0
6870,note_on,,,,,30,0,2,,,,,1,,,62,0
6870,control_change,,,,,0,0,3,,,,,2,7,103,,
6890,control_change,,,,,50,0,1,,,,,0,7,104,,
6900,note_on,,,,,0,0,3,,,,,2,,,38,64
6900,note_on,,,,,30,0,3,,,,,2,,,39,0
6900,note_on,,,,,0,0,2,,,,,1,,,59,64
6900,note_on,,,,,30,0,2,,,,,1,,,60,0
6910,control_change,,,,,10,0,3,,,,,2,7,102,,
6930,note_on,,,,,20,0,3,,,,,2,,,38,0
6930,note_on,,,,,0,0,2,,,,,1,,,60,64
6930,note_on,,,,,30,0,2,,,,,1,,,59,0
6930,note_on,,,,,0,0,3,,,,,2,,,39,64
6940,control_change,,,,,10,0,3,,,,,2,7,101,,
6940,control_change,,,,,50,0,1,,,,,0,7,103,,
6960,note_on,,,,,0,0,3,,,,,2,,,41,64
6960,note_on,,,,,20,0,3,,,,,2,,,39,0
6960,note_on,,,,,0,0,2,,,,,1,,,62,64
6960,note_on,,,,,30,0,2,,,,,1,,,60,0
6970,control_change,,,,,10,0,3,,,,,2,7,100,,
6990,note_on,,,,,0,0,2,,,,,1,,,60,64
6990,note_on,,,,,0,0,3,,,,,2,,,56,64
6990,note_on,,,,,20,0,3,,,,,2,,,41,0
6990,note_on,,,,,50,0,1,,,,,0,,,79,0
6990,note_on,,,,,0,0,1,,,,,0,,,77,64
6990,control_change,,,,,0,0,1,,,,,0,7,102,,
6990,note_on,,,,,30,0,2,,,,,1,,,62,0
7000,control_change,,,,,10,0,3,,,,,2,7,99,,
7020,note_on,,,,,30,0,2,,,,,1,,,60,0
7020,note_on,,,,,30,0,1,,,,,0,,,77,0
7020,note_on,,,,,0,0,1,,,,,0,,,75,64
7020,note_on,,,,,20,0,3,,,,,2,,,56,0
7020,note_on,,,,,0,0,3,,,,,2,,,55,64
7020,note_on,,,,,0,0,2,,,,,1,,,59,64
7030,control_change,,,,,10,0,3,,,,,2,7,98,,
7040,control_change,,,,,20,0,1,,,,,0,7,101,,
7050,note_on,,,,,20,0,3,,,,,2,,,55,0
7050,note_on,,,,,0,0,1,,,,,0,,,74,64
7050,note_on,,,,,10,0,1,,,,,0,,,75,0
7050,note_on,,,,,0,0,3,,,,,2,,,53,64
7060,control_change,,,,,10,0,3,,,,,2,7,97,,
7080,note_on,,,,,30,0,1,,,,,0,,,74,0
7080,note_on,,,,,60,0,2,,,,,1,,,59,0
7080,note_on,,,,,0,0,2,,,,,1,,,67,64
7080,note_on,,,,,0,0,3,,,,,2,,,51,64
7080,note_on,,,,,20,0,3,,,,,2,,,53,0
7080,note_on,,,,,0,0,1,,,,,0,,,72,64
7090,control_change,,,,,10,0,1,,,,,0,7,100,,
7090,control_change,,,,,10,0,3,,,,,2,7,96,,
7110,note_on,,,,,0,0,3,,,,,2,,,50,64
7110,note_on,,,,,20,0,3,,,,,2,,,51,0
7110,note_on,,,,,30,0,2,,,,,1,,,67,0
7110,note_on,,,,,0,0,2,,,,,1,,,65,64
7120,control_change,,,,,10,0,3,,,,,2,7,95,,
7140,note_on,,,,,0,0,3,,,,,2,,,48,64
7140,note_on,,,,,30,0,2,,,,,1,,,65,0
7140,note_on,,,,,0,0,2,,,,,1,,,63,64
7140,note_on,,,,,20,0,3,,,,,2,,,50,0
7140,control_change,,,,,50,0,1,,,,,0,7,99,,
7150,control_change,,,,,10,0,3,,,,,2,7,94,,
7170,note_on,,,,,0,0,2,,,,,1,,,62,64
7170,note_on,,,,,30,0,2,,,,,1,,,63,0
7170,note_on,,,,,0,0,3,,,,,2,,,46,64
7170,note_on,,,,,20,0,3,,,,,2,,,48,0
7180,control_change,,,,,10,0,3,,,,,2,7,93,,
7190,control_change,,,,,50,0,1,,,,,0,7,98,,
7200,note_on,,,,,0,0,3,,,,,2,,,45,64
7200,note_on,,,,,20,0,3,,,,,2,,,46,0
7200,note_on,,,,,0,0,2,,,,,1,,,60,64
7200,note_on,,,,,30,0,2,,,,,1,,,62,0
7210,control_change,,,,,10,0,3,,,,,2,7,92,,
7230,note_on,,,,,0,0,1,,,,,0,,,70,64
7230,note_on,,,,,40,0,1,,,,,0,,,72,0
7240,control_change,,,,,10,0,1,,,,,0,7,97,,
7260,note_on,,,,,60,0,2,,,,,1,,,60,0
7260,note_on,,,,,0,0,2,,,,,1,,,72,64
7260,note_on,,,,,50,0,3,,,,,2,,,45,0
7260,note_on,,,,,0,0,3,,,,,2,,,60,64
7260,note_on,,,,,20,0,1,,,,,0,,,70,0
7260,note_on,,,,,0,0,1,,,,,0,,,69,64
7290,control_change,,,,,0,0,1,,,,,0,7,96,,
7290,note_on,,,,,30,0,2,,,,,1,,,72,0
7290,note_on,,,,,0,0,2,,,,,1,,,70,64
7290,note_on,,,,,30,0,1,,,,,0,,,69,0
7290,note_on,,,,,0,0,1,,,,,0,,,67,64
7320,note_on,,,,,30,0,2,,,,,1,,,70,0
7320,note_on,,,,,0,0,2,,,,,1,,,69,64
7320,note_on,,,,,30,0,1,,,,,0,,,67,0
7320,note_on,,,,,0,0,1,,,,,0,,,69,64
7340,control_change,,,,,20,0,1,,,,,0,7,95,,
7350,note_on,,,,,90,0,3,,,,,2,,,60,0
7350,note_on,,,,,0,0,3,,,,,2,,,58,64
7360,control_change,,,,,10,0,3,,,,,2,7,93,,
7380,note_on,,,,,0,0,1,,,,,0,,,65,64
7380,note_on,,,,,0,0,2,,,,,1,,,72,64
7380,note_on,,,,,0,0,3,,,,,2,,,57,64
7380,note_on,,,,,60,0,2,,,,,1,,,69,0
7380,note_on,,,,,20,0,3,,,,,2,,,58,0
7380,note_on,,,,,40,0,1,,,,,0,,,69,0
7390,control_change,,,,,10,0,1,,,,,0,7,94,,
7400,control_change,,,,,20,0,3,,,,,2,7,94,,
7400,control_change,,,,,10,0,1,,,,,0,7,95,,
7410,note_on,,,,,10,0,3,,,,,2,,,57,0
7410,note_on,,,,,0,0,3,,,,,2,,,55,64
7430,control_change,,,,,20,0,3,,,,,2,7,95,,
7440,note_on,,,,,0,0,1,,,,,0,,,75,64
7440,note_on,,,,,10,0,3,,,,,2,,,55,0
7440,note_on,,,,,0,0,3,,,,,2,,,53,64
7440,note_on,,,,,60,0,2,,,,,1,,,72,0
7440,note_on,,,,,40,0,1,,,,,0,,,65,0
7440,note_on,,,,,0,0,2,,,,,1,,,69,64
7440,control_change,,,,,0,0,1,,,,,0,7,96,,
7460,control_change,,,,,20,0,3,,,,,2,7,96,,
7470,note_on,,,,,10,0,3,,,,,2,,,53,0
7470,note_on,,,,,0,0,3,,,,,2,,,51,64
7480,control_change,,,,,40,0,1,,,,,0,7,97,,
7490,control_change,,,,,20,0,3,,,,,2,7,97,,
7500,note_on,,,,,10,0,3,,,,,2,,,51,0
7500,note_on,,,,,0,0,3,,,,,2,,,49,64
7500,note_on,,,,,0,0,2,,,,,1,,,65,64
7500,note_on,,,,,60,0,2,,,,,1,,,69,0
7510,control_change,,,,,30,0,1,,,,,0,7,98,,
7530,note_on,,,,,30,0,3,,,,,2,,,49,0
7530,note_on,,,,,0,0,3,,,,,2,,,48,64
7530,control_change,,,,,0,0,3,,,,,2,7,98,,
7550,control_change,,,,,40,0,1,,,,,0,7,99,,
7560,note_on,,,,,0,0,3,,,,,2,,,46,64
7560,note_on,,,,,30,0,3,,,,,2,,,48,0
7560,control_change,,,,,0,0,3,,,,,2,7,99,,
7580,control_change,,,,,30,0,1,,,,,0,7,100,,
7590,note_on,,,,,10,0,1,,,,,0,,,75,0
7590,note_on,,,,,0,0,1,,,,,0,,,73,64
7590,control_change,,,,,30,0,3,,,,,2,7,100,,
7620,note_on,,,,,30,0,1,,,,,0,,,73,0
7620,note_on,,,,,0,0,1,,,,,0,,,72,64
7620,control_change,,,,,0,0,1,,,,,0,7,101,,
7620,note_on,,,,,30,0,3,,,,,2,,,46,0
7620,note_on,,,,,0,0,3,,,,,2,,,49,64
7620,control_change,,,,,0,0,3,,,,,2,7,101,,
7650,note_on,,,,,30,0,1,,,,,0,,,72,0
7650,note_on,,,,,0,0,1,,,,,0,,,73,64
7650,control_change,,,,,0,0,1,,,,,0,7,102,,
7660,control_change,,,,,40,0,3,,,,,2,7,102,,
7680,note_on,,,,,0,0,1,,,,,0,,,75,64
7680,note_on,,,,,0,0,2,,,,,1,,,57,64
7680,note_on,,,,,30,0,1,,,,,0,,,73,0
7680,note_on,,,,,0,0,3,,,,,2,,,53,64
7680,note_on,,,,,20,0,3,,,,,2,,,49,0
7680,note_on,,,,,180,0,2,,,,,1,,,65,0
7690,control_change,,,,,10,0,1,,,,,0,7,103,,
7690,control_change,,,,,10,0,3,,,,,2,7,103,,
7710,note_on,,,,,0,0,1,,,,,0,,,78,64
7710,note_on,,,,,20,0,1,,,,,0,,,75,0
7720,control_change,,,,,30,0,3,,,,,2,7,104,,
7720,control_change,,,,,10,0,1,,,,,0,7,104,,
7740,note_on,,,,,0,0,2,,,,,1,,,60,64
7740,note_on,,,,,60,0,2,,,,,1,,,57,0
7740,note_on,,,,,20,0,3,,,,,2,,,53,0
7740,note_on,,,,,20,0,1,,,,,0,,,78,0
7740,note_on,,,,,0,0,3,,,,,2,,,57,64
7740,note_on,,,,,0,0,1,,,,,0,,,77,64
7750,control_change,,,,,10,0,3,,,,,2,7,105,,
7760,control_change,,,,,20,0,1,,,,,0,7,105,,
7770,note_on,,,,,0,0,1,,,,,0,,,75,64
7770,note_on,,,,,10,0,1,,,,,0,,,77,0
7790,control_change,,,,,40,0,3,,,,,2,7,106,,
7790,control_change,,,,,20,0,1,,,,,0,7,106,,
7800,note_on,,,,,10,0,3,,,,,2,,,57,0
7800,note_on,,,,,0,0,3,,,,,2,,,58,64
7800,note_on,,,,,0,0,2,,,,,1,,,61,64
7800,note_on,,,,,60,0,2,,,,,1,,,60,0
7800,note_on,,,,,0,0,1,,,,,0,,,73,64
7800,note_on,,,,,10,0,1,,,,,0,,,75,0
7820,control_change,,,,,20,0,3,,,,,2,7,107,,
7830,note_on,,,,,30,0,1,,,,,0,,,73,0
7830,note_on,,,,,0,0,1,,,,,0,,,72,64
7830,control_change,,,,,0,0,1,,,,,0,7,107,,
7850,control_change,,,,,30,0,3,,,,,2,7,108,,
7860,control_change,,,,,0,0,1,,,,,0,7,108,,
7860,note_on,,,,,0,0,1,,,,,0,,,70,64
7860,note_on,,,,,30,0,1,,,,,0,,,72,0
7880,control_change,,,,,30,0,3,,,,,2,7,109,,
7890,note_on,,,,,0,0,1,,,,,0,,,68,64
7890,note_on,,,,,30,0,1,,,,,0,,,70,0
7900,control_change,,,,,10,0,1,,,,,0,7,109,,
7920,note_on,,,,,20,0,1,,,,,0,,,68,0
7920,note_on,,,,,0,0,1,,,,,0,,,67,64
7930,control_change,,,,,10,0,1,,,,,0,7,110,,
7950,note_on,,,,,0,0,3,,,,,2,,,56,64
7950,note_on,,,,,70,0,3,,,,,2,,,58,0
7950,note_on,,,,,150,0,2,,,,,1,,,61,0
7950,note_on,,,,,0,0,2,,,,,1,,,60,64
7980,note_on,,,,,0,0,3,,,,,2,,,55,64
7980,note_on,,,,,30,0,3,,,,,2,,,56,0
7980,note_on,,,,,50,0,1,,,,,0,,,67,0
7980,note_on,,,,,0,0,1,,,,,0,,,82,64
7980,note_on,,,,,30,0,2,,,,,1,,,60,0
7980,note_on,,,,,0,0,2,,,,,1,,,58,64
8010,note_on,,,,,0,0,2,,,,,1,,,56,64
8010,note_on,,,,,30,0,3,,,,,2,,,55,0
8010,note_on,,,,,0,0,3,,,,,2,,,53,64
8010,note_on,,,,,30,0,2,,,,,1,,,58,0
8040,note_on,,,,,0,0,2,,,,,1,,,58,64
8040,note_on,,,,,30,0,2,,,,,1,,,56,0
8040,note_on,,,,,30,0,3,,,,,2,,,53,0
8040,note_on,,,,,0,0,3,,,,,2,,,55,64
8070,note_on,,,,,0,0,1,,,,,0,,,80,64
8070,note_on,,,,,90,0,1,,,,,0,,,82,0
8100,note_on,,,,,0,0,2,,,,,1,,,70,64
8100,note_on,,,,,0,0,1,,,,,0,,,79,64
8100,note_on,,,,,30,0,1,,,,,0,,,80,0
8100,note_on,,,,,60,0,3,,,,,2,,,55,0
8100,note_on,,,,,0,0,3,,,,,2,,,39,64
8100,note_on,,,,,60,0,2,,,,,1,,,58,0
8130,note_on,,,,,30,0,2,,,,,1,,,70,0
8130,note_on,,,,,0,0,2,,,,,1,,,68,64
8130,note_on,,,,,0,0,1,,,,,0,,,77,64
8130,note_on,,,,,30,0,1,,,,,0,,,79,0
8160,note_on,,,,,0,0,1,,,,,0,,,75,64
8160,note_on,,,,,30,0,1,,,,,0,,,77,0
8160,note_on,,,,,60,0,3,,,,,2,,,39,0
8160,note_on,,,,,0,0,2,,,,,1,,,67,64
8160,note_on,,,,,30,0,2,,,,,1,,,68,0
8160,note_on,,,,,0,0,3,,,,,2,,,49,64
8190,note_on,,,,,0,0,2,,,,,1,,,65,64
8190,note_on,,,,,30,0,2,,,,,1,,,67,0
8190,note_on,,,,,30,0,1,,,,,0,,,75,0
8190,note_on,,,,,0,0,1,,,,,0,,,73,64
8220,note_on,,,,,30,0,1,,,,,0,,,73,0
8220,note_on,,,,,0,0,2,,,,,1,,,67,64
8220,note_on,,,,,30,0,2,,,,,1,,,65,0
8220,note_on,,,,,0,0,1,,,,,0,,,72,64
8250,note_on,,,,,0,0,1,,,,,0,,,70,64
8250,note_on,,,,,30,0,1,,,,,0,,,72,0
8280,note_on,,,,,0,0,1,,,,,0,,,68,64
8280,note_on,,,,,30,0,1,,,,,0,,,70,0
8280,note_on,,,,,0,0,2,,,,,1,,,63,64
8280,note_on,,,,,60,0,2,,,,,1,,,67,0
8310,note_on,,,,,150,0,3,,,,,2,,,49,0
8310,note_on,,,,,0,0,3,,,,,2,,,48,64
8340,note_on,,,,,0,0,3,,,,,2,,,46,64
8340,note_on,,,,,30,0,3,,,,,2,,,48,0
8340,note_on,,,,,60,0,1,,,,,0,,,68,0
8340,note_on,,,,,0,0,1,,,,,0,,,72,64
8370,note_on,,,,,0,0,3,,,,,2,,,48,64
8370,note_on,,,,,30,0,3,,,,,2,,,46,0
8400,note_on,,,,,30,0,3,,,,,2,,,48,0
8400,note_on,,,,,60,0,1,,,,,0,,,72,0
8400,note_on,,,,,0,0,1,,,,,0,,,75,64
8400,note_on,,,,,0,0,3,,,,,2,,,49,64
8400,note_on,,,,,120,0,2,,,,,1,,,63,0
8400,note_on,,,,,0,0,2,,,,,1,,,55,64
8430,note_on,,,,,30,0,3,,,,,2,,,49,0
8430,note_on,,,,,0,0,3,,,,,2,,,53,64
8460,note_on,,,,,30,0,3,,,,,2,,,53,0
8460,note_on,,,,,0,0,3,,,,,2,,,51,64
8460,note_on,,,,,60,0,2,,,,,1,,,55,0
8460,note_on,,,,,0,0,2,,,,,1,,,58,64
8460,note_on,,,,,0,0,1,,,,,0,,,79,64
8460,note_on,,,,,60,0,1,,,,,0,,,75,0
8490,note_on,,,,,30,0,3,,,,,2,,,51,0
8490,note_on,,,,,0,0,3,,,,,2,,,49,64
8520,note_on,,,,,60,0,1,,,,,0,,,79,0
8520,note_on,,,,,60,0,2,,,,,1,,,58,0
8520,note_on,,,,,0,0,2,,,,,1,,,60,64
8520,note_on,,,,,30,0,3,,,,,2,,,49,0
8520,note_on,,,,,0,0,3,,,,,2,,,48,64
8520,note_on,,,,,0,0,1,,,,,0,,,80,64
8550,note_on,,,,,0,0,3,,,,,2,,,46,64
8550,note_on,,,,,30,0,3,,,,,2,,,48,0
8580,note_on,,,,,30,0,3,,,,,2,,,46,0
8580,note_on,,,,,0,0,3,,,,,2,,,44,64
8610,note_on,,,,,0,0,3,,,,,2,,,43,64
8610,note_on,,,,,30,0,3,,,,,2,,,44,0
8640,note_on,,,,,0,0,3,,,,,2,,,41,64
8640,note_on,,,,,30,0,3,,,,,2,,,43,0
8650,control_change,,,,,10,0,3,,,,,2,7,102,,
8670,note_on,,,,,150,0,1,,,,,0,,,80,0
8670,note_on,,,,,0,0,1,,,,,0,,,79,64
8670,control_change,,,,,20,0,3,,,,,2,7,101,,
8690,control_change,,,,,20,0,3,,,,,2,7,100,,
8700,note_on,,,,,10,0,3,,,,,2,,,41,0
8700,note_on,,,,,0,0,3,,,,,2,,,53,64
8700,control_change,,,,,0,0,3,,,,,2,7,99,,
8700,note_on,,,,,0,0,2,,,,,1,,,68,64
8700,note_on,,,,,180,0,2,,,,,1,,,60,0
8700,note_on,,,,,30,0,1,,,,,0,,,79,0
8700,note_on,,,,,0,0,1,,,,,0,,,77,64
8720,control_change,,,,,20,0,3,,,,,2,7,98,,
8730,note_on,,,,,0,0,2,,,,,1,,,67,64
8730,note_on,,,,,30,0,2,,,,,1,,,68,0
8730,note_on,,,,,0,0,1,,,,,0,,,75,64
8730,note_on,,,,,30,0,1,,,,,0,,,77,0
8740,control_change,,,,,20,0,3,,,,,2,7,97,,
8750,control_change,,,,,10,0,3,,,,,2,7,96,,
8760,note_on,,,,,0,0,2,,,,,1,,,68,64
8760,note_on,,,,,30,0,2,,,,,1,,,67,0
8760,note_on,,,,,0,0,1,,,,,0,,,73,64
8760,note_on,,,,,30,0,1,,,,,0,,,75,0
8770,control_change,,,,,20,0,3,,,,,2,7,95,,
8790,note_on,,,,,0,0,1,,,,,0,,,70,64
8790,note_on,,,,,30,0,1,,,,,0,,,73,0
8790,control_change,,,,,0,0,3,,,,,2,7,94,,
8790,note_on,,,,,0,0,2,,,,,1,,,67,64
8790,note_on,,,,,30,0,2,,,,,1,,,68,0
8790,note_on,,,,,0,0,3,,,,,2,,,51,64
8790,note_on,,,,,20,0,3,,,,,2,,,53,0
8800,control_change,,,,,10,0,3,,,,,2,7,93,,
8820,note_on,,,,,0,0,2,,,,,1,,,65,64
8820,note_on,,,,,30,0,2,,,,,1,,,67,0
8820,note_on,,,,,20,0,3,,,,,2,,,51,0
8820,control_change,,,,,0,0,3,,,,,2,7,92,,
8820,note_on,,,,,0,0,3,,,,,2,,,49,64
8820,note_on,,,,,30,0,1,,,,,0,,,70,0
8820,note_on,,,,,0,0,1,,,,,0,,,80,64
8840,control_change,,,,,20,0,3,,,,,2,7,91,,
8850,note_on,,,,,10,0,3,,,,,2,,,49,0
8850,note_on,,,,,0,0,3,,,,,2,,,48,64
8850,control_change,,,,,0,0,3,,,,,2,7,90,,
8850,note_on,,,,,30,0,2,,,,,1,,,65,0
8850,note_on,,,,,0,0,2,,,,,1,,,63,64
8870,control_change,,,,,20,0,3,,,,,2,7,89,,
8880,note_on,,,,,0,0,2,,,,,1,,,61,64
8880,note_on,,,,,10,0,3,,,,,2,,,48,0
8880,note_on,,,,,0,0,3,,,,,2,,,46,64
8880,note_on,,,,,30,0,2,,,,,1,,,63,0
8880,note_on,,,,,0,0,1,,,,,0,,,79,64
8880,note_on,,,,,60,0,1,,,,,0,,,80,0
8890,control_change,,,,,10,0,3,,,,,2,7,88,,
8900,control_change,,,,,10,0,3,,,,,2,7,87,,
8910,note_on,,,,,30,0,2,,,,,1,,,61,0
8910,note_on,,,,,0,0,3,,,,,2,,,44,64
8910,note_on,,,,,0,0,2,,,,,1,,,60,64
8910,note_on,,,,,10,0,3,,,,,2,,,46,0
8920,control_change,,,,,10,0,3,,,,,2,7,86,,
8940,control_change,,,,,0,0,3,,,,,2,7,85,,
8940,note_on,,,,,20,0,3,,,,,2,,,44,0
8940,note_on,,,,,0,0,3,,,,,2,,,43,64
8940,note_on,,,,,0,0,2,,,,,1,,,58,64
8940,note_on,,,,,30,0,2,,,,,1,,,60,0
8950,control_change,,,,,10,0,3,,,,,2,7,84,,
8970,note_on,,,,,20,0,3,,,,,2,,,43,0
8970,note_on,,,,,0,0,3,,,,,2,,,46,64
8970,control_change,,,,,0,0,3,,,,,2,7,83,,
8970,note_on,,,,,0,0,2,,,,,1,,,61,64
8970,note_on,,,,,30,0,2,,,,,1,,,58,0
8980,control_change,,,,,10,0,3,,,,,2,7,82,,
9000,note_on,,,,,20,0,3,,,,,2,,,46,0
9000,note_on,,,,,0,0,3,,,,,2,,,39,64
9010,control_change,,,,,130,0,1,,,,,0,7,108,,
9030,note_on,,,,,0,0,1,,,,,0,,,77,64
9030,note_on,,,,,20,0,1,,,,,0,,,79,0
9040,control_change,,,,,10,0,1,,,,,0,7,107,,
9060,note_on,,,,,60,0,3,,,,,2,,,39,0
9060,note_on,,,,,0,0,3,,,,,2,,,51,64
9060,note_on,,,,,20,0,1,,,,,0,,,77,0
9060,note_on,,,,,90,0,2,,,,,1,,,61,0
9060,note_on,,,,,0,0,1,,,,,0,,,75,64
9060,control_change,,,,,0,0,1,,,,,0,7,106,,
9060,note_on,,,,,0,0,2,,,,,1,,,67,64
9090,note_on,,,,,0,0,2,,,,,1,,,65,64
9090,control_change,,,,,0,0,1,,,,,0,7,105,,
9090,note_on,,,,,30,0,1,,,,,0,,,75,0
9090,note_on,,,,,0,0,1,,,,,0,,,73,64
9090,note_on,,,,,30,0,2,,,,,1,,,67,0
9110,control_change,,,,,20,0,1,,,,,0,7,104,,
9120,note_on,,,,,10,0,1,,,,,0,,,73,0
9120,note_on,,,,,0,0,1,,,,,0,,,72,64
9120,note_on,,,,,30,0,2,,,,,1,,,65,0
9120,note_on,,,,,0,0,2,,,,,1,,,67,64
9140,control_change,,,,,20,0,1,,,,,0,7,103,,
9150,note_on,,,,,10,0,1,,,,,0,,,72,0
9150,note_on,,,,,0,0,2,,,,,1,,,65,64
9150,note_on,,,,,30,0,2,,,,,1,,,67,0
9150,note_on,,,,,90,0,3,,,,,2,,,51,0
9150,note_on,,,,,0,0,3,,,,,2,,,49,64
9150,note_on,,,,,0,0,1,,,,,0,,,68,64
9160,control_change,,,,,10,0,1,,,,,0,7,102,,
9180,note_on,,,,,0,0,2,,,,,1,,,63,64
9180,control_change,,,,,0,0,1,,,,,0,7,101,,
9180,note_on,,,,,30,0,2,,,,,1,,,65,0
9180,note_on,,,,,20,0,1,,,,,0,,,68,0
9180,note_on,,,,,0,0,1,,,,,0,,,78,64
9180,note_on,,,,,30,0,3,,,,,2,,,49,0
9180,note_on,,,,,0,0,3,,,,,2,,,48,64
9210,note_on,,,,,0,0,2,,,,,1,,,61,64
9210,control_change,,,,,30,0,1,,,,,0,7,100,,
9210,note_on,,,,,30,0,2,,,,,1,,,63,0
9210,note_on,,,,,0,0,3,,,,,2,,,46,64
9210,note_on,,,,,30,0,3,,,,,2,,,48,0
9230,control_change,,,,,20,0,1,,,,,0,7,99,,
9240,note_on,,,,,30,0,2,,,,,1,,,61,0
9240,note_on,,,,,0,0,2,,,,,1,,,60,64
9240,note_on,,,,,10,0,1,,,,,0,,,78,0
9240,note_on,,,,,0,0,1,,,,,0,,,77,64
9240,note_on,,,,,0,0,3,,,,,2,,,44,64
9240,note_on,,,,,30,0,3,,,,,2,,,46,0
9260,control_change,,,,,20,0,1,,,,,0,7,98,,
9270,note_on,,,,,30,0,2,,,,,1,,,60,0
9270,note_on,,,,,0,0,2,,,,,1,,,58,64
9270,note_on,,,,,30,0,3,,,,,2,,,44,0
9270,note_on,,,,,0,0,3,,,,,2,,,42,64
9280,control_change,,,,,20,0,1,,,,,0,7,97,,
9300,note_on,,,,,30,0,3,,,,,2,,,42,0
9300,note_on,,,,,0,0,3,,,,,2,,,41,64
9300,control_change,,,,,20,0,1,,,,,0,7,96,,
9300,note_on,,,,,30,0,2,,,,,1,,,58,0
9300,note_on,,,,,0,0,2,,,,,1,,,56,64
9330,control_change,,,,,30,0,1,,,,,0,7,95,,
9330,note_on,,,,,30,0,3,,,,,2,,,41,0
9330,note_on,,,,,0,0,3,,,,,2,,,44,64
9330,note_on,,,,,30,0,2,,,,,1,,,56,0
9330,note_on,,,,,0,0,2,,,,,1,,,60,64
9350,control_change,,,,,20,0,1,,,,,0,7,94,,
9360,note_on,,,,,30,0,3,,,,,2,,,44,0
9360,note_on,,,,,0,0,3,,,,,2,,,37,64
9380,control_change,,,,,30,0,1,,,,,0,7,93,,
9390,note_on,,,,,10,0,1,,,,,0,,,77,0
9390,note_on,,,,,0,0,1,,,,,0,,,75,64
9400,control_change,,,,,10,0,1,,,,,0,7,92,,
9420,control_change,,,,,0,0,1,,,,,0,7,91,,
9420,note_on,,,,,0,0,1,,,,,0,,,73,64
9420,note_on,,,,,20,0,1,,,,,0,,,75,0
9420,note_on,,,,,0,0,2,,,,,1,,,65,64
9420,note_on,,,,,60,0,3,,,,,2,,,37,0
9420,note_on,,,,,0,0,3,,,,,2,,,49,64
9420,note_on,,,,,90,0,2,,,,,1,,,60,0
9450,control_change,,,,,0,0,1,,,,,0,7,90,,
9450,note_on,,,,,0,0,1,,,,,0,,,72,64
9450,note_on,,,,,30,0,1,,,,,0,,,73,0
9450,note_on,,,,,30,0,2,,,,,1,,,65,0
9450,note_on,,,,,0,0,2,,,,,1,,,63,64
9470,control_change,,,,,20,0,1,,,,,0,7,89,,
9480,note_on,,,,,0,0,1,,,,,0,,,70,64
9480,note_on,,,,,10,0,1,,,,,0,,,72,0
9480,note_on,,,,,0,0,2,,,,,1,,,65,64
9480,note_on,,,,,30,0,2,,,,,1,,,63,0
9500,control_change,,,,,20,0,1,,,,,0,7,88,,
9510,note_on,,,,,0,0,1,,,,,0,,,68,64
9510,note_on,,,,,10,0,1,,,,,0,,,70,0
9510,note_on,,,,,0,0,3,,,,,2,,,48,64
9510,note_on,,,,,30,0,2,,,,,1,,,65,0
9510,note_on,,,,,0,0,2,,,,,1,,,63,64
9510,note_on,,,,,90,0,3,,,,,2,,,49,0
9520,control_change,,,,,10,0,1,,,,,0,7,87,,
9540,note_on,,,,,30,0,3,,,,,2,,,48,0
9540,note_on,,,,,30,0,2,,,,,1,,,63,0
9540,note_on,,,,,0,0,3,,,,,2,,,46,64
9540,note_on,,,,,20,0,1,,,,,0,,,68,0
9540,note_on,,,,,0,0,1,,,,,0,,,67,64
9540,note_on,,,,,0,0,2,,,,,1,,,61,64
9550,control_change,,,,,10,0,1,,,,,0,7,86,,
9570,note_on,,,,,30,0,3,,,,,2,,,46,0
9570,note_on,,,,,0,0,3,,,,,2,,,44,64
9570,control_change,,,,,0,0,1,,,,,0,7,85,,
9570,note_on,,,,,0,0,1,,,,,0,,,68,64
9570,note_on,,,,,20,0,1,,,,,0,,,67,0
9570,note_on,,,,,0,0,2,,,,,1,,,60,64
9570,note_on,,,,,30,0,2,,,,,1,,,61,0
9590,control_change,,,,,20,0,1,,,,,0,7,84,,
9600,note_on,,,,,0,0,3,,,,,2,,,43,64
9600,note_on,,,,,10,0,1,,,,,0,,,68,0
9600,note_on,,,,,0,0,1,,,,,0,,,70,64
9600,note_on,,,,,0,0,2,,,,,1,,,58,64
9600,note_on,,,,,30,0,2,,,,,1,,,60,0
9600,note_on,,,,,30,0,3,,,,,2,,,44,0
9620,control_change,,,,,20,0,1,,,,,0,7,83,,
9630,note_on,,,,,0,0,2,,,,,1,,,56,64
9630,note_on,,,,,0,0,3,,,,,2,,,41,64
9630,note_on,,,,,30,0,2,,,,,1,,,58,0
9630,note_on,,,,,30,0,3,,,,,2,,,43,0
9640,control_change,,,,,20,0,1,,,,,0,7,82,,
9660,note_on,,,,,0,0,2,,,,,1,,,55,64
9660,note_on,,,,,30,0,2,,,,,1,,,56,0
9660,note_on,,,,,0,0,3,,,,,2,,,40,64
9660,note_on,,,,,30,0,3,,,,,2,,,41,0
9670,control_change,,,,,30,0,1,,,,,0,7,81,,
9690,note_on,,,,,30,0,2,,,,,1,,,55,0
9690,note_on,,,,,0,0,2,,,,,1,,,58,64
9690,note_on,,,,,0,0,3,,,,,2,,,41,64
9690,note_on,,,,,30,0,3,,,,,2,,,40,0
9690,control_change,,,,,20,0,1,,,,,0,7,80,,
9710,control_change,,,,,20,0,1,,,,,0,7,79,,
9720,note_on,,,,,30,0,3,,,,,2,,,41,0
9720,note_on,,,,,0,0,3,,,,,2,,,36,64
9720,note_on,,,,,30,0,2,,,,,1,,,58,0
9720,note_on,,,,,0,0,2,,,,,1,,,52,64
9740,control_change,,,,,30,0,1,,,,,0,7,78,,
9750,note_on,,,,,0,0,1,,,,,0,,,68,64
9750,note_on,,,,,10,0,1,,,,,0,,,70,0
9760,control_change,,,,,10,0,1,,,,,0,7,77,,
9780,note_on,,,,,0,0,1,,,,,0,,,67,64
9780,note_on,,,,,20,0,1,,,,,0,,,68,0
9780,note_on,,,,,0,0,2,,,,,1,,,58,64
9780,note_on,,,,,60,0,2,,,,,1,,,52,0
9790,control_change,,,,,10,0,1,,,,,0,7,76,,
9810,note_on,,,,,0,0,1,,,,,0,,,65,64
9810,control_change,,,,,0,0,1,,,,,0,7,75,,
9810,note_on,,,,,30,0,2,,,,,1,,,58,0
9810,note_on,,,,,20,0,1,,,,,0,,,67,0
9810,note_on,,,,,0,0,2,,,,,1,,,56,64
9830,control_change,,,,,20,0,1,,,,,0,7,74,,
9840,note_on,,,,,30,0,2,,,,,1,,,56,0
9840,note_on,,,,,0,0,1,,,,,0,,,64,64
9840,note_on,,,,,10,0,1,,,,,0,,,65,0
9840,note_on,,,,,0,0,2,,,,,1,,,55,64
9860,control_change,,,,,140,0,3,,,,,2,7,80,,
9870,control_change,,,,,0,0,1,,,,,0,7,78,,
9870,note_on,,,,,0,0,1,,,,,0,,,65,64
9870,note_on,,,,,0,0,3,,,,,2,,,38,64
9870,note_on,,,,,10,0,3,,,,,2,,,36,0
9870,note_on,,,,,30,0,1,,,,,0,,,64,0
9890,control_change,,,,,20,0,1,,,,,0,7,79,,
9900,note_on,,,,,0,0,2,,,,,1,,,61,64
9900,note_on,,,,,0,0,1,,,,,0,,,67,64
9900,note_on,,,,,60,0,2,,,,,1,,,55,0
9900,control_change,,,,,0,0,1,,,,,0,7,80,,
9900,note_on,,,,,0,0,3,,,,,2,,,40,64
9900,control_change,,,,,0,0,3,,,,,2,7,81,,
9900,note_on,,,,,30,0,3,,,,,2,,,38,0
9900,note_on,,,,,10,0,1,,,,,0,,,65,0
9920,control_change,,,,,20,0,1,,,,,0,7,81,,
9930,note_on,,,,,0,0,3,,,,,2,,,41,64
9930,note_on,,,,,0,0,2,,,,,1,,,60,64
9930,note_on,,,,,10,0,1,,,,,0,,,67,0
9930,note_on,,,,,0,0,1,,,,,0,,,68,64
9930,control_change,,,,,0,0,1,,,,,0,7,82,,
9930,note_on,,,,,30,0,2,,,,,1,,,61,0
9930,note_on,,,,,30,0,3,,,,,2,,,40,0
9930,control_change,,,,,0,0,3,,,,,2,7,82,,
9940,control_change,,,,,10,0,1,,,,,0,7,83,,
9960,note_on,,,,,30,0,2,,,,,1,,,60,0
9960,note_on,,,,,0,0,2,,,,,1,,,58,64
9960,note_on,,,,,30,0,3,,,,,2,,,41,0
9960,note_on,,,,,20,0,1,,,,,0,,,68,0
9960,control_change,,,,,0,0,3,,,,,2,7,83,,
9960,note_on,,,,,0,0,3,,,,,2,,,43,64
9960,control_change,,,,,0,0,1,,,,,0,7,84,,
9960,note_on,,,,,0,0,1,,,,,0,,,70,64
9970,control_change,,,,,10,0,1,,,,,0,7,85,,
9990,note_on,,,,,0,0,1,,,,,0,,,72,64
9990,control_change,,,,,0,0,1,,,,,0,7,86,,
9990,note_on,,,,,30,0,3,,,,,2,,,43,0
9990,note_on,,,,,0,0,3,,,,,2,,,44,64
9990,note_on,,,,,20,0,1,,,,,0,,,70,0
10000,control_change,,,,,10,0,3,,,,,2,7,84,,
10000,control_change,,,,,10,0,1,,,,,0,7,87,,
10010,control_change,,,,,10,0,1,,,,,0,7,88,,
10020,note_on,,,,,0,0,1,,,,,0,,,73,64
10020,note_on,,,,,60,0,2,,,,,1,,,58,0
10020,note_on,,,,,0,0,3,,,,,2,,,46,64
10020,note_on,,,,,20,0,3,,,,,2,,,44,0
10020,note_on,,,,,0,0,2,,,,,1,,,64,64
10020,note_on,,,,,10,0,1,,,,,0,,,72,0
10030,control_change,,,,,10,0,3,,,,,2,7,85,,
10030,control_change,,,,,10,0,1,,,,,0,7,89,,
10040,control_change,,,,,10,0,1,,,,,0,7,90,,
10050,note_on,,,,,0,0,3,,,,,2,,,43,64
10050,note_on,,,,,20,0,3,,,,,2,,,46,0
10050,note_on,,,,,0,0,1,,,,,0,,,70,64
10050,note_on,,,,,10,0,1,,,,,0,,,73,0
10060,control_change,,,,,10,0,1,,,,,0,7,91,,
10060,control_change,,,,,10,0,3,,,,,2,7,86,,
10070,control_change,,,,,10,0,1,,,,,0,7,92,,
10080,note_on,,,,,0,0,3,,,,,2,,,44,64
10080,note_on,,,,,20,0,3,,,,,2,,,43,0
10080,note_on,,,,,10,0,1,,,,,0,,,70,0
10080,note_on,,,,,0,0,1,,,,,0,,,72,64
10080,control_change,,,,,0,0,1,,,,,0,7,93,,
10100,control_change,,,,,20,0,3,,,,,2,7,87,,
10100,control_change,,,,,20,0,1,,,,,0,7,94,,
10110,note_on,,,,,0,0,3,,,,,2,,,46,64
10110,note_on,,,,,0,0,2,,,,,1,,,67,64
10110,note_on,,,,,10,0,1,,,,,0,,,72,0
10110,note_on,,,,,0,0,1,,,,,0,,,70,64
10110,control_change,,,,,0,0,1,,,,,0,7,95,,
10110,note_on,,,,,10,0,3,,,,,2,,,44,0
10110,note_on,,,,,90,0,2,,,,,1,,,64,0
10120,control_change,,,,,10,0,1,,,,,0,7,96,,
10130,control_change,,,,,20,0,3,,,,,2,7,88,,
10140,note_on,,,,,30,0,2,,,,,1,,,67,0
10140,note_on,,,,,0,0,2,,,,,1,,,65,64
10140,note_on,,,,,0,0,1,,,,,0,,,68,64
10140,note_on,,,,,20,0,1,,,,,0,,,70,0
10140,note_on,,,,,10,0,3,,,,,2,,,46,0
10140,note_on,,,,,0,0,3,,,,,2,,,48,64
10160,control_change,,,,,20,0,3,,,,,2,7,89,,
10170,note_on,,,,,30,0,2,,,,,1,,,65,0
10170,note_on,,,,,0,0,2,,,,,1,,,64,64
10170,note_on,,,,,0,0,1,,,,,0,,,67,64
10170,note_on,,,,,30,0,1,,,,,0,,,68,0
10200,note_on,,,,,0,0,1,,,,,0,,,68,64
10200,note_on,,,,,30,0,1,,,,,0,,,67,0
10200,control_change,,,,,40,0,3,,,,,2,7,90,,
10200,note_on,,,,,30,0,2,,,,,1,,,64,0
10200,note_on,,,,,0,0,2,,,,,1,,,65,64
10230,note_on,,,,,30,0,2,,,,,1,,,65,0
10230,note_on,,,,,0,0,2,,,,,1,,,61,64
10230,note_on,,,,,30,0,3,,,,,2,,,48,0
10230,note_on,,,,,0,0,3,,,,,2,,,58,64
10230,control_change,,,,,0,0,3,,,,,2,7,91,,
10260,note_on,,,,,0,0,2,,,,,1,,,60,64
10260,note_on,,,,,0,0,1,,,,,0,,,65,64
10260,note_on,,,,,60,0,1,,,,,0,,,68,0
10260,note_on,,,,,30,0,2,,,,,1,,,61,0
10260,note_on,,,,,30,0,3,,,,,2,,,58,0
10260,note_on,,,,,0,0,3,,,,,2,,,56,64
10260,control_change,,,,,0,0,3,,,,,2,7,92,,
10290,note_on,,,,,30,0,3,,,,,2,,,56,0
10290,note_on,,,,,0,0,2,,,,,1,,,58,64
10290,note_on,,,,,0,0,3,,,,,2,,,55,64
10290,control_change,,,,,0,0,3,,,,,2,7,93,,
10290,note_on,,,,,30,0,2,,,,,1,,,60,0
10320,note_on,,,,,30,0,3,,,,,2,,,55,0
10320,note_on,,,,,0,0,3,,,,,2,,,53,64
10320,note_on,,,,,0,0,1,,,,,0,,,73,64
10320,note_on,,,,,60,0,1,,,,,0,,,65,0
10320,note_on,,,,,30,0,2,,,,,1,,,58,0
10320,note_on,,,,,0,0,2,,,,,1,,,56,64
10330,control_change,,,,,10,0,3,,,,,2,7,94,,
10350,note_on,,,,,20,0,3,,,,,2,,,53,0
10350,note_on,,,,,0,0,3,,,,,2,,,51,64
10350,note_on,,,,,30,0,2,,,,,1,,,56,0
10350,note_on,,,,,0,0,2,,,,,1,,,55,64
10360,control_change,,,,,10,0,3,,,,,2,7,95,,
10380,note_on,,,,,0,0,3,,,,,2,,,49,64
10380,note_on,,,,,0,0,2,,,,,1,,,53,64
10380,note_on,,,,,20,0,3,,,,,2,,,51,0
10380,note_on,,,,,30,0,2,,,,,1,,,55,0
10390,control_change,,,,,10,0,3,,,,,2,7,96,,
10410,note_on,,,,,0,0,3,,,,,2,,,48,64
10410,note_on,,,,,30,0,2,,,,,1,,,53,0
10410,note_on,,,,,0,0,2,,,,,1,,,63,64
10410,note_on,,,,,20,0,3,,,,,2,,,49,0
10430,control_change,,,,,20,0,3,,,,,2,7,97,,
10440,note_on,,,,,10,0,3,,,,,2,,,48,0
10440,note_on,,,,,0,0,2,,,,,1,,,61,64
10440,note_on,,,,,30,0,2,,,,,1,,,63,0
10440,note_on,,,,,0,0,3,,,,,2,,,46,64
10450,control_change,,,,,130,0,1,,,,,0,7,96,,
10460,control_change,,,,,20,0,3,,,,,2,7,98,,
10470,note_on,,,,,0,0,2,,,,,1,,,63,64
10470,note_on,,,,,0,0,1,,,,,0,,,72,64
10470,note_on,,,,,0,0,3,,,,,2,,,48,64
10470,note_on,,,,,10,0,3,,,,,2,,,46,0
10470,note_on,,,,,30,0,2,,,,,1,,,61,0
10470,note_on,,,,,20,0,1,,,,,0,,,73,0
10490,control_change,,,,,20,0,1,,,,,0,7,97,,
10490,control_change,,,,,20,0,3,,,,,2,7,99,,
10500,note_on,,,,,30,0,2,,,,,1,,,63,0
10500,note_on,,,,,10,0,3,,,,,2,,,48,0
10500,note_on,,,,,0,0,3,,,,,2,,,49,64
10500,note_on,,,,,0,0,2,,,,,1,,,65,64
10500,note_on,,,,,10,0,1,,,,,0,,,72,0
10500,note_on,,,,,0,0,1,,,,,0,,,70,64
10530,note_on,,,,,30,0,2,,,,,1,,,65,0
10530,note_on,,,,,30,0,1,,,,,0,,,70,0
10530,control_change,,,,,30,0,3,,,,,2,7,100,,
10530,control_change,,,,,0,0,1,,,,,0,7,98,,
10530,note_on,,,,,0,0,2,,,,,1,,,66,64
10530,note_on,,,,,0,0,1,,,,,0,,,69,64
10560,note_on,,,,,0,0,1,,,,,0,,,70,64
10560,note_on,,,,,30,0,1,,,,,0,,,69,0
10560,note_on,,,,,0,0,2,,,,,1,,,65,64
10560,note_on,,,,,30,0,2,,,,,1,,,66,0
10560,control_change,,,,,30,0,3,,,,,2,7,101,,
10570,control_change,,,,,10,0,1,,,,,0,7,99,,
10590,note_on,,,,,30,0,2,,,,,1,,,65,0
10590,note_on,,,,,0,0,2,,,,,1,,,63,64
10590,control_change,,,,,0,0,3,,,,,2,7,102,,
10590,note_on,,,,,0,0,3,,,,,2,,,48,64
10590,note_on,,,,,30,0,3,,,,,2,,,49,0
10610,control_change,,,,,40,0,1,,,,,0,7,100,,
10620,note_on,,,,,10,0,1,,,,,0,,,70,0
10620,note_on,,,,,30,0,3,,,,,2,,,48,0
10620,note_on,,,,,0,0,3,,,,,2,,,46,64
10620,control_change,,,,,0,0,3,,,,,2,7,103,,
10620,note_on,,,,,0,0,1,,,,,0,,,67,64
10620,note_on,,,,,30,0,2,,,,,1,,,63,0
10620,note_on,,,,,0,0,2,,,,,1,,,61,64
10640,control_change,,,,,20,0,1,,,,,0,7,101,,
10650,note_on,,,,,30,0,3,,,,,2,,,46,0
10650,note_on,,,,,0,0,3,,,,,2,,,44,64
10650,note_on,,,,,30,0,2,,,,,1,,,61,0
10650,note_on,,,,,0,0,2,,,,,1,,,60,64
10660,control_change,,,,,10,0,3,,,,,2,7,104,,
10680,note_on,,,,,30,0,2,,,,,1,,,60,0
10680,note_on,,,,,0,0,2,,,,,1,,,58,64
10680,note_on,,,,,0,0,1,,,,,0,,,76,64
10680,control_change,,,,,0,0,1,,,,,0,7,102,,
10680,note_on,,,,,0,0,3,,,,,2,,,43,64
10680,note_on,,,,,20,0,3,,,,,2,,,44,0
10680,note_on,,,,,40,0,1,,,,,0,,,67,0
10690,control_change,,,,,10,0,3,,,,,2,7,105,,
10710,note_on,,,,,0,0,2,,,,,1,,,56,64
10710,note_on,,,,,0,0,3,,,,,2,,,41,64
10710,note_on,,,,,30,0,2,,,,,1,,,58,0
10710,note_on,,,,,20,0,3,,,,,2,,,43,0
10720,control_change,,,,,10,0,3,,,,,2,7,106,,
10720,control_change,,,,,40,0,1,,,,,0,7,103,,
10740,note_on,,,,,0,0,3,,,,,2,,,40,64
10740,note_on,,,,,20,0,3,,,,,2,,,41,0
10740,note_on,,,,,0,0,2,,,,,1,,,55,64
10740,note_on,,,,,30,0,2,,,,,1,,,56,0
10760,control_change,,,,,40,0,1,,,,,0,7,104,,
10760,control_change,,,,,20,0,3,,,,,2,7,107,,
10770,note_on,,,,,0,0,3,,,,,2,,,38,64
10770,note_on,,,,,10,0,3,,,,,2,,,40,0
10770,note_on,,,,,0,0,2,,,,,1,,,56,64
10770,note_on,,,,,30,0,2,,,,,1,,,55,0
10790,control_change,,,,,30,0,1,,,,,0,7,105,,
10790,control_change,,,,,20,0,3,,,,,2,7,108,,
10800,note_on,,,,,30,0,2,,,,,1,,,56,0
10800,note_on,,,,,0,0,2,,,,,1,,,58,64
10800,note_on,,,,,10,0,3,,,,,2,,,38,0
10800,note_on,,,,,0,0,3,,,,,2,,,36,64
10820,control_change,,,,,20,0,3,,,,,2,7,109,,
10830,note_on,,,,,0,0,3,,,,,2,,,38,64
10830,note_on,,,,,40,0,1,,,,,0,,,76,0
10830,note_on,,,,,0,0,1,,,,,0,,,77,64
10830,control_change,,,,,0,0,1,,,,,0,7,106,,
10830,note_on,,,,,10,0,3,,,,,2,,,36,0
10860,note_on,,,,,0,0,1,,,,,0,,,79,64
10860,note_on,,,,,30,0,3,,,,,2,,,38,0
10860,note_on,,,,,0,0,2,,,,,1,,,61,64
10860,note_on,,,,,60,0,2,,,,,1,,,58,0
10860,note_on,,,,,0,0,3,,,,,2,,,40,64
10860,note_on,,,,,30,0,1,,,,,0,,,77,0
10860,control_change,,,,,0,0,3,,,,,2,7,110,,
10870,control_change,,,,,10,0,1,,,,,0,7,107,,
10890,note_on,,,,,30,0,3,,,,,2,,,40,0
10890,note_on,,,,,0,0,1,,,,,0,,,80,64
10890,note_on,,,,,20,0,1,,,,,0,,,79,0
10890,note_on,,,,,0,0,3,,,,,2,,,41,64
10890,control_change,,,,,0,0,3,,,,,2,7,111,,
10890,note_on,,,,,0,0,2,,,,,1,,,60,64
10890,note_on,,,,,30,0,2,,,,,1,,,61,0
10910,control_change,,,,,20,0,1,,,,,0,7,108,,
10920,note_on,,,,,30,0,2,,,,,1,,,60,0
10920,note_on,,,,,0,0,1,,,,,0,,,82,64
10920,note_on,,,,,0,0,3,,,,,2,,,43,64
10920,note_on,,,,,30,0,3,,,,,2,,,41,0
10920,note_on,,,,,0,0,2,,,,,1,,,58,64
10920,control_change,,,,,0,0,3,,,,,2,7,112,,
10920,note_on,,,,,10,0,1,,,,,0,,,80,0
10940,control_change,,,,,20,0,1,,,,,0,7,109,,
10950,note_on,,,,,0,0,3,,,,,2,,,44,64
10950,control_change,,,,,0,0,3,,,,,2,7,113,,
10950,note_on,,,,,30,0,3,,,,,2,,,43,0
10950,note_on,,,,,30,0,2,,,,,1,,,58,0
10950,note_on,,,,,0,0,2,,,,,1,,,60,64
10980,note_on,,,,,0,0,1,,,,,0,,,79,64
10980,note_on,,,,,0,0,3,,,,,2,,,46,64
10980,note_on,,,,,30,0,3,,,,,2,,,44,0
10980,note_on,,,,,40,0,1,,,,,0,,,82,0
10980,note_on,,,,,30,0,2,,,,,1,,,60,0
10980,note_on,,,,,0,0,2,,,,,1,,,61,64
11010,note_on,,,,,30,0,1,,,,,0,,,79,0
11010,note_on,,,,,0,0,1,,,,,0,,,76,64
11010,note_on,,,,,30,0,3,,,,,2,,,46,0
11010,note_on,,,,,30,0,2,,,,,1,,,61,0
11010,note_on,,,,,0,0,2,,,,,1,,,58,64
11010,note_on,,,,,0,0,3,,,,,2,,,43,64
11040,note_on,,,,,30,0,3,,,,,2,,,43,0
11040,note_on,,,,,0,0,1,,,,,0,,,73,64
11040,note_on,,,,,30,0,1,,,,,0,,,76,0
11040,note_on,,,,,0,0,3,,,,,2,,,41,64
11070,note_on,,,,,30,0,3,,,,,2,,,41,0
11070,note_on,,,,,0,0,3,,,,,2,,,40,64
11100,note_on,,,,,60,0,1,,,,,0,,,73,0
11100,note_on,,,,,0,0,3,,,,,2,,,41,64
11100,note_on,,,,,30,0,3,,,,,2,,,40,0
11100,note_on,,,,,0,0,1,,,,,0,,,72,64
11130,note_on,,,,,30,0,3,,,,,2,,,41,0
11130,note_on,,,,,0,0,3,,,,,2,,,40,64
11130,note_on,,,,,120,0,2,,,,,1,,,58,0
11130,note_on,,,,,0,0,2,,,,,1,,,67,64
11150,control_change,,,,,50,0,1,,,,,0,7,108,,
11150,control_change,,,,,20,0,3,,,,,2,7,107,,
11160,note_on,,,,,0,0,1,,,,,0,,,70,64
11160,note_on,,,,,10,0,1,,,,,0,,,72,0
11160,note_on,,,,,10,0,3,,,,,2,,,40,0
11160,note_on,,,,,0,0,3,,,,,2,,,41,64
11170,control_change,,,,,10,0,1,,,,,0,7,107,,
11180,control_change,,,,,20,0,3,,,,,2,7,106,,
11190,note_on,,,,,0,0,2,,,,,1,,,65,64
11190,note_on,,,,,60,0,2,,,,,1,,,67,0
11190,note_on,,,,,0,0,1,,,,,0,,,68,64
11190,note_on,,,,,20,0,1,,,,,0,,,70,0
11190,control_change,,,,,0,0,1,,,,,0,7,106,,
11210,control_change,,,,,30,0,3,,,,,2,7,105,,
11210,control_change,,,,,20,0,1,,,,,0,7,105,,
11220,note_on,,,,,0,0,1,,,,,0,,,67,64
11220,note_on,,,,,30,0,2,,,,,1,,,65,0
11220,note_on,,,,,0,0,2,,,,,1,,,64,64
11220,note_on,,,,,10,0,1,,,,,0,,,68,0
11230,control_change,,,,,10,0,1,,,,,0,7,104,,
11240,control_change,,,,,10,0,1,,,,,0,7,103,,
11240,control_change,,,,,30,0,3,,,,,2,7,104,,
11250,note_on,,,,,0,0,1,,,,,0,,,68,64
11250,note_on,,,,,10,0,1,,,,,0,,,67,0
11250,note_on,,,,,0,0,2,,,,,1,,,65,64
11250,note_on,,,,,30,0,2,,,,,1,,,64,0
11260,control_change,,,,,10,0,1,,,,,0,7,102,,
11270,control_change,,,,,30,0,3,,,,,2,7,103,,
11280,note_on,,,,,0,0,2,,,,,1,,,64,64
11280,control_change,,,,,0,0,1,,,,,0,7,101,,
11280,note_on,,,,,20,0,1,,,,,0,,,68,0
11280,note_on,,,,,0,0,1,,,,,0,,,70,64
11280,note_on,,,,,10,0,3,,,,,2,,,41,0
11280,note_on,,,,,30,0,2,,,,,1,,,65,0
11300,control_change,,,,,20,0,3,,,,,2,7,102,,
11300,control_change,,,,,20,0,1,,,,,0,7,100,,
11310,control_change,,,,,0,0,1,,,,,0,7,99,,
11310,note_on,,,,,10,0,3,,,,,2,,,48,64
11310,note_on,,,,,0,0,1,,,,,0,,,73,64
11310,note_on,,,,,10,0,1,,,,,0,,,70,0
11330,control_change,,,,,20,0,3,,,,,2,7,101,,
11330,control_change,,,,,20,0,1,,,,,0,7,98,,
11340,note_on,,,,,0,0,2,,,,,1,,,65,64
11340,note_on,,,,,60,0,2,,,,,1,,,64,0
11340,note_on,,,,,0,0,3,,,,,2,,,50,64
11340,note_on,,,,,10,0,3,,,,,2,,,48,0
11340,note_on,,,,,0,0,1,,,,,0,,,72,64
11340,note_on,,,,,10,0,1,,,,,0,,,73,0
11350,control_change,,,,,10,0,3,,,,,2,7,100,,
11350,control_change,,,,,10,0,1,,,,,0,7,97,,
11370,note_on,,,,,0,0,3,,,,,2,,,52,64
11370,note_on,,,,,20,0,3,,,,,2,,,50,0
11370,note_on,,,,,0,0,2,,,,,1,,,67,64
11370,note_on,,,,,20,0,1,,,,,0,,,72,0
11370,note_on,,,,,0,0,1,,,,,0,,,70,64
11370,control_change,,,,,0,0,1,,,,,0,7,96,,
11370,note_on,,,,,30,0,2,,,,,1,,,65,0
11375,set_tempo,,,,,11375,1,0,,661667,,,,,,,
11380,control_change,,,,,10,0,1,,,,,0,7,95,,
11380,control_change,,,,,10,0,3,,,,,2,7,99,,
11385,set_tempo,,,,,10,1,0,,665336,,,,,,,
11390,set_tempo,,,,,5,1,0,,669045,,,,,,,
11400,note_on,,,,,20,0,3,,,,,2,,,52,0
11400,note_on,,,,,0,0,3,,,,,2,,,53,64
11400,note_on,,,,,20,0,1,,,,,0,,,70,0
11400,note_on,,,,,30,0,2,,,,,1,,,67,0
11400,note_on,,,,,0,0,1,,,,,0,,,68,64
11400,control_change,,,,,0,0,1,,,,,0,7,94,,
11400,set_tempo,,,,,10,1,0,,672797,,,,,,,
11400,note_on,,,,,0,0,2,,,,,1,,,60,64
11405,set_tempo,,,,,5,1,0,,676590,,,,,,,
11410,control_change,,,,,10,0,3,,,,,2,7,98,,
11415,set_tempo,,,,,10,1,0,,680426,,,,,,,
11420,set_tempo,,,,,5,1,0,,684307,,,,,,,
11420,control_change,,,,,20,0,1,,,,,0,7,93,,
11430,set_tempo,,,,,10,1,0,,688231,,,,,,,
11430,note_on,,,,,0,0,3,,,,,2,,,52,64
11430,note_on,,,,,20,0,3,,,,,2,,,53,0
11430,note_on,,,,,10,0,1,,,,,0,,,68,0
11430,note_on,,,,,0,0,1,,,,,0,,,67,64
11435,set_tempo,,,,,5,1,0,,692201,,,,,,,
11440,control_change,,,,,10,0,3,,,,,2,7,97,,
11440,control_change,,,,,10,0,1,,,,,0,7,92,,
11440,set_tempo,,,,,5,1,0,,696217,,,,,,,
11450,control_change,,,,,10,0,1,,,,,0,7,91,,
11450,set_tempo,,,,,10,1,0,,700280,,,,,,,
11455,set_tempo,,,,,5,1,0,,704391,,,,,,,
11460,note_on,,,,,0,0,1,,,,,0,,,65,64
11460,note_on,,,,,10,0,1,,,,,0,,,67,0
11460,note_on,,,,,20,0,3,,,,,2,,,52,0
11460,note_on,,,,,0,0,3,,,,,2,,,53,64
11460,note_on,,,,,0,0,2,,,,,1,,,68,64
11460,note_on,,,,,60,0,2,,,,,1,,,60,0
11465,set_tempo,,,,,10,1,0,,708550,,,,,,,
11470,control_change,,,,,10,0,3,,,,,2,7,96,,
11470,set_tempo,,,,,5,1,0,,712758,,,,,,,
11470,control_change,,,,,10,0,1,,,,,0,7,90,,
11480,set_tempo,,,,,10,1,0,,717017,,,,,,,
11485,set_tempo,,,,,5,1,0,,721327,,,,,,,
11490,note_on,,,,,0,0,2,,,,,1,,,67,64
11490,note_on,,,,,30,0,2,,,,,1,,,68,0
11490,control_change,,,,,0,0,1,,,,,0,7,89,,
11490,note_on,,,,,20,0,1,,,,,0,,,65,0
11490,note_on,,,,,0,0,1,,,,,0,,,64,64
11490,note_on,,,,,0,0,3,,,,,2,,,55,64
11490,note_on,,,,,20,0,3,,,,,2,,,53,0
11495,set_tempo,,,,,10,1,0,,725689,,,,,,,
11500,set_tempo,,,,,5,1,0,,730105,,,,,,,
11500,control_change,,,,,10,0,3,,,,,2,7,95,,
11505,set_tempo,,,,,5,1,0,,734574,,,,,,,
11510,control_change,,,,,20,0,1,,,,,0,7,88,,
11515,set_tempo,,,,,10,1,0,,739098,,,,,,,
11520,note_on,,,,,0,0,1,,,,,0,,,72,64
11520,control_change,,,,,0,0,3,,,,,2,7,94,,
11520,note_on,,,,,20,0,3,,,,,2,,,55,0
11520,note_on,,,,,10,0,1,,,,,0,,,64,0
11520,note_on,,,,,0,0,2,,,,,1,,,65,64
11520,note_on,,,,,30,0,2,,,,,1,,,67,0
11520,control_change,,,,,0,0,1,,,,,0,7,87,,
11520,set_tempo,,,,,5,1,0,,743679,,,,,,,
11520,note_on,,,,,0,0,3,,,,,2,,,56,64
11530,set_tempo,,,,,10,1,0,,748316,,,,,,,
11535,set_tempo,,,,,5,1,0,,753012,,,,,,,
11535,note_on,,,,,15,0,1,,,,,0,,,72,0
11535,note_on,,,,,0,0,1,,,,,0,,,70,64
11540,control_change,,,,,5,0,1,,,,,0,7,86,,
11545,set_tempo,,,,,10,1,0,,757767,,,,,,,
11550,note_on,,,,,0,0,3,,,,,2,,,55,64
11550,note_on,,,,,0,0,2,,,,,1,,,64,64
11550,note_on,,,,,30,0,2,,,,,1,,,65,0
11550,set_tempo,,,,,5,1,0,,762583,,,,,,,
11550,note_on,,,,,30,0,3,,,,,2,,,56,0
11550,note_on,,,,,0,0,1,,,,,0,,,72,64
11550,control_change,,,,,0,0,3,,,,,2,7,93,,
11550,note_on,,,,,10,0,1,,,,,0,,,70,0
11560,set_tempo,,,,,10,1,0,,767460,,,,,,,
11560,control_change,,,,,10,0,1,,,,,0,7,85,,
11565,set_tempo,,,,,5,1,0,,772400,,,,,,,
11570,set_tempo,,,,,5,1,0,,777403,,,,,,,
11580,set_tempo,,,,,10,1,0,,782473,,,,,,,
11580,note_on,,,,,30,0,2,,,,,1,,,64,0
11580,control_change,,,,,20,0,1,,,,,0,7,84,,
11580,note_on,,,,,30,0,3,,,,,2,,,55,0
11580,note_on,,,,,0,0,3,,,,,2,,,56,64
11580,note_on,,,,,0,0,2,,,,,1,,,65,64
11580,control_change,,,,,0,0,3,,,,,2,7,92,,
11585,set_tempo,,,,,5,1,0,,787608,,,,,,,
11590,control_change,,,,,10,0,1,,,,,0,7,83,,
11595,set_tempo,,,,,10,1,0,,792812,,,,,,,
11600,set_tempo,,,,,5,1,0,,798085,,,,,,,
11610,note_on,,,,,30,0,3,,,,,2,,,56,0
11610,note_on,,,,,0,0,3,,,,,2,,,58,64
11610,note_on,,,,,20,0,1,,,,,0,,,72,0
11610,note_on,,,,,0,0,1,,,,,0,,,73,64
11610,control_change,,,,,0,0,1,,,,,0,7,82,,
11610,control_change,,,,,0,0,3,,,,,2,7,91,,
11610,set_tempo,,,,,10,1,0,,803428,,,,,,,
11615,set_tempo,,,,,5,1,0,,808843,,,,,,,
11620,set_tempo,,,,,5,1,0,,814332,,,,,,,
11630,set_tempo,,,,,10,1,0,,819896,,,,,,,
11630,control_change,,,,,20,0,1,,,,,0,7,81,,
11635,set_tempo,,,,,5,1,0,,825537,,,,,,,
11640,note_on,,,,,30,0,3,,,,,2,,,58,0
11640,note_on,,,,,0,0,1,,,,,0,,,67,64
11640,note_on,,,,,10,0,1,,,,,0,,,73,0
11640,control_change,,,,,0,0,3,,,,,2,7,90,,
11640,note_on,,,,,0,0,3,,,,,2,,,60,64
11645,set_tempo,,,,,10,1,0,,831255,,,,,,,
11650,control_change,,,,,10,0,1,,,,,0,7,80,,
11650,set_tempo,,,,,5,1,0,,837054,,,,,,,
11655,note_on,,,,,5,0,1,,,,,0,,,67,0
11655,note_on,,,,,0,0,1,,,,,0,,,68,64
11660,set_tempo,,,,,10,1,0,,842933,,,,,,,
11660,control_change,,,,,5,0,1,,,,,0,7,79,,
11665,set_tempo,,,,,5,1,0,,848896,,,,,,,
11670,note_on,,,,,0,0,1,,,,,0,,,67,64
11670,note_on,,,,,10,0,1,,,,,0,,,68,0
11670,note_on,,,,,0,0,2,,,,,1,,,62,64
11670,note_on,,,,,90,0,2,,,,,1,,,65,0
11670,control_change,,,,,30,0,3,,,,,2,7,89,,
11675,set_tempo,,,,,10,1,0,,854944,,,,,,,
11680,control_change,,,,,10,0,1,,,,,0,7,78,,
11680,set_tempo,,,,,5,1,0,,861079,,,,,,,
11685,note_on,,,,,5,0,1,,,,,0,,,67,0
11685,set_tempo,,,,,5,1,0,,867303,,,,,,,
11685,note_on,,,,,0,0,1,,,,,0,,,68,64
11690,control_change,,,,,20,0,3,,,,,2,7,88,,
11695,set_tempo,,,,,10,1,0,,873617,,,,,,,
11700,note_on,,,,,15,0,1,,,,,0,,,68,0
11700,note_on,,,,,0,0,1,,,,,0,,,67,64
11700,control_change,,,,,0,0,1,,,,,0,7,77,,
11700,note_on,,,,,10,0,3,,,,,2,,,60,0
11700,set_tempo,,,,,5,1,0,,880023,,,,,,,
11700,note_on,,,,,30,0,2,,,,,1,,,62,0
11700,note_on,,,,,0,0,2,,,,,1,,,64,64
11700,note_on,,,,,0,0,3,,,,,2,,,58,64
11710,set_tempo,,,,,10,1,0,,886525,,,,,,,
11715,set_tempo,,,,,5,1,0,,893123,,,,,,,
11715,note_on,,,,,15,0,1,,,,,0,,,67,0
11715,note_on,,,,,0,0,1,,,,,0,,,68,64
11720,control_change,,,,,20,0,3,,,,,2,7,87,,
11720,control_change,,,,,5,0,1,,,,,0,7,76,,
11725,set_tempo,,,,,10,1,0,,899820,,,,,,,
11730,note_on,,,,,30,0,2,,,,,1,,,64,0
11730,note_on,,,,,0,0,2,,,,,1,,,65,64
11730,note_on,,,,,10,0,1,,,,,0,,,68,0
11730,note_on,,,,,0,0,1,,,,,0,,,67,64
11730,control_change,,,,,0,0,1,,,,,0,7,75,,
11730,set_tempo,,,,,5,1,0,,906618,,,,,,,
11740,set_tempo,,,,,10,1,0,,913520,,,,,,,
11745,note_on,,,,,15,0,1,,,,,0,,,67,0
11745,note_on,,,,,0,0,1,,,,,0,,,68,64
11745,set_tempo,,,,,5,1,0,,920528,,,,,,,
11750,set_tempo,,,,,5,1,0,,927644,,,,,,,
11750,control_change,,,,,5,0,1,,,,,0,7,74,,
11750,control_change,,,,,30,0,3,,,,,2,7,86,,
11760,note_on,,,,,10,0,3,,,,,2,,,58,0
11760,note_on,,,,,0,0,1,,,,,0,,,67,64
11760,note_on,,,,,10,0,1,,,,,0,,,68,0
11760,set_tempo,,,,,10,1,0,,934871,,,,,,,
11760,note_on,,,,,0,0,3,,,,,2,,,60,64
11765,set_tempo,,,,,5,1,0,,942211,,,,,,,
11770,control_change,,,,,10,0,1,,,,,0,7,73,,
11775,set_tempo,,,,,10,1,0,,949668,,,,,,,
11775,note_on,,,,,0,0,1,,,,,0,,,68,64
11775,note_on,,,,,5,0,1,,,,,0,,,67,0
11780,set_tempo,,,,,5,1,0,,957243,,,,,,,
11780,control_change,,,,,20,0,3,,,,,2,7,85,,
11790,note_on,,,,,60,0,2,,,,,1,,,65,0
11790,set_tempo,,,,,10,1,0,,964940,,,,,,,
11790,control_change,,,,,0,0,1,,,,,0,7,72,,
11790,note_on,,,,,0,0,1,,,,,0,,,67,64
11790,note_on,,,,,15,0,1,,,,,0,,,68,0
11790,note_on,,,,,0,0,2,,,,,1,,,62,64
11795,set_tempo,,,,,5,1,0,,972763,,,,,,,
11800,control_change,,,,,10,0,1,,,,,0,7,71,,
11805,set_tempo,,,,,10,1,0,,980713,,,,,,,
11805,note_on,,,,,5,0,1,,,,,0,,,67,0
11805,note_on,,,,,0,0,1,,,,,0,,,68,64
11810,set_tempo,,,,,5,1,0,,988794,,,,,,,
11810,control_change,,,,,30,0,3,,,,,2,7,84,,
11815,set_tempo,,,,,5,1,0,,997009,,,,,,,
11820,note_on,,,,,0,0,3,,,,,2,,,48,64
11820,note_on,,,,,10,0,3,,,,,2,,,60,0
11820,note_on,,,,,15,0,1,,,,,0,,,68,0
11820,note_on,,,,,0,0,1,,,,,0,,,67,64
11820,control_change,,,,,0,0,1,,,,,0,7,70,,
11820,note_on,,,,,30,0,2,,,,,1,,,62,0
11820,note_on,,,,,0,0,2,,,,,1,,,64,64
11825,set_tempo,,,,,10,1,0,,1005362,,,,,,,
11830,set_tempo,,,,,5,1,0,,1013856,,,,,,,
11835,note_on,,,,,0,0,1,,,,,0,,,68,64
11835,note_on,,,,,15,0,1,,,,,0,,,67,0
11840,control_change,,,,,5,0,1,,,,,0,7,69,,
11840,set_tempo,,,,,10,1,0,,1022495,,,,,,,
11840,control_change,,,,,20,0,3,,,,,2,7,83,,
11845,set_tempo,,,,,5,1,0,,1031282,,,,,,,
11850,note_on,,,,,10,0,1,,,,,0,,,68,0
11850,note_on,,,,,30,0,2,,,,,1,,,64,0
11850,note_on,,,,,0,0,2,,,,,1,,,58,64
11850,note_on,,,,,0,0,1,,,,,0,,,65,64
11855,set_tempo,,,,,10,1,0,,1040222,,,,,,,
11860,set_tempo,,,,,5,1,0,,1049318,,,,,,,
11860,control_change,,,,,10,0,1,,,,,0,7,68,,
11865,set_tempo,,,,,5,1,0,,1058574,,,,,,,
11870,control_change,,,,,10,0,1,,,,,0,7,67,,
11870,control_change,,,,,30,0,3,,,,,2,7,82,,
11875,set_tempo,,,,,10,1,0,,1067996,,,,,,,
11880,set_tempo,,,,,5,1,0,,1077586,,,,,,,
11880,note_on,,,,,10,0,1,,,,,0,,,65,0
11880,note_on,,,,,0,0,3,,,,,2,,,53,64
11880,note_on,,,,,0,0,1,,,,,0,,,65,64
11880,note_on,,,,,0,0,2,,,,,1,,,57,64
11880,note_on,,,,,30,0,2,,,,,1,,,58,0
11880,note_on,,,,,10,0,3,,,,,2,,,48,0
11890,control_change,,,,,10,0,3,,,,,2,7,81,,
11890,set_tempo,,,,,10,1,0,,1087350,,,,,,,
11895,set_tempo,,,,,5,1,0,,1097293,,,,,,,
11905,set_tempo,,,,,10,1,0,,1107420,,,,,,,
11910,set_tempo,,,,,5,1,0,,1117735,,,,,,,
11920,control_change,,,,,30,0,3,,,,,2,7,80,,
11920,set_tempo,,,,,10,1,0,,1128244,,,,,,,
11925,set_tempo,,,,,5,1,0,,1138952,,,,,,,
11930,set_tempo,,,,,5,1,0,,1149866,,,,,,,
11940,set_tempo,,,,,10,1,0,,1160991,,,,,,,
11945,set_tempo,,,,,5,1,0,,1172333,,,,,,,
11950,control_change,,,,,30,0,3,,,,,2,7,79,,
11955,set_tempo,,,,,10,1,0,,1183899,,,,,,,
11960,set_tempo,,,,,5,1,0,,1195695,,,,,,,
11970,set_tempo,,,,,10,1,0,,1207729,,,,,,,
11975,set_tempo,,,,,5,1,0,,1220008,,,,,,,
11980,control_change,,,,,30,0,3,,,,,2,7,78,,
11985,set_tempo,,,,,10,1,0,,1232539,,,,,,,
11990,set_tempo,,,,,5,1,0,,1245330,,,,,,,
11995,set_tempo,,,,,5,1,0,,1258389,,,,,,,
12005,set_tempo,,,,,10,1,0,,1271725,,,,,,,
12010,set_tempo,,,,,5,1,0,,1285347,,,,,,,
12010,control_change,,,,,30,0,3,,,,,2,7,77,,
12020,set_tempo,,,,,10,1,0,,1299264,,,,,,,
12025,set_tempo,,,,,5,1,0,,1313485,,,,,,,
12035,set_tempo,,,,,10,1,0,,1328021,,,,,,,
12040,set_tempo,,,,,5,1,0,,1342883,,,,,,,
12040,control_change,,,,,30,0,3,,,,,2,7,76,,
12050,set_tempo,,,,,10,1,0,,1358081,,,,,,,
12055,set_tempo,,,,,5,1,0,,1373626,,,,,,,
12060,control_change,,,,,20,0,3,,,,,2,7,75,,
12060,set_tempo,,,,,5,1,0,,1389532,,,,,,,
12070,set_tempo,,,,,10,1,0,,1405811,,,,,,,
12075,set_tempo,,,,,5,1,0,,1422475,,,,,,,
12085,set_tempo,,,,,10,1,0,,1439539,,,,,,,
12090,set_tempo,,,,,5,1,0,,1457018,,,,,,,
12090,control_change,,,,,30,0,3,,,,,2,7,74,,
12100,set_tempo,,,,,10,1,0,,1474926,,,,,,,
12105,set_tempo,,,,,5,1,0,,1493280,,,,,,,
12110,end_of_track,,,,,0,1,0,,,,,,,,,
12110,set_tempo,,,,,5,1,0,,1512097,,,,,,,
12120,control_change,,,,,30,0,3,,,,,2,7,73,,
12150,control_change,,,,,30,0,3,,,,,2,7,72,,
12180,control_change,,,,,30,0,3,,,,,2,7,71,,
12210,control_change,,,,,30,0,3,,,,,2,7,70,,
12230,control_change,,,,,20,0,3,,,,,2,7,69,,
12240,note_on,,,,,360,0,1,,,,,0,,,65,0
12240,note_on,,,,,10,0,3,,,,,2,,,53,0
12240,note_on,,,,,360,0,2,,,,,1,,,57,0
12240,end_of_track,,,,,0,1,2,,,,,,,,,
12240,end_of_track,,,,,0,1,1,,,,,,,,,
12240,end_of_track,,,,,0,1,3,,,,,,,,,
