tick,type,key,time,meta,track,numerator,denominator,clocks_per_click,notated_32nd_notes_per_beat,tempo,note,velocity,channel
0,key_signature,F,0,1,0,,,,,,,,
0,set_tempo,,0,1,0,,,,,666337,,,
0,note_on,,0,0,2,,,,,,62,88,0
0,time_signature,,0,1,0,4,4,24,8,,,,
192,note_on,,0,0,2,,,,,,69,88,0
192,note_on,,192,0,2,,,,,,62,0,0
384,note_on,,192,0,2,,,,,,69,0,0
384,note_on,,0,0,2,,,,,,65,88,0
576,note_on,,192,0,2,,,,,,65,0,0
576,note_on,,0,0,2,,,,,,62,88,0
768,note_on,,192,0,2,,,,,,62,0,0
768,note_on,,0,0,2,,,,,,61,88,0
960,note_on,,192,0,2,,,,,,61,0,0
960,note_on,,0,0,2,,,,,,62,88,0
1056,note_on,,0,0,2,,,,,,64,88,0
1056,note_on,,96,0,2,,,,,,62,0,0
1152,note_on,,0,0,2,,,,,,65,88,0
1152,note_on,,96,0,2,,,,,,64,0,0
1344,note_on,,0,0,2,,,,,,65,88,0
1344,note_on,,192,0,2,,,,,,65,0,0
1392,note_on,,0,0,2,,,,,,67,88,0
1392,note_on,,48,0,2,,,,,,65,0,0
1440,note_on,,0,0,2,,,,,,65,88,0
1440,note_on,,48,0,2,,,,,,67,0,0
1488,note_on,,0,0,2,,,,,,64,88,0
1488,note_on,,48,0,2,,,,,,65,0,0
1536,note_on,,0,0,2,,,,,,62,88,0
1536,note_on,,48,0,2,,,,,,64,0,0
1536,note_on,,1536,0,1,,,,,,69,88,0
1632,note_on,,0,0,2,,,,,,64,72,0
1632,note_on,,96,0,2,,,,,,62,0,0
1728,note_on,,0,0,2,,,,,,65,72,0
1728,note_on,,96,0,2,,,,,,64,0,0
1728,note_on,,0,0,1,,,,,,74,88,0
1728,note_on,,192,0,1,,,,,,69,0,0
1824,note_on,,0,0,2,,,,,,67,72,0
1824,note_on,,96,0,2,,,,,,65,0,0
1920,note_on,,0,0,2,,,,,,69,72,0
1920,note_on,,96,0,2,,,,,,67,0,0
1920,note_on,,192,0,1,,,,,,74,0,0
1920,note_on,,0,0,1,,,,,,72,88,0
2016,note_on,,0,0,2,,,,,,57,72,0
2016,note_on,,96,0,2,,,,,,69,0,0
2064,note_on,,0,0,2,,,,,,59,72,0
2064,note_on,,48,0,2,,,,,,57,0,0
2112,note_on,,0,0,2,,,,,,60,72,0
2112,note_on,,48,0,2,,,,,,59,0,0
2112,note_on,,192,0,1,,,,,,72,0,0
2112,note_on,,0,0,1,,,,,,69,88,0
2160,note_on,,48,0,2,,,,,,60,0,0
2160,note_on,,0,0,2,,,,,,57,72,0
2208,note_on,,0,0,2,,,,,,65,72,0
2208,note_on,,48,0,2,,,,,,57,0,0
2304,note_on,,0,0,1,,,,,,68,88,0
2304,note_on,,0,0,2,,,,,,65,72,0
2304,note_on,,96,0,2,,,,,,65,0,0
2304,note_on,,192,0,1,,,,,,69,0,0
2352,note_on,,0,0,2,,,,,,59,72,0
2352,note_on,,48,0,2,,,,,,65,0,0
2400,note_on,,48,0,2,,,,,,59,0,0
2400,note_on,,0,0,2,,,,,,64,72,0
2496,note_on,,192,0,1,,,,,,68,0,0
2496,note_on,,0,0,1,,,,,,69,88,0
2544,note_on,,0,0,2,,,,,,65,72,0
2544,note_on,,144,0,2,,,,,,64,0,0
2592,note_on,,0,0,1,,,,,,71,88,0
2592,note_on,,48,0,2,,,,,,65,0,0
2592,note_on,,0,0,2,,,,,,64,72,0
2592,note_on,,96,0,1,,,,,,69,0,0
2640,note_on,,48,0,2,,,,,,64,0,0
2640,note_on,,0,0,2,,,,,,62,72,0
2688,note_on,,96,0,1,,,,,,71,0,0
2688,note_on,,48,0,2,,,,,,62,0,0
2688,note_on,,0,0,2,,,,,,64,72,0
2688,note_on,,0,0,1,,,,,,72,88,0
2784,note_on,,0,0,2,,,,,,66,72,0
2784,note_on,,96,0,2,,,,,,64,0,0
2880,note_on,,0,0,2,,,,,,67,72,0
2880,note_on,,96,0,2,,,,,,66,0,0
2880,note_on,,192,0,1,,,,,,72,0,0
2880,note_on,,0,0,1,,,,,,72,88,0
2928,note_on,,48,0,1,,,,,,72,0,0
2928,note_on,,0,0,1,,,,,,74,88,0
2976,note_on,,48,0,1,,,,,,74,0,0
2976,note_on,,0,0,1,,,,,,72,88,0
3024,note_on,,0,0,1,,,,,,70,88,0
3024,note_on,,48,0,1,,,,,,72,0,0
3072,note_on,,3072,0,4,,,,,,50,88,0
3072,note_on,,48,0,1,,,,,,70,0,0
3072,note_on,,0,0,1,,,,,,69,88,0
3072,note_on,,192,0,2,,,,,,67,0,0
3072,note_on,,0,0,2,,,,,,67,72,0
3120,note_on,,48,0,1,,,,,,69,0,0
3120,note_on,,0,0,1,,,,,,62,72,0
3168,note_on,,96,0,2,,,,,,67,0,0
3168,note_on,,48,0,1,,,,,,62,0,0
3168,note_on,,0,0,1,,,,,,74,72,0
3168,note_on,,0,0,2,,,,,,65,72,0
3264,note_on,,96,0,2,,,,,,65,0,0
3264,note_on,,0,0,4,,,,,,57,88,0
3264,note_on,,192,0,4,,,,,,50,0,0
3264,note_on,,0,0,2,,,,,,64,72,0
3360,note_on,,192,0,1,,,,,,74,0,0
3360,note_on,,0,0,1,,,,,,73,72,0
3456,note_on,,192,0,2,,,,,,64,0,0
3456,note_on,,192,0,4,,,,,,57,0,0
3456,note_on,,0,0,2,,,,,,62,72,0
3456,note_on,,0,0,4,,,,,,53,88,0
3456,note_on,,0,0,1,,,,,,74,72,0
3456,note_on,,96,0,1,,,,,,73,0,0
3504,note_on,,0,0,1,,,,,,69,72,0
3504,note_on,,48,0,1,,,,,,74,0,0
3552,note_on,,0,0,1,,,,,,72,72,0
3552,note_on,,48,0,1,,,,,,69,0,0
3600,note_on,,144,0,2,,,,,,62,0,0
3600,note_on,,0,0,2,,,,,,64,72,0
3648,note_on,,0,0,2,,,,,,65,72,0
3648,note_on,,48,0,2,,,,,,64,0,0
3648,note_on,,192,0,4,,,,,,53,0,0
3648,note_on,,0,0,4,,,,,,50,88,0
3696,note_on,,0,0,1,,,,,,69,72,0
3696,note_on,,144,0,1,,,,,,72,0,0
3744,note_on,,0,0,1,,,,,,70,72,0
3744,note_on,,48,0,1,,,,,,69,0,0
3792,note_on,,0,0,2,,,,,,62,72,0
3792,note_on,,144,0,2,,,,,,65,0,0
3840,note_on,,0,0,1,,,,,,70,72,0
3840,note_on,,0,0,4,,,,,,49,88,0
3840,note_on,,192,0,4,,,,,,50,0,0
3840,note_on,,96,0,1,,,,,,70,0,0
3840,note_on,,48,0,2,,,,,,62,0,0
3840,note_on,,0,0,2,,,,,,67,72,0
3888,note_on,,0,0,1,,,,,,64,72,0
3888,note_on,,48,0,1,,,,,,70,0,0
3936,note_on,,0,0,1,,,,,,69,72,0
3936,note_on,,48,0,1,,,,,,64,0,0
3984,note_on,,144,0,2,,,,,,67,0,0
3984,note_on,,0,0,2,,,,,,67,72,0
4032,note_on,,192,0,4,,,,,,49,0,0
4032,note_on,,0,0,4,,,,,,50,88,0
4032,note_on,,0,0,2,,,,,,65,72,0
4032,note_on,,48,0,2,,,,,,67,0,0
4080,note_on,,0,0,2,,,,,,64,72,0
4080,note_on,,48,0,2,,,,,,65,0,0
4128,note_on,,96,0,4,,,,,,50,0,0
4128,note_on,,0,0,2,,,,,,62,72,0
4128,note_on,,48,0,2,,,,,,64,0,0
4128,note_on,,0,0,4,,,,,,52,88,0
4176,note_on,,48,0,2,,,,,,62,0,0
4176,note_on,,0,0,2,,,,,,61,72,0
4224,note_on,,0,0,2,,,,,,62,72,0
4224,note_on,,0,0,4,,,,,,53,88,0
4224,note_on,,96,0,4,,,,,,52,0,0
4224,note_on,,288,0,1,,,,,,69,0,0
4224,note_on,,0,0,1,,,,,,69,72,0
4224,note_on,,48,0,2,,,,,,61,0,0
4272,note_on,,0,0,1,,,,,,72,72,0
4272,note_on,,48,0,1,,,,,,69,0,0
4320,note_on,,0,0,2,,,,,,67,72,0
4320,note_on,,96,0,2,,,,,,62,0,0
4368,note_on,,0,0,1,,,,,,71,72,0
4368,note_on,,96,0,1,,,,,,72,0,0
4416,note_on,,0,0,1,,,,,,72,72,0
4416,note_on,,192,0,4,,,,,,53,0,0
4416,note_on,,0,0,4,,,,,,53,88,0
4416,note_on,,48,0,1,,,,,,71,0,0
4464,note_on,,48,0,4,,,,,,53,0,0
4464,note_on,,0,0,4,,,,,,55,88,0
4512,note_on,,0,0,2,,,,,,60,72,0
4512,note_on,,192,0,2,,,,,,67,0,0
4512,note_on,,48,0,4,,,,,,55,0,0
4512,note_on,,0,0,4,,,,,,53,88,0
4560,note_on,,48,0,4,,,,,,53,0,0
4560,note_on,,0,0,4,,,,,,52,88,0
4608,note_on,,4608,0,3,,,,,,57,88,0
4608,note_on,,48,0,4,,,,,,52,0,0
4608,note_on,,0,0,4,,,,,,50,88,0
4608,note_on,,192,0,1,,,,,,72,0,0
4608,note_on,,96,0,2,,,,,,60,0,0
4608,note_on,,0,0,2,,,,,,65,72,0
4608,note_on,,0,0,1,,,,,,72,72,0
4656,note_on,,48,0,1,,,,,,72,0,0
4656,note_on,,0,0,1,,,,,,62,72,0
4704,note_on,,48,0,1,,,,,,62,0,0
4704,note_on,,0,0,1,,,,,,72,72,0
4752,note_on,,144,0,2,,,,,,65,0,0
4752,note_on,,0,0,2,,,,,,64,72,0
4800,note_on,,48,0,2,,,,,,64,0,0
4800,note_on,,192,0,4,,,,,,50,0,0
4800,note_on,,0,0,2,,,,,,65,72,0
4800,note_on,,0,0,3,,,,,,62,88,0
4800,note_on,,192,0,3,,,,,,57,0,0
4848,note_on,,0,0,1,,,,,,69,72,0
4848,note_on,,144,0,1,,,,,,72,0,0
4896,note_on,,48,0,1,,,,,,69,0,0
4896,note_on,,0,0,1,,,,,,71,72,0
4944,note_on,,0,0,2,,,,,,56,72,0
4944,note_on,,144,0,2,,,,,,65,0,0
4992,note_on,,48,0,2,,,,,,56,0,0
4992,note_on,,192,0,3,,,,,,62,0,0
4992,note_on,,0,0,3,,,,,,60,88,0
4992,note_on,,96,0,1,,,,,,71,0,0
4992,note_on,,0,0,2,,,,,,64,72,0
4992,note_on,,0,0,1,,,,,,71,72,0
5088,note_on,,96,0,1,,,,,,71,0,0
5088,note_on,,0,0,1,,,,,,69,72,0
5088,note_on,,288,0,4,,,,,,45,72,0
5136,note_on,,48,0,4,,,,,,45,0,0
5136,note_on,,0,0,1,,,,,,68,72,0
5136,note_on,,48,0,1,,,,,,69,0,0
5136,note_on,,0,0,4,,,,,,47,72,0
5184,note_on,,48,0,4,,,,,,47,0,0
5184,note_on,,192,0,3,,,,,,60,0,0
5184,note_on,,48,0,1,,,,,,68,0,0
5184,note_on,,0,0,1,,,,,,69,72,0
5184,note_on,,0,0,4,,,,,,48,72,0
5184,note_on,,0,0,3,,,,,,57,88,0
5232,note_on,,0,0,4,,,,,,45,72,0
5232,note_on,,48,0,4,,,,,,48,0,0
5280,note_on,,48,0,4,,,,,,45,0,0
5280,note_on,,0,0,4,,,,,,53,72,0
5280,note_on,,0,0,2,,,,,,62,72,0
5280,note_on,,288,0,2,,,,,,64,0,0
5328,note_on,,48,0,2,,,,,,62,0,0
5328,note_on,,0,0,2,,,,,,60,72,0
5376,note_on,,96,0,4,,,,,,53,0,0
5376,note_on,,192,0,3,,,,,,57,0,0
5376,note_on,,0,0,1,,,,,,71,72,0
5376,note_on,,192,0,1,,,,,,69,0,0
5376,note_on,,0,0,3,,,,,,56,88,0
5376,note_on,,0,0,2,,,,,,62,72,0
5376,note_on,,48,0,2,,,,,,60,0,0
5376,note_on,,0,0,4,,,,,,53,72,0
5424,note_on,,48,0,4,,,,,,53,0,0
5424,note_on,,0,0,2,,,,,,65,72,0
5424,note_on,,48,0,2,,,,,,62,0,0
5424,note_on,,0,0,4,,,,,,47,72,0
5472,note_on,,48,0,2,,,,,,65,0,0
5472,note_on,,0,0,4,,,,,,52,72,0
5472,note_on,,48,0,4,,,,,,47,0,0
5472,note_on,,0,0,2,,,,,,64,72,0
5520,note_on,,48,0,2,,,,,,64,0,0
5520,note_on,,0,0,2,,,,,,62,72,0
5568,note_on,,0,0,2,,,,,,60,72,0
5568,note_on,,0,0,3,,,,,,57,88,0
5568,note_on,,192,0,3,,,,,,56,0,0
5568,note_on,,0,0,1,,,,,,72,72,0
5568,note_on,,192,0,1,,,,,,71,0,0
5568,note_on,,48,0,2,,,,,,62,0,0
5616,note_on,,144,0,4,,,,,,52,0,0
5616,note_on,,0,0,4,,,,,,53,72,0
5664,note_on,,96,0,2,,,,,,60,0,0
5664,note_on,,48,0,4,,,,,,53,0,0
5664,note_on,,0,0,3,,,,,,59,88,0
5664,note_on,,96,0,3,,,,,,57,0,0
5664,note_on,,0,0,4,,,,,,52,72,0
5664,note_on,,96,0,1,,,,,,72,0,0
5664,note_on,,0,0,1,,,,,,74,72,0
5712,note_on,,48,0,4,,,,,,52,0,0
5712,note_on,,0,0,4,,,,,,50,72,0
5760,note_on,,96,0,3,,,,,,59,0,0
5760,note_on,,0,0,3,,,,,,60,88,0
5760,note_on,,96,0,1,,,,,,74,0,0
5760,note_on,,0,0,1,,,,,,67,72,0
5760,note_on,,48,0,4,,,,,,50,0,0
5760,note_on,,0,0,4,,,,,,52,72,0
5808,note_on,,48,0,1,,,,,,67,0,0
5808,note_on,,0,0,1,,,,,,70,72,0
5808,note_on,,0,0,4,,,,,,55,72,0
5808,note_on,,48,0,4,,,,,,52,0,0
5856,note_on,,48,0,4,,,,,,55,0,0
5856,note_on,,0,0,1,,,,,,69,72,0
5856,note_on,,48,0,1,,,,,,70,0,0
5856,note_on,,0,0,4,,,,,,54,72,0
5904,note_on,,48,0,4,,,,,,54,0,0
5904,note_on,,0,0,4,,,,,,57,72,0
5952,note_on,,48,0,4,,,,,,57,0,0
5952,note_on,,0,0,4,,,,,,55,72,0
5952,note_on,,192,0,3,,,,,,60,0,0
5952,note_on,,0,0,3,,,,,,60,88,0
6000,note_on,,144,0,1,,,,,,69,0,0
6000,note_on,,0,0,1,,,,,,70,72,0
6000,note_on,,48,0,3,,,,,,60,0,0
6000,note_on,,0,0,3,,,,,,62,88,0
6048,note_on,,0,0,1,,,,,,69,72,0
6048,note_on,,48,0,1,,,,,,70,0,0
6048,note_on,,48,0,3,,,,,,62,0,0
6048,note_on,,0,0,3,,,,,,60,88,0
6096,note_on,,48,0,3,,,,,,60,0,0
6096,note_on,,0,0,3,,,,,,58,88,0
6096,note_on,,0,0,1,,,,,,67,72,0
6096,note_on,,48,0,1,,,,,,69,0,0
6144,note_on,,48,0,3,,,,,,58,0,0
6144,note_on,,0,0,3,,,,,,57,88,0
6144,note_on,,192,0,4,,,,,,55,0,0
6144,note_on,,0,0,4,,,,,,50,72,0
6144,note_on,,48,0,1,,,,,,67,0,0
6144,note_on,,0,0,1,,,,,,67,72,0
6192,note_on,,48,0,1,,,,,,67,0,0
6192,note_on,,0,0,1,,,,,,64,72,0
6240,note_on,,48,0,1,,,,,,64,0,0
6240,note_on,,0,0,1,,,,,,65,72,0
6288,note_on,,48,0,1,,,,,,65,0,0
6288,note_on,,0,0,1,,,,,,62,72,0
6336,note_on,,0,0,1,,,,,,70,72,0
6336,note_on,,48,0,1,,,,,,62,0,0
6336,note_on,,192,0,3,,,,,,57,0,0
6336,note_on,,0,0,3,,,,,,57,88,0
6384,note_on,,0,0,3,,,,,,53,72,0
6384,note_on,,48,0,3,,,,,,57,0,0
6432,note_on,,0,0,4,,,,,,52,72,0
6432,note_on,,288,0,4,,,,,,50,0,0
6432,note_on,,0,0,3,,,,,,55,72,0
6432,note_on,,48,0,3,,,,,,53,0,0
6480,note_on,,48,0,4,,,,,,52,0,0
6480,note_on,,0,0,4,,,,,,50,72,0
6528,note_on,,192,0,1,,,,,,70,0,0
6528,note_on,,0,0,1,,,,,,70,72,0
6528,note_on,,0,0,3,,,,,,60,72,0
6528,note_on,,96,0,3,,,,,,55,0,0
6528,note_on,,48,0,4,,,,,,50,0,0
6528,note_on,,0,0,4,,,,,,52,72,0
6576,note_on,,48,0,1,,,,,,70,0,0
6576,note_on,,0,0,1,,,,,,67,72,0
6624,note_on,,0,0,4,,,,,,53,72,0
6624,note_on,,96,0,4,,,,,,52,0,0
6624,note_on,,0,0,1,,,,,,69,72,0
6624,note_on,,48,0,1,,,,,,67,0,0
6672,note_on,,0,0,4,,,,,,52,72,0
6672,note_on,,48,0,4,,,,,,53,0,0
6720,note_on,,0,0,4,,,,,,54,72,0
6720,note_on,,96,0,1,,,,,,69,0,0
6720,note_on,,0,0,1,,,,,,74,72,0
6720,note_on,,192,0,3,,,,,,60,0,0
6720,note_on,,48,0,4,,,,,,52,0,0
6720,note_on,,0,0,3,,,,,,60,72,0
6768,note_on,,0,0,3,,,,,,57,72,0
6768,note_on,,48,0,3,,,,,,60,0,0
6816,note_on,,96,0,4,,,,,,54,0,0
6816,note_on,,0,0,4,,,,,,55,72,0
6816,note_on,,0,0,3,,,,,,59,72,0
6816,note_on,,48,0,3,,,,,,57,0,0
6864,note_on,,48,0,4,,,,,,55,0,0
6864,note_on,,0,0,4,,,,,,54,72,0
6912,note_on,,0,0,1,,,,,,74,72,0
6912,note_on,,192,0,1,,,,,,74,0,0
6912,note_on,,96,0,3,,,,,,59,0,0
6912,note_on,,0,0,3,,,,,,64,72,0
6912,note_on,,0,0,4,,,,,,56,72,0
6912,note_on,,48,0,4,,,,,,54,0,0
6960,note_on,,48,0,1,,,,,,74,0,0
6960,note_on,,0,0,1,,,,,,71,72,0
7008,note_on,,0,0,4,,,,,,57,72,0
7008,note_on,,0,0,1,,,,,,72,72,0
7008,note_on,,48,0,1,,,,,,71,0,0
7008,note_on,,96,0,4,,,,,,56,0,0
7056,note_on,,48,0,4,,,,,,57,0,0
7056,note_on,,0,0,4,,,,,,56,72,0
7104,note_on,,48,0,4,,,,,,56,0,0
7104,note_on,,0,0,4,,,,,,57,72,0
7104,note_on,,0,0,3,,,,,,64,72,0
7104,note_on,,96,0,1,,,,,,72,0,0
7104,note_on,,0,0,1,,,,,,77,72,0
7104,note_on,,192,0,3,,,,,,64,0,0
7152,note_on,,48,0,3,,,,,,64,0,0
7152,note_on,,0,0,3,,,,,,61,72,0
7200,note_on,,0,0,3,,,,,,62,72,0
7200,note_on,,0,0,4,,,,,,58,72,0
7200,note_on,,96,0,4,,,,,,57,0,0
7200,note_on,,48,0,3,,,,,,61,0,0
7248,note_on,,48,0,4,,,,,,58,0,0
7248,note_on,,0,0,4,,,,,,57,72,0
7296,note_on,,192,0,1,,,,,,77,0,0
7296,note_on,,0,0,1,,,,,,77,72,0
7296,note_on,,0,0,4,,,,,,59,72,0
7296,note_on,,96,0,3,,,,,,62,0,0
7296,note_on,,48,0,4,,,,,,57,0,0
7296,note_on,,0,0,3,,,,,,67,72,0
7344,note_on,,0,0,1,,,,,,74,72,0
7344,note_on,,48,0,1,,,,,,77,0,0
7392,note_on,,96,0,4,,,,,,59,0,0
7392,note_on,,0,0,4,,,,,,60,72,0
7392,note_on,,48,0,1,,,,,,74,0,0
7392,note_on,,0,0,1,,,,,,76,72,0
7440,note_on,,0,0,4,,,,,,59,72,0
7440,note_on,,48,0,4,,,,,,60,0,0
7488,note_on,,0,0,3,,,,,,67,72,0
7488,note_on,,96,0,1,,,,,,76,0,0
7488,note_on,,0,0,1,,,,,,69,72,0
7488,note_on,,0,0,4,,,,,,61,72,0
7488,note_on,,48,0,4,,,,,,59,0,0
7488,note_on,,192,0,3,,,,,,67,0,0
7536,note_on,,48,0,3,,,,,,67,0,0
7536,note_on,,0,0,3,,,,,,64,72,0
7584,note_on,,48,0,3,,,,,,64,0,0
7584,note_on,,0,0,3,,,,,,65,72,0
7584,note_on,,96,0,4,,,,,,61,0,0
7584,note_on,,0,0,4,,,,,,62,72,0
7584,note_on,,0,0,1,,,,,,74,72,0
7584,note_on,,96,0,1,,,,,,69,0,0
7632,note_on,,0,0,4,,,,,,56,72,0
7632,note_on,,48,0,4,,,,,,62,0,0
7680,note_on,,0,0,1,,,,,,74,72,0
7680,note_on,,96,0,1,,,,,,74,0,0
7680,note_on,,0,0,4,,,,,,57,72,0
7680,note_on,,48,0,4,,,,,,56,0,0
7680,note_on,,0,0,3,,,,,,64,72,0
7680,note_on,,96,0,3,,,,,,65,0,0
7728,note_on,,48,0,1,,,,,,74,0,0
7728,note_on,,0,0,1,,,,,,71,72,0
7776,note_on,,48,0,1,,,,,,71,0,0
7776,note_on,,0,0,1,,,,,,72,72,0
7824,note_on,,0,0,3,,,,,,69,72,0
7824,note_on,,144,0,3,,,,,,64,0,0
7872,note_on,,0,0,3,,,,,,62,72,0
7872,note_on,,48,0,3,,,,,,69,0,0
7872,note_on,,192,0,4,,,,,,57,0,0
7872,note_on,,0,0,4,,,,,,57,72,0
7872,note_on,,96,0,1,,,,,,72,0,0
7872,note_on,,0,0,1,,,,,,65,72,0
7920,note_on,,48,0,4,,,,,,57,0,0
7920,note_on,,0,0,4,,,,,,53,72,0
7968,note_on,,0,0,4,,,,,,55,72,0
7968,note_on,,96,0,1,,,,,,65,0,0
7968,note_on,,0,0,1,,,,,,70,72,0
7968,note_on,,48,0,4,,,,,,53,0,0
8016,note_on,,0,0,3,,,,,,64,72,0
8016,note_on,,144,0,3,,,,,,62,0,0
8064,note_on,,48,0,3,,,,,,64,0,0
8064,note_on,,96,0,4,,,,,,55,0,0
8064,note_on,,0,0,4,,,,,,55,72,0
8064,note_on,,0,0,1,,,,,,69,72,0
8064,note_on,,96,0,1,,,,,,70,0,0
8064,note_on,,0,0,3,,,,,,61,72,0
8112,note_on,,48,0,4,,,,,,55,0,0
8112,note_on,,0,0,4,,,,,,52,72,0
8160,note_on,,96,0,3,,,,,,61,0,0
8160,note_on,,0,0,3,,,,,,62,72,0
8160,note_on,,0,0,4,,,,,,53,72,0
8160,note_on,,48,0,4,,,,,,52,0,0
8208,note_on,,0,0,3,,,,,,57,72,0
8208,note_on,,48,0,3,,,,,,62,0,0
8256,note_on,,48,0,3,,,,,,57,0,0
8256,note_on,,0,0,1,,,,,,62,72,0
8256,note_on,,192,0,1,,,,,,69,0,0
8256,note_on,,0,0,3,,,,,,59,72,0
8304,note_on,,144,0,4,,,,,,53,0,0
8304,note_on,,0,0,4,,,,,,50,72,0
8352,note_on,,48,0,4,,,,,,50,0,0
8352,note_on,,0,0,4,,,,,,52,72,0
8352,note_on,,96,0,1,,,,,,62,0,0
8352,note_on,,0,0,1,,,,,,67,72,0
8400,note_on,,144,0,3,,,,,,59,0,0
8400,note_on,,0,0,3,,,,,,61,72,0
8448,note_on,,2784,0,2,,,,,,62,88,0
8448,note_on,,0,0,3,,,,,,62,72,0
8448,note_on,,0,0,1,,,,,,67,72,0
8448,note_on,,48,0,3,,,,,,61,0,0
8448,note_on,,96,0,4,,,,,,52,0,0
8448,note_on,,0,0,4,,,,,,50,72,0
8448,note_on,,96,0,1,,,,,,67,0,0
8496,note_on,,48,0,1,,,,,,67,0,0
8496,note_on,,0,0,1,,,,,,64,72,0
8544,note_on,,48,0,1,,,,,,64,0,0
8544,note_on,,0,0,1,,,,,,65,72,0
8544,note_on,,0,0,3,,,,,,57,72,0
8544,note_on,,96,0,3,,,,,,62,0,0
8592,note_on,,48,0,1,,,,,,65,0,0
8592,note_on,,0,0,1,,,,,,74,72,0
8640,note_on,,0,0,2,,,,,,69,88,0
8640,note_on,,0,0,4,,,,,,50,72,0
8640,note_on,,192,0,2,,,,,,62,0,0
8640,note_on,,192,0,4,,,,,,50,0,0
8640,note_on,,0,0,1,,,,,,64,72,0
8640,note_on,,48,0,1,,,,,,74,0,0
8688,note_on,,0,0,4,,,,,,47,72,0
8688,note_on,,48,0,4,,,,,,50,0,0
8736,note_on,,0,0,4,,,,,,49,72,0
8736,note_on,,48,0,4,,,,,,47,0,0
8832,note_on,,0,0,1,,,,,,64,72,0
8832,note_on,,192,0,1,,,,,,64,0,0
8832,note_on,,288,0,3,,,,,,57,0,0
8832,note_on,,96,0,4,,,,,,49,0,0
8832,note_on,,0,0,4,,,,,,50,72,0
8832,note_on,,0,0,3,,,,,,57,72,0
8832,note_on,,0,0,2,,,,,,65,88,0
8832,note_on,,192,0,2,,,,,,69,0,0
8880,note_on,,48,0,1,,,,,,64,0,0
8880,note_on,,0,0,1,,,,,,62,72,0
8928,note_on,,48,0,1,,,,,,62,0,0
8928,note_on,,0,0,1,,,,,,69,72,0
8976,note_on,,0,0,4,,,,,,48,72,0
8976,note_on,,144,0,4,,,,,,50,0,0
9024,note_on,,192,0,3,,,,,,57,0,0
9024,note_on,,0,0,4,,,,,,46,72,0
9024,note_on,,48,0,4,,,,,,48,0,0
9024,note_on,,0,0,3,,,,,,58,72,0
9024,note_on,,0,0,2,,,,,,62,88,0
9024,note_on,,192,0,2,,,,,,65,0,0
9120,note_on,,0,0,1,,,,,,67,72,0
9120,note_on,,192,0,1,,,,,,69,0,0
9216,note_on,,192,0,3,,,,,,58,0,0
9216,note_on,,0,0,2,,,,,,61,88,0
9216,note_on,,192,0,2,,,,,,62,0,0
9216,note_on,,96,0,1,,,,,,67,0,0
9216,note_on,,192,0,4,,,,,,46,0,0
9216,note_on,,0,0,4,,,,,,45,72,0
9216,note_on,,0,0,1,,,,,,69,72,0
9264,note_on,,48,0,3,,,,,,52,72,0
9312,note_on,,48,0,3,,,,,,52,0,0
9312,note_on,,0,0,3,,,,,,57,72,0
9360,note_on,,144,0,4,,,,,,45,0,0
9360,note_on,,0,0,4,,,,,,43,72,0
9408,note_on,,192,0,2,,,,,,61,0,0
9408,note_on,,0,0,2,,,,,,62,88,0
9408,note_on,,48,0,4,,,,,,43,0,0
9408,note_on,,0,0,4,,,,,,41,72,0
9408,note_on,,192,0,1,,,,,,69,0,0
9456,note_on,,0,0,3,,,,,,58,72,0
9456,note_on,,144,0,3,,,,,,57,0,0
9456,note_on,,48,0,4,,,,,,41,0,0
9456,note_on,,0,0,4,,,,,,43,72,0
9504,note_on,,48,0,4,,,,,,43,0,0
9504,note_on,,0,0,4,,,,,,41,72,0
9504,note_on,,0,0,2,,,,,,64,88,0
9504,note_on,,96,0,2,,,,,,62,0,0
9504,note_on,,48,0,3,,,,,,58,0,0
9504,note_on,,0,0,3,,,,,,57,72,0
9552,note_on,,0,0,4,,,,,,40,72,0
9552,note_on,,48,0,3,,,,,,57,0,0
9552,note_on,,0,0,3,,,,,,55,72,0
9552,note_on,,48,0,4,,,,,,41,0,0
9600,note_on,,0,0,4,,,,,,38,72,0
9600,note_on,,48,0,4,,,,,,40,0,0
9600,note_on,,0,0,3,,,,,,57,72,0
9600,note_on,,0,0,2,,,,,,65,88,0
9600,note_on,,96,0,2,,,,,,64,0,0
9600,note_on,,48,0,3,,,,,,55,0,0
9648,note_on,,48,0,4,,,,,,38,0,0
9648,note_on,,0,0,4,,,,,,41,72,0
9696,note_on,,96,0,3,,,,,,57,0,0
9696,note_on,,48,0,4,,,,,,41,0,0
9696,note_on,,0,0,4,,,,,,40,72,0
9696,note_on,,0,0,3,,,,,,59,72,0
9744,note_on,,48,0,4,,,,,,40,0,0
9744,note_on,,0,0,4,,,,,,38,72,0
9792,note_on,,96,0,3,,,,,,59,0,0
9792,note_on,,0,0,3,,,,,,60,72,0
9792,note_on,,192,0,2,,,,,,65,0,0
9792,note_on,,0,0,2,,,,,,65,88,0
9792,note_on,,48,0,4,,,,,,38,0,0
9792,note_on,,0,0,4,,,,,,45,72,0
9840,note_on,,48,0,2,,,,,,65,0,0
9840,note_on,,0,0,2,,,,,,67,88,0
9888,note_on,,48,0,2,,,,,,67,0,0
9888,note_on,,0,0,2,,,,,,65,88,0
9936,note_on,,0,0,4,,,,,,41,72,0
9936,note_on,,48,0,2,,,,,,65,0,0
9936,note_on,,0,0,2,,,,,,64,88,0
9936,note_on,,144,0,4,,,,,,45,0,0
9984,note_on,,0,0,3,,,,,,60,72,0
9984,note_on,,192,0,3,,,,,,60,0,0
9984,note_on,,0,0,2,,,,,,62,88,0
9984,note_on,,48,0,4,,,,,,41,0,0
9984,note_on,,0,0,4,,,,,,46,72,0
9984,note_on,,48,0,2,,,,,,64,0,0
10032,note_on,,0,0,3,,,,,,57,72,0
10032,note_on,,48,0,3,,,,,,60,0,0
10080,note_on,,0,0,2,,,,,,67,72,0
10080,note_on,,96,0,2,,,,,,62,0,0
10080,note_on,,0,0,3,,,,,,58,72,0
10080,note_on,,48,0,3,,,,,,57,0,0
10128,note_on,,0,0,4,,,,,,43,72,0
10128,note_on,,144,0,4,,,,,,46,0,0
10176,note_on,,0,0,3,,,,,,57,72,0
10176,note_on,,96,0,3,,,,,,58,0,0
10176,note_on,,0,0,4,,,,,,50,72,0
10176,note_on,,48,0,4,,,,,,43,0,0
10224,note_on,,0,0,2,,,,,,64,72,0
10224,note_on,,144,0,2,,,,,,67,0,0
10272,note_on,,0,0,2,,,,,,65,72,0
10272,note_on,,48,0,2,,,,,,64,0,0
10272,note_on,,96,0,3,,,,,,57,0,0
10272,note_on,,0,0,3,,,,,,62,72,0
10320,note_on,,0,0,4,,,,,,53,72,0
10320,note_on,,144,0,4,,,,,,50,0,0
10368,note_on,,96,0,3,,,,,,62,0,0
10368,note_on,,0,0,4,,,,,,57,72,0
10368,note_on,,48,0,4,,,,,,53,0,0
10368,note_on,,0,0,2,,,,,,64,72,0
10368,note_on,,96,0,2,,,,,,65,0,0
10368,note_on,,0,0,3,,,,,,62,72,0
10416,note_on,,0,0,3,,,,,,59,72,0
10416,note_on,,48,0,3,,,,,,62,0,0
10464,note_on,,0,0,3,,,,,,60,72,0
10464,note_on,,48,0,3,,,,,,59,0,0
10464,note_on,,96,0,2,,,,,,64,0,0
10464,note_on,,0,0,2,,,,,,69,72,0
10512,note_on,,144,0,4,,,,,,57,0,0
10512,note_on,,0,0,4,,,,,,45,72,0
10560,note_on,,96,0,3,,,,,,60,0,0
10560,note_on,,48,0,4,,,,,,45,0,0
10560,note_on,,0,0,4,,,,,,40,72,0
10560,note_on,,0,0,3,,,,,,59,72,0
10608,note_on,,0,0,2,,,,,,66,72,0
10608,note_on,,144,0,2,,,,,,69,0,0
10656,note_on,,0,0,3,,,,,,64,72,0
10656,note_on,,96,0,3,,,,,,59,0,0
10656,note_on,,0,0,2,,,,,,67,72,0
10656,note_on,,48,0,2,,,,,,66,0,0
10752,note_on,,96,0,3,,,,,,64,0,0
10752,note_on,,0,0,3,,,,,,64,72,0
10752,note_on,,1344,0,1,,,,,,69,88,0
10752,note_on,,96,0,2,,,,,,67,0,0
10752,note_on,,0,0,2,,,,,,66,72,0
10752,note_on,,192,0,4,,,,,,40,0,0
10800,note_on,,0,0,3,,,,,,57,72,0
10800,note_on,,48,0,3,,,,,,64,0,0
10848,note_on,,48,0,3,,,,,,57,0,0
10848,note_on,,0,0,3,,,,,,62,72,0
10896,note_on,,144,0,2,,,,,,66,0,0
10896,note_on,,0,0,2,,,,,,74,72,0
10944,note_on,,0,0,2,,,,,,68,72,0
10944,note_on,,48,0,2,,,,,,74,0,0
10944,note_on,,0,0,1,,,,,,76,88,0
10944,note_on,,192,0,1,,,,,,69,0,0
10944,note_on,,192,0,4,,,,,,52,72,0
10992,note_on,,144,0,3,,,,,,62,0,0
10992,note_on,,0,0,3,,,,,,62,72,0
11040,note_on,,48,0,3,,,,,,62,0,0
11040,note_on,,0,0,3,,,,,,60,72,0
11088,note_on,,48,0,3,,,,,,60,0,0
11088,note_on,,0,0,3,,,,,,59,72,0
11136,note_on,,192,0,1,,,,,,76,0,0
11136,note_on,,0,0,1,,,,,,72,88,0
11136,note_on,,192,0,2,,,,,,68,0,0
11136,note_on,,0,0,2,,,,,,69,72,0
11136,note_on,,48,0,3,,,,,,59,0,0
11136,note_on,,0,0,3,,,,,,60,72,0
11136,note_on,,192,0,4,,,,,,52,0,0
11136,note_on,,0,0,4,,,,,,57,72,0
11184,note_on,,48,0,3,,,,,,60,0,0
11184,note_on,,0,0,3,,,,,,62,72,0
11232,note_on,,0,0,3,,,,,,64,72,0
11232,note_on,,96,0,2,,,,,,69,0,0
11232,note_on,,48,0,3,,,,,,62,0,0
11280,note_on,,48,0,2,,,,,,57,72,0
11328,note_on,,48,0,2,,,,,,57,0,0
11328,note_on,,0,0,2,,,,,,60,72,0
11328,note_on,,192,0,4,,,,,,57,0,0
11328,note_on,,0,0,4,,,,,,53,72,0
11328,note_on,,192,0,1,,,,,,72,0,0
11328,note_on,,0,0,1,,,,,,69,88,0
11376,note_on,,0,0,3,,,,,,64,72,0
11376,note_on,,144,0,3,,,,,,64,0,0
11424,note_on,,96,0,2,,,,,,60,0,0
11424,note_on,,0,0,2,,,,,,57,72,0
11424,note_on,,48,0,3,,,,,,64,0,0
11424,note_on,,0,0,3,,,,,,62,72,0
11472,note_on,,0,0,3,,,,,,60,72,0
11472,note_on,,48,0,3,,,,,,62,0,0
11520,note_on,,192,0,4,,,,,,53,0,0
11520,note_on,,192,0,1,,,,,,69,0,0
11520,note_on,,0,0,1,,,,,,68,88,0
11520,note_on,,0,0,3,,,,,,59,72,0
11520,note_on,,48,0,3,,,,,,60,0,0
11520,note_on,,96,0,2,,,,,,57,0,0
11520,note_on,,0,0,2,,,,,,62,72,0
11520,note_on,,0,0,4,,,,,,53,72,0
11568,note_on,,48,0,4,,,,,,53,0,0
11568,note_on,,0,0,4,,,,,,53,72,0
11616,note_on,,0,0,2,,,,,,65,72,0
11616,note_on,,0,0,4,,,,,,52,72,0
11616,note_on,,48,0,4,,,,,,53,0,0
11616,note_on,,96,0,2,,,,,,62,0,0
11664,note_on,,48,0,4,,,,,,52,0,0
11664,note_on,,0,0,4,,,,,,50,72,0
11712,note_on,,96,0,2,,,,,,65,0,0
11712,note_on,,0,0,1,,,,,,69,88,0
11712,note_on,,192,0,1,,,,,,68,0,0
11712,note_on,,192,0,3,,,,,,59,0,0
11712,note_on,,0,0,3,,,,,,60,72,0
11712,note_on,,48,0,4,,,,,,50,0,0
11712,note_on,,0,0,4,,,,,,48,72,0
11712,note_on,,0,0,2,,,,,,64,72,0
11760,note_on,,48,0,4,,,,,,48,0,0
11760,note_on,,0,0,4,,,,,,50,72,0
11808,note_on,,0,0,3,,,,,,56,72,0
11808,note_on,,0,0,2,,,,,,62,72,0
11808,note_on,,96,0,2,,,,,,64,0,0
11808,note_on,,96,0,3,,,,,,60,0,0
11808,note_on,,48,0,4,,,,,,50,0,0
11808,note_on,,96,0,1,,,,,,69,0,0
11808,note_on,,0,0,1,,,,,,71,88,0
11808,note_on,,0,0,4,,,,,,48,72,0
11856,note_on,,48,0,4,,,,,,48,0,0
11856,note_on,,0,0,4,,,,,,47,72,0
11904,note_on,,0,0,3,,,,,,57,72,0
11904,note_on,,0,0,2,,,,,,60,72,0
11904,note_on,,96,0,1,,,,,,71,0,0
11904,note_on,,0,0,4,,,,,,45,88,0
11904,note_on,,96,0,3,,,,,,56,0,0
11904,note_on,,96,0,2,,,,,,62,0,0
11904,note_on,,0,0,1,,,,,,72,88,0
11904,note_on,,48,0,4,,,,,,47,0,0
11952,note_on,,0,0,3,,,,,,55,72,0
11952,note_on,,48,0,3,,,,,,57,0,0
12000,note_on,,0,0,2,,,,,,69,72,0
12000,note_on,,0,0,3,,,,,,54,72,0
12000,note_on,,96,0,2,,,,,,60,0,0
12000,note_on,,48,0,3,,,,,,55,0,0
12048,note_on,,48,0,3,,,,,,54,0,0
12048,note_on,,0,0,3,,,,,,52,72,0
12096,note_on,,0,0,1,,,,,,72,88,0
12096,note_on,,0,0,3,,,,,,54,72,0
12096,note_on,,192,0,1,,,,,,72,0,0
12096,note_on,,0,0,4,,,,,,50,88,0
12096,note_on,,192,0,4,,,,,,45,0,0
12096,note_on,,48,0,3,,,,,,52,0,0
12144,note_on,,0,0,1,,,,,,74,88,0
12144,note_on,,48,0,1,,,,,,72,0,0
12192,note_on,,96,0,3,,,,,,54,0,0
12192,note_on,,0,0,3,,,,,,55,72,0
12192,note_on,,48,0,1,,,,,,74,0,0
12192,note_on,,0,0,2,,,,,,62,72,0
12192,note_on,,192,0,2,,,,,,69,0,0
12192,note_on,,0,0,1,,,,,,72,88,0
12240,note_on,,48,0,1,,,,,,72,0,0
12240,note_on,,0,0,1,,,,,,70,88,0
12288,note_on,,96,0,2,,,,,,62,0,0
12288,note_on,,96,0,3,,,,,,55,0,0
12288,note_on,,0,0,3,,,,,,55,72,0
12288,note_on,,48,0,1,,,,,,70,0,0
12288,note_on,,0,0,2,,,,,,64,72,0
12288,note_on,,0,0,4,,,,,,49,88,0
12288,note_on,,0,0,1,,,,,,69,88,0
12288,note_on,,192,0,4,,,,,,50,0,0
12336,note_on,,48,0,3,,,,,,55,0,0
12336,note_on,,0,0,3,,,,,,55,72,0
12384,note_on,,96,0,2,,,,,,64,0,0
12384,note_on,,0,0,2,,,,,,69,72,0
12384,note_on,,96,0,1,,,,,,69,0,0
12384,note_on,,0,0,3,,,,,,53,72,0
12384,note_on,,48,0,3,,,,,,55,0,0
12432,note_on,,0,0,3,,,,,,52,72,0
12432,note_on,,48,0,3,,,,,,53,0,0
12480,note_on,,48,0,3,,,,,,52,0,0
12480,note_on,,192,0,4,,,,,,49,0,0
12480,note_on,,0,0,4,,,,,,45,88,0
12480,note_on,,0,0,3,,,,,,53,72,0
12528,note_on,,0,0,2,,,,,,67,72,0
12528,note_on,,48,0,3,,,,,,53,0,0
12528,note_on,,0,0,3,,,,,,52,72,0
12528,note_on,,144,0,2,,,,,,69,0,0
12576,note_on,,48,0,3,,,,,,52,0,0
12576,note_on,,0,0,3,,,,,,50,72,0
12576,note_on,,192,0,1,,,,,,69,72,0
12576,note_on,,48,0,2,,,,,,67,0,0
12576,note_on,,0,0,2,,,,,,65,72,0
12624,note_on,,0,0,3,,,,,,49,72,0
12624,note_on,,48,0,3,,,,,,50,0,0
12624,note_on,,48,0,2,,,,,,65,0,0
12624,note_on,,0,0,2,,,,,,64,72,0
12672,note_on,,0,0,1,,,,,,69,72,0
12672,note_on,,48,0,3,,,,,,49,0,0
12672,note_on,,0,0,3,,,,,,50,72,0
12672,note_on,,96,0,1,,,,,,69,0,0
12672,note_on,,0,0,2,,,,,,62,72,0
12672,note_on,,48,0,2,,,,,,64,0,0
12672,note_on,,192,0,4,,,,,,45,0,0
12672,note_on,,0,0,4,,,,,,42,88,0
12720,note_on,,48,0,1,,,,,,69,0,0
12720,note_on,,0,0,1,,,,,,72,72,0
12768,note_on,,48,0,1,,,,,,72,0,0
12768,note_on,,0,0,1,,,,,,70,72,0
12816,note_on,,0,0,1,,,,,,69,72,0
12816,note_on,,48,0,1,,,,,,70,0,0
12864,note_on,,0,0,1,,,,,,70,72,0
12864,note_on,,192,0,4,,,,,,42,0,0
12864,note_on,,192,0,3,,,,,,50,0,0
12864,note_on,,0,0,4,,,,,,43,88,0
12864,note_on,,48,0,1,,,,,,69,0,0
12912,note_on,,48,0,1,,,,,,70,0,0
12912,note_on,,0,0,1,,,,,,69,72,0
12960,note_on,,96,0,4,,,,,,43,0,0
12960,note_on,,0,0,1,,,,,,67,72,0
12960,note_on,,0,0,4,,,,,,45,88,0
12960,note_on,,48,0,1,,,,,,69,0,0
13008,note_on,,48,0,1,,,,,,67,0,0
13008,note_on,,0,0,1,,,,,,66,72,0
13056,note_on,,0,0,4,,,,,,46,88,0
13056,note_on,,96,0,4,,,,,,45,0,0
13056,note_on,,384,0,2,,,,,,62,0,0
13056,note_on,,0,0,2,,,,,,62,72,0
13056,note_on,,48,0,1,,,,,,66,0,0
13056,note_on,,0,0,1,,,,,,67,72,0
13104,note_on,,0,0,2,,,,,,62,72,0
13104,note_on,,48,0,2,,,,,,62,0,0
13152,note_on,,0,0,2,,,,,,67,72,0
13152,note_on,,48,0,2,,,,,,62,0,0
13200,note_on,,144,0,1,,,,,,67,0,0
13200,note_on,,0,0,1,,,,,,70,72,0
13248,note_on,,0,0,4,,,,,,46,88,0
13248,note_on,,192,0,4,,,,,,46,0,0
13248,note_on,,48,0,1,,,,,,70,0,0
13248,note_on,,0,0,1,,,,,,64,72,0
13296,note_on,,0,0,4,,,,,,48,88,0
13296,note_on,,144,0,2,,,,,,67,0,0
13296,note_on,,0,0,2,,,,,,67,72,0
13296,note_on,,48,0,4,,,,,,46,0,0
13344,note_on,,48,0,2,,,,,,67,0,0
13344,note_on,,48,0,4,,,,,,48,0,0
13344,note_on,,0,0,2,,,,,,60,72,0
13344,note_on,,0,0,4,,,,,,46,88,0
13392,note_on,,48,0,4,,,,,,46,0,0
13392,note_on,,0,0,4,,,,,,45,88,0
13392,note_on,,0,0,1,,,,,,66,72,0
13392,note_on,,144,0,1,,,,,,64,0,0
13440,note_on,,0,0,4,,,,,,43,88,0
13440,note_on,,48,0,4,,,,,,45,0,0
13440,note_on,,48,0,1,,,,,,66,0,0
13440,note_on,,96,0,2,,,,,,60,0,0
13440,note_on,,0,0,2,,,,,,60,72,0
13440,note_on,,0,0,1,,,,,,67,72,0
13488,note_on,,0,0,2,,,,,,57,72,0
13488,note_on,,48,0,2,,,,,,60,0,0
13536,note_on,,0,0,2,,,,,,58,72,0
13536,note_on,,48,0,2,,,,,,57,0,0
13584,note_on,,144,0,1,,,,,,67,0,0
13584,note_on,,0,0,1,,,,,,64,72,0
13632,note_on,,0,0,4,,,,,,43,88,0
13632,note_on,,0,0,1,,,,,,61,72,0
13632,note_on,,192,0,4,,,,,,43,0,0
13632,note_on,,0,0,2,,,,,,57,72,0
13632,note_on,,48,0,1,,,,,,64,0,0
13632,note_on,,96,0,2,,,,,,58,0,0
13680,note_on,,48,0,4,,,,,,43,0,0
13680,note_on,,0,0,4,,,,,,40,72,0
13728,note_on,,48,0,4,,,,,,40,0,0
13728,note_on,,0,0,4,,,,,,41,72,0
13776,note_on,,144,0,1,,,,,,61,0,0
13776,note_on,,0,0,1,,,,,,69,72,0
13824,note_on,,0,0,1,,,,,,62,72,0
13824,note_on,,48,0,1,,,,,,69,0,0
13824,note_on,,0,0,4,,,,,,46,72,0
13824,note_on,,96,0,4,,,,,,41,0,0
13824,note_on,,0,0,2,,,,,,57,72,0
13824,note_on,,192,0,2,,,,,,57,0,0
13872,note_on,,0,0,2,,,,,,53,72,0
13872,note_on,,48,0,2,,,,,,57,0,0
13920,note_on,,0,0,2,,,,,,55,72,0
13920,note_on,,48,0,2,,,,,,53,0,0
13968,note_on,,0,0,1,,,,,,65,72,0
13968,note_on,,144,0,1,,,,,,62,0,0
14016,note_on,,96,0,2,,,,,,55,0,0
14016,note_on,,0,0,1,,,,,,64,72,0
14016,note_on,,48,0,1,,,,,,65,0,0
14016,note_on,,0,0,4,,,,,,46,72,0
14016,note_on,,192,0,4,,,,,,46,0,0
14016,note_on,,0,0,2,,,,,,60,72,0
14064,note_on,,0,0,4,,,,,,43,72,0
14064,note_on,,48,0,4,,,,,,46,0,0
14112,note_on,,48,0,4,,,,,,43,0,0
14112,note_on,,0,0,4,,,,,,45,72,0
14160,note_on,,144,0,1,,,,,,64,0,0
14160,note_on,,0,0,1,,,,,,72,72,0
14208,note_on,,0,0,1,,,,,,65,72,0
14208,note_on,,48,0,1,,,,,,72,0,0
14208,note_on,,192,0,2,,,,,,60,0,0
14208,note_on,,0,0,4,,,,,,50,72,0
14208,note_on,,96,0,4,,,,,,45,0,0
14208,note_on,,0,0,2,,,,,,60,72,0
14256,note_on,,48,0,2,,,,,,60,0,0
14256,note_on,,0,0,2,,,,,,57,72,0
14304,note_on,,48,0,2,,,,,,57,0,0
14304,note_on,,0,0,2,,,,,,59,72,0
14352,note_on,,144,0,1,,,,,,65,0,0
14352,note_on,,0,0,1,,,,,,69,72,0
14400,note_on,,0,0,4,,,,,,50,72,0
14400,note_on,,0,0,2,,,,,,64,72,0
14400,note_on,,96,0,2,,,,,,59,0,0
14400,note_on,,48,0,1,,,,,,69,0,0
14400,note_on,,0,0,1,,,,,,67,72,0
14400,note_on,,192,0,4,,,,,,50,0,0
14448,note_on,,48,0,4,,,,,,50,0,0
14448,note_on,,0,0,4,,,,,,47,72,0
14496,note_on,,48,0,4,,,,,,47,0,0
14496,note_on,,0,0,4,,,,,,48,72,0
14544,note_on,,144,0,1,,,,,,67,0,0
14544,note_on,,0,0,1,,,,,,76,72,0
14592,note_on,,192,0,2,,,,,,64,0,0
14592,note_on,,0,0,2,,,,,,64,72,0
14592,note_on,,0,0,1,,,,,,69,72,0
14592,note_on,,48,0,1,,,,,,76,0,0
14592,note_on,,96,0,4,,,,,,48,0,0
14592,note_on,,0,0,4,,,,,,53,72,0
14640,note_on,,0,0,2,,,,,,61,72,0
14640,note_on,,48,0,2,,,,,,64,0,0
14688,note_on,,0,0,2,,,,,,62,72,0
14688,note_on,,48,0,2,,,,,,61,0,0
14736,note_on,,0,0,1,,,,,,72,72,0
14736,note_on,,144,0,1,,,,,,69,0,0
14784,note_on,,0,0,4,,,,,,53,72,0
14784,note_on,,0,0,2,,,,,,67,72,0
14784,note_on,,0,0,1,,,,,,71,72,0
14784,note_on,,48,0,1,,,,,,72,0,0
14784,note_on,,192,0,4,,,,,,53,0,0
14784,note_on,,96,0,2,,,,,,62,0,0
14832,note_on,,48,0,4,,,,,,53,0,0
14832,note_on,,0,0,4,,,,,,50,72,0
14880,note_on,,48,0,4,,,,,,50,0,0
14880,note_on,,0,0,4,,,,,,52,72,0
14928,note_on,,0,0,1,,,,,,79,72,0
14928,note_on,,144,0,1,,,,,,71,0,0
14976,note_on,,48,0,1,,,,,,79,0,0
14976,note_on,,0,0,2,,,,,,67,72,0
14976,note_on,,2112,0,3,,,,,,52,88,0
14976,note_on,,0,0,1,,,,,,73,72,0
14976,note_on,,96,0,4,,,,,,52,0,0
14976,note_on,,0,0,4,,,,,,45,72,0
14976,note_on,,192,0,2,,,,,,67,0,0
15024,note_on,,48,0,2,,,,,,67,0,0
15024,note_on,,0,0,2,,,,,,69,72,0
15072,note_on,,48,0,2,,,,,,69,0,0
15072,note_on,,0,0,2,,,,,,70,72,0
15120,note_on,,144,0,4,,,,,,45,0,0
15120,note_on,,0,0,4,,,,,,55,72,0
15168,note_on,,192,0,3,,,,,,52,0,0
15168,note_on,,0,0,3,,,,,,57,88,0
15168,note_on,,96,0,2,,,,,,70,0,0
15168,note_on,,0,0,4,,,,,,53,72,0
15168,note_on,,192,0,1,,,,,,73,0,0
15168,note_on,,0,0,1,,,,,,74,72,0
15168,note_on,,0,0,2,,,,,,69,72,0
15168,note_on,,48,0,4,,,,,,55,0,0
15216,note_on,,48,0,4,,,,,,53,0,0
15216,note_on,,0,0,4,,,,,,52,72,0
15264,note_on,,96,0,1,,,,,,74,0,0
15264,note_on,,0,0,1,,,,,,76,72,0
15264,note_on,,48,0,4,,,,,,52,0,0
15264,note_on,,0,0,4,,,,,,50,72,0
15312,note_on,,48,0,4,,,,,,50,0,0
15312,note_on,,0,0,4,,,,,,49,72,0
15360,note_on,,192,0,2,,,,,,69,0,0
15360,note_on,,0,0,4,,,,,,50,72,0
15360,note_on,,0,0,2,,,,,,69,72,0
15360,note_on,,48,0,4,,,,,,49,0,0
15360,note_on,,0,0,1,,,,,,76,72,0
15360,note_on,,96,0,1,,,,,,76,0,0
15360,note_on,,0,0,3,,,,,,53,88,0
15360,note_on,,192,0,3,,,,,,57,0,0
15408,note_on,,0,0,1,,,,,,73,72,0
15408,note_on,,48,0,1,,,,,,76,0,0
15456,note_on,,0,0,1,,,,,,74,72,0
15456,note_on,,48,0,1,,,,,,73,0,0
15504,note_on,,0,0,4,,,,,,41,72,0
15504,note_on,,144,0,4,,,,,,50,0,0
15552,note_on,,0,0,2,,,,,,69,72,0
15552,note_on,,0,0,3,,,,,,50,88,0
15552,note_on,,192,0,3,,,,,,53,0,0
15552,note_on,,0,0,4,,,,,,46,72,0
15552,note_on,,192,0,2,,,,,,69,0,0
15552,note_on,,48,0,4,,,,,,41,0,0
15600,note_on,,48,0,2,,,,,,69,0,0
15600,note_on,,0,0,2,,,,,,65,72,0
15648,note_on,,48,0,2,,,,,,65,0,0
15648,note_on,,0,0,2,,,,,,67,72,0
15648,note_on,,0,0,1,,,,,,74,72,0
15648,note_on,,192,0,1,,,,,,74,0,0
15696,note_on,,0,0,1,,,,,,76,72,0
15696,note_on,,48,0,1,,,,,,74,0,0
15744,note_on,,0,0,3,,,,,,49,88,0
15744,note_on,,192,0,3,,,,,,50,0,0
15744,note_on,,0,0,2,,,,,,69,72,0
15744,note_on,,0,0,1,,,,,,77,72,0
15744,note_on,,192,0,4,,,,,,46,0,0
15744,note_on,,0,0,4,,,,,,45,72,0
15744,note_on,,48,0,1,,,,,,76,0,0
15744,note_on,,96,0,2,,,,,,67,0,0
15792,note_on,,0,0,1,,,,,,76,72,0
15792,note_on,,48,0,1,,,,,,77,0,0
15840,note_on,,48,0,1,,,,,,76,0,0
15840,note_on,,0,0,1,,,,,,79,72,0
15888,note_on,,144,0,2,,,,,,69,0,0
15888,note_on,,0,0,2,,,,,,70,72,0
15936,note_on,,48,0,2,,,,,,70,0,0
15936,note_on,,0,0,2,,,,,,69,72,0
15936,note_on,,0,0,3,,,,,,50,88,0
15936,note_on,,192,0,3,,,,,,49,0,0
15984,note_on,,144,0,1,,,,,,79,0,0
15984,note_on,,0,0,1,,,,,,77,72,0
16032,note_on,,96,0,2,,,,,,69,0,0
16032,note_on,,0,0,2,,,,,,67,72,0
16032,note_on,,0,0,3,,,,,,52,88,0
16032,note_on,,96,0,3,,,,,,50,0,0
16032,note_on,,48,0,1,,,,,,77,0,0
16032,note_on,,0,0,1,,,,,,76,72,0
16080,note_on,,48,0,1,,,,,,76,0,0
16080,note_on,,0,0,1,,,,,,74,72,0
16128,note_on,,384,0,4,,,,,,45,0,0
16128,note_on,,0,0,4,,,,,,45,72,0
16128,note_on,,0,0,3,,,,,,53,88,0
16128,note_on,,0,0,1,,,,,,73,72,0
16128,note_on,,96,0,3,,,,,,52,0,0
16128,note_on,,96,0,2,,,,,,67,0,0
16128,note_on,,0,0,2,,,,,,67,72,0
16128,note_on,,48,0,1,,,,,,74,0,0
16176,note_on,,0,0,1,,,,,,69,72,0
16176,note_on,,48,0,1,,,,,,73,0,0
16224,note_on,,48,0,1,,,,,,69,0,0
16224,note_on,,0,0,1,,,,,,74,72,0
16224,note_on,,96,0,2,,,,,,67,0,0
16224,note_on,,0,0,2,,,,,,65,72,0
16272,note_on,,0,0,2,,,,,,62,72,0
16272,note_on,,144,0,4,,,,,,45,0,0
16272,note_on,,48,0,2,,,,,,65,0,0
16272,note_on,,0,0,4,,,,,,46,72,0
16320,note_on,,0,0,2,,,,,,69,72,0
16320,note_on,,48,0,2,,,,,,62,0,0
16320,note_on,,0,0,4,,,,,,45,72,0
16320,note_on,,0,0,3,,,,,,53,88,0
16320,note_on,,192,0,3,,,,,,53,0,0
16320,note_on,,48,0,4,,,,,,46,0,0
16368,note_on,,0,0,3,,,,,,55,88,0
16368,note_on,,48,0,3,,,,,,53,0,0
16368,note_on,,48,0,4,,,,,,45,0,0
16368,note_on,,0,0,1,,,,,,71,72,0
16368,note_on,,144,0,1,,,,,,74,0,0
16368,note_on,,0,0,4,,,,,,43,72,0
16416,note_on,,0,0,3,,,,,,53,88,0
16416,note_on,,48,0,4,,,,,,43,0,0
16416,note_on,,48,0,1,,,,,,71,0,0
16416,note_on,,0,0,1,,,,,,72,72,0
16416,note_on,,48,0,3,,,,,,55,0,0
16416,note_on,,0,0,4,,,,,,45,72,0
16464,note_on,,48,0,3,,,,,,53,0,0
16464,note_on,,0,0,2,,,,,,67,72,0
16464,note_on,,144,0,2,,,,,,69,0,0
16464,note_on,,0,0,3,,,,,,52,88,0
16512,note_on,,0,0,4,,,,,,46,72,0
16512,note_on,,96,0,4,,,,,,45,0,0
16512,note_on,,96,0,1,,,,,,72,0,0
16512,note_on,,48,0,3,,,,,,52,0,0
16512,note_on,,48,0,2,,,,,,67,0,0
16512,note_on,,0,0,3,,,,,,50,88,0
16512,note_on,,0,0,2,,,,,,66,72,0
16512,note_on,,0,0,1,,,,,,72,72,0
16560,note_on,,48,0,2,,,,,,66,0,0
16560,note_on,,0,0,2,,,,,,62,72,0
16608,note_on,,96,0,1,,,,,,72,0,0
16608,note_on,,48,0,2,,,,,,62,0,0
16608,note_on,,0,0,1,,,,,,70,72,0
16608,note_on,,0,0,2,,,,,,67,72,0
16656,note_on,,0,0,4,,,,,,43,72,0
16656,note_on,,144,0,4,,,,,,46,0,0
16704,note_on,,48,0,4,,,,,,43,0,0
16704,note_on,,0,0,4,,,,,,50,72,0
16704,note_on,,96,0,1,,,,,,70,0,0
16704,note_on,,0,0,1,,,,,,69,72,0
16752,note_on,,144,0,2,,,,,,67,0,0
16752,note_on,,0,0,2,,,,,,64,72,0
16800,note_on,,48,0,2,,,,,,64,0,0
16800,note_on,,0,0,2,,,,,,65,72,0
16800,note_on,,96,0,1,,,,,,69,0,0
16800,note_on,,288,0,3,,,,,,50,0,0
16800,note_on,,0,0,3,,,,,,57,72,0
16848,note_on,,48,0,3,,,,,,57,0,0
16848,note_on,,0,0,3,,,,,,53,72,0
16896,note_on,,0,0,4,,,,,,50,72,0
16896,note_on,,96,0,2,,,,,,65,0,0
16896,note_on,,0,0,2,,,,,,65,72,0
16896,note_on,,0,0,3,,,,,,58,72,0
16896,note_on,,192,0,4,,,,,,50,0,0
16896,note_on,,48,0,3,,,,,,53,0,0
16944,note_on,,48,0,2,,,,,,65,0,0
16944,note_on,,0,0,2,,,,,,62,72,0
16992,note_on,,96,0,4,,,,,,50,0,0
16992,note_on,,0,0,4,,,,,,52,72,0
16992,note_on,,48,0,2,,,,,,62,0,0
16992,note_on,,0,0,2,,,,,,67,72,0
17040,note_on,,144,0,3,,,,,,58,0,0
17040,note_on,,0,0,3,,,,,,55,72,0
17088,note_on,,48,0,3,,,,,,55,0,0
17088,note_on,,0,0,3,,,,,,60,72,0
17136,note_on,,144,0,2,,,,,,67,0,0
17136,note_on,,0,0,2,,,,,,64,72,0
17184,note_on,,0,0,2,,,,,,69,72,0
17184,note_on,,192,0,4,,,,,,52,0,0
17184,note_on,,0,0,4,,,,,,53,72,0
17184,note_on,,48,0,2,,,,,,64,0,0
17232,note_on,,0,0,3,,,,,,57,72,0
17232,note_on,,144,0,3,,,,,,60,0,0
17280,note_on,,48,0,3,,,,,,57,0,0
17280,note_on,,96,0,2,,,,,,69,0,0
17280,note_on,,96,0,4,,,,,,53,0,0
17280,note_on,,0,0,4,,,,,,53,72,0
17280,note_on,,0,0,3,,,,,,62,72,0
17280,note_on,,0,0,2,,,,,,69,72,0
17328,note_on,,48,0,2,,,,,,69,0,0
17328,note_on,,0,0,2,,,,,,65,72,0
17376,note_on,,0,0,3,,,,,,55,72,0
17376,note_on,,48,0,2,,,,,,65,0,0
17376,note_on,,0,0,2,,,,,,70,72,0
17376,note_on,,96,0,3,,,,,,62,0,0
17424,note_on,,0,0,4,,,,,,50,72,0
17424,note_on,,144,0,4,,,,,,53,0,0
17472,note_on,,48,0,4,,,,,,50,0,0
17472,note_on,,0,0,4,,,,,,52,72,0
17472,note_on,,96,0,3,,,,,,55,0,0
17472,note_on,,0,0,3,,,,,,60,72,0
17520,note_on,,0,0,2,,,,,,67,72,0
17520,note_on,,144,0,2,,,,,,70,0,0
17568,note_on,,0,0,2,,,,,,69,72,0
17568,note_on,,48,0,2,,,,,,67,0,0
17568,note_on,,0,0,3,,,,,,53,72,0
17568,note_on,,96,0,3,,,,,,60,0,0
17616,note_on,,0,0,4,,,,,,49,72,0
17616,note_on,,144,0,4,,,,,,52,0,0
17664,note_on,,96,0,2,,,,,,69,0,0
17664,note_on,,0,0,2,,,,,,69,72,0
17664,note_on,,0,0,4,,,,,,50,72,0
17664,note_on,,0,0,3,,,,,,58,72,0
17664,note_on,,96,0,3,,,,,,53,0,0
17664,note_on,,48,0,4,,,,,,49,0,0
17712,note_on,,0,0,2,,,,,,65,72,0
17712,note_on,,48,0,2,,,,,,69,0,0
17760,note_on,,96,0,3,,,,,,58,0,0
17760,note_on,,0,0,3,,,,,,52,72,0
17760,note_on,,0,0,2,,,,,,67,72,0
17760,note_on,,48,0,2,,,,,,65,0,0
17808,note_on,,144,0,4,,,,,,50,0,0
17808,note_on,,0,0,4,,,,,,47,72,0
17856,note_on,,48,0,4,,,,,,47,0,0
17856,note_on,,0,0,3,,,,,,57,72,0
17856,note_on,,96,0,3,,,,,,52,0,0
17856,note_on,,0,0,4,,,,,,49,72,0
17904,note_on,,48,0,4,,,,,,49,0,0
17904,note_on,,0,0,4,,,,,,45,72,0
17952,note_on,,48,0,4,,,,,,45,0,0
17952,note_on,,192,0,2,,,,,,67,0,0
17952,note_on,,0,0,2,,,,,,65,72,0
17952,note_on,,0,0,4,,,,,,50,72,0
18000,note_on,,48,0,2,,,,,,65,0,0
18000,note_on,,0,0,2,,,,,,62,72,0
18048,note_on,,96,0,4,,,,,,50,0,0
18048,note_on,,0,0,4,,,,,,50,72,0
18048,note_on,,0,0,2,,,,,,69,88,0
18048,note_on,,0,0,3,,,,,,52,72,0
18048,note_on,,48,0,2,,,,,,62,0,0
18048,note_on,,192,0,3,,,,,,57,0,0
18096,note_on,,48,0,4,,,,,,50,0,0
18096,note_on,,0,0,4,,,,,,48,72,0
18144,note_on,,0,0,3,,,,,,57,72,0
18144,note_on,,96,0,3,,,,,,52,0,0
18144,note_on,,0,0,4,,,,,,47,72,0
18144,note_on,,48,0,4,,,,,,48,0,0
18192,note_on,,0,0,4,,,,,,45,72,0
18192,note_on,,48,0,4,,,,,,47,0,0
18240,note_on,,0,0,4,,,,,,47,72,0
18240,note_on,,0,0,2,,,,,,74,88,0
18240,note_on,,192,0,2,,,,,,69,0,0
18240,note_on,,48,0,4,,,,,,45,0,0
18288,note_on,,144,0,3,,,,,,57,0,0
18288,note_on,,0,0,3,,,,,,56,72,0
18336,note_on,,48,0,3,,,,,,56,0,0
18336,note_on,,0,0,3,,,,,,54,72,0
18384,note_on,,0,0,3,,,,,,56,72,0
18384,note_on,,48,0,3,,,,,,54,0,0
18432,note_on,,192,0,4,,,,,,47,0,0
18432,note_on,,192,0,2,,,,,,74,0,0
18432,note_on,,0,0,3,,,,,,57,72,0
18432,note_on,,48,0,3,,,,,,56,0,0
18432,note_on,,0,0,2,,,,,,74,88,0
18432,note_on,,0,0,4,,,,,,45,72,0
18432,note_on,,1632,0,1,,,,,,76,88,0
18480,note_on,,48,0,2,,,,,,74,0,0
18480,note_on,,0,0,2,,,,,,73,72,0
18528,note_on,,48,0,2,,,,,,73,0,0
18528,note_on,,0,0,2,,,,,,71,72,0
18576,note_on,,48,0,2,,,,,,71,0,0
18576,note_on,,0,0,2,,,,,,73,72,0
18576,note_on,,0,0,3,,,,,,55,72,0
18576,note_on,,144,0,3,,,,,,57,0,0
18624,note_on,,0,0,2,,,,,,74,72,0
18624,note_on,,48,0,3,,,,,,55,0,0
18624,note_on,,0,0,3,,,,,,53,72,0
18624,note_on,,192,0,4,,,,,,45,0,0
18624,note_on,,0,0,1,,,,,,81,88,0
18624,note_on,,192,0,1,,,,,,76,0,0
18624,note_on,,48,0,2,,,,,,73,0,0
18672,note_on,,0,0,2,,,,,,69,72,0
18672,note_on,,48,0,3,,,,,,53,0,0
18672,note_on,,48,0,2,,,,,,74,0,0
18672,note_on,,0,0,3,,,,,,52,72,0
18720,note_on,,48,0,2,,,,,,69,0,0
18720,note_on,,0,0,2,,,,,,76,72,0
18720,note_on,,0,0,3,,,,,,50,72,0
18720,note_on,,48,0,3,,,,,,52,0,0
18768,note_on,,0,0,3,,,,,,49,72,0
18768,note_on,,48,0,3,,,,,,50,0,0
18816,note_on,,0,0,2,,,,,,76,72,0
18816,note_on,,192,0,1,,,,,,81,0,0
18816,note_on,,0,0,1,,,,,,77,88,0
18816,note_on,,96,0,2,,,,,,76,0,0
18816,note_on,,0,0,3,,,,,,50,72,0
18816,note_on,,48,0,3,,,,,,49,0,0
18864,note_on,,48,0,2,,,,,,76,0,0
18864,note_on,,0,0,2,,,,,,69,72,0
18912,note_on,,48,0,2,,,,,,69,0,0
18912,note_on,,0,0,2,,,,,,74,72,0
18912,note_on,,0,0,3,,,,,,53,72,0
18912,note_on,,96,0,3,,,,,,50,0,0
18960,note_on,,0,0,3,,,,,,50,72,0
18960,note_on,,48,0,3,,,,,,53,0,0
19008,note_on,,192,0,1,,,,,,77,0,0
19008,note_on,,0,0,1,,,,,,74,88,0
19008,note_on,,0,0,3,,,,,,58,72,0
19008,note_on,,48,0,3,,,,,,50,0,0
19008,note_on,,96,0,2,,,,,,74,0,0
19056,note_on,,48,0,2,,,,,,65,72,0
19104,note_on,,0,0,3,,,,,,55,72,0
19104,note_on,,48,0,2,,,,,,65,0,0
19104,note_on,,0,0,2,,,,,,70,72,0
19104,note_on,,96,0,3,,,,,,58,0,0
19152,note_on,,48,0,3,,,,,,55,0,0
19152,note_on,,0,0,3,,,,,,52,72,0
19200,note_on,,96,0,2,,,,,,70,0,0
19200,note_on,,0,0,2,,,,,,70,72,0
19200,note_on,,48,0,3,,,,,,52,0,0
19200,note_on,,0,0,1,,,,,,73,88,0
19200,note_on,,192,0,1,,,,,,74,0,0
19200,note_on,,0,0,3,,,,,,57,72,0
19248,note_on,,48,0,2,,,,,,70,0,0
19248,note_on,,0,0,2,,,,,,64,72,0
19296,note_on,,0,0,2,,,,,,69,72,0
19296,note_on,,48,0,2,,,,,,64,0,0
19344,note_on,,144,0,3,,,,,,57,0,0
19344,note_on,,0,0,3,,,,,,65,72,0
19392,note_on,,0,0,1,,,,,,74,88,0
19392,note_on,,192,0,1,,,,,,73,0,0
19392,note_on,,48,0,3,,,,,,65,0,0
19392,note_on,,0,0,3,,,,,,59,72,0
19440,note_on,,144,0,2,,,,,,69,0,0
19440,note_on,,0,0,2,,,,,,67,72,0
19488,note_on,,96,0,1,,,,,,74,0,0
19488,note_on,,0,0,1,,,,,,76,88,0
19488,note_on,,0,0,2,,,,,,65,72,0
19488,note_on,,48,0,2,,,,,,67,0,0
19488,note_on,,0,0,3,,,,,,61,72,0
19488,note_on,,96,0,3,,,,,,59,0,0
19536,note_on,,48,0,2,,,,,,65,0,0
19536,note_on,,0,0,2,,,,,,64,72,0
19584,note_on,,48,0,2,,,,,,64,0,0
19584,note_on,,0,0,2,,,,,,62,72,0
19584,note_on,,96,0,3,,,,,,61,0,0
19584,note_on,,0,0,1,,,,,,77,88,0
19584,note_on,,0,0,3,,,,,,62,72,0
19584,note_on,,96,0,1,,,,,,76,0,0
19632,note_on,,0,0,2,,,,,,69,72,0
19632,note_on,,48,0,2,,,,,,62,0,0
19680,note_on,,0,0,2,,,,,,74,72,0
19680,note_on,,48,0,2,,,,,,69,0,0
19680,note_on,,0,0,3,,,,,,59,72,0
19680,note_on,,96,0,3,,,,,,62,0,0
19728,note_on,,0,0,3,,,,,,55,72,0
19728,note_on,,48,0,3,,,,,,59,0,0
19728,note_on,,48,0,2,,,,,,74,0,0
19728,note_on,,0,0,2,,,,,,71,72,0
19776,note_on,,192,0,1,,,,,,77,0,0
19776,note_on,,0,0,1,,,,,,77,88,0
19776,note_on,,0,0,3,,,,,,60,72,0
19776,note_on,,48,0,3,,,,,,55,0,0
19776,note_on,,48,0,2,,,,,,71,0,0
19776,note_on,,0,0,2,,,,,,67,72,0
19824,note_on,,0,0,2,,,,,,64,72,0
19824,note_on,,0,0,1,,,,,,79,88,0
19824,note_on,,48,0,1,,,,,,77,0,0
19824,note_on,,48,0,2,,,,,,67,0,0
19872,note_on,,0,0,3,,,,,,57,72,0
19872,note_on,,48,0,1,,,,,,79,0,0
19872,note_on,,96,0,3,,,,,,60,0,0
19872,note_on,,0,0,1,,,,,,77,88,0
19872,note_on,,0,0,2,,,,,,72,72,0
19872,note_on,,48,0,2,,,,,,64,0,0
19920,note_on,,48,0,1,,,,,,77,0,0
19920,note_on,,0,0,1,,,,,,76,88,0
19920,note_on,,48,0,3,,,,,,57,0,0
19920,note_on,,0,0,3,,,,,,53,72,0
19968,note_on,,0,0,1,,,,,,74,88,0
19968,note_on,,48,0,1,,,,,,76,0,0
19968,note_on,,0,0,3,,,,,,58,72,0
19968,note_on,,0,0,2,,,,,,72,72,0
19968,note_on,,96,0,2,,,,,,72,0,0
19968,note_on,,48,0,3,,,,,,53,0,0
20016,note_on,,0,0,3,,,,,,62,72,0
20016,note_on,,48,0,3,,,,,,58,0,0
20064,note_on,,48,0,3,,,,,,62,0,0
20064,note_on,,0,0,2,,,,,,70,72,0
20064,note_on,,96,0,2,,,,,,72,0,0
20064,note_on,,0,0,3,,,,,,67,72,0
20112,note_on,,0,0,1,,,,,,76,72,0
20112,note_on,,144,0,1,,,,,,74,0,0
20160,note_on,,48,0,1,,,,,,76,0,0
20160,note_on,,0,0,1,,,,,,73,72,0
20160,note_on,,96,0,2,,,,,,70,0,0
20160,note_on,,0,0,2,,,,,,69,72,0
20208,note_on,,144,0,3,,,,,,67,0,0
20208,note_on,,0,0,3,,,,,,64,72,0
20256,note_on,,0,0,3,,,,,,65,72,0
20256,note_on,,48,0,3,,,,,,64,0,0
20256,note_on,,96,0,1,,,,,,73,0,0
20256,note_on,,0,0,1,,,,,,74,72,0
20304,note_on,,48,0,1,,,,,,74,0,0
20304,note_on,,0,0,1,,,,,,77,72,0
20352,note_on,,0,0,2,,,,,,67,72,0
20352,note_on,,192,0,2,,,,,,69,0,0
20352,note_on,,48,0,1,,,,,,77,0,0
20352,note_on,,0,0,3,,,,,,65,72,0
20352,note_on,,96,0,3,,,,,,65,0,0
20352,note_on,,0,0,1,,,,,,70,72,0
20400,note_on,,0,0,3,,,,,,65,72,0
20400,note_on,,48,0,3,,,,,,65,0,0
20448,note_on,,0,0,3,,,,,,64,72,0
20448,note_on,,48,0,3,,,,,,65,0,0
20496,note_on,,144,0,2,,,,,,67,0,0
20496,note_on,,0,0,2,,,,,,65,72,0
20496,note_on,,48,0,3,,,,,,64,0,0
20496,note_on,,0,0,3,,,,,,62,72,0
20544,note_on,,48,0,3,,,,,,62,0,0
20544,note_on,,0,0,3,,,,,,61,72,0
20544,note_on,,0,0,2,,,,,,64,72,0
20544,note_on,,48,0,2,,,,,,65,0,0
20544,note_on,,192,0,1,,,,,,70,0,0
20544,note_on,,0,0,1,,,,,,70,72,0
20592,note_on,,0,0,1,,,,,,70,72,0
20592,note_on,,48,0,1,,,,,,70,0,0
20640,note_on,,0,0,1,,,,,,69,72,0
20640,note_on,,48,0,1,,,,,,70,0,0
20688,note_on,,48,0,1,,,,,,69,0,0
20688,note_on,,0,0,1,,,,,,67,72,0
20736,note_on,,192,0,2,,,,,,64,0,0
20736,note_on,,48,0,1,,,,,,67,0,0
20736,note_on,,0,0,1,,,,,,65,72,0
20736,note_on,,0,0,3,,,,,,62,72,0
20736,note_on,,192,0,3,,,,,,61,0,0
20736,note_on,,0,0,2,,,,,,64,72,0
20784,note_on,,0,0,3,,,,,,60,72,0
20784,note_on,,48,0,3,,,,,,62,0,0
20832,note_on,,0,0,3,,,,,,58,72,0
20832,note_on,,0,0,2,,,,,,62,72,0
20832,note_on,,96,0,2,,,,,,64,0,0
20832,note_on,,48,0,3,,,,,,60,0,0
20880,note_on,,0,0,2,,,,,,61,72,0
20880,note_on,,48,0,2,,,,,,62,0,0
20880,note_on,,48,0,3,,,,,,58,0,0
20880,note_on,,0,0,3,,,,,,57,72,0
20928,note_on,,0,0,3,,,,,,55,72,0
20928,note_on,,192,0,1,,,,,,65,0,0
20928,note_on,,0,0,1,,,,,,70,72,0
20928,note_on,,48,0,3,,,,,,57,0,0
20928,note_on,,0,0,2,,,,,,62,72,0
20928,note_on,,48,0,2,,,,,,61,0,0
20976,note_on,,0,0,3,,,,,,57,72,0
20976,note_on,,48,0,3,,,,,,55,0,0
21024,note_on,,48,0,3,,,,,,57,0,0
21024,note_on,,0,0,3,,,,,,58,72,0
21024,note_on,,0,0,2,,,,,,67,72,0
21024,note_on,,96,0,2,,,,,,62,0,0
21072,note_on,,48,0,3,,,,,,58,0,0
21072,note_on,,0,0,3,,,,,,60,72,0
21120,note_on,,2496,0,4,,,,,,50,88,0
21120,note_on,,192,0,1,,,,,,70,0,0
21120,note_on,,48,0,3,,,,,,60,0,0
21120,note_on,,0,0,3,,,,,,62,72,0
21120,note_on,,0,0,2,,,,,,67,72,0
21120,note_on,,96,0,2,,,,,,67,0,0
21120,note_on,,0,0,1,,,,,,69,72,0
21168,note_on,,48,0,3,,,,,,62,0,0
21168,note_on,,0,0,3,,,,,,57,72,0
21216,note_on,,48,0,3,,,,,,57,0,0
21216,note_on,,0,0,3,,,,,,62,72,0
21264,note_on,,144,0,2,,,,,,67,0,0
21264,note_on,,0,0,2,,,,,,65,72,0
21312,note_on,,192,0,4,,,,,,50,0,0
21312,note_on,,48,0,2,,,,,,65,0,0
21312,note_on,,0,0,2,,,,,,64,72,0
21312,note_on,,0,0,4,,,,,,57,88,0
21360,note_on,,0,0,3,,,,,,59,72,0
21360,note_on,,144,0,3,,,,,,62,0,0
21408,note_on,,0,0,3,,,,,,61,72,0
21408,note_on,,48,0,3,,,,,,59,0,0
21408,note_on,,0,0,1,,,,,,76,72,0
21408,note_on,,288,0,1,,,,,,69,0,0
21456,note_on,,0,0,2,,,,,,64,72,0
21456,note_on,,144,0,2,,,,,,64,0,0
21504,note_on,,96,0,3,,,,,,61,0,0
21504,note_on,,0,0,4,,,,,,53,88,0
21504,note_on,,192,0,4,,,,,,57,0,0
21504,note_on,,0,0,2,,,,,,69,72,0
21504,note_on,,48,0,2,,,,,,64,0,0
21504,note_on,,0,0,3,,,,,,61,72,0
21504,note_on,,0,0,1,,,,,,76,72,0
21504,note_on,,96,0,1,,,,,,76,0,0
21552,note_on,,0,0,3,,,,,,64,72,0
21552,note_on,,0,0,1,,,,,,73,72,0
21552,note_on,,48,0,1,,,,,,76,0,0
21552,note_on,,48,0,3,,,,,,61,0,0
21600,note_on,,0,0,3,,,,,,57,72,0
21600,note_on,,48,0,3,,,,,,64,0,0
21600,note_on,,48,0,1,,,,,,73,0,0
21600,note_on,,0,0,1,,,,,,74,72,0
21648,note_on,,48,0,1,,,,,,74,0,0
21648,note_on,,48,0,3,,,,,,57,0,0
21648,note_on,,0,0,3,,,,,,61,72,0
21648,note_on,,0,0,1,,,,,,76,72,0
21696,note_on,,0,0,1,,,,,,77,72,0
21696,note_on,,48,0,3,,,,,,61,0,0
21696,note_on,,48,0,1,,,,,,76,0,0
21696,note_on,,0,0,3,,,,,,62,72,0
21696,note_on,,192,0,4,,,,,,53,0,0
21696,note_on,,0,0,4,,,,,,50,88,0
21744,note_on,,48,0,1,,,,,,77,0,0
21744,note_on,,0,0,1,,,,,,74,72,0
21792,note_on,,48,0,1,,,,,,74,0,0
21792,note_on,,0,0,1,,,,,,79,72,0
21792,note_on,,0,0,2,,,,,,67,72,0
21792,note_on,,96,0,3,,,,,,62,0,0
21792,note_on,,288,0,2,,,,,,69,0,0
21792,note_on,,0,0,3,,,,,,58,72,0
21840,note_on,,48,0,3,,,,,,58,0,0
21840,note_on,,48,0,2,,,,,,67,0,0
21840,note_on,,0,0,2,,,,,,70,72,0
21840,note_on,,0,0,3,,,,,,55,72,0
21888,note_on,,96,0,1,,,,,,79,0,0
21888,note_on,,0,0,1,,,,,,79,72,0
21888,note_on,,48,0,2,,,,,,70,0,0
21888,note_on,,0,0,2,,,,,,69,72,0
21888,note_on,,48,0,3,,,,,,55,0,0
21888,note_on,,192,0,4,,,,,,50,0,0
21888,note_on,,0,0,3,,,,,,52,72,0
21888,note_on,,0,0,4,,,,,,49,88,0
21936,note_on,,48,0,1,,,,,,79,0,0
21936,note_on,,0,0,1,,,,,,76,72,0
21984,note_on,,48,0,1,,,,,,76,0,0
21984,note_on,,0,0,1,,,,,,81,72,0
22032,note_on,,48,0,1,,,,,,81,0,0
22032,note_on,,0,0,1,,,,,,79,72,0
22080,note_on,,0,0,1,,,,,,77,72,0
22080,note_on,,48,0,1,,,,,,79,0,0
22080,note_on,,0,0,2,,,,,,69,72,0
22080,note_on,,192,0,2,,,,,,69,0,0
22080,note_on,,192,0,4,,,,,,49,0,0
22080,note_on,,0,0,4,,,,,,50,88,0
22080,note_on,,192,0,3,,,,,,52,0,0
22080,note_on,,0,0,3,,,,,,53,72,0
22128,note_on,,0,0,2,,,,,,67,72,0
22128,note_on,,48,0,2,,,,,,69,0,0
22128,note_on,,0,0,1,,,,,,76,72,0
22128,note_on,,48,0,1,,,,,,77,0,0
22176,note_on,,48,0,1,,,,,,76,0,0
22176,note_on,,96,0,3,,,,,,53,0,0
22176,note_on,,0,0,1,,,,,,74,72,0
22176,note_on,,48,0,2,,,,,,67,0,0
22176,note_on,,96,0,4,,,,,,50,0,0
22176,note_on,,0,0,4,,,,,,52,88,0
22176,note_on,,0,0,2,,,,,,65,72,0
22176,note_on,,0,0,3,,,,,,55,72,0
22224,note_on,,48,0,2,,,,,,65,0,0
22224,note_on,,48,0,1,,,,,,74,0,0
22224,note_on,,0,0,2,,,,,,64,72,0
22224,note_on,,0,0,1,,,,,,73,72,0
22272,note_on,,48,0,1,,,,,,73,0,0
22272,note_on,,0,0,1,,,,,,74,72,0
22272,note_on,,48,0,2,,,,,,64,0,0
22272,note_on,,0,0,2,,,,,,62,72,0
22272,note_on,,0,0,3,,,,,,57,72,0
22272,note_on,,96,0,4,,,,,,52,0,0
22272,note_on,,96,0,3,,,,,,55,0,0
22272,note_on,,0,0,4,,,,,,53,88,0
22320,note_on,,48,0,1,,,,,,74,0,0
22320,note_on,,0,0,1,,,,,,72,72,0
22368,note_on,,48,0,1,,,,,,72,0,0
22368,note_on,,0,0,1,,,,,,70,72,0
22416,note_on,,48,0,1,,,,,,70,0,0
22416,note_on,,0,0,1,,,,,,69,72,0
22464,note_on,,0,0,4,,,,,,53,88,0
22464,note_on,,192,0,4,,,,,,53,0,0
22464,note_on,,48,0,1,,,,,,69,0,0
22464,note_on,,0,0,1,,,,,,67,72,0
22464,note_on,,192,0,3,,,,,,57,0,0
22464,note_on,,0,0,3,,,,,,59,72,0
22512,note_on,,0,0,4,,,,,,55,88,0
22512,note_on,,48,0,4,,,,,,53,0,0
22560,note_on,,288,0,2,,,,,,62,0,0
22560,note_on,,0,0,3,,,,,,61,72,0
22560,note_on,,0,0,2,,,,,,64,72,0
22560,note_on,,96,0,3,,,,,,59,0,0
22560,note_on,,48,0,4,,,,,,55,0,0
22560,note_on,,0,0,4,,,,,,53,88,0
22608,note_on,,48,0,4,,,,,,53,0,0
22608,note_on,,0,0,4,,,,,,52,88,0
22656,note_on,,0,0,1,,,,,,67,72,0
22656,note_on,,192,0,1,,,,,,67,0,0
22656,note_on,,0,0,2,,,,,,57,72,0
22656,note_on,,96,0,3,,,,,,61,0,0
22656,note_on,,48,0,4,,,,,,52,0,0
22656,note_on,,96,0,2,,,,,,64,0,0
22656,note_on,,0,0,3,,,,,,62,72,0
22656,note_on,,0,0,4,,,,,,50,88,0
22704,note_on,,48,0,1,,,,,,67,0,0
22704,note_on,,0,0,1,,,,,,64,72,0
22752,note_on,,96,0,2,,,,,,57,0,0
22752,note_on,,0,0,1,,,,,,65,72,0
22752,note_on,,48,0,1,,,,,,64,0,0
22752,note_on,,96,0,3,,,,,,62,0,0
22800,note_on,,48,0,1,,,,,,65,0,0
22800,note_on,,0,0,1,,,,,,62,72,0
22848,note_on,,48,0,1,,,,,,62,0,0
22848,note_on,,0,0,1,,,,,,69,72,0
22848,note_on,,0,0,4,,,,,,50,88,0
22848,note_on,,192,0,4,,,,,,50,0,0
22896,note_on,,0,0,4,,,,,,51,72,0
22896,note_on,,48,0,4,,,,,,50,0,0
22944,note_on,,192,0,2,,,,,,63,72,0
22944,note_on,,192,0,3,,,,,,54,72,0
22944,note_on,,48,0,4,,,,,,51,0,0
22944,note_on,,0,0,4,,,,,,50,72,0
22992,note_on,,48,0,4,,,,,,50,0,0
22992,note_on,,0,0,4,,,,,,48,72,0
23040,note_on,,192,0,1,,,,,,69,0,0
23040,note_on,,0,0,2,,,,,,62,72,0
23040,note_on,,0,0,1,,,,,,69,72,0
23040,note_on,,0,0,4,,,,,,46,72,0
23040,note_on,,96,0,2,,,,,,63,0,0
23040,note_on,,96,0,3,,,,,,54,0,0
23040,note_on,,0,0,3,,,,,,55,72,0
23040,note_on,,48,0,4,,,,,,48,0,0
23088,note_on,,48,0,1,,,,,,69,0,0
23088,note_on,,0,0,3,,,,,,57,72,0
23088,note_on,,48,0,3,,,,,,55,0,0
23088,note_on,,0,0,1,,,,,,66,72,0
23136,note_on,,0,0,3,,,,,,58,72,0
23136,note_on,,48,0,3,,,,,,57,0,0
23136,note_on,,48,0,1,,,,,,66,0,0
23136,note_on,,0,0,1,,,,,,67,72,0
23184,note_on,,0,0,1,,,,,,70,72,0
23184,note_on,,48,0,1,,,,,,67,0,0
23232,note_on,,192,0,4,,,,,,46,0,0
23232,note_on,,0,0,4,,,,,,46,72,0
23232,note_on,,96,0,3,,,,,,58,0,0
23232,note_on,,0,0,1,,,,,,72,72,0
23232,note_on,,192,0,2,,,,,,62,0,0
23232,note_on,,48,0,1,,,,,,70,0,0
23280,note_on,,0,0,4,,,,,,48,72,0
23280,note_on,,48,0,4,,,,,,46,0,0
23328,note_on,,96,0,2,,,,,,66,72,0
23328,note_on,,48,0,4,,,,,,48,0,0
23328,note_on,,96,0,3,,,,,,60,72,0
23328,note_on,,0,0,4,,,,,,46,72,0
23376,note_on,,48,0,4,,,,,,46,0,0
23376,note_on,,0,0,4,,,,,,45,72,0
23424,note_on,,0,0,3,,,,,,62,72,0
23424,note_on,,0,0,2,,,,,,67,72,0
23424,note_on,,48,0,4,,,,,,45,0,0
23424,note_on,,0,0,1,,,,,,72,72,0
23424,note_on,,192,0,1,,,,,,72,0,0
23424,note_on,,96,0,3,,,,,,60,0,0
23424,note_on,,0,0,4,,,,,,43,72,0
23424,note_on,,96,0,2,,,,,,66,0,0
23472,note_on,,48,0,1,,,,,,72,0,0
23472,note_on,,0,0,2,,,,,,66,72,0
23472,note_on,,48,0,2,,,,,,67,0,0
23472,note_on,,0,0,1,,,,,,69,72,0
23520,note_on,,0,0,1,,,,,,70,72,0
23520,note_on,,48,0,1,,,,,,69,0,0
23520,note_on,,0,0,2,,,,,,67,72,0
23520,note_on,,48,0,2,,,,,,66,0,0
23568,note_on,,0,0,1,,,,,,74,72,0
23568,note_on,,48,0,1,,,,,,70,0,0
23616,note_on,,0,0,1,,,,,,75,72,0
23616,note_on,,96,0,2,,,,,,67,0,0
23616,note_on,,48,0,1,,,,,,74,0,0
23616,note_on,,192,0,3,,,,,,62,0,0
23664,note_on,,48,0,3,,,,,,55,72,0
23712,note_on,,96,0,1,,,,,,75,0,0
23712,note_on,,0,0,1,,,,,,74,72,0
23712,note_on,,0,0,4,,,,,,43,72,0
23712,note_on,,288,0,4,,,,,,43,0,0
23712,note_on,,96,0,2,,,,,,70,72,0
23760,note_on,,96,0,3,,,,,,55,0,0
23760,note_on,,0,0,3,,,,,,53,72,0
23808,note_on,,0,0,3,,,,,,52,72,0
23808,note_on,,0,0,4,,,,,,45,72,0
23808,note_on,,96,0,1,,,,,,74,0,0
23808,note_on,,96,0,4,,,,,,43,0,0
23808,note_on,,0,0,1,,,,,,73,72,0
23808,note_on,,48,0,3,,,,,,53,0,0
23808,note_on,,96,0,2,,,,,,70,0,0
23808,note_on,,0,0,2,,,,,,70,72,0
23856,note_on,,48,0,2,,,,,,70,0,0
23856,note_on,,0,0,2,,,,,,69,72,0
23904,note_on,,0,0,1,,,,,,81,72,0
23904,note_on,,96,0,1,,,,,,73,0,0
23904,note_on,,0,0,2,,,,,,77,72,0
23904,note_on,,48,0,2,,,,,,69,0,0
23952,note_on,,0,0,2,,,,,,74,72,0
23952,note_on,,48,0,2,,,,,,77,0,0
24000,note_on,,192,0,3,,,,,,52,0,0
24000,note_on,,48,0,2,,,,,,74,0,0
24000,note_on,,0,0,2,,,,,,71,72,0
24048,note_on,,144,0,1,,,,,,81,0,0
24048,note_on,,0,0,1,,,,,,77,72,0
24096,note_on,,0,0,1,,,,,,79,72,0
24096,note_on,,0,0,2,,,,,,76,72,0
24096,note_on,,48,0,1,,,,,,77,0,0
24096,note_on,,96,0,2,,,,,,71,0,0
24144,note_on,,0,0,2,,,,,,73,72,0
24144,note_on,,48,0,2,,,,,,76,0,0
24192,note_on,,0,0,1,,,,,,79,72,0
24192,note_on,,0,0,2,,,,,,69,72,0
24192,note_on,,48,0,2,,,,,,73,0,0
24192,note_on,,96,0,1,,,,,,79,0,0
24192,note_on,,384,0,4,,,,,,45,0,0
24192,note_on,,0,0,4,,,,,,45,72,0
24240,note_on,,48,0,1,,,,,,79,0,0
24240,note_on,,0,0,1,,,,,,73,72,0
24288,note_on,,48,0,1,,,,,,73,0,0
24288,note_on,,0,0,1,,,,,,77,72,0
24288,note_on,,288,0,3,,,,,,53,72,0
24288,note_on,,96,0,2,,,,,,69,0,0
24288,note_on,,0,0,2,,,,,,74,72,0
24336,note_on,,48,0,2,,,,,,74,0,0
24336,note_on,,0,0,3,,,,,,50,72,0
24336,note_on,,48,0,3,,,,,,53,0,0
24336,note_on,,0,0,2,,,,,,69,72,0
24384,note_on,,0,0,2,,,,,,70,72,0
24384,note_on,,0,0,3,,,,,,55,72,0
24384,note_on,,48,0,3,,,,,,50,0,0
24384,note_on,,48,0,2,,,,,,69,0,0
24432,note_on,,144,0,1,,,,,,77,0,0
24432,note_on,,0,0,1,,,,,,74,72,0
24480,note_on,,48,0,1,,,,,,74,0,0
24480,note_on,,0,0,1,,,,,,76,72,0
24528,note_on,,0,0,3,,,,,,49,72,0
24528,note_on,,144,0,3,,,,,,55,0,0
24528,note_on,,144,0,2,,,,,,70,0,0
24528,note_on,,0,0,2,,,,,,67,72,0
24576,note_on,,96,0,1,,,,,,76,0,0
24576,note_on,,0,0,3,,,,,,53,72,0
24576,note_on,,48,0,3,,,,,,49,0,0
24576,note_on,,0,0,4,,,,,,45,72,0
24576,note_on,,384,0,4,,,,,,45,0,0
24576,note_on,,0,0,2,,,,,,69,72,0
24576,note_on,,48,0,2,,,,,,67,0,0
24576,note_on,,0,0,1,,,,,,76,72,0
24624,note_on,,0,0,1,,,,,,73,72,0
24624,note_on,,48,0,1,,,,,,76,0,0
24672,note_on,,0,0,1,,,,,,74,72,0
24672,note_on,,48,0,1,,,,,,73,0,0
24720,note_on,,144,0,3,,,,,,53,0,0
24720,note_on,,0,0,2,,,,,,65,72,0
24720,note_on,,0,0,3,,,,,,50,72,0
24720,note_on,,144,0,2,,,,,,69,0,0
24768,note_on,,0,0,3,,,,,,57,72,0
24768,note_on,,48,0,3,,,,,,50,0,0
24768,note_on,,0,0,2,,,,,,64,72,0
24768,note_on,,48,0,2,,,,,,65,0,0
24816,note_on,,0,0,1,,,,,,71,72,0
24816,note_on,,144,0,1,,,,,,74,0,0
24864,note_on,,288,0,4,,,,,,45,0,0
24864,note_on,,0,0,4,,,,,,45,72,0
24864,note_on,,48,0,1,,,,,,71,0,0
24864,note_on,,0,0,1,,,,,,72,72,0
24912,note_on,,144,0,2,,,,,,64,0,0
24912,note_on,,0,0,2,,,,,,67,72,0
24960,note_on,,0,0,3,,,,,,50,72,0
24960,note_on,,96,0,4,,,,,,45,0,0
24960,note_on,,0,0,4,,,,,,46,72,0
24960,note_on,,96,0,1,,,,,,72,0,0
24960,note_on,,48,0,2,,,,,,67,0,0
24960,note_on,,192,0,3,,,,,,57,0,0
24960,note_on,,0,0,1,,,,,,72,72,0
24960,note_on,,0,0,2,,,,,,66,72,0
25008,note_on,,48,0,2,,,,,,66,0,0
25008,note_on,,0,0,2,,,,,,62,72,0
25056,note_on,,0,0,1,,,,,,70,72,0
25056,note_on,,96,0,3,,,,,,50,0,0
25056,note_on,,0,0,3,,,,,,62,72,0
25056,note_on,,48,0,2,,,,,,62,0,0
25056,note_on,,0,0,2,,,,,,67,72,0
25056,note_on,,96,0,1,,,,,,72,0,0
25104,note_on,,144,0,4,,,,,,46,0,0
25104,note_on,,0,0,4,,,,,,43,72,0
25152,note_on,,0,0,4,,,,,,50,72,0
25152,note_on,,48,0,4,,,,,,43,0,0
25152,note_on,,96,0,1,,,,,,70,0,0
25152,note_on,,0,0,1,,,,,,69,72,0
25200,note_on,,0,0,2,,,,,,64,72,0
25200,note_on,,144,0,2,,,,,,67,0,0
25248,note_on,,0,0,2,,,,,,65,72,0
25248,note_on,,0,0,3,,,,,,57,72,0
25248,note_on,,192,0,3,,,,,,62,0,0
25248,note_on,,48,0,2,,,,,,64,0,0
25296,note_on,,0,0,1,,,,,,69,72,0
25296,note_on,,0,0,3,,,,,,53,72,0
25296,note_on,,48,0,3,,,,,,57,0,0
25296,note_on,,144,0,1,,,,,,69,0,0
25344,note_on,,0,0,1,,,,,,74,72,0
25344,note_on,,0,0,2,,,,,,65,72,0
25344,note_on,,48,0,1,,,,,,69,0,0
25344,note_on,,96,0,2,,,,,,65,0,0
25344,note_on,,0,0,3,,,,,,58,72,0
25344,note_on,,192,0,4,,,,,,50,0,0
25344,note_on,,0,0,4,,,,,,50,72,0
25344,note_on,,48,0,3,,,,,,53,0,0
25392,note_on,,48,0,1,,,,,,74,0,0
25392,note_on,,0,0,2,,,,,,74,72,0
25392,note_on,,48,0,2,,,,,,65,0,0
25392,note_on,,48,0,4,,,,,,50,0,0
25392,note_on,,0,0,4,,,,,,46,72,0
25392,note_on,,0,0,1,,,,,,77,72,0
25440,note_on,,0,0,2,,,,,,72,72,0
25440,note_on,,48,0,2,,,,,,74,0,0
25440,note_on,,48,0,4,,,,,,46,0,0
25440,note_on,,0,0,4,,,,,,48,72,0
25440,note_on,,48,0,1,,,,,,77,0,0
25440,note_on,,0,0,1,,,,,,76,72,0
25488,note_on,,48,0,1,,,,,,76,0,0
25488,note_on,,0,0,1,,,,,,79,72,0
25536,note_on,,192,0,3,,,,,,58,0,0
25536,note_on,,0,0,4,,,,,,53,72,0
25536,note_on,,96,0,4,,,,,,48,0,0
25536,note_on,,48,0,1,,,,,,79,0,0
25536,note_on,,0,0,1,,,,,,77,72,0
25536,note_on,,0,0,3,,,,,,58,72,0
25584,note_on,,48,0,3,,,,,,58,0,0
25584,note_on,,48,0,1,,,,,,77,0,0
25584,note_on,,0,0,1,,,,,,76,72,0
25584,note_on,,0,0,3,,,,,,56,72,0
25632,note_on,,48,0,1,,,,,,76,0,0
25632,note_on,,0,0,1,,,,,,74,72,0
25632,note_on,,0,0,2,,,,,,72,72,0
25632,note_on,,48,0,3,,,,,,56,0,0
25632,note_on,,0,0,3,,,,,,57,72,0
25632,note_on,,192,0,2,,,,,,72,0,0
25680,note_on,,0,0,2,,,,,,72,72,0
25680,note_on,,48,0,2,,,,,,72,0,0
25728,note_on,,0,0,1,,,,,,74,72,0
25728,note_on,,96,0,1,,,,,,74,0,0
25728,note_on,,96,0,3,,,,,,57,0,0
25728,note_on,,0,0,3,,,,,,62,72,0
25728,note_on,,0,0,4,,,,,,53,72,0
25728,note_on,,192,0,4,,,,,,53,0,0
25728,note_on,,0,0,2,,,,,,70,72,0
25728,note_on,,48,0,2,,,,,,72,0,0
25776,note_on,,0,0,4,,,,,,50,72,0
25776,note_on,,0,0,2,,,,,,69,72,0
25776,note_on,,48,0,2,,,,,,70,0,0
25776,note_on,,48,0,4,,,,,,53,0,0
25776,note_on,,48,0,1,,,,,,74,0,0
25776,note_on,,0,0,1,,,,,,77,72,0
25824,note_on,,48,0,4,,,,,,50,0,0
25824,note_on,,0,0,4,,,,,,52,72,0
25824,note_on,,0,0,2,,,,,,68,72,0
25824,note_on,,48,0,2,,,,,,69,0,0
25872,note_on,,96,0,1,,,,,,77,0,0
25872,note_on,,0,0,1,,,,,,76,72,0
25920,note_on,,96,0,2,,,,,,68,0,0
25920,note_on,,96,0,4,,,,,,52,0,0
25920,note_on,,0,0,4,,,,,,57,72,0
25920,note_on,,0,0,2,,,,,,69,72,0
25920,note_on,,48,0,1,,,,,,76,0,0
25920,note_on,,0,0,1,,,,,,77,72,0
25920,note_on,,0,0,3,,,,,,62,72,0
25920,note_on,,192,0,3,,,,,,62,0,0
25968,note_on,,48,0,1,,,,,,77,0,0
25968,note_on,,0,0,1,,,,,,74,72,0
25968,note_on,,0,0,3,,,,,,59,72,0
25968,note_on,,48,0,3,,,,,,62,0,0
26016,note_on,,0,0,1,,,,,,76,72,0
26016,note_on,,0,0,3,,,,,,60,72,0
26016,note_on,,48,0,3,,,,,,59,0,0
26016,note_on,,48,0,1,,,,,,74,0,0
26064,note_on,,144,0,2,,,,,,69,0,0
26064,note_on,,0,0,2,,,,,,64,72,0
26112,note_on,,0,0,4,,,,,,57,72,0
26112,note_on,,48,0,2,,,,,,64,0,0
26112,note_on,,0,0,2,,,,,,69,72,0
26112,note_on,,0,0,3,,,,,,65,72,0
26112,note_on,,96,0,1,,,,,,76,0,0
26112,note_on,,0,0,1,,,,,,76,72,0
26112,note_on,,96,0,3,,,,,,60,0,0
26112,note_on,,192,0,4,,,,,,57,0,0
26160,note_on,,0,0,4,,,,,,53,72,0
26160,note_on,,48,0,4,,,,,,57,0,0
26160,note_on,,48,0,1,,,,,,76,0,0
26160,note_on,,0,0,1,,,,,,74,72,0
26208,note_on,,48,0,4,,,,,,53,0,0
26208,note_on,,48,0,1,,,,,,74,0,0
26208,note_on,,96,0,2,,,,,,69,0,0
26208,note_on,,0,0,2,,,,,,67,72,0
26208,note_on,,0,0,1,,,,,,72,72,0
26208,note_on,,0,0,4,,,,,,55,72,0
26256,note_on,,0,0,1,,,,,,71,72,0
26256,note_on,,48,0,1,,,,,,72,0,0
26304,note_on,,0,0,4,,,,,,60,72,0
26304,note_on,,0,0,3,,,,,,65,72,0
26304,note_on,,192,0,3,,,,,,65,0,0
26304,note_on,,0,0,1,,,,,,72,72,0
26304,note_on,,48,0,1,,,,,,71,0,0
26304,note_on,,96,0,4,,,,,,55,0,0
26352,note_on,,0,0,3,,,,,,62,72,0
26352,note_on,,48,0,3,,,,,,65,0,0
26400,note_on,,192,0,2,,,,,,67,0,0
26400,note_on,,0,0,2,,,,,,67,72,0
26400,note_on,,0,0,3,,,,,,63,72,0
26400,note_on,,48,0,3,,,,,,62,0,0
26448,note_on,,144,0,1,,,,,,72,0,0
26448,note_on,,48,0,2,,,,,,67,0,0
26448,note_on,,0,0,2,,,,,,72,72,0
26448,note_on,,0,0,1,,,,,,81,72,0
26496,note_on,,96,0,3,,,,,,63,0,0
26496,note_on,,192,0,4,,,,,,60,0,0
26496,note_on,,0,0,4,,,,,,60,72,0
26496,note_on,,0,0,2,,,,,,69,72,0
26496,note_on,,0,0,3,,,,,,62,72,0
26496,note_on,,48,0,1,,,,,,81,0,0
26496,note_on,,48,0,2,,,,,,72,0,0
26496,note_on,,0,0,1,,,,,,79,72,0
26544,note_on,,0,0,1,,,,,,78,72,0
26544,note_on,,0,0,4,,,,,,57,72,0
26544,note_on,,48,0,4,,,,,,60,0,0
26544,note_on,,48,0,1,,,,,,79,0,0
26544,set_tempo,,26544,1,0,,,,,799605,,,
26592,note_on,,0,0,1,,,,,,79,72,0
26592,note_on,,48,0,1,,,,,,78,0,0
26592,note_on,,0,0,4,,,,,,58,72,0
26592,note_on,,48,0,4,,,,,,57,0,0
26592,note_on,,96,0,2,,,,,,69,0,0
26592,note_on,,0,0,2,,,,,,67,72,0
26640,note_on,,48,0,1,,,,,,79,0,0
26640,note_on,,0,0,1,,,,,,82,72,0
26688,note_on,,192,0,3,,,,,,62,0,0
26688,note_on,,48,0,1,,,,,,82,0,0
26688,note_on,,0,0,1,,,,,,73,72,0
26688,note_on,,0,0,3,,,,,,64,72,0
26784,note_on,,96,0,3,,,,,,64,0,0
26784,note_on,,96,0,1,,,,,,73,0,0
26784,note_on,,192,0,4,,,,,,58,0,0
26784,note_on,,192,0,2,,,,,,67,0,0
26880,set_tempo,,336,1,0,,,,,666337,,,
27072,note_on,,288,0,2,,,,,,69,72,0
27072,note_on,,288,0,3,,,,,,65,72,0
27072,note_on,,288,0,1,,,,,,74,72,0
27072,note_on,,288,0,4,,,,,,57,72,0
27168,note_on,,96,0,2,,,,,,69,0,0
27168,note_on,,96,0,3,,,,,,65,0,0
27168,note_on,,96,0,4,,,,,,57,0,0
27168,note_on,,96,0,1,,,,,,74,0,0
27456,note_on,,288,0,1,,,,,,74,72,0
27456,note_on,,288,0,4,,,,,,56,88,0
27456,note_on,,288,0,3,,,,,,65,88,0
27456,note_on,,288,0,2,,,,,,71,88,0
27648,note_on,,0,0,4,,,,,,57,88,0
27648,note_on,,0,0,3,,,,,,65,88,0
27648,note_on,,192,0,3,,,,,,65,0,0
27648,note_on,,192,0,4,,,,,,56,0,0
27648,note_on,,192,0,1,,,,,,74,0,0
27648,note_on,,192,0,2,,,,,,71,0,0
27648,note_on,,0,0,2,,,,,,69,88,0
27648,note_on,,0,0,1,,,,,,74,72,0
27744,note_on,,96,0,3,,,,,,65,0,0
27744,note_on,,0,0,3,,,,,,64,88,0
27792,note_on,,0,0,3,,,,,,62,88,0
27792,note_on,,48,0,3,,,,,,64,0,0
27840,note_on,,48,0,3,,,,,,62,0,0
27840,note_on,,0,0,1,,,,,,74,72,0
27840,note_on,,0,0,3,,,,,,64,88,0
27840,note_on,,192,0,1,,,,,,74,0,0
27888,note_on,,48,0,1,,,,,,74,0,0
27888,note_on,,0,0,1,,,,,,71,72,0
27888,set_tempo,,1008,1,0,,,,,799605,,,
27936,note_on,,0,0,4,,,,,,45,88,0
27936,note_on,,96,0,3,,,,,,64,0,0
27936,note_on,,288,0,2,,,,,,69,0,0
27936,note_on,,0,0,2,,,,,,69,88,0
27936,note_on,,0,0,1,,,,,,73,72,0
27936,note_on,,48,0,1,,,,,,71,0,0
27936,note_on,,288,0,4,,,,,,57,0,0
27984,note_on,,48,0,2,,,,,,69,0,0
27984,note_on,,0,0,2,,,,,,67,88,0
28032,note_on,,96,0,4,,,,,,45,0,0
28032,set_tempo,,144,1,0,,,,,666337,,,
28032,note_on,,0,0,4,,,,,,50,88,0
28032,note_on,,0,0,2,,,,,,66,88,0
28032,note_on,,48,0,2,,,,,,67,0,0
28032,note_on,,96,0,3,,,,,,57,104,0
28032,note_on,,0,0,1,,,,,,74,72,0
28032,note_on,,96,0,1,,,,,,73,0,0
28080,note_on,,0,0,2,,,,,,67,88,0
28080,note_on,,48,0,2,,,,,,66,0,0
28128,note_on,,48,0,2,,,,,,67,0,0
28128,note_on,,0,0,2,,,,,,69,88,0
28176,note_on,,144,0,1,,,,,,74,0,0
28176,note_on,,0,0,1,,,,,,72,72,0
28224,note_on,,192,0,3,,,,,,57,0,0
28224,note_on,,48,0,1,,,,,,72,0,0
28224,note_on,,0,0,1,,,,,,70,72,0
28224,note_on,,0,0,3,,,,,,62,104,0
28272,note_on,,0,0,2,,,,,,67,88,0
28272,note_on,,144,0,2,,,,,,69,0,0
28320,note_on,,48,0,2,,,,,,67,0,0
28320,note_on,,0,0,2,,,,,,72,88,0
28368,note_on,,0,0,1,,,,,,69,72,0
28368,note_on,,144,0,1,,,,,,70,0,0
28416,note_on,,0,0,2,,,,,,72,88,0
28416,note_on,,96,0,2,,,,,,72,0,0
28416,note_on,,0,0,4,,,,,,50,88,0
28416,note_on,,384,0,4,,,,,,50,0,0
28416,note_on,,192,0,3,,,,,,62,0,0
28416,note_on,,0,0,3,,,,,,58,104,0
28416,note_on,,0,0,1,,,,,,62,72,0
28416,note_on,,48,0,1,,,,,,69,0,0
28464,note_on,,48,0,2,,,,,,72,0,0
28464,note_on,,0,0,2,,,,,,66,88,0
28512,note_on,,0,0,2,,,,,,67,88,0
28512,note_on,,48,0,2,,,,,,66,0,0
28560,note_on,,0,0,2,,,,,,70,88,0
28560,note_on,,48,0,2,,,,,,67,0,0
28608,note_on,,48,0,2,,,,,,70,0,0
28608,note_on,,0,0,2,,,,,,63,88,0
28608,note_on,,192,0,3,,,,,,58,0,0
28608,note_on,,192,0,1,,,,,,62,0,0
28608,note_on,,0,0,3,,,,,,55,104,0
28656,note_on,,48,0,1,,,,,,67,72,0
28704,note_on,,48,0,1,,,,,,67,0,0
28704,note_on,,0,0,1,,,,,,69,72,0
28752,note_on,,48,0,1,,,,,,69,0,0
28752,note_on,,0,0,1,,,,,,72,72,0
28800,note_on,,0,0,3,,,,,,54,104,0
28800,note_on,,192,0,3,,,,,,55,0,0
28800,note_on,,384,0,4,,,,,,50,0,0
28800,note_on,,48,0,1,,,,,,72,0,0
28800,note_on,,0,0,1,,,,,,72,72,0
28800,note_on,,0,0,4,,,,,,50,88,0
28800,note_on,,0,0,2,,,,,,62,88,0
28800,note_on,,192,0,2,,,,,,63,0,0
28848,note_on,,0,0,1,,,,,,70,72,0
28848,note_on,,48,0,1,,,,,,72,0,0
28896,note_on,,48,0,1,,,,,,70,0,0
28896,note_on,,0,0,1,,,,,,72,72,0
28896,note_on,,96,0,2,,,,,,62,0,0
28896,note_on,,0,0,2,,,,,,57,88,0
28944,note_on,,0,0,1,,,,,,75,72,0
28944,note_on,,48,0,1,,,,,,72,0,0
28992,note_on,,0,0,3,,,,,,55,104,0
28992,note_on,,192,0,3,,,,,,54,0,0
28992,note_on,,0,0,2,,,,,,58,88,0
28992,note_on,,96,0,2,,,,,,57,0,0
29040,note_on,,0,0,1,,,,,,74,72,0
29040,note_on,,96,0,1,,,,,,75,0,0
29088,note_on,,96,0,3,,,,,,55,0,0
29088,note_on,,0,0,2,,,,,,60,88,0
29088,note_on,,96,0,2,,,,,,58,0,0
29088,note_on,,48,0,1,,,,,,74,0,0
29088,note_on,,0,0,3,,,,,,57,104,0
29088,note_on,,0,0,1,,,,,,78,72,0
29136,note_on,,48,0,1,,,,,,78,0,0
29136,note_on,,0,0,1,,,,,,81,72,0
29184,note_on,,0,0,4,,,,,,50,88,0
29184,note_on,,384,0,4,,,,,,50,0,0
29184,note_on,,48,0,1,,,,,,81,0,0
29184,note_on,,0,0,2,,,,,,62,88,0
29184,note_on,,96,0,2,,,,,,60,0,0
29184,note_on,,96,0,3,,,,,,57,0,0
29184,note_on,,0,0,3,,,,,,58,104,0
29184,note_on,,0,0,1,,,,,,81,72,0
29232,note_on,,48,0,1,,,,,,81,0,0
29232,note_on,,0,0,1,,,,,,79,72,0
29256,note_on,,24,0,1,,,,,,79,0,0
29256,note_on,,0,0,1,,,,,,81,72,0
29280,note_on,,24,0,1,,,,,,81,0,0
29280,note_on,,0,0,1,,,,,,82,72,0
29280,note_on,,96,0,2,,,,,,62,0,0
29280,note_on,,0,0,2,,,,,,55,88,0
29328,note_on,,0,0,1,,,,,,73,72,0
29328,note_on,,48,0,2,,,,,,55,0,0
29328,note_on,,48,0,1,,,,,,82,0,0
29328,note_on,,0,0,2,,,,,,55,88,0
29376,note_on,,0,0,3,,,,,,58,88,0
29376,set_tempo,,1344,1,0,,,,,799605,,,
29376,note_on,,48,0,2,,,,,,55,0,0
29376,note_on,,0,0,2,,,,,,55,88,0
29376,note_on,,0,0,4,,,,,,50,88,0
29376,note_on,,192,0,3,,,,,,58,0,0
29376,note_on,,192,0,4,,,,,,50,0,0
29376,note_on,,0,0,1,,,,,,74,72,0
29376,note_on,,48,0,1,,,,,,73,0,0
29424,note_on,,0,0,2,,,,,,70,88,0
29424,note_on,,48,0,2,,,,,,55,0,0
29424,note_on,,0,0,3,,,,,,62,88,0
29424,note_on,,48,0,3,,,,,,58,0,0
29472,note_on,,0,0,2,,,,,,69,88,0
29472,note_on,,48,0,2,,,,,,70,0,0
29472,note_on,,48,0,3,,,,,,62,0,0
29472,note_on,,0,0,3,,,,,,60,88,0
29520,note_on,,0,0,2,,,,,,67,88,0
29520,note_on,,48,0,2,,,,,,69,0,0
29520,note_on,,48,0,3,,,,,,60,0,0
29520,note_on,,0,0,3,,,,,,58,88,0
29568,note_on,,48,0,2,,,,,,67,0,0
29568,note_on,,0,0,2,,,,,,67,88,0
29568,note_on,,48,0,3,,,,,,58,0,0
29568,note_on,,0,0,3,,,,,,57,88,0
29568,note_on,,0,0,4,,,,,,50,88,0
29568,set_tempo,,192,1,0,,,,,999506,,,
29568,note_on,,192,0,1,,,,,,74,0,0
29568,note_on,,192,0,4,,,,,,50,0,0
29568,note_on,,0,0,1,,,,,,74,72,0
29616,note_on,,48,0,2,,,,,,67,0,0
29616,note_on,,0,0,2,,,,,,66,88,0
29664,note_on,,0,0,3,,,,,,57,88,0
29664,note_on,,96,0,3,,,,,,57,0,0
29664,note_on,,96,0,1,,,,,,74,0,0
29664,set_tempo,,96,1,0,,,,,1499259,,,
29664,note_on,,0,0,1,,,,,,74,72,0
29664,note_on,,48,0,2,,,,,,66,0,0
29664,note_on,,0,0,2,,,,,,64,88,0
29664,note_on,,96,0,4,,,,,,50,0,0
29664,note_on,,0,0,4,,,,,,50,88,0
29712,note_on,,48,0,2,,,,,,64,0,0
29712,note_on,,0,0,2,,,,,,67,88,0
29760,note_on,,48,0,2,,,,,,67,0,0
29760,note_on,,0,0,2,,,,,,66,88,0
29952,note_on,,288,0,3,,,,,,57,0,0
29952,note_on,,288,0,1,,,,,,74,0,0
29952,end_of_track,,0,1,1,,,,,,,,
29952,note_on,,288,0,4,,,,,,50,0,0
29952,end_of_track,,0,1,3,,,,,,,,
29952,note_on,,192,0,2,,,,,,66,0,0
29952,end_of_track,,0,1,2,,,,,,,,
29952,end_of_track,,288,1,0,,,,,,,,
29952,end_of_track,,0,1,4,,,,,,,,
